10:39:45 PM - INFO - Logger level set to INFO
10:39:45 PM - INFO - PRNG initialized with seed: 42
10:39:45 PM - INFO - Config location: configuration.json
10:39:45 PM - INFO - Configuration validated and loaded successfully.
10:39:45 PM - INFO - Initializing CuMind agent.
10:39:45 PM - INFO - Using device: TFRT_CPU_0
10:39:45 PM - INFO - Creating CuMindNetwork with observation shape (4,) and action space size 2
10:39:46 PM - INFO - Initializing CuMindNetwork with representation_network=ResNet, dynamics_network=MLPWithEmbedding, prediction_network=MLPDual
10:39:46 PM - INFO - Setting up AdamW optimizer with learning rate 0.001 and weight decay 0.0001
10:39:46 PM - INFO - Initializing new optimizer state.
10:39:46 PM - INFO - Initializing target prediction network.
10:39:46 PM - INFO - Initializing MCTS.
10:39:46 PM - INFO - Agent initialization complete.
10:39:46 PM - INFO - Initializing memory buffer with capacity 2000.
10:39:46 PM - INFO - Initializing PrioritizedMemoryBuffer with capacity 2000, alpha=0.6, epsilon=1e-06, beta=0.4.
10:39:46 PM - INFO - Initializing trainer for environment: CartPole-v1
10:39:46 PM - INFO - Checkpoints will be saved to checkpoints/CartPole-v1/20250726_223945
10:39:46 PM - INFO - Initializing SelfPlay runner.
10:39:47 PM - INFO - Episode   1: Reward=  11.0, Length= 11, Loss=0.0000, Memory=0.05
10:39:47 PM - INFO - Progress: 0.0% | 0.00 it/s | ETA: ?
10:39:48 PM - INFO - Episode   2: Reward=  12.0, Length= 12, Loss=0.0000, Memory=0.10
10:39:48 PM - WARNING - Buffer not ready for training, skipping step.
10:39:48 PM - INFO - Episode   3: Reward=  12.0, Length= 12, Loss=0.0000, Memory=0.15
10:39:49 PM - INFO - Episode   4: Reward=  12.0, Length= 12, Loss=0.0000, Memory=0.20
10:39:49 PM - WARNING - Buffer not ready for training, skipping step.
10:39:50 PM - INFO - Episode   5: Reward=  10.0, Length= 10, Loss=0.0000, Memory=0.25
10:39:51 PM - INFO - Episode   6: Reward=  19.0, Length= 19, Loss=0.0000, Memory=0.30
10:39:51 PM - WARNING - Buffer not ready for training, skipping step.
10:39:51 PM - INFO - Episode   7: Reward=  10.0, Length= 10, Loss=0.0000, Memory=0.35
10:39:53 PM - INFO - Episode   8: Reward=  21.0, Length= 21, Loss=0.0000, Memory=0.40
10:39:53 PM - WARNING - Buffer not ready for training, skipping step.
10:39:54 PM - INFO - Episode   9: Reward=  14.0, Length= 14, Loss=0.0000, Memory=0.45
10:39:55 PM - INFO - Episode  10: Reward=  25.0, Length= 25, Loss=0.0000, Memory=0.50
10:39:55 PM - WARNING - Buffer not ready for training, skipping step.
10:39:56 PM - INFO - Episode  11: Reward=  10.0, Length= 10, Loss=0.0000, Memory=0.55
10:39:56 PM - INFO - Episode  12: Reward=  10.0, Length= 10, Loss=0.0000, Memory=0.60
10:39:56 PM - WARNING - Buffer not ready for training, skipping step.
10:39:57 PM - INFO - Episode  13: Reward=   9.0, Length=  9, Loss=0.0000, Memory=0.65
10:39:58 PM - INFO - Episode  14: Reward=  11.0, Length= 11, Loss=0.0000, Memory=0.70
10:39:58 PM - WARNING - Buffer not ready for training, skipping step.
10:40:00 PM - INFO - Episode  15: Reward=  33.0, Length= 33, Loss=0.0000, Memory=0.75
10:40:01 PM - INFO - Episode  16: Reward=  19.0, Length= 19, Loss=0.0000, Memory=0.80
10:40:01 PM - WARNING - Buffer not ready for training, skipping step.
10:40:02 PM - INFO - Episode  17: Reward=  17.0, Length= 17, Loss=0.0000, Memory=0.85
10:40:03 PM - INFO - Episode  18: Reward=  11.0, Length= 11, Loss=0.0000, Memory=0.90
10:40:03 PM - WARNING - Buffer not ready for training, skipping step.
10:40:04 PM - INFO - Episode  19: Reward=  13.0, Length= 13, Loss=0.0000, Memory=0.95
10:40:04 PM - INFO - Episode  20: Reward=  10.0, Length= 10, Loss=0.0000, Memory=1.00
10:40:04 PM - WARNING - Buffer not ready for training, skipping step.
10:40:05 PM - INFO - Episode  21: Reward=   8.0, Length=  8, Loss=0.0000, Memory=1.05
10:40:05 PM - INFO - Progress: 1.0% | 1.15 it/s | ETA: 28:39
10:40:06 PM - INFO - Episode  22: Reward=  14.0, Length= 14, Loss=0.0000, Memory=1.10
10:40:06 PM - WARNING - Buffer not ready for training, skipping step.
10:40:06 PM - INFO - Episode  23: Reward=   9.0, Length=  9, Loss=0.0000, Memory=1.15
10:40:07 PM - INFO - Episode  24: Reward=  10.0, Length= 10, Loss=0.0000, Memory=1.20
10:40:07 PM - WARNING - Buffer not ready for training, skipping step.
10:40:08 PM - INFO - Episode  25: Reward=  11.0, Length= 11, Loss=0.0000, Memory=1.25
10:40:09 PM - INFO - Episode  26: Reward=  17.0, Length= 17, Loss=0.0000, Memory=1.30
10:40:09 PM - WARNING - Buffer not ready for training, skipping step.
10:40:10 PM - INFO - Episode  27: Reward=  16.0, Length= 16, Loss=0.0000, Memory=1.35
10:40:10 PM - INFO - Episode  28: Reward=  11.0, Length= 11, Loss=0.0000, Memory=1.40
10:40:10 PM - WARNING - Buffer not ready for training, skipping step.
10:40:11 PM - INFO - Episode  29: Reward=  14.0, Length= 14, Loss=0.0000, Memory=1.45
10:40:12 PM - INFO - Episode  30: Reward=  12.0, Length= 12, Loss=0.0000, Memory=1.50
10:40:12 PM - WARNING - Buffer not ready for training, skipping step.
10:40:13 PM - INFO - Episode  31: Reward=  17.0, Length= 17, Loss=0.0000, Memory=1.55
10:40:14 PM - INFO - Episode  32: Reward=   8.0, Length=  8, Loss=0.0000, Memory=1.60
10:40:14 PM - WARNING - Buffer not ready for training, skipping step.
10:40:15 PM - INFO - Episode  33: Reward=  16.0, Length= 16, Loss=0.0000, Memory=1.65
10:40:15 PM - INFO - Episode  34: Reward=   9.0, Length=  9, Loss=0.0000, Memory=1.70
10:40:15 PM - WARNING - Buffer not ready for training, skipping step.
10:40:16 PM - INFO - Episode  35: Reward=   9.0, Length=  9, Loss=0.0000, Memory=1.75
10:40:16 PM - INFO - Episode  36: Reward=   8.0, Length=  8, Loss=0.0000, Memory=1.80
10:40:16 PM - WARNING - Buffer not ready for training, skipping step.
10:40:17 PM - INFO - Episode  37: Reward=  10.0, Length= 10, Loss=0.0000, Memory=1.85
10:40:18 PM - INFO - Episode  38: Reward=   9.0, Length=  9, Loss=0.0000, Memory=1.90
10:40:18 PM - WARNING - Buffer not ready for training, skipping step.
10:40:18 PM - INFO - Episode  39: Reward=   9.0, Length=  9, Loss=0.0000, Memory=1.95
10:40:19 PM - INFO - Episode  40: Reward=   9.0, Length=  9, Loss=0.0000, Memory=2.00
10:40:19 PM - WARNING - Buffer not ready for training, skipping step.
10:40:19 PM - INFO - Episode  41: Reward=   9.0, Length=  9, Loss=0.0000, Memory=2.05
10:40:19 PM - INFO - Progress: 2.0% | 1.63 it/s | ETA: 20:01
10:40:20 PM - INFO - Episode  42: Reward=  10.0, Length= 10, Loss=0.0000, Memory=2.10
10:40:20 PM - WARNING - Buffer not ready for training, skipping step.
10:40:21 PM - INFO - Episode  43: Reward=  13.0, Length= 13, Loss=0.0000, Memory=2.15
10:40:22 PM - INFO - Episode  44: Reward=  13.0, Length= 13, Loss=0.0000, Memory=2.20
10:40:22 PM - WARNING - Buffer not ready for training, skipping step.
10:40:23 PM - INFO - Episode  45: Reward=  22.0, Length= 22, Loss=0.0000, Memory=2.25
10:40:24 PM - INFO - Episode  46: Reward=  12.0, Length= 12, Loss=0.0000, Memory=2.30
10:40:24 PM - WARNING - Buffer not ready for training, skipping step.
10:40:24 PM - INFO - Episode  47: Reward=   8.0, Length=  8, Loss=0.0000, Memory=2.35
10:40:25 PM - INFO - Episode  48: Reward=   9.0, Length=  9, Loss=0.0000, Memory=2.40
10:40:25 PM - WARNING - Buffer not ready for training, skipping step.
10:40:26 PM - INFO - Episode  49: Reward=  23.0, Length= 23, Loss=0.0000, Memory=2.45
10:40:28 PM - INFO - Episode  50: Reward=  22.0, Length= 22, Loss=0.0000, Memory=2.50
10:40:28 PM - WARNING - Buffer not ready for training, skipping step.
10:40:28 PM - INFO - Checkpoint saved to checkpoints/CartPole-v1/20250726_223945/episode_00050.pkl
10:40:29 PM - INFO - Episode  51: Reward=  12.0, Length= 12, Loss=0.0000, Memory=2.55
10:40:29 PM - INFO - Episode  52: Reward=   8.0, Length=  8, Loss=0.0000, Memory=2.60
10:40:29 PM - WARNING - Buffer not ready for training, skipping step.
10:40:30 PM - INFO - Episode  53: Reward=  11.0, Length= 11, Loss=0.0000, Memory=2.65
10:40:31 PM - INFO - Episode  54: Reward=  15.0, Length= 15, Loss=0.0000, Memory=2.70
10:40:31 PM - WARNING - Buffer not ready for training, skipping step.
10:40:32 PM - INFO - Episode  55: Reward=  11.0, Length= 11, Loss=0.0000, Memory=2.75
10:40:32 PM - INFO - Episode  56: Reward=   8.0, Length=  8, Loss=0.0000, Memory=2.80
10:40:32 PM - WARNING - Buffer not ready for training, skipping step.
10:40:33 PM - INFO - Episode  57: Reward=  14.0, Length= 14, Loss=0.0000, Memory=2.85
10:40:34 PM - INFO - Episode  58: Reward=  15.0, Length= 15, Loss=0.0000, Memory=2.90
10:40:34 PM - WARNING - Buffer not ready for training, skipping step.
10:40:35 PM - INFO - Episode  59: Reward=  17.0, Length= 17, Loss=0.0000, Memory=2.95
10:40:36 PM - INFO - Episode  60: Reward=   9.0, Length=  9, Loss=0.0000, Memory=3.00
10:40:36 PM - WARNING - Buffer not ready for training, skipping step.
10:40:37 PM - INFO - Episode  61: Reward=  22.0, Length= 22, Loss=0.0000, Memory=3.05
10:40:37 PM - INFO - Progress: 3.0% | 1.23 it/s | ETA: 26:13
10:40:38 PM - INFO - Episode  62: Reward=  14.0, Length= 14, Loss=0.0000, Memory=3.10
10:40:38 PM - WARNING - Buffer not ready for training, skipping step.
10:40:39 PM - INFO - Episode  63: Reward=  13.0, Length= 13, Loss=0.0000, Memory=3.15
10:40:40 PM - INFO - Episode  64: Reward=  14.0, Length= 14, Loss=0.0000, Memory=3.20
10:40:40 PM - WARNING - Buffer not ready for training, skipping step.
10:40:40 PM - INFO - Episode  65: Reward=  10.0, Length= 10, Loss=0.0000, Memory=3.25
10:40:42 PM - INFO - Episode  66: Reward=  33.0, Length= 33, Loss=0.0000, Memory=3.30
10:40:42 PM - WARNING - Buffer not ready for training, skipping step.
10:40:44 PM - INFO - Episode  67: Reward=  20.0, Length= 20, Loss=0.0000, Memory=3.35
10:40:44 PM - INFO - Episode  68: Reward=   9.0, Length=  9, Loss=0.0000, Memory=3.40
10:40:44 PM - WARNING - Buffer not ready for training, skipping step.
10:40:46 PM - INFO - Episode  69: Reward=  22.0, Length= 22, Loss=0.0000, Memory=3.45
10:40:47 PM - INFO - Episode  70: Reward=  23.0, Length= 23, Loss=0.0000, Memory=3.50
10:40:47 PM - WARNING - Buffer not ready for training, skipping step.
10:40:48 PM - INFO - Episode  71: Reward=  22.0, Length= 22, Loss=0.0000, Memory=3.55
10:40:49 PM - INFO - Episode  72: Reward=  13.0, Length= 13, Loss=0.0000, Memory=3.60
10:40:49 PM - WARNING - Buffer not ready for training, skipping step.
10:40:50 PM - INFO - Episode  73: Reward=   9.0, Length=  9, Loss=0.0000, Memory=3.65
10:40:50 PM - INFO - Episode  74: Reward=  10.0, Length= 10, Loss=0.0000, Memory=3.70
10:40:50 PM - WARNING - Buffer not ready for training, skipping step.
10:40:52 PM - INFO - Episode  75: Reward=  18.0, Length= 18, Loss=0.0000, Memory=3.75
10:40:52 PM - INFO - Episode  76: Reward=  13.0, Length= 13, Loss=0.0000, Memory=3.80
10:40:52 PM - WARNING - Buffer not ready for training, skipping step.
10:40:53 PM - INFO - Episode  77: Reward=  10.0, Length= 10, Loss=0.0000, Memory=3.85
10:40:54 PM - INFO - Episode  78: Reward=   9.0, Length=  9, Loss=0.0000, Memory=3.90
10:40:54 PM - WARNING - Buffer not ready for training, skipping step.
10:40:55 PM - INFO - Episode  79: Reward=  20.0, Length= 20, Loss=0.0000, Memory=3.95
10:40:56 PM - INFO - Episode  80: Reward=  10.0, Length= 10, Loss=0.0000, Memory=4.00
10:40:56 PM - WARNING - Buffer not ready for training, skipping step.
10:40:56 PM - INFO - Episode  81: Reward=  10.0, Length= 10, Loss=0.0000, Memory=4.05
10:40:56 PM - INFO - Progress: 4.0% | 1.19 it/s | ETA: 26:52
10:40:57 PM - INFO - Episode  82: Reward=  11.0, Length= 11, Loss=0.0000, Memory=4.10
10:40:57 PM - WARNING - Buffer not ready for training, skipping step.
10:40:57 PM - INFO - Episode  83: Reward=   9.0, Length=  9, Loss=0.0000, Memory=4.15
10:40:58 PM - INFO - Episode  84: Reward=   8.0, Length=  8, Loss=0.0000, Memory=4.20
10:40:58 PM - WARNING - Buffer not ready for training, skipping step.
10:40:59 PM - INFO - Episode  85: Reward=  15.0, Length= 15, Loss=0.0000, Memory=4.25
10:41:00 PM - INFO - Episode  86: Reward=  10.0, Length= 10, Loss=0.0000, Memory=4.30
10:41:00 PM - WARNING - Buffer not ready for training, skipping step.
10:41:00 PM - INFO - Episode  87: Reward=   8.0, Length=  8, Loss=0.0000, Memory=4.35
10:41:01 PM - INFO - Episode  88: Reward=   8.0, Length=  8, Loss=0.0000, Memory=4.40
10:41:01 PM - WARNING - Buffer not ready for training, skipping step.
10:41:01 PM - INFO - Episode  89: Reward=   9.0, Length=  9, Loss=0.0000, Memory=4.45
10:41:02 PM - INFO - Episode  90: Reward=  14.0, Length= 14, Loss=0.0000, Memory=4.50
10:41:02 PM - WARNING - Buffer not ready for training, skipping step.
10:41:03 PM - INFO - Episode  91: Reward=  14.0, Length= 14, Loss=0.0000, Memory=4.55
10:41:04 PM - INFO - Episode  92: Reward=  10.0, Length= 10, Loss=0.0000, Memory=4.60
10:41:04 PM - WARNING - Buffer not ready for training, skipping step.
10:41:04 PM - INFO - Episode  93: Reward=  12.0, Length= 12, Loss=0.0000, Memory=4.65
10:41:05 PM - INFO - Episode  94: Reward=  12.0, Length= 12, Loss=0.0000, Memory=4.70
10:41:05 PM - WARNING - Buffer not ready for training, skipping step.
10:41:06 PM - INFO - Episode  95: Reward=  10.0, Length= 10, Loss=0.0000, Memory=4.75
10:41:07 PM - INFO - Episode  96: Reward=  11.0, Length= 11, Loss=0.0000, Memory=4.80
10:41:07 PM - WARNING - Buffer not ready for training, skipping step.
10:41:08 PM - INFO - Episode  97: Reward=  14.0, Length= 14, Loss=0.0000, Memory=4.85
10:41:08 PM - INFO - Episode  98: Reward=  10.0, Length= 10, Loss=0.0000, Memory=4.90
10:41:08 PM - WARNING - Buffer not ready for training, skipping step.
10:41:09 PM - INFO - Episode  99: Reward=  16.0, Length= 16, Loss=0.0000, Memory=4.95
10:41:10 PM - INFO - Episode 100: Reward=   9.0, Length=  9, Loss=0.0000, Memory=5.00
10:41:10 PM - WARNING - Buffer not ready for training, skipping step.
10:41:10 PM - INFO - Checkpoint saved to checkpoints/CartPole-v1/20250726_223945/episode_00100.pkl
10:41:11 PM - INFO - Episode 101: Reward=  18.0, Length= 18, Loss=0.0000, Memory=5.05
10:41:11 PM - INFO - Progress: 5.0% | 1.33 it/s | ETA: 23:47
10:41:12 PM - INFO - Episode 102: Reward=  15.0, Length= 15, Loss=0.0000, Memory=5.10
10:41:12 PM - WARNING - Buffer not ready for training, skipping step.
10:41:13 PM - INFO - Episode 103: Reward=  10.0, Length= 10, Loss=0.0000, Memory=5.15
10:41:14 PM - INFO - Episode 104: Reward=  15.0, Length= 15, Loss=0.0000, Memory=5.20
10:41:14 PM - WARNING - Buffer not ready for training, skipping step.
10:41:14 PM - INFO - Episode 105: Reward=  11.0, Length= 11, Loss=0.0000, Memory=5.25
10:41:16 PM - INFO - Episode 106: Reward=  22.0, Length= 22, Loss=0.0000, Memory=5.30
10:41:16 PM - WARNING - Buffer not ready for training, skipping step.
10:41:16 PM - INFO - Episode 107: Reward=   9.0, Length=  9, Loss=0.0000, Memory=5.35
10:41:17 PM - INFO - Episode 108: Reward=  11.0, Length= 11, Loss=0.0000, Memory=5.40
10:41:17 PM - WARNING - Buffer not ready for training, skipping step.
10:41:18 PM - INFO - Episode 109: Reward=  17.0, Length= 17, Loss=0.0000, Memory=5.45
10:41:19 PM - INFO - Episode 110: Reward=  11.0, Length= 11, Loss=0.0000, Memory=5.50
10:41:19 PM - WARNING - Buffer not ready for training, skipping step.
10:41:19 PM - INFO - Episode 111: Reward=  10.0, Length= 10, Loss=0.0000, Memory=5.55
10:41:20 PM - INFO - Episode 112: Reward=  10.0, Length= 10, Loss=0.0000, Memory=5.60
10:41:20 PM - WARNING - Buffer not ready for training, skipping step.
10:41:21 PM - INFO - Episode 113: Reward=  13.0, Length= 13, Loss=0.0000, Memory=5.65
10:41:22 PM - INFO - Episode 114: Reward=  12.0, Length= 12, Loss=0.0000, Memory=5.70
10:41:22 PM - WARNING - Buffer not ready for training, skipping step.
10:41:23 PM - INFO - Episode 115: Reward=  17.0, Length= 17, Loss=0.0000, Memory=5.75
10:41:24 PM - INFO - Episode 116: Reward=  18.0, Length= 18, Loss=0.0000, Memory=5.80
10:41:24 PM - WARNING - Buffer not ready for training, skipping step.
10:41:24 PM - INFO - Episode 117: Reward=   9.0, Length=  9, Loss=0.0000, Memory=5.85
10:41:25 PM - INFO - Episode 118: Reward=   9.0, Length=  9, Loss=0.0000, Memory=5.90
10:41:25 PM - WARNING - Buffer not ready for training, skipping step.
10:41:26 PM - INFO - Episode 119: Reward=  10.0, Length= 10, Loss=0.0000, Memory=5.95
10:41:27 PM - INFO - Episode 120: Reward=  13.0, Length= 13, Loss=0.0000, Memory=6.00
10:41:27 PM - WARNING - Buffer not ready for training, skipping step.
10:41:27 PM - INFO - Episode 121: Reward=   9.0, Length=  9, Loss=0.0000, Memory=6.05
10:41:27 PM - INFO - Progress: 6.0% | 1.31 it/s | ETA: 23:55
10:41:28 PM - INFO - Episode 122: Reward=  10.0, Length= 10, Loss=0.0000, Memory=6.10
10:41:28 PM - WARNING - Buffer not ready for training, skipping step.
10:41:29 PM - INFO - Episode 123: Reward=  15.0, Length= 15, Loss=0.0000, Memory=6.15
10:41:29 PM - INFO - Episode 124: Reward=  11.0, Length= 11, Loss=0.0000, Memory=6.20
10:41:29 PM - WARNING - Buffer not ready for training, skipping step.
10:41:30 PM - INFO - Episode 125: Reward=  10.0, Length= 10, Loss=0.0000, Memory=6.25
10:41:31 PM - INFO - Episode 126: Reward=  10.0, Length= 10, Loss=0.0000, Memory=6.30
10:41:31 PM - WARNING - Buffer not ready for training, skipping step.
10:41:32 PM - INFO - Episode 127: Reward=  25.0, Length= 25, Loss=0.0000, Memory=6.35
10:41:33 PM - INFO - Episode 128: Reward=  10.0, Length= 10, Loss=0.0000, Memory=6.40
10:41:33 PM - WARNING - Buffer not ready for training, skipping step.
10:41:34 PM - INFO - Episode 129: Reward=   9.0, Length=  9, Loss=0.0000, Memory=6.45
10:41:34 PM - INFO - Episode 130: Reward=  12.0, Length= 12, Loss=0.0000, Memory=6.50
10:41:34 PM - WARNING - Buffer not ready for training, skipping step.
10:41:35 PM - INFO - Episode 131: Reward=   9.0, Length=  9, Loss=0.0000, Memory=6.55
10:41:36 PM - INFO - Episode 132: Reward=  19.0, Length= 19, Loss=0.0000, Memory=6.60
10:41:36 PM - WARNING - Buffer not ready for training, skipping step.
10:41:37 PM - INFO - Episode 133: Reward=  14.0, Length= 14, Loss=0.0000, Memory=6.65
10:41:38 PM - INFO - Episode 134: Reward=   8.0, Length=  8, Loss=0.0000, Memory=6.70
10:41:38 PM - WARNING - Buffer not ready for training, skipping step.
10:41:38 PM - INFO - Episode 135: Reward=   9.0, Length=  9, Loss=0.0000, Memory=6.75
10:41:39 PM - INFO - Episode 136: Reward=  10.0, Length= 10, Loss=0.0000, Memory=6.80
10:41:39 PM - WARNING - Buffer not ready for training, skipping step.
10:41:39 PM - INFO - Episode 137: Reward=   9.0, Length=  9, Loss=0.0000, Memory=6.85
10:41:41 PM - INFO - Episode 138: Reward=  30.0, Length= 30, Loss=0.0000, Memory=6.90
10:41:41 PM - WARNING - Buffer not ready for training, skipping step.
10:41:42 PM - INFO - Episode 139: Reward=   8.0, Length=  8, Loss=0.0000, Memory=6.95
10:41:43 PM - INFO - Episode 140: Reward=  13.0, Length= 13, Loss=0.0000, Memory=7.00
10:41:43 PM - WARNING - Buffer not ready for training, skipping step.
10:41:43 PM - INFO - Episode 141: Reward=   8.0, Length=  8, Loss=0.0000, Memory=7.05
10:41:43 PM - INFO - Progress: 7.0% | 1.15 it/s | ETA: 26:55
10:41:44 PM - INFO - Episode 142: Reward=  10.0, Length= 10, Loss=0.0000, Memory=7.10
10:41:44 PM - WARNING - Buffer not ready for training, skipping step.
10:41:45 PM - INFO - Episode 143: Reward=  18.0, Length= 18, Loss=0.0000, Memory=7.15
10:41:46 PM - INFO - Episode 144: Reward=  11.0, Length= 11, Loss=0.0000, Memory=7.20
10:41:46 PM - WARNING - Buffer not ready for training, skipping step.
10:41:46 PM - INFO - Episode 145: Reward=  11.0, Length= 11, Loss=0.0000, Memory=7.25
10:41:47 PM - INFO - Episode 146: Reward=   8.0, Length=  8, Loss=0.0000, Memory=7.30
10:41:47 PM - WARNING - Buffer not ready for training, skipping step.
10:41:48 PM - INFO - Episode 147: Reward=  11.0, Length= 11, Loss=0.0000, Memory=7.35
10:41:48 PM - INFO - Episode 148: Reward=  11.0, Length= 11, Loss=0.0000, Memory=7.40
10:41:48 PM - WARNING - Buffer not ready for training, skipping step.
10:41:49 PM - INFO - Episode 149: Reward=  14.0, Length= 14, Loss=0.0000, Memory=7.45
10:41:50 PM - INFO - Episode 150: Reward=  10.0, Length= 10, Loss=0.0000, Memory=7.50
10:41:50 PM - WARNING - Buffer not ready for training, skipping step.
10:41:50 PM - INFO - Checkpoint saved to checkpoints/CartPole-v1/20250726_223945/episode_00150.pkl
10:41:51 PM - INFO - Episode 151: Reward=  12.0, Length= 12, Loss=0.0000, Memory=7.55
10:41:51 PM - INFO - Episode 152: Reward=   9.0, Length=  9, Loss=0.0000, Memory=7.60
10:41:51 PM - WARNING - Buffer not ready for training, skipping step.
10:41:52 PM - INFO - Episode 153: Reward=  10.0, Length= 10, Loss=0.0000, Memory=7.65
10:41:53 PM - INFO - Episode 154: Reward=   9.0, Length=  9, Loss=0.0000, Memory=7.70
10:41:53 PM - WARNING - Buffer not ready for training, skipping step.
10:41:53 PM - INFO - Episode 155: Reward=   8.0, Length=  8, Loss=0.0000, Memory=7.75
10:41:54 PM - INFO - Episode 156: Reward=  13.0, Length= 13, Loss=0.0000, Memory=7.80
10:41:54 PM - WARNING - Buffer not ready for training, skipping step.
10:41:54 PM - INFO - Episode 157: Reward=   8.0, Length=  8, Loss=0.0000, Memory=7.85
10:41:55 PM - INFO - Episode 158: Reward=  10.0, Length= 10, Loss=0.0000, Memory=7.90
10:41:55 PM - WARNING - Buffer not ready for training, skipping step.
10:41:56 PM - INFO - Episode 159: Reward=  11.0, Length= 11, Loss=0.0000, Memory=7.95
10:41:58 PM - INFO - Episode 160: Reward=  30.0, Length= 30, Loss=0.0000, Memory=8.00
10:41:58 PM - WARNING - Buffer not ready for training, skipping step.
10:41:59 PM - INFO - Episode 161: Reward=  13.0, Length= 13, Loss=0.0000, Memory=8.05
10:41:59 PM - INFO - Progress: 8.0% | 0.98 it/s | ETA: 31:26
10:41:59 PM - INFO - Episode 162: Reward=   9.0, Length=  9, Loss=0.0000, Memory=8.10
10:41:59 PM - WARNING - Buffer not ready for training, skipping step.
10:42:00 PM - INFO - Episode 163: Reward=  10.0, Length= 10, Loss=0.0000, Memory=8.15
10:42:00 PM - INFO - Episode 164: Reward=  10.0, Length= 10, Loss=0.0000, Memory=8.20
10:42:00 PM - WARNING - Buffer not ready for training, skipping step.
10:42:01 PM - INFO - Episode 165: Reward=  10.0, Length= 10, Loss=0.0000, Memory=8.25
10:42:02 PM - INFO - Episode 166: Reward=  13.0, Length= 13, Loss=0.0000, Memory=8.30
10:42:02 PM - WARNING - Buffer not ready for training, skipping step.
10:42:03 PM - INFO - Episode 167: Reward=  14.0, Length= 14, Loss=0.0000, Memory=8.35
10:42:04 PM - INFO - Episode 168: Reward=  16.0, Length= 16, Loss=0.0000, Memory=8.40
10:42:04 PM - WARNING - Buffer not ready for training, skipping step.
10:42:05 PM - INFO - Episode 169: Reward=  11.0, Length= 11, Loss=0.0000, Memory=8.45
10:42:05 PM - INFO - Episode 170: Reward=   9.0, Length=  9, Loss=0.0000, Memory=8.50
10:42:05 PM - WARNING - Buffer not ready for training, skipping step.
10:42:06 PM - INFO - Episode 171: Reward=   9.0, Length=  9, Loss=0.0000, Memory=8.55
10:42:06 PM - INFO - Episode 172: Reward=  10.0, Length= 10, Loss=0.0000, Memory=8.60
10:42:06 PM - WARNING - Buffer not ready for training, skipping step.
10:42:08 PM - INFO - Episode 173: Reward=  18.0, Length= 18, Loss=0.0000, Memory=8.65
10:42:09 PM - INFO - Episode 174: Reward=  28.0, Length= 28, Loss=0.0000, Memory=8.70
10:42:09 PM - WARNING - Buffer not ready for training, skipping step.
10:42:10 PM - INFO - Episode 175: Reward=  13.0, Length= 13, Loss=0.0000, Memory=8.75
10:42:12 PM - INFO - Episode 176: Reward=  25.0, Length= 25, Loss=0.0000, Memory=8.80
10:42:12 PM - WARNING - Buffer not ready for training, skipping step.
10:42:12 PM - INFO - Episode 177: Reward=   9.0, Length=  9, Loss=0.0000, Memory=8.85
10:42:13 PM - INFO - Episode 178: Reward=  12.0, Length= 12, Loss=0.0000, Memory=8.90
10:42:13 PM - WARNING - Buffer not ready for training, skipping step.
10:42:14 PM - INFO - Episode 179: Reward=  12.0, Length= 12, Loss=0.0000, Memory=8.95
10:42:14 PM - INFO - Episode 180: Reward=   9.0, Length=  9, Loss=0.0000, Memory=9.00
10:42:14 PM - WARNING - Buffer not ready for training, skipping step.
10:42:15 PM - INFO - Episode 181: Reward=   8.0, Length=  8, Loss=0.0000, Memory=9.05
10:42:15 PM - INFO - Progress: 9.0% | 1.25 it/s | ETA: 24:16
10:42:16 PM - INFO - Episode 182: Reward=  22.0, Length= 22, Loss=0.0000, Memory=9.10
10:42:16 PM - WARNING - Buffer not ready for training, skipping step.
10:42:17 PM - INFO - Episode 183: Reward=  15.0, Length= 15, Loss=0.0000, Memory=9.15
10:42:18 PM - INFO - Episode 184: Reward=  13.0, Length= 13, Loss=0.0000, Memory=9.20
10:42:18 PM - WARNING - Buffer not ready for training, skipping step.
10:42:19 PM - INFO - Episode 185: Reward=  14.0, Length= 14, Loss=0.0000, Memory=9.25
10:42:20 PM - INFO - Episode 186: Reward=   9.0, Length=  9, Loss=0.0000, Memory=9.30
10:42:20 PM - WARNING - Buffer not ready for training, skipping step.
10:42:21 PM - INFO - Episode 187: Reward=  16.0, Length= 16, Loss=0.0000, Memory=9.35
10:42:21 PM - INFO - Episode 188: Reward=  11.0, Length= 11, Loss=0.0000, Memory=9.40
10:42:21 PM - WARNING - Buffer not ready for training, skipping step.
10:42:24 PM - INFO - Episode 189: Reward=  50.0, Length= 50, Loss=0.0000, Memory=9.45
10:42:26 PM - INFO - Episode 190: Reward=  21.0, Length= 21, Loss=0.0000, Memory=9.50
10:42:26 PM - WARNING - Buffer not ready for training, skipping step.
10:42:27 PM - INFO - Episode 191: Reward=  16.0, Length= 16, Loss=0.0000, Memory=9.55
10:42:27 PM - INFO - Episode 192: Reward=   9.0, Length=  9, Loss=0.0000, Memory=9.60
10:42:27 PM - WARNING - Buffer not ready for training, skipping step.
10:42:28 PM - INFO - Episode 193: Reward=   8.0, Length=  8, Loss=0.0000, Memory=9.65
10:42:29 PM - INFO - Episode 194: Reward=  12.0, Length= 12, Loss=0.0000, Memory=9.70
10:42:29 PM - WARNING - Buffer not ready for training, skipping step.
10:42:30 PM - INFO - Episode 195: Reward=  23.0, Length= 23, Loss=0.0000, Memory=9.75
10:42:32 PM - INFO - Episode 196: Reward=  24.0, Length= 24, Loss=0.0000, Memory=9.80
10:42:32 PM - WARNING - Buffer not ready for training, skipping step.
10:42:32 PM - INFO - Episode 197: Reward=   9.0, Length=  9, Loss=0.0000, Memory=9.85
10:42:33 PM - INFO - Episode 198: Reward=  18.0, Length= 18, Loss=0.0000, Memory=9.90
10:42:33 PM - WARNING - Buffer not ready for training, skipping step.
10:42:34 PM - INFO - Episode 199: Reward=   9.0, Length=  9, Loss=0.0000, Memory=9.95
10:42:35 PM - INFO - Episode 200: Reward=  17.0, Length= 17, Loss=0.0000, Memory=10.00
10:42:37 PM - INFO - Step    0: train/policy_loss = 0.705054
10:42:37 PM - INFO - Step    0: train/reward_loss = 1.263443
10:42:37 PM - INFO - Step    0: train/value_loss = 92.953529
10:42:37 PM - INFO - Step    0: total_loss = 94.922028
10:42:37 PM - INFO - Checkpoint saved to checkpoints/CartPole-v1/20250726_223945/episode_00200.pkl
10:42:38 PM - INFO - Episode 201: Reward=  14.0, Length= 14, Loss=94.9220, Memory=10.05
10:42:38 PM - INFO - Progress: 10.0% | 0.63 it/s | ETA: 47:55
10:42:39 PM - INFO - Episode 202: Reward=  12.0, Length= 12, Loss=94.9220, Memory=10.10
10:42:39 PM - INFO - Step    1: train/policy_loss = 0.697280
10:42:39 PM - INFO - Step    1: train/reward_loss = 2.089110
10:42:39 PM - INFO - Step    1: train/value_loss = 73.519646
10:42:39 PM - INFO - Step    1: total_loss = 76.306038
10:42:40 PM - INFO - Episode 203: Reward=  11.0, Length= 11, Loss=76.3060, Memory=10.15
10:42:40 PM - INFO - Episode 204: Reward=  10.0, Length= 10, Loss=76.3060, Memory=10.20
10:42:41 PM - INFO - Step    2: train/policy_loss = 0.710470
10:42:41 PM - INFO - Step    2: train/reward_loss = 2.306864
10:42:41 PM - INFO - Step    2: train/value_loss = 56.597256
10:42:41 PM - INFO - Step    2: total_loss = 59.614590
10:42:41 PM - INFO - Episode 205: Reward=  11.0, Length= 11, Loss=59.6146, Memory=10.25
10:42:42 PM - INFO - Episode 206: Reward=  13.0, Length= 13, Loss=59.6146, Memory=10.30
10:42:42 PM - INFO - Step    3: train/policy_loss = 0.721877
10:42:42 PM - INFO - Step    3: train/reward_loss = 1.081026
10:42:42 PM - INFO - Step    3: train/value_loss = 57.320065
10:42:42 PM - INFO - Step    3: total_loss = 59.122971
10:42:43 PM - INFO - Episode 207: Reward=   9.0, Length=  9, Loss=59.1230, Memory=10.35
10:42:44 PM - INFO - Episode 208: Reward=  12.0, Length= 12, Loss=59.1230, Memory=10.40
10:42:44 PM - INFO - Step    4: train/policy_loss = 0.708279
10:42:44 PM - INFO - Step    4: train/reward_loss = 1.737396
10:42:44 PM - INFO - Step    4: train/value_loss = 48.641010
10:42:44 PM - INFO - Step    4: total_loss = 51.086685
10:42:45 PM - INFO - Episode 209: Reward=  12.0, Length= 12, Loss=51.0867, Memory=10.45
10:42:46 PM - INFO - Episode 210: Reward=  14.0, Length= 14, Loss=51.0867, Memory=10.50
10:42:46 PM - INFO - Step    5: train/policy_loss = 0.715930
10:42:46 PM - INFO - Step    5: train/reward_loss = 1.886417
10:42:46 PM - INFO - Step    5: train/value_loss = 46.190319
10:42:46 PM - INFO - Step    5: total_loss = 48.792667
10:42:47 PM - INFO - Episode 211: Reward=  13.0, Length= 13, Loss=48.7927, Memory=10.55
10:42:48 PM - INFO - Episode 212: Reward=  12.0, Length= 12, Loss=48.7927, Memory=10.60
10:42:48 PM - INFO - Step    6: train/policy_loss = 0.720446
10:42:48 PM - INFO - Step    6: train/reward_loss = 1.287760
10:42:48 PM - INFO - Step    6: train/value_loss = 47.875534
10:42:48 PM - INFO - Step    6: total_loss = 49.883743
10:42:49 PM - INFO - Episode 213: Reward=  11.0, Length= 11, Loss=49.8837, Memory=10.65
10:42:49 PM - INFO - Episode 214: Reward=   8.0, Length=  8, Loss=49.8837, Memory=10.70
10:42:49 PM - INFO - Step    7: train/policy_loss = 0.723931
10:42:49 PM - INFO - Step    7: train/reward_loss = 0.852896
10:42:49 PM - INFO - Step    7: train/value_loss = 42.890255
10:42:49 PM - INFO - Step    7: total_loss = 44.467083
10:42:50 PM - INFO - Episode 215: Reward=  12.0, Length= 12, Loss=44.4671, Memory=10.75
10:42:51 PM - INFO - Episode 216: Reward=   9.0, Length=  9, Loss=44.4671, Memory=10.80
10:42:51 PM - INFO - Step    8: train/policy_loss = 0.744754
10:42:51 PM - INFO - Step    8: train/reward_loss = 0.689539
10:42:51 PM - INFO - Step    8: train/value_loss = 39.861866
10:42:51 PM - INFO - Step    8: total_loss = 41.296162
10:42:52 PM - INFO - Episode 217: Reward=  11.0, Length= 11, Loss=41.2962, Memory=10.85
10:42:53 PM - INFO - Episode 218: Reward=  18.0, Length= 18, Loss=41.2962, Memory=10.90
10:42:53 PM - INFO - Step    9: train/policy_loss = 0.760199
10:42:53 PM - INFO - Step    9: train/reward_loss = 0.689431
10:42:53 PM - INFO - Step    9: train/value_loss = 37.788013
10:42:53 PM - INFO - Step    9: total_loss = 39.237644
10:42:55 PM - INFO - Episode 219: Reward=  25.0, Length= 25, Loss=39.2376, Memory=10.95
10:42:56 PM - INFO - Episode 220: Reward=  16.0, Length= 16, Loss=39.2376, Memory=11.00
10:42:56 PM - INFO - Step   10: train/policy_loss = 0.750786
10:42:56 PM - INFO - Step   10: train/reward_loss = 0.888270
10:42:56 PM - INFO - Step   10: train/value_loss = 32.521534
10:42:56 PM - INFO - Step   10: total_loss = 34.160591
10:42:57 PM - INFO - Episode 221: Reward=  10.0, Length= 10, Loss=34.1606, Memory=11.05
10:42:57 PM - INFO - Progress: 11.0% | 0.83 it/s | ETA: 35:33
10:42:57 PM - INFO - Episode 222: Reward=   9.0, Length=  9, Loss=34.1606, Memory=11.10
10:42:57 PM - INFO - Step   11: train/policy_loss = 0.734264
10:42:57 PM - INFO - Step   11: train/reward_loss = 0.872398
10:42:57 PM - INFO - Step   11: train/value_loss = 29.682602
10:42:57 PM - INFO - Step   11: total_loss = 31.289265
10:42:58 PM - INFO - Episode 223: Reward=  10.0, Length= 10, Loss=31.2893, Memory=11.15
10:42:59 PM - INFO - Episode 224: Reward=   9.0, Length=  9, Loss=31.2893, Memory=11.20
10:42:59 PM - INFO - Step   12: train/policy_loss = 0.715867
10:42:59 PM - INFO - Step   12: train/reward_loss = 0.721706
10:42:59 PM - INFO - Step   12: train/value_loss = 29.484495
10:42:59 PM - INFO - Step   12: total_loss = 30.922070
10:43:00 PM - INFO - Episode 225: Reward=   9.0, Length=  9, Loss=30.9221, Memory=11.25
10:43:00 PM - INFO - Episode 226: Reward=   9.0, Length=  9, Loss=30.9221, Memory=11.30
10:43:00 PM - INFO - Step   13: train/policy_loss = 0.704108
10:43:00 PM - INFO - Step   13: train/reward_loss = 0.616885
10:43:00 PM - INFO - Step   13: train/value_loss = 27.787018
10:43:00 PM - INFO - Step   13: total_loss = 29.108013
10:43:01 PM - INFO - Episode 227: Reward=  10.0, Length= 10, Loss=29.1080, Memory=11.35
10:43:02 PM - INFO - Episode 228: Reward=   8.0, Length=  8, Loss=29.1080, Memory=11.40
10:43:02 PM - INFO - Step   14: train/policy_loss = 0.694176
10:43:02 PM - INFO - Step   14: train/reward_loss = 0.557215
10:43:02 PM - INFO - Step   14: train/value_loss = 25.628706
10:43:02 PM - INFO - Step   14: total_loss = 26.880096
10:43:02 PM - INFO - Episode 229: Reward=   9.0, Length=  9, Loss=26.8801, Memory=11.45
10:43:03 PM - INFO - Episode 230: Reward=  10.0, Length= 10, Loss=26.8801, Memory=11.50
10:43:03 PM - INFO - Step   15: train/policy_loss = 0.694870
10:43:03 PM - INFO - Step   15: train/reward_loss = 0.517865
10:43:03 PM - INFO - Step   15: train/value_loss = 25.176193
10:43:03 PM - INFO - Step   15: total_loss = 26.388927
10:43:04 PM - INFO - Episode 231: Reward=   8.0, Length=  8, Loss=26.3889, Memory=11.55
10:43:04 PM - INFO - Episode 232: Reward=  10.0, Length= 10, Loss=26.3889, Memory=11.60
10:43:05 PM - INFO - Step   16: train/policy_loss = 0.695719
10:43:05 PM - INFO - Step   16: train/reward_loss = 0.511835
10:43:05 PM - INFO - Step   16: train/value_loss = 23.328318
10:43:05 PM - INFO - Step   16: total_loss = 24.535872
10:43:05 PM - INFO - Episode 233: Reward=  10.0, Length= 10, Loss=24.5359, Memory=11.65
10:43:06 PM - INFO - Episode 234: Reward=   9.0, Length=  9, Loss=24.5359, Memory=11.70
10:43:06 PM - INFO - Step   17: train/policy_loss = 0.695578
10:43:06 PM - INFO - Step   17: train/reward_loss = 0.463132
10:43:06 PM - INFO - Step   17: train/value_loss = 22.108315
10:43:06 PM - INFO - Step   17: total_loss = 23.267025
10:43:07 PM - INFO - Episode 235: Reward=  10.0, Length= 10, Loss=23.2670, Memory=11.75
10:43:07 PM - INFO - Episode 236: Reward=   9.0, Length=  9, Loss=23.2670, Memory=11.80
10:43:08 PM - INFO - Step   18: train/policy_loss = 0.696415
10:43:08 PM - INFO - Step   18: train/reward_loss = 0.403399
10:43:08 PM - INFO - Step   18: train/value_loss = 21.687050
10:43:08 PM - INFO - Step   18: total_loss = 22.786863
10:43:08 PM - INFO - Episode 237: Reward=  10.0, Length= 10, Loss=22.7869, Memory=11.85
10:43:09 PM - INFO - Episode 238: Reward=  10.0, Length= 10, Loss=22.7869, Memory=11.90
10:43:09 PM - INFO - Step   19: train/policy_loss = 0.699891
10:43:09 PM - INFO - Step   19: train/reward_loss = 0.368878
10:43:09 PM - INFO - Step   19: train/value_loss = 19.913874
10:43:09 PM - INFO - Step   19: total_loss = 20.982643
10:43:10 PM - INFO - Episode 239: Reward=   9.0, Length=  9, Loss=20.9826, Memory=11.95
10:43:10 PM - INFO - Episode 240: Reward=   9.0, Length=  9, Loss=20.9826, Memory=12.00
10:43:11 PM - INFO - Step   20: train/policy_loss = 0.702398
10:43:11 PM - INFO - Step   20: train/reward_loss = 0.357833
10:43:11 PM - INFO - Step   20: train/value_loss = 18.101564
10:43:11 PM - INFO - Step   20: total_loss = 19.161795
10:43:11 PM - INFO - Episode 241: Reward=  10.0, Length= 10, Loss=19.1618, Memory=12.05
10:43:11 PM - INFO - Progress: 12.0% | 1.32 it/s | ETA: 22:15
10:43:12 PM - INFO - Episode 242: Reward=  10.0, Length= 10, Loss=19.1618, Memory=12.10
10:43:12 PM - INFO - Step   21: train/policy_loss = 0.700580
10:43:12 PM - INFO - Step   21: train/reward_loss = 0.339619
10:43:12 PM - INFO - Step   21: train/value_loss = 17.519396
10:43:12 PM - INFO - Step   21: total_loss = 18.559595
10:43:13 PM - INFO - Episode 243: Reward=  17.0, Length= 17, Loss=18.5596, Memory=12.15
10:43:14 PM - INFO - Episode 244: Reward=  10.0, Length= 10, Loss=18.5596, Memory=12.20
10:43:14 PM - INFO - Step   22: train/policy_loss = 0.704264
10:43:14 PM - INFO - Step   22: train/reward_loss = 0.326852
10:43:14 PM - INFO - Step   22: train/value_loss = 16.305687
10:43:14 PM - INFO - Step   22: total_loss = 17.336803
10:43:15 PM - INFO - Episode 245: Reward=  10.0, Length= 10, Loss=17.3368, Memory=12.25
10:43:15 PM - INFO - Episode 246: Reward=   9.0, Length=  9, Loss=17.3368, Memory=12.30
10:43:16 PM - INFO - Step   23: train/policy_loss = 0.703548
10:43:16 PM - INFO - Step   23: train/reward_loss = 0.295361
10:43:16 PM - INFO - Step   23: train/value_loss = 15.610524
10:43:16 PM - INFO - Step   23: total_loss = 16.609432
10:43:16 PM - INFO - Episode 247: Reward=  10.0, Length= 10, Loss=16.6094, Memory=12.35
10:43:17 PM - INFO - Episode 248: Reward=   9.0, Length=  9, Loss=16.6094, Memory=12.40
10:43:17 PM - INFO - Step   24: train/policy_loss = 0.702696
10:43:17 PM - INFO - Step   24: train/reward_loss = 0.285904
10:43:17 PM - INFO - Step   24: train/value_loss = 15.401165
10:43:17 PM - INFO - Step   24: total_loss = 16.389765
10:43:18 PM - INFO - Episode 249: Reward=  10.0, Length= 10, Loss=16.3898, Memory=12.45
10:43:19 PM - INFO - Episode 250: Reward=  10.0, Length= 10, Loss=16.3898, Memory=12.50
10:43:19 PM - INFO - Step   25: train/policy_loss = 0.703604
10:43:19 PM - INFO - Step   25: train/reward_loss = 0.255498
10:43:19 PM - INFO - Step   25: train/value_loss = 13.761307
10:43:19 PM - INFO - Step   25: total_loss = 14.720408
10:43:19 PM - INFO - Checkpoint saved to checkpoints/CartPole-v1/20250726_223945/episode_00250.pkl
10:43:19 PM - INFO - Episode 251: Reward=   9.0, Length=  9, Loss=14.7204, Memory=12.55
10:43:20 PM - INFO - Episode 252: Reward=   9.0, Length=  9, Loss=14.7204, Memory=12.60
10:43:20 PM - INFO - Step   26: train/policy_loss = 0.703571
10:43:20 PM - INFO - Step   26: train/reward_loss = 0.237862
10:43:20 PM - INFO - Step   26: train/value_loss = 13.435908
10:43:20 PM - INFO - Step   26: total_loss = 14.377341
10:43:21 PM - INFO - Episode 253: Reward=  10.0, Length= 10, Loss=14.3773, Memory=12.65
10:43:21 PM - INFO - Episode 254: Reward=  10.0, Length= 10, Loss=14.3773, Memory=12.70
10:43:22 PM - INFO - Step   27: train/policy_loss = 0.699769
10:43:22 PM - INFO - Step   27: train/reward_loss = 0.221449
10:43:22 PM - INFO - Step   27: train/value_loss = 12.308722
10:43:22 PM - INFO - Step   27: total_loss = 13.229940
10:43:22 PM - INFO - Episode 255: Reward=   8.0, Length=  8, Loss=13.2299, Memory=12.75
10:43:23 PM - INFO - Episode 256: Reward=   9.0, Length=  9, Loss=13.2299, Memory=12.80
10:43:23 PM - INFO - Step   28: train/policy_loss = 0.701829
10:43:23 PM - INFO - Step   28: train/reward_loss = 0.228574
10:43:23 PM - INFO - Step   28: train/value_loss = 11.731639
10:43:23 PM - INFO - Step   28: total_loss = 12.662042
10:43:24 PM - INFO - Episode 257: Reward=   9.0, Length=  9, Loss=12.6620, Memory=12.85
10:43:24 PM - INFO - Episode 258: Reward=   9.0, Length=  9, Loss=12.6620, Memory=12.90
10:43:24 PM - INFO - Step   29: train/policy_loss = 0.697508
10:43:24 PM - INFO - Step   29: train/reward_loss = 0.225999
10:43:24 PM - INFO - Step   29: train/value_loss = 11.456620
10:43:24 PM - INFO - Step   29: total_loss = 12.380127
10:43:25 PM - INFO - Episode 259: Reward=  10.0, Length= 10, Loss=12.3801, Memory=12.95
10:43:26 PM - INFO - Episode 260: Reward=   9.0, Length=  9, Loss=12.3801, Memory=13.00
10:43:26 PM - INFO - Step   30: train/policy_loss = 0.699316
10:43:26 PM - INFO - Step   30: train/reward_loss = 0.223905
10:43:26 PM - INFO - Step   30: train/value_loss = 11.121376
10:43:26 PM - INFO - Step   30: total_loss = 12.044597
10:43:27 PM - INFO - Episode 261: Reward=   9.0, Length=  9, Loss=12.0446, Memory=13.05
10:43:27 PM - INFO - Progress: 13.0% | 1.34 it/s | ETA: 21:37
10:43:27 PM - INFO - Episode 262: Reward=  10.0, Length= 10, Loss=12.0446, Memory=13.10
10:43:27 PM - INFO - Step   31: train/policy_loss = 0.702990
10:43:27 PM - INFO - Step   31: train/reward_loss = 0.217053
10:43:27 PM - INFO - Step   31: train/value_loss = 10.765507
10:43:27 PM - INFO - Step   31: total_loss = 11.685550
10:43:28 PM - INFO - Episode 263: Reward=   9.0, Length=  9, Loss=11.6855, Memory=13.15
10:43:29 PM - INFO - Episode 264: Reward=  10.0, Length= 10, Loss=11.6855, Memory=13.20
10:43:29 PM - INFO - Step   32: train/policy_loss = 0.698541
10:43:29 PM - INFO - Step   32: train/reward_loss = 0.209975
10:43:29 PM - INFO - Step   32: train/value_loss = 10.318236
10:43:29 PM - INFO - Step   32: total_loss = 11.226752
10:43:29 PM - INFO - Episode 265: Reward=   8.0, Length=  8, Loss=11.2268, Memory=13.25
10:43:30 PM - INFO - Episode 266: Reward=  14.0, Length= 14, Loss=11.2268, Memory=13.30
10:43:31 PM - INFO - Step   33: train/policy_loss = 0.694731
10:43:31 PM - INFO - Step   33: train/reward_loss = 0.216086
10:43:31 PM - INFO - Step   33: train/value_loss = 10.520245
10:43:31 PM - INFO - Step   33: total_loss = 11.431061
10:43:31 PM - INFO - Episode 267: Reward=  10.0, Length= 10, Loss=11.4311, Memory=13.35
10:43:32 PM - INFO - Episode 268: Reward=  11.0, Length= 11, Loss=11.4311, Memory=13.40
10:43:32 PM - INFO - Step   34: train/policy_loss = 0.695221
10:43:32 PM - INFO - Step   34: train/reward_loss = 0.212799
10:43:32 PM - INFO - Step   34: train/value_loss = 9.962597
10:43:32 PM - INFO - Step   34: total_loss = 10.870617
10:43:33 PM - INFO - Episode 269: Reward=  10.0, Length= 10, Loss=10.8706, Memory=13.45
10:43:34 PM - INFO - Episode 270: Reward=  10.0, Length= 10, Loss=10.8706, Memory=13.50
10:43:34 PM - INFO - Step   35: train/policy_loss = 0.695059
10:43:34 PM - INFO - Step   35: train/reward_loss = 0.212192
10:43:34 PM - INFO - Step   35: train/value_loss = 9.823769
10:43:34 PM - INFO - Step   35: total_loss = 10.731020
10:43:34 PM - INFO - Episode 271: Reward=  10.0, Length= 10, Loss=10.7310, Memory=13.55
10:43:35 PM - INFO - Episode 272: Reward=   8.0, Length=  8, Loss=10.7310, Memory=13.60
10:43:35 PM - INFO - Step   36: train/policy_loss = 0.692722
10:43:35 PM - INFO - Step   36: train/reward_loss = 0.173119
10:43:35 PM - INFO - Step   36: train/value_loss = 9.291154
10:43:35 PM - INFO - Step   36: total_loss = 10.156994
10:43:37 PM - INFO - Episode 273: Reward=  24.0, Length= 24, Loss=10.1570, Memory=13.65
10:43:38 PM - INFO - Episode 274: Reward=  21.0, Length= 21, Loss=10.1570, Memory=13.70
10:43:38 PM - INFO - Step   37: train/policy_loss = 0.696713
10:43:38 PM - INFO - Step   37: train/reward_loss = 0.162057
10:43:38 PM - INFO - Step   37: train/value_loss = 9.171418
10:43:38 PM - INFO - Step   37: total_loss = 10.030189
10:43:39 PM - INFO - Episode 275: Reward=   9.0, Length=  9, Loss=10.0302, Memory=13.75
10:43:40 PM - INFO - Episode 276: Reward=  10.0, Length= 10, Loss=10.0302, Memory=13.80
10:43:40 PM - INFO - Step   38: train/policy_loss = 0.696527
10:43:40 PM - INFO - Step   38: train/reward_loss = 0.147699
10:43:40 PM - INFO - Step   38: train/value_loss = 8.541028
10:43:40 PM - INFO - Step   38: total_loss = 9.385253
10:43:40 PM - INFO - Episode 277: Reward=  10.0, Length= 10, Loss=9.3853, Memory=13.85
10:43:42 PM - INFO - Episode 278: Reward=  23.0, Length= 23, Loss=9.3853, Memory=13.90
10:43:42 PM - INFO - Step   39: train/policy_loss = 0.692774
10:43:42 PM - INFO - Step   39: train/reward_loss = 0.143142
10:43:42 PM - INFO - Step   39: train/value_loss = 8.395812
10:43:42 PM - INFO - Step   39: total_loss = 9.231729
10:43:43 PM - INFO - Episode 279: Reward=  10.0, Length= 10, Loss=9.2317, Memory=13.95
10:43:43 PM - INFO - Episode 280: Reward=  10.0, Length= 10, Loss=9.2317, Memory=14.00
10:43:44 PM - INFO - Step   40: train/policy_loss = 0.694370
10:43:44 PM - INFO - Step   40: train/reward_loss = 0.129398
10:43:44 PM - INFO - Step   40: train/value_loss = 7.722242
10:43:44 PM - INFO - Step   40: total_loss = 8.546011
10:43:44 PM - INFO - Episode 281: Reward=  10.0, Length= 10, Loss=8.5460, Memory=14.05
10:43:44 PM - INFO - Progress: 14.0% | 1.06 it/s | ETA: 27:03
10:43:45 PM - INFO - Episode 282: Reward=  10.0, Length= 10, Loss=8.5460, Memory=14.10
10:43:45 PM - INFO - Step   41: train/policy_loss = 0.692267
10:43:45 PM - INFO - Step   41: train/reward_loss = 0.124291
10:43:45 PM - INFO - Step   41: train/value_loss = 7.120859
10:43:45 PM - INFO - Step   41: total_loss = 7.937417
10:43:46 PM - INFO - Episode 283: Reward=   8.0, Length=  8, Loss=7.9374, Memory=14.15
10:43:46 PM - INFO - Episode 284: Reward=   8.0, Length=  8, Loss=7.9374, Memory=14.20
10:43:46 PM - INFO - Step   42: train/policy_loss = 0.689407
10:43:46 PM - INFO - Step   42: train/reward_loss = 0.122704
10:43:46 PM - INFO - Step   42: train/value_loss = 6.526249
10:43:46 PM - INFO - Step   42: total_loss = 7.338359
10:43:47 PM - INFO - Episode 285: Reward=   9.0, Length=  9, Loss=7.3384, Memory=14.25
10:43:48 PM - INFO - Episode 286: Reward=  10.0, Length= 10, Loss=7.3384, Memory=14.30
10:43:48 PM - INFO - Step   43: train/policy_loss = 0.691490
10:43:48 PM - INFO - Step   43: train/reward_loss = 0.108833
10:43:48 PM - INFO - Step   43: train/value_loss = 6.369357
10:43:48 PM - INFO - Step   43: total_loss = 7.169680
10:43:49 PM - INFO - Episode 287: Reward=  10.0, Length= 10, Loss=7.1697, Memory=14.35
10:43:49 PM - INFO - Episode 288: Reward=  10.0, Length= 10, Loss=7.1697, Memory=14.40
10:43:49 PM - INFO - Step   44: train/policy_loss = 0.691875
10:43:49 PM - INFO - Step   44: train/reward_loss = 0.090959
10:43:49 PM - INFO - Step   44: train/value_loss = 5.889001
10:43:49 PM - INFO - Step   44: total_loss = 6.671835
10:43:50 PM - INFO - Episode 289: Reward=  10.0, Length= 10, Loss=6.6718, Memory=14.45
10:43:51 PM - INFO - Episode 290: Reward=   8.0, Length=  8, Loss=6.6718, Memory=14.50
10:43:51 PM - INFO - Step   45: train/policy_loss = 0.684657
10:43:51 PM - INFO - Step   45: train/reward_loss = 0.086087
10:43:51 PM - INFO - Step   45: train/value_loss = 4.831457
10:43:51 PM - INFO - Step   45: total_loss = 5.602201
10:43:52 PM - INFO - Episode 291: Reward=  12.0, Length= 12, Loss=5.6022, Memory=14.55
10:43:52 PM - INFO - Episode 292: Reward=   9.0, Length=  9, Loss=5.6022, Memory=14.60
10:43:53 PM - INFO - Step   46: train/policy_loss = 0.683465
10:43:53 PM - INFO - Step   46: train/reward_loss = 0.090176
10:43:53 PM - INFO - Step   46: train/value_loss = 4.808426
10:43:53 PM - INFO - Step   46: total_loss = 5.582067
10:43:53 PM - INFO - Episode 293: Reward=  10.0, Length= 10, Loss=5.5821, Memory=14.65
10:43:54 PM - INFO - Episode 294: Reward=  11.0, Length= 11, Loss=5.5821, Memory=14.70
10:43:54 PM - INFO - Step   47: train/policy_loss = 0.680826
10:43:54 PM - INFO - Step   47: train/reward_loss = 0.072126
10:43:54 PM - INFO - Step   47: train/value_loss = 3.990531
10:43:54 PM - INFO - Step   47: total_loss = 4.743484
10:43:55 PM - INFO - Episode 295: Reward=   9.0, Length=  9, Loss=4.7435, Memory=14.75
10:43:55 PM - INFO - Episode 296: Reward=  10.0, Length= 10, Loss=4.7435, Memory=14.80
10:43:56 PM - INFO - Step   48: train/policy_loss = 0.685467
10:43:56 PM - INFO - Step   48: train/reward_loss = 0.071418
10:43:56 PM - INFO - Step   48: train/value_loss = 3.827274
10:43:56 PM - INFO - Step   48: total_loss = 4.584158
10:43:56 PM - INFO - Episode 297: Reward=  10.0, Length= 10, Loss=4.5842, Memory=14.85
10:43:57 PM - INFO - Episode 298: Reward=  10.0, Length= 10, Loss=4.5842, Memory=14.90
10:43:57 PM - INFO - Step   49: train/policy_loss = 0.684590
10:43:57 PM - INFO - Step   49: train/reward_loss = 0.075486
10:43:57 PM - INFO - Step   49: train/value_loss = 3.197561
10:43:57 PM - INFO - Step   49: total_loss = 3.957637
10:43:58 PM - INFO - Episode 299: Reward=  14.0, Length= 14, Loss=3.9576, Memory=14.95
10:43:59 PM - INFO - Episode 300: Reward=   9.0, Length=  9, Loss=3.9576, Memory=15.00
10:43:59 PM - INFO - Step   50: train/policy_loss = 0.682839
10:43:59 PM - INFO - Step   50: train/reward_loss = 0.067038
10:43:59 PM - INFO - Step   50: train/value_loss = 2.776276
10:43:59 PM - INFO - Step   50: total_loss = 3.526153
10:43:59 PM - INFO - Checkpoint saved to checkpoints/CartPole-v1/20250726_223945/episode_00300.pkl
10:43:59 PM - INFO - Episode 301: Reward=  10.0, Length= 10, Loss=3.5262, Memory=15.05
10:43:59 PM - INFO - Progress: 15.0% | 1.23 it/s | ETA: 23:02
10:44:00 PM - INFO - Episode 302: Reward=  10.0, Length= 10, Loss=3.5262, Memory=15.10
10:44:00 PM - INFO - Step   51: train/policy_loss = 0.685840
10:44:00 PM - INFO - Step   51: train/reward_loss = 0.065125
10:44:00 PM - INFO - Step   51: train/value_loss = 2.044959
10:44:00 PM - INFO - Step   51: total_loss = 2.795924
10:44:01 PM - INFO - Episode 303: Reward=   8.0, Length=  8, Loss=2.7959, Memory=15.15
10:44:02 PM - INFO - Episode 304: Reward=  11.0, Length= 11, Loss=2.7959, Memory=15.20
10:44:02 PM - INFO - Step   52: train/policy_loss = 0.678945
10:44:02 PM - INFO - Step   52: train/reward_loss = 0.074671
10:44:02 PM - INFO - Step   52: train/value_loss = 1.905524
10:44:02 PM - INFO - Step   52: total_loss = 2.659139
10:44:02 PM - INFO - Episode 305: Reward=   9.0, Length=  9, Loss=2.6591, Memory=15.25
10:44:03 PM - INFO - Episode 306: Reward=  10.0, Length= 10, Loss=2.6591, Memory=15.30
10:44:03 PM - INFO - Step   53: train/policy_loss = 0.681067
10:44:03 PM - INFO - Step   53: train/reward_loss = 0.060694
10:44:03 PM - INFO - Step   53: train/value_loss = 1.581841
10:44:03 PM - INFO - Step   53: total_loss = 2.323601
10:44:04 PM - INFO - Episode 307: Reward=  10.0, Length= 10, Loss=2.3236, Memory=15.35
10:44:05 PM - INFO - Episode 308: Reward=   9.0, Length=  9, Loss=2.3236, Memory=15.40
10:44:05 PM - INFO - Step   54: train/policy_loss = 0.678805
10:44:05 PM - INFO - Step   54: train/reward_loss = 0.044883
10:44:05 PM - INFO - Step   54: train/value_loss = 1.578691
10:44:05 PM - INFO - Step   54: total_loss = 2.302378
10:44:06 PM - INFO - Episode 309: Reward=  10.0, Length= 10, Loss=2.3024, Memory=15.45
10:44:06 PM - INFO - Episode 310: Reward=  10.0, Length= 10, Loss=2.3024, Memory=15.50
10:44:06 PM - INFO - Step   55: train/policy_loss = 0.676229
10:44:06 PM - INFO - Step   55: train/reward_loss = 0.037549
10:44:06 PM - INFO - Step   55: train/value_loss = 1.085644
10:44:06 PM - INFO - Step   55: total_loss = 1.799423
10:44:07 PM - INFO - Episode 311: Reward=   9.0, Length=  9, Loss=1.7994, Memory=15.55
10:44:08 PM - INFO - Episode 312: Reward=  10.0, Length= 10, Loss=1.7994, Memory=15.60
10:44:08 PM - INFO - Step   56: train/policy_loss = 0.678323
10:44:08 PM - INFO - Step   56: train/reward_loss = 0.034234
10:44:08 PM - INFO - Step   56: train/value_loss = 1.419654
10:44:08 PM - INFO - Step   56: total_loss = 2.132211
10:44:08 PM - INFO - Episode 313: Reward=   9.0, Length=  9, Loss=2.1322, Memory=15.65
10:44:09 PM - INFO - Episode 314: Reward=  10.0, Length= 10, Loss=2.1322, Memory=15.70
10:44:09 PM - INFO - Step   57: train/policy_loss = 0.681368
10:44:09 PM - INFO - Step   57: train/reward_loss = 0.036423
10:44:09 PM - INFO - Step   57: train/value_loss = 1.316928
10:44:09 PM - INFO - Step   57: total_loss = 2.034719
10:44:10 PM - INFO - Episode 315: Reward=   8.0, Length=  8, Loss=2.0347, Memory=15.75
10:44:10 PM - INFO - Episode 316: Reward=   9.0, Length=  9, Loss=2.0347, Memory=15.80
10:44:11 PM - INFO - Step   58: train/policy_loss = 0.665893
10:44:11 PM - INFO - Step   58: train/reward_loss = 0.039330
10:44:11 PM - INFO - Step   58: train/value_loss = 1.389779
10:44:11 PM - INFO - Step   58: total_loss = 2.095001
10:44:11 PM - INFO - Episode 317: Reward=  10.0, Length= 10, Loss=2.0950, Memory=15.85
10:44:12 PM - INFO - Episode 318: Reward=  10.0, Length= 10, Loss=2.0950, Memory=15.90
10:44:12 PM - INFO - Step   59: train/policy_loss = 0.674591
10:44:12 PM - INFO - Step   59: train/reward_loss = 0.035697
10:44:12 PM - INFO - Step   59: train/value_loss = 1.363600
10:44:12 PM - INFO - Step   59: total_loss = 2.073887
10:44:13 PM - INFO - Episode 319: Reward=  10.0, Length= 10, Loss=2.0739, Memory=15.95
10:44:13 PM - INFO - Episode 320: Reward=   9.0, Length=  9, Loss=2.0739, Memory=16.00
10:44:14 PM - INFO - Step   60: train/policy_loss = 0.678335
10:44:14 PM - INFO - Step   60: train/reward_loss = 0.030420
10:44:14 PM - INFO - Step   60: train/value_loss = 1.449123
10:44:14 PM - INFO - Step   60: total_loss = 2.157878
10:44:14 PM - INFO - Episode 321: Reward=   9.0, Length=  9, Loss=2.1579, Memory=16.05
10:44:14 PM - INFO - Progress: 16.0% | 1.32 it/s | ETA: 21:14
10:44:15 PM - INFO - Episode 322: Reward=   8.0, Length=  8, Loss=2.1579, Memory=16.10
10:44:15 PM - INFO - Step   61: train/policy_loss = 0.675983
10:44:15 PM - INFO - Step   61: train/reward_loss = 0.024404
10:44:15 PM - INFO - Step   61: train/value_loss = 1.707033
10:44:15 PM - INFO - Step   61: total_loss = 2.407420
10:44:16 PM - INFO - Episode 323: Reward=  10.0, Length= 10, Loss=2.4074, Memory=16.15
10:44:16 PM - INFO - Episode 324: Reward=   9.0, Length=  9, Loss=2.4074, Memory=16.20
10:44:17 PM - INFO - Step   62: train/policy_loss = 0.677186
10:44:17 PM - INFO - Step   62: train/reward_loss = 0.022839
10:44:17 PM - INFO - Step   62: train/value_loss = 1.937508
10:44:17 PM - INFO - Step   62: total_loss = 2.637533
10:44:19 PM - INFO - Episode 325: Reward=  37.0, Length= 37, Loss=2.6375, Memory=16.25
10:44:20 PM - INFO - Episode 326: Reward=   9.0, Length=  9, Loss=2.6375, Memory=16.30
10:44:20 PM - INFO - Step   63: train/policy_loss = 0.648718
10:44:20 PM - INFO - Step   63: train/reward_loss = 0.023132
10:44:20 PM - INFO - Step   63: train/value_loss = 1.882600
10:44:20 PM - INFO - Step   63: total_loss = 2.554450
10:44:21 PM - INFO - Episode 327: Reward=  16.0, Length= 16, Loss=2.5544, Memory=16.35
10:44:22 PM - INFO - Episode 328: Reward=  22.0, Length= 22, Loss=2.5544, Memory=16.40
10:44:22 PM - INFO - Step   64: train/policy_loss = 0.654129
10:44:22 PM - INFO - Step   64: train/reward_loss = 0.022470
10:44:22 PM - INFO - Step   64: train/value_loss = 1.248322
10:44:22 PM - INFO - Step   64: total_loss = 1.924921
10:44:23 PM - INFO - Episode 329: Reward=  10.0, Length= 10, Loss=1.9249, Memory=16.45
10:44:24 PM - INFO - Episode 330: Reward=  12.0, Length= 12, Loss=1.9249, Memory=16.50
10:44:24 PM - INFO - Step   65: train/policy_loss = 0.665858
10:44:24 PM - INFO - Step   65: train/reward_loss = 0.024364
10:44:24 PM - INFO - Step   65: train/value_loss = 1.432127
10:44:24 PM - INFO - Step   65: total_loss = 2.122349
10:44:29 PM - INFO - Episode 331: Reward=  73.0, Length= 73, Loss=2.1223, Memory=16.55
10:44:30 PM - INFO - Episode 332: Reward=  25.0, Length= 25, Loss=2.1223, Memory=16.60
10:44:30 PM - INFO - Step   66: train/policy_loss = 0.661158
10:44:30 PM - INFO - Step   66: train/reward_loss = 0.023021
10:44:30 PM - INFO - Step   66: train/value_loss = 1.449519
10:44:30 PM - INFO - Step   66: total_loss = 2.133698
10:44:31 PM - INFO - Episode 333: Reward=  10.0, Length= 10, Loss=2.1337, Memory=16.65
10:44:32 PM - INFO - Episode 334: Reward=  15.0, Length= 15, Loss=2.1337, Memory=16.70
10:44:32 PM - INFO - Step   67: train/policy_loss = 0.658086
10:44:32 PM - INFO - Step   67: train/reward_loss = 0.019655
10:44:32 PM - INFO - Step   67: train/value_loss = 1.450201
10:44:32 PM - INFO - Step   67: total_loss = 2.127943
10:44:39 PM - INFO - Episode 335: Reward= 108.0, Length=108, Loss=2.1279, Memory=16.75
10:44:39 PM - INFO - Episode 336: Reward=  10.0, Length= 10, Loss=2.1279, Memory=16.80
10:44:40 PM - INFO - Step   68: train/policy_loss = 0.650921
10:44:40 PM - INFO - Step   68: train/reward_loss = 0.023135
10:44:40 PM - INFO - Step   68: train/value_loss = 1.144775
10:44:40 PM - INFO - Step   68: total_loss = 1.818831
10:44:48 PM - INFO - Episode 337: Reward= 131.0, Length=131, Loss=1.8188, Memory=16.85
10:44:50 PM - INFO - Episode 338: Reward=  42.0, Length= 42, Loss=1.8188, Memory=16.90
10:44:50 PM - INFO - Step   69: train/policy_loss = 0.659646
10:44:50 PM - INFO - Step   69: train/reward_loss = 0.021353
10:44:50 PM - INFO - Step   69: train/value_loss = 1.230097
10:44:50 PM - INFO - Step   69: total_loss = 1.911096
10:45:04 PM - INFO - Episode 339: Reward= 228.0, Length=228, Loss=1.9111, Memory=16.95
10:45:05 PM - INFO - Episode 340: Reward=  10.0, Length= 10, Loss=1.9111, Memory=17.00
10:45:05 PM - INFO - Step   70: train/policy_loss = 0.663498
10:45:05 PM - INFO - Step   70: train/reward_loss = 0.025646
10:45:05 PM - INFO - Step   70: train/value_loss = 1.455730
10:45:05 PM - INFO - Step   70: total_loss = 2.144874
10:45:06 PM - INFO - Episode 341: Reward=  11.0, Length= 11, Loss=2.1449, Memory=17.05
10:45:06 PM - INFO - Progress: 17.0% | 0.20 it/s | ETA: 2:18:04
10:45:11 PM - INFO - Episode 342: Reward=  83.0, Length= 83, Loss=2.1449, Memory=17.10
10:45:11 PM - INFO - Step   71: train/policy_loss = 0.658396
10:45:11 PM - INFO - Step   71: train/reward_loss = 0.025848
10:45:11 PM - INFO - Step   71: train/value_loss = 1.083509
10:45:11 PM - INFO - Step   71: total_loss = 1.767753
10:45:12 PM - INFO - Episode 343: Reward=  10.0, Length= 10, Loss=1.7678, Memory=17.15
10:45:13 PM - INFO - Episode 344: Reward=  10.0, Length= 10, Loss=1.7678, Memory=17.20
10:45:13 PM - INFO - Step   72: train/policy_loss = 0.663041
10:45:13 PM - INFO - Step   72: train/reward_loss = 0.023100
10:45:13 PM - INFO - Step   72: train/value_loss = 1.364262
10:45:13 PM - INFO - Step   72: total_loss = 2.050402
10:45:14 PM - INFO - Episode 345: Reward=  11.0, Length= 11, Loss=2.0504, Memory=17.25
10:45:14 PM - INFO - Episode 346: Reward=  10.0, Length= 10, Loss=2.0504, Memory=17.30
10:45:15 PM - INFO - Step   73: train/policy_loss = 0.647984
10:45:15 PM - INFO - Step   73: train/reward_loss = 0.026400
10:45:15 PM - INFO - Step   73: train/value_loss = 1.424290
10:45:15 PM - INFO - Step   73: total_loss = 2.098674
10:45:15 PM - INFO - Episode 347: Reward=  10.0, Length= 10, Loss=2.0987, Memory=17.35
10:45:16 PM - INFO - Episode 348: Reward=  10.0, Length= 10, Loss=2.0987, Memory=17.40
10:45:16 PM - INFO - Step   74: train/policy_loss = 0.647110
10:45:16 PM - INFO - Step   74: train/reward_loss = 0.025107
10:45:16 PM - INFO - Step   74: train/value_loss = 1.263641
10:45:16 PM - INFO - Step   74: total_loss = 1.935858
10:45:17 PM - INFO - Episode 349: Reward=  10.0, Length= 10, Loss=1.9359, Memory=17.45
10:45:17 PM - INFO - Episode 350: Reward=  10.0, Length= 10, Loss=1.9359, Memory=17.50
10:45:18 PM - INFO - Step   75: train/policy_loss = 0.646282
10:45:18 PM - INFO - Step   75: train/reward_loss = 0.020043
10:45:18 PM - INFO - Step   75: train/value_loss = 1.139269
10:45:18 PM - INFO - Step   75: total_loss = 1.805594
10:45:18 PM - INFO - Checkpoint saved to checkpoints/CartPole-v1/20250726_223945/episode_00350.pkl
10:45:18 PM - INFO - Episode 351: Reward=  11.0, Length= 11, Loss=1.8056, Memory=17.55
10:45:19 PM - INFO - Episode 352: Reward=  10.0, Length= 10, Loss=1.8056, Memory=17.60
10:45:19 PM - INFO - Step   76: train/policy_loss = 0.661203
10:45:19 PM - INFO - Step   76: train/reward_loss = 0.020973
10:45:19 PM - INFO - Step   76: train/value_loss = 1.168895
10:45:19 PM - INFO - Step   76: total_loss = 1.851071
10:45:21 PM - INFO - Episode 353: Reward=  24.0, Length= 24, Loss=1.8511, Memory=17.65
10:45:28 PM - INFO - Episode 354: Reward= 125.0, Length=125, Loss=1.8511, Memory=17.70
10:45:29 PM - INFO - Step   77: train/policy_loss = 0.645353
10:45:29 PM - INFO - Step   77: train/reward_loss = 0.021404
10:45:29 PM - INFO - Step   77: train/value_loss = 1.259148
10:45:29 PM - INFO - Step   77: total_loss = 1.925905
10:45:29 PM - INFO - Episode 355: Reward=  10.0, Length= 10, Loss=1.9259, Memory=17.75
10:45:30 PM - INFO - Episode 356: Reward=  10.0, Length= 10, Loss=1.9259, Memory=17.80
10:45:30 PM - INFO - Step   78: train/policy_loss = 0.652657
10:45:30 PM - INFO - Step   78: train/reward_loss = 0.026072
10:45:30 PM - INFO - Step   78: train/value_loss = 1.259167
10:45:30 PM - INFO - Step   78: total_loss = 1.937896
10:45:31 PM - INFO - Episode 357: Reward=   9.0, Length=  9, Loss=1.9379, Memory=17.85
10:45:34 PM - INFO - Episode 358: Reward=  46.0, Length= 46, Loss=1.9379, Memory=17.90
10:45:34 PM - INFO - Step   79: train/policy_loss = 0.648246
10:45:34 PM - INFO - Step   79: train/reward_loss = 0.028443
10:45:34 PM - INFO - Step   79: train/value_loss = 1.243101
10:45:34 PM - INFO - Step   79: total_loss = 1.919790
10:45:34 PM - INFO - Episode 359: Reward=   9.0, Length=  9, Loss=1.9198, Memory=17.95
10:45:35 PM - INFO - Episode 360: Reward=  10.0, Length= 10, Loss=1.9198, Memory=18.00
10:45:35 PM - INFO - Step   80: train/policy_loss = 0.654076
10:45:35 PM - INFO - Step   80: train/reward_loss = 0.021374
10:45:35 PM - INFO - Step   80: train/value_loss = 1.276375
10:45:35 PM - INFO - Step   80: total_loss = 1.951826
10:45:36 PM - INFO - Episode 361: Reward=  10.0, Length= 10, Loss=1.9518, Memory=18.05
10:45:36 PM - INFO - Progress: 18.0% | 0.72 it/s | ETA: 37:49
10:45:37 PM - INFO - Episode 362: Reward=  19.0, Length= 19, Loss=1.9518, Memory=18.10
10:45:37 PM - INFO - Step   81: train/policy_loss = 0.614684
10:45:37 PM - INFO - Step   81: train/reward_loss = 0.019002
10:45:37 PM - INFO - Step   81: train/value_loss = 1.434296
10:45:37 PM - INFO - Step   81: total_loss = 2.067982
10:45:38 PM - INFO - Episode 363: Reward=  10.0, Length= 10, Loss=2.0680, Memory=18.15
10:45:39 PM - INFO - Episode 364: Reward=  11.0, Length= 11, Loss=2.0680, Memory=18.20
10:45:39 PM - INFO - Step   82: train/policy_loss = 0.628685
10:45:39 PM - INFO - Step   82: train/reward_loss = 0.018725
10:45:39 PM - INFO - Step   82: train/value_loss = 1.413791
10:45:39 PM - INFO - Step   82: total_loss = 2.061202
10:45:40 PM - INFO - Episode 365: Reward=   9.0, Length=  9, Loss=2.0612, Memory=18.25
10:45:41 PM - INFO - Episode 366: Reward=  15.0, Length= 15, Loss=2.0612, Memory=18.30
10:45:41 PM - INFO - Step   83: train/policy_loss = 0.612644
10:45:41 PM - INFO - Step   83: train/reward_loss = 0.012324
10:45:41 PM - INFO - Step   83: train/value_loss = 0.938500
10:45:41 PM - INFO - Step   83: total_loss = 1.563468
10:45:53 PM - INFO - Episode 367: Reward= 201.0, Length=201, Loss=1.5635, Memory=18.35
10:46:24 PM - INFO - Episode 368: Reward= 500.0, Length=500, Loss=1.5635, Memory=18.40
10:46:24 PM - INFO - Step   84: train/policy_loss = 0.631320
10:46:24 PM - INFO - Step   84: train/reward_loss = 0.019816
10:46:24 PM - INFO - Step   84: train/value_loss = 1.240937
10:46:24 PM - INFO - Step   84: total_loss = 1.892073
10:46:32 PM - INFO - Episode 369: Reward= 136.0, Length=136, Loss=1.8921, Memory=18.45
10:46:34 PM - INFO - Episode 370: Reward=  25.0, Length= 25, Loss=1.8921, Memory=18.50
10:46:34 PM - INFO - Step   85: train/policy_loss = 0.656467
10:46:34 PM - INFO - Step   85: train/reward_loss = 0.020049
10:46:34 PM - INFO - Step   85: train/value_loss = 1.030144
10:46:34 PM - INFO - Step   85: total_loss = 1.706659
10:46:35 PM - INFO - Episode 371: Reward=  14.0, Length= 14, Loss=1.7067, Memory=18.55
10:46:36 PM - INFO - Episode 372: Reward=  12.0, Length= 12, Loss=1.7067, Memory=18.60
10:46:36 PM - INFO - Step   86: train/policy_loss = 0.663170
10:46:36 PM - INFO - Step   86: train/reward_loss = 0.017085
10:46:36 PM - INFO - Step   86: train/value_loss = 1.139031
10:46:36 PM - INFO - Step   86: total_loss = 1.819286
10:46:37 PM - INFO - Episode 373: Reward=  17.0, Length= 17, Loss=1.8193, Memory=18.65
10:46:38 PM - INFO - Episode 374: Reward=  10.0, Length= 10, Loss=1.8193, Memory=18.70
10:46:38 PM - INFO - Step   87: train/policy_loss = 0.650053
10:46:38 PM - INFO - Step   87: train/reward_loss = 0.019339
10:46:38 PM - INFO - Step   87: train/value_loss = 1.013043
10:46:38 PM - INFO - Step   87: total_loss = 1.682435
10:46:39 PM - INFO - Episode 375: Reward=  10.0, Length= 10, Loss=1.6824, Memory=18.75
10:46:40 PM - INFO - Episode 376: Reward=  21.0, Length= 21, Loss=1.6824, Memory=18.80
10:46:41 PM - INFO - Step   88: train/policy_loss = 0.626113
10:46:41 PM - INFO - Step   88: train/reward_loss = 0.023197
10:46:41 PM - INFO - Step   88: train/value_loss = 1.044598
10:46:41 PM - INFO - Step   88: total_loss = 1.693908
10:46:41 PM - INFO - Episode 377: Reward=  11.0, Length= 11, Loss=1.6939, Memory=18.85
10:46:42 PM - INFO - Episode 378: Reward=  17.0, Length= 17, Loss=1.6939, Memory=18.90
10:46:43 PM - INFO - Step   89: train/policy_loss = 0.638199
10:46:43 PM - INFO - Step   89: train/reward_loss = 0.020013
10:46:43 PM - INFO - Step   89: train/value_loss = 0.929893
10:46:43 PM - INFO - Step   89: total_loss = 1.588105
10:46:43 PM - INFO - Episode 379: Reward=  10.0, Length= 10, Loss=1.5881, Memory=18.95
10:46:44 PM - INFO - Episode 380: Reward=  14.0, Length= 14, Loss=1.5881, Memory=19.00
10:46:44 PM - INFO - Step   90: train/policy_loss = 0.625333
10:46:44 PM - INFO - Step   90: train/reward_loss = 0.018177
10:46:44 PM - INFO - Step   90: train/value_loss = 1.238804
10:46:44 PM - INFO - Step   90: total_loss = 1.882313
10:46:45 PM - INFO - Episode 381: Reward=  10.0, Length= 10, Loss=1.8823, Memory=19.05
10:46:45 PM - INFO - Progress: 19.0% | 0.81 it/s | ETA: 33:22
10:46:46 PM - INFO - Episode 382: Reward=  10.0, Length= 10, Loss=1.8823, Memory=19.10
10:46:46 PM - INFO - Step   91: train/policy_loss = 0.643158
10:46:46 PM - INFO - Step   91: train/reward_loss = 0.018329
10:46:46 PM - INFO - Step   91: train/value_loss = 1.017655
10:46:46 PM - INFO - Step   91: total_loss = 1.679142
10:46:51 PM - INFO - Episode 383: Reward=  83.0, Length= 83, Loss=1.6791, Memory=19.15
10:46:52 PM - INFO - Episode 384: Reward=  10.0, Length= 10, Loss=1.6791, Memory=19.20
10:46:52 PM - INFO - Step   92: train/policy_loss = 0.650490
10:46:52 PM - INFO - Step   92: train/reward_loss = 0.017002
10:46:52 PM - INFO - Step   92: train/value_loss = 1.170606
10:46:52 PM - INFO - Step   92: total_loss = 1.838099
10:46:53 PM - INFO - Episode 385: Reward=  10.0, Length= 10, Loss=1.8381, Memory=19.25
10:47:23 PM - INFO - Episode 386: Reward= 500.0, Length=500, Loss=1.8381, Memory=19.30
10:47:24 PM - INFO - Step   93: train/policy_loss = 0.628632
10:47:24 PM - INFO - Step   93: train/reward_loss = 0.014489
10:47:24 PM - INFO - Step   93: train/value_loss = 1.018440
10:47:24 PM - INFO - Step   93: total_loss = 1.661562
10:47:34 PM - INFO - Episode 387: Reward= 165.0, Length=165, Loss=1.6616, Memory=19.35
10:47:35 PM - INFO - Episode 388: Reward=  10.0, Length= 10, Loss=1.6616, Memory=19.40
10:47:35 PM - INFO - Step   94: train/policy_loss = 0.640453
10:47:35 PM - INFO - Step   94: train/reward_loss = 0.012611
10:47:35 PM - INFO - Step   94: train/value_loss = 0.960121
10:47:35 PM - INFO - Step   94: total_loss = 1.613184
10:47:35 PM - INFO - Episode 389: Reward=  11.0, Length= 11, Loss=1.6132, Memory=19.45
10:47:38 PM - INFO - Episode 390: Reward=  46.0, Length= 46, Loss=1.6132, Memory=19.50
10:47:39 PM - INFO - Step   95: train/policy_loss = 0.640470
10:47:39 PM - INFO - Step   95: train/reward_loss = 0.013221
10:47:39 PM - INFO - Step   95: train/value_loss = 1.216416
10:47:39 PM - INFO - Step   95: total_loss = 1.870107
10:47:39 PM - INFO - Episode 391: Reward=  10.0, Length= 10, Loss=1.8701, Memory=19.55
10:47:40 PM - INFO - Episode 392: Reward=  10.0, Length= 10, Loss=1.8701, Memory=19.60
10:47:40 PM - INFO - Step   96: train/policy_loss = 0.622315
10:47:40 PM - INFO - Step   96: train/reward_loss = 0.011179
10:47:40 PM - INFO - Step   96: train/value_loss = 0.970894
10:47:40 PM - INFO - Step   96: total_loss = 1.604388
10:47:47 PM - INFO - Episode 393: Reward= 117.0, Length=117, Loss=1.6044, Memory=19.65
10:47:48 PM - INFO - Episode 394: Reward=  10.0, Length= 10, Loss=1.6044, Memory=19.70
10:47:48 PM - INFO - Step   97: train/policy_loss = 0.635678
10:47:48 PM - INFO - Step   97: train/reward_loss = 0.012570
10:47:48 PM - INFO - Step   97: train/value_loss = 1.268148
10:47:48 PM - INFO - Step   97: total_loss = 1.916395
10:47:49 PM - INFO - Episode 395: Reward=  10.0, Length= 10, Loss=1.9164, Memory=19.75
10:47:50 PM - INFO - Episode 396: Reward=  11.0, Length= 11, Loss=1.9164, Memory=19.80
10:47:50 PM - INFO - Step   98: train/policy_loss = 0.662100
10:47:50 PM - INFO - Step   98: train/reward_loss = 0.010467
10:47:50 PM - INFO - Step   98: train/value_loss = 1.149200
10:47:50 PM - INFO - Step   98: total_loss = 1.821768
10:47:51 PM - INFO - Episode 397: Reward=   9.0, Length=  9, Loss=1.8218, Memory=19.85
10:47:51 PM - INFO - Episode 398: Reward=   9.0, Length=  9, Loss=1.8218, Memory=19.90
10:47:51 PM - INFO - Step   99: train/policy_loss = 0.650746
10:47:51 PM - INFO - Step   99: train/reward_loss = 0.012359
10:47:51 PM - INFO - Step   99: train/value_loss = 1.309301
10:47:51 PM - INFO - Step   99: total_loss = 1.972407
10:47:52 PM - INFO - Episode 399: Reward=  15.0, Length= 15, Loss=1.9724, Memory=19.95
10:47:53 PM - INFO - Episode 400: Reward=  10.0, Length= 10, Loss=1.9724, Memory=20.00
10:47:53 PM - INFO - Step  100: train/policy_loss = 0.631870
10:47:53 PM - INFO - Step  100: train/reward_loss = 0.009959
10:47:53 PM - INFO - Step  100: train/value_loss = 0.940875
10:47:53 PM - INFO - Step  100: total_loss = 1.582704
10:47:53 PM - INFO - Checkpoint saved to checkpoints/CartPole-v1/20250726_223945/episode_00400.pkl
10:47:55 PM - INFO - Episode 401: Reward=  27.0, Length= 27, Loss=1.5827, Memory=20.05
10:47:55 PM - INFO - Progress: 20.0% | 0.87 it/s | ETA: 30:37
10:47:56 PM - INFO - Episode 402: Reward=  10.0, Length= 10, Loss=1.5827, Memory=20.10
10:47:56 PM - INFO - Step  101: train/policy_loss = 0.657228
10:47:56 PM - INFO - Step  101: train/reward_loss = 0.012123
10:47:56 PM - INFO - Step  101: train/value_loss = 1.112723
10:47:56 PM - INFO - Step  101: total_loss = 1.782073
10:47:57 PM - INFO - Episode 403: Reward=  10.0, Length= 10, Loss=1.7821, Memory=20.15
10:47:59 PM - INFO - Episode 404: Reward=  29.0, Length= 29, Loss=1.7821, Memory=20.20
10:47:59 PM - INFO - Step  102: train/policy_loss = 0.624990
10:47:59 PM - INFO - Step  102: train/reward_loss = 0.011354
10:47:59 PM - INFO - Step  102: train/value_loss = 1.143434
10:47:59 PM - INFO - Step  102: total_loss = 1.779777
10:48:01 PM - INFO - Episode 405: Reward=  31.0, Length= 31, Loss=1.7798, Memory=20.25
10:48:02 PM - INFO - Episode 406: Reward=  16.0, Length= 16, Loss=1.7798, Memory=20.30
10:48:02 PM - INFO - Step  103: train/policy_loss = 0.625535
10:48:02 PM - INFO - Step  103: train/reward_loss = 0.011925
10:48:02 PM - INFO - Step  103: train/value_loss = 1.311865
10:48:02 PM - INFO - Step  103: total_loss = 1.949326
10:48:05 PM - INFO - Episode 407: Reward=  40.0, Length= 40, Loss=1.9493, Memory=20.35
10:48:06 PM - INFO - Episode 408: Reward=  13.0, Length= 13, Loss=1.9493, Memory=20.40
10:48:06 PM - INFO - Step  104: train/policy_loss = 0.642339
10:48:06 PM - INFO - Step  104: train/reward_loss = 0.011381
10:48:06 PM - INFO - Step  104: train/value_loss = 1.206768
10:48:06 PM - INFO - Step  104: total_loss = 1.860488
10:48:06 PM - INFO - Episode 409: Reward=  10.0, Length= 10, Loss=1.8605, Memory=20.45
10:48:07 PM - INFO - Episode 410: Reward=  10.0, Length= 10, Loss=1.8605, Memory=20.50
10:48:07 PM - INFO - Step  105: train/policy_loss = 0.633582
10:48:07 PM - INFO - Step  105: train/reward_loss = 0.011699
10:48:07 PM - INFO - Step  105: train/value_loss = 1.410755
10:48:07 PM - INFO - Step  105: total_loss = 2.056036
10:48:09 PM - INFO - Episode 411: Reward=  27.0, Length= 27, Loss=2.0560, Memory=20.55
10:48:10 PM - INFO - Episode 412: Reward=  10.0, Length= 10, Loss=2.0560, Memory=20.60
10:48:10 PM - INFO - Step  106: train/policy_loss = 0.636184
10:48:10 PM - INFO - Step  106: train/reward_loss = 0.009746
10:48:10 PM - INFO - Step  106: train/value_loss = 0.911875
10:48:10 PM - INFO - Step  106: total_loss = 1.557805
10:48:11 PM - INFO - Episode 413: Reward=  16.0, Length= 16, Loss=1.5578, Memory=20.65
10:48:12 PM - INFO - Episode 414: Reward=  23.0, Length= 23, Loss=1.5578, Memory=20.70
10:48:13 PM - INFO - Step  107: train/policy_loss = 0.650826
10:48:13 PM - INFO - Step  107: train/reward_loss = 0.011768
10:48:13 PM - INFO - Step  107: train/value_loss = 1.064452
10:48:13 PM - INFO - Step  107: total_loss = 1.727046
10:48:14 PM - INFO - Episode 415: Reward=  21.0, Length= 21, Loss=1.7270, Memory=20.75
10:48:15 PM - INFO - Episode 416: Reward=  10.0, Length= 10, Loss=1.7270, Memory=20.80
10:48:15 PM - INFO - Step  108: train/policy_loss = 0.618579
10:48:15 PM - INFO - Step  108: train/reward_loss = 0.007988
10:48:15 PM - INFO - Step  108: train/value_loss = 0.913353
10:48:15 PM - INFO - Step  108: total_loss = 1.539921
10:48:16 PM - INFO - Episode 417: Reward=  10.0, Length= 10, Loss=1.5399, Memory=20.85
10:48:16 PM - INFO - Episode 418: Reward=  10.0, Length= 10, Loss=1.5399, Memory=20.90
10:48:17 PM - INFO - Step  109: train/policy_loss = 0.628649
10:48:17 PM - INFO - Step  109: train/reward_loss = 0.008511
10:48:17 PM - INFO - Step  109: train/value_loss = 1.327692
10:48:17 PM - INFO - Step  109: total_loss = 1.964852
10:48:17 PM - INFO - Episode 419: Reward=  10.0, Length= 10, Loss=1.9649, Memory=20.95
10:48:21 PM - INFO - Episode 420: Reward=  56.0, Length= 56, Loss=1.9649, Memory=21.00
10:48:21 PM - INFO - Step  110: train/policy_loss = 0.624274
10:48:21 PM - INFO - Step  110: train/reward_loss = 0.008357
10:48:21 PM - INFO - Step  110: train/value_loss = 1.133244
10:48:21 PM - INFO - Step  110: total_loss = 1.765875
10:48:26 PM - INFO - Episode 421: Reward=  73.0, Length= 73, Loss=1.7659, Memory=21.05
10:48:26 PM - INFO - Progress: 21.0% | 0.57 it/s | ETA: 46:13
10:48:26 PM - INFO - Episode 422: Reward=  10.0, Length= 10, Loss=1.7659, Memory=21.10
10:48:26 PM - INFO - Step  111: train/policy_loss = 0.612909
10:48:26 PM - INFO - Step  111: train/reward_loss = 0.008687
10:48:26 PM - INFO - Step  111: train/value_loss = 1.043190
10:48:26 PM - INFO - Step  111: total_loss = 1.664786
10:48:30 PM - INFO - Episode 423: Reward=  57.0, Length= 57, Loss=1.6648, Memory=21.15
10:48:34 PM - INFO - Episode 424: Reward=  58.0, Length= 58, Loss=1.6648, Memory=21.20
10:48:34 PM - INFO - Step  112: train/policy_loss = 0.619589
10:48:34 PM - INFO - Step  112: train/reward_loss = 0.008640
10:48:34 PM - INFO - Step  112: train/value_loss = 1.055979
10:48:34 PM - INFO - Step  112: total_loss = 1.684208
10:48:35 PM - INFO - Episode 425: Reward=  10.0, Length= 10, Loss=1.6842, Memory=21.25
10:48:35 PM - INFO - Episode 426: Reward=  10.0, Length= 10, Loss=1.6842, Memory=21.30
10:48:36 PM - INFO - Step  113: train/policy_loss = 0.621688
10:48:36 PM - INFO - Step  113: train/reward_loss = 0.010938
10:48:36 PM - INFO - Step  113: train/value_loss = 1.059980
10:48:36 PM - INFO - Step  113: total_loss = 1.692605
10:48:37 PM - INFO - Episode 427: Reward=  26.0, Length= 26, Loss=1.6926, Memory=21.35
10:48:41 PM - INFO - Episode 428: Reward=  65.0, Length= 65, Loss=1.6926, Memory=21.40
10:48:41 PM - INFO - Step  114: train/policy_loss = 0.617618
10:48:41 PM - INFO - Step  114: train/reward_loss = 0.009657
10:48:41 PM - INFO - Step  114: train/value_loss = 1.249409
10:48:41 PM - INFO - Step  114: total_loss = 1.876685
10:48:43 PM - INFO - Episode 429: Reward=  23.0, Length= 23, Loss=1.8767, Memory=21.45
10:48:44 PM - INFO - Episode 430: Reward=  10.0, Length= 10, Loss=1.8767, Memory=21.50
10:48:44 PM - INFO - Step  115: train/policy_loss = 0.613034
10:48:44 PM - INFO - Step  115: train/reward_loss = 0.007692
10:48:44 PM - INFO - Step  115: train/value_loss = 1.045687
10:48:44 PM - INFO - Step  115: total_loss = 1.666413
10:48:45 PM - INFO - Episode 431: Reward=  19.0, Length= 19, Loss=1.6664, Memory=21.55
10:48:46 PM - INFO - Episode 432: Reward=  14.0, Length= 14, Loss=1.6664, Memory=21.60
10:48:46 PM - INFO - Step  116: train/policy_loss = 0.619544
10:48:46 PM - INFO - Step  116: train/reward_loss = 0.009358
10:48:46 PM - INFO - Step  116: train/value_loss = 0.917125
10:48:46 PM - INFO - Step  116: total_loss = 1.546027
10:48:47 PM - INFO - Episode 433: Reward=   9.0, Length=  9, Loss=1.5460, Memory=21.65
10:48:48 PM - INFO - Episode 434: Reward=  19.0, Length= 19, Loss=1.5460, Memory=21.70
10:48:48 PM - INFO - Step  117: train/policy_loss = 0.622324
10:48:48 PM - INFO - Step  117: train/reward_loss = 0.009680
10:48:48 PM - INFO - Step  117: train/value_loss = 1.163032
10:48:48 PM - INFO - Step  117: total_loss = 1.795036
10:48:49 PM - INFO - Episode 435: Reward=   9.0, Length=  9, Loss=1.7950, Memory=21.75
10:48:50 PM - INFO - Episode 436: Reward=  12.0, Length= 12, Loss=1.7950, Memory=21.80
10:48:50 PM - INFO - Step  118: train/policy_loss = 0.630120
10:48:50 PM - INFO - Step  118: train/reward_loss = 0.009109
10:48:50 PM - INFO - Step  118: train/value_loss = 1.100834
10:48:50 PM - INFO - Step  118: total_loss = 1.740062
10:48:51 PM - INFO - Episode 437: Reward=  10.0, Length= 10, Loss=1.7401, Memory=21.85
10:48:52 PM - INFO - Episode 438: Reward=  13.0, Length= 13, Loss=1.7401, Memory=21.90
10:48:52 PM - INFO - Step  119: train/policy_loss = 0.617243
10:48:52 PM - INFO - Step  119: train/reward_loss = 0.009202
10:48:52 PM - INFO - Step  119: train/value_loss = 0.940536
10:48:52 PM - INFO - Step  119: total_loss = 1.566981
10:48:53 PM - INFO - Episode 439: Reward=  15.0, Length= 15, Loss=1.5670, Memory=21.95
10:48:53 PM - INFO - Episode 440: Reward=   9.0, Length=  9, Loss=1.5670, Memory=22.00
10:48:54 PM - INFO - Step  120: train/policy_loss = 0.613453
10:48:54 PM - INFO - Step  120: train/reward_loss = 0.008105
10:48:54 PM - INFO - Step  120: train/value_loss = 1.069716
10:48:54 PM - INFO - Step  120: total_loss = 1.691274
10:48:55 PM - INFO - Episode 441: Reward=  14.0, Length= 14, Loss=1.6913, Memory=22.05
10:48:55 PM - INFO - Progress: 22.0% | 1.01 it/s | ETA: 25:37
10:48:57 PM - INFO - Episode 442: Reward=  34.0, Length= 34, Loss=1.6913, Memory=22.10
10:48:57 PM - INFO - Step  121: train/policy_loss = 0.617974
10:48:57 PM - INFO - Step  121: train/reward_loss = 0.006754
10:48:57 PM - INFO - Step  121: train/value_loss = 1.302118
10:48:57 PM - INFO - Step  121: total_loss = 1.926847
10:48:58 PM - INFO - Episode 443: Reward=  14.0, Length= 14, Loss=1.9268, Memory=22.15
10:48:59 PM - INFO - Episode 444: Reward=  10.0, Length= 10, Loss=1.9268, Memory=22.20
10:48:59 PM - INFO - Step  122: train/policy_loss = 0.622373
10:48:59 PM - INFO - Step  122: train/reward_loss = 0.007077
10:48:59 PM - INFO - Step  122: train/value_loss = 1.120371
10:48:59 PM - INFO - Step  122: total_loss = 1.749822
10:49:04 PM - INFO - Episode 445: Reward=  82.0, Length= 82, Loss=1.7498, Memory=22.25
10:49:30 PM - INFO - Episode 446: Reward= 428.0, Length=428, Loss=1.7498, Memory=22.30
10:49:30 PM - INFO - Step  123: train/policy_loss = 0.611479
10:49:30 PM - INFO - Step  123: train/reward_loss = 0.007145
10:49:30 PM - INFO - Step  123: train/value_loss = 1.265889
10:49:30 PM - INFO - Step  123: total_loss = 1.884512
10:49:32 PM - INFO - Episode 447: Reward=  25.0, Length= 25, Loss=1.8845, Memory=22.35
10:49:38 PM - INFO - Episode 448: Reward=  92.0, Length= 92, Loss=1.8845, Memory=22.40
10:49:38 PM - INFO - Step  124: train/policy_loss = 0.615441
10:49:38 PM - INFO - Step  124: train/reward_loss = 0.006980
10:49:38 PM - INFO - Step  124: train/value_loss = 1.183353
10:49:38 PM - INFO - Step  124: total_loss = 1.805774
10:49:39 PM - INFO - Episode 449: Reward=  10.0, Length= 10, Loss=1.8058, Memory=22.45
10:49:39 PM - INFO - Episode 450: Reward=  10.0, Length= 10, Loss=1.8058, Memory=22.50
10:49:39 PM - INFO - Step  125: train/policy_loss = 0.607116
10:49:39 PM - INFO - Step  125: train/reward_loss = 0.010291
10:49:39 PM - INFO - Step  125: train/value_loss = 1.106155
10:49:39 PM - INFO - Step  125: total_loss = 1.723562
10:49:39 PM - INFO - Checkpoint saved to checkpoints/CartPole-v1/20250726_223945/episode_00450.pkl
10:49:41 PM - INFO - Episode 451: Reward=  21.0, Length= 21, Loss=1.7236, Memory=22.55
10:49:42 PM - INFO - Episode 452: Reward=  10.0, Length= 10, Loss=1.7236, Memory=22.60
10:49:42 PM - INFO - Step  126: train/policy_loss = 0.622292
10:49:42 PM - INFO - Step  126: train/reward_loss = 0.007009
10:49:42 PM - INFO - Step  126: train/value_loss = 0.936882
10:49:42 PM - INFO - Step  126: total_loss = 1.566183
10:49:43 PM - INFO - Episode 453: Reward=  11.0, Length= 11, Loss=1.5662, Memory=22.65
10:49:43 PM - INFO - Episode 454: Reward=  10.0, Length= 10, Loss=1.5662, Memory=22.70
10:49:43 PM - INFO - Step  127: train/policy_loss = 0.593640
10:49:43 PM - INFO - Step  127: train/reward_loss = 0.008652
10:49:43 PM - INFO - Step  127: train/value_loss = 0.745566
10:49:43 PM - INFO - Step  127: total_loss = 1.347858
10:49:44 PM - INFO - Episode 455: Reward=  10.0, Length= 10, Loss=1.3479, Memory=22.75
10:49:45 PM - INFO - Episode 456: Reward=   9.0, Length=  9, Loss=1.3479, Memory=22.80
10:49:45 PM - INFO - Step  128: train/policy_loss = 0.617536
10:49:45 PM - INFO - Step  128: train/reward_loss = 0.009241
10:49:45 PM - INFO - Step  128: train/value_loss = 1.107405
10:49:45 PM - INFO - Step  128: total_loss = 1.734182
10:49:46 PM - INFO - Episode 457: Reward=  10.0, Length= 10, Loss=1.7342, Memory=22.85
10:49:46 PM - INFO - Episode 458: Reward=  10.0, Length= 10, Loss=1.7342, Memory=22.90
10:49:47 PM - INFO - Step  129: train/policy_loss = 0.571806
10:49:47 PM - INFO - Step  129: train/reward_loss = 0.007435
10:49:47 PM - INFO - Step  129: train/value_loss = 1.312412
10:49:47 PM - INFO - Step  129: total_loss = 1.891653
10:49:48 PM - INFO - Episode 459: Reward=  20.0, Length= 20, Loss=1.8917, Memory=22.95
10:49:49 PM - INFO - Episode 460: Reward=  20.0, Length= 20, Loss=1.8917, Memory=23.00
10:49:49 PM - INFO - Step  130: train/policy_loss = 0.614394
10:49:49 PM - INFO - Step  130: train/reward_loss = 0.009064
10:49:49 PM - INFO - Step  130: train/value_loss = 1.409941
10:49:49 PM - INFO - Step  130: total_loss = 2.033399
10:49:50 PM - INFO - Episode 461: Reward=  11.0, Length= 11, Loss=2.0334, Memory=23.05
10:49:50 PM - INFO - Progress: 23.0% | 0.82 it/s | ETA: 31:11
10:49:51 PM - INFO - Episode 462: Reward=  11.0, Length= 11, Loss=2.0334, Memory=23.10
10:49:51 PM - INFO - Step  131: train/policy_loss = 0.628664
10:49:51 PM - INFO - Step  131: train/reward_loss = 0.007997
10:49:51 PM - INFO - Step  131: train/value_loss = 1.183801
10:49:51 PM - INFO - Step  131: total_loss = 1.820462
10:49:53 PM - INFO - Episode 463: Reward=  35.0, Length= 35, Loss=1.8205, Memory=23.15
10:49:58 PM - INFO - Episode 464: Reward=  82.0, Length= 82, Loss=1.8205, Memory=23.20
10:49:59 PM - INFO - Step  132: train/policy_loss = 0.619642
10:49:59 PM - INFO - Step  132: train/reward_loss = 0.008854
10:49:59 PM - INFO - Step  132: train/value_loss = 1.771912
10:49:59 PM - INFO - Step  132: total_loss = 2.400409
10:50:00 PM - INFO - Episode 465: Reward=  18.0, Length= 18, Loss=2.4004, Memory=23.25
10:50:02 PM - INFO - Episode 466: Reward=  42.0, Length= 42, Loss=2.4004, Memory=23.30
10:50:03 PM - INFO - Step  133: train/policy_loss = 0.576074
10:50:03 PM - INFO - Step  133: train/reward_loss = 0.007609
10:50:03 PM - INFO - Step  133: train/value_loss = 0.807941
10:50:03 PM - INFO - Step  133: total_loss = 1.391624
10:50:03 PM - INFO - Episode 467: Reward=  10.0, Length= 10, Loss=1.3916, Memory=23.35
10:50:04 PM - INFO - Episode 468: Reward=  18.0, Length= 18, Loss=1.3916, Memory=23.40
10:50:05 PM - INFO - Step  134: train/policy_loss = 0.587267
10:50:05 PM - INFO - Step  134: train/reward_loss = 0.011142
10:50:05 PM - INFO - Step  134: train/value_loss = 1.375786
10:50:05 PM - INFO - Step  134: total_loss = 1.974196
10:50:06 PM - INFO - Episode 469: Reward=  19.0, Length= 19, Loss=1.9742, Memory=23.45
10:50:14 PM - INFO - Episode 470: Reward= 127.0, Length=127, Loss=1.9742, Memory=23.50
10:50:14 PM - INFO - Step  135: train/policy_loss = 0.614189
10:50:14 PM - INFO - Step  135: train/reward_loss = 0.007547
10:50:14 PM - INFO - Step  135: train/value_loss = 1.161224
10:50:14 PM - INFO - Step  135: total_loss = 1.782959
10:50:29 PM - INFO - Episode 471: Reward= 236.0, Length=236, Loss=1.7830, Memory=23.55
10:50:49 PM - INFO - Episode 472: Reward= 329.0, Length=329, Loss=1.7830, Memory=23.60
10:50:49 PM - INFO - Step  136: train/policy_loss = 0.595618
10:50:49 PM - INFO - Step  136: train/reward_loss = 0.010538
10:50:49 PM - INFO - Step  136: train/value_loss = 1.131993
10:50:49 PM - INFO - Step  136: total_loss = 1.738149
10:51:20 PM - INFO - Episode 473: Reward= 500.0, Length=500, Loss=1.7381, Memory=23.65
10:51:29 PM - INFO - Episode 474: Reward= 152.0, Length=152, Loss=1.7381, Memory=23.70
10:51:29 PM - INFO - Step  137: train/policy_loss = 0.585520
10:51:29 PM - INFO - Step  137: train/reward_loss = 0.008448
10:51:29 PM - INFO - Step  137: train/value_loss = 0.993796
10:51:29 PM - INFO - Step  137: total_loss = 1.587765
10:51:33 PM - INFO - Episode 475: Reward=  64.0, Length= 64, Loss=1.5878, Memory=23.75
10:51:34 PM - INFO - Episode 476: Reward=  12.0, Length= 12, Loss=1.5878, Memory=23.80
10:51:34 PM - INFO - Step  138: train/policy_loss = 0.593779
10:51:34 PM - INFO - Step  138: train/reward_loss = 0.009345
10:51:34 PM - INFO - Step  138: train/value_loss = 0.940987
10:51:34 PM - INFO - Step  138: total_loss = 1.544110
10:51:35 PM - INFO - Episode 477: Reward=  10.0, Length= 10, Loss=1.5441, Memory=23.85
10:51:37 PM - INFO - Episode 478: Reward=  31.0, Length= 31, Loss=1.5441, Memory=23.90
10:51:37 PM - INFO - Step  139: train/policy_loss = 0.613526
10:51:37 PM - INFO - Step  139: train/reward_loss = 0.010224
10:51:37 PM - INFO - Step  139: train/value_loss = 0.969617
10:51:37 PM - INFO - Step  139: total_loss = 1.593367
10:51:46 PM - INFO - Episode 479: Reward= 145.0, Length=145, Loss=1.5934, Memory=23.95
10:51:47 PM - INFO - Episode 480: Reward=  12.0, Length= 12, Loss=1.5934, Memory=24.00
10:51:47 PM - INFO - Step  140: train/policy_loss = 0.590498
10:51:47 PM - INFO - Step  140: train/reward_loss = 0.007104
10:51:47 PM - INFO - Step  140: train/value_loss = 1.164317
10:51:47 PM - INFO - Step  140: total_loss = 1.761920
10:51:48 PM - INFO - Episode 481: Reward=  10.0, Length= 10, Loss=1.7619, Memory=24.05
10:51:48 PM - INFO - Progress: 24.0% | 0.22 it/s | ETA: 1:55:49
10:51:49 PM - INFO - Episode 482: Reward=  21.0, Length= 21, Loss=1.7619, Memory=24.10
10:51:50 PM - INFO - Step  141: train/policy_loss = 0.606561
10:51:50 PM - INFO - Step  141: train/reward_loss = 0.010678
10:51:50 PM - INFO - Step  141: train/value_loss = 1.244615
10:51:50 PM - INFO - Step  141: total_loss = 1.861854
10:51:51 PM - INFO - Episode 483: Reward=  17.0, Length= 17, Loss=1.8619, Memory=24.15
10:51:51 PM - INFO - Episode 484: Reward=  11.0, Length= 11, Loss=1.8619, Memory=24.20
10:51:52 PM - INFO - Step  142: train/policy_loss = 0.585033
10:51:52 PM - INFO - Step  142: train/reward_loss = 0.007754
10:51:52 PM - INFO - Step  142: train/value_loss = 1.142901
10:51:52 PM - INFO - Step  142: total_loss = 1.735689
10:51:52 PM - INFO - Episode 485: Reward=  10.0, Length= 10, Loss=1.7357, Memory=24.25
10:51:54 PM - INFO - Episode 486: Reward=  27.0, Length= 27, Loss=1.7357, Memory=24.30
10:51:54 PM - INFO - Step  143: train/policy_loss = 0.592625
10:51:54 PM - INFO - Step  143: train/reward_loss = 0.007789
10:51:54 PM - INFO - Step  143: train/value_loss = 1.013549
10:51:54 PM - INFO - Step  143: total_loss = 1.613963
10:51:57 PM - INFO - Episode 487: Reward=  50.0, Length= 50, Loss=1.6140, Memory=24.35
10:51:58 PM - INFO - Episode 488: Reward=   9.0, Length=  9, Loss=1.6140, Memory=24.40
10:51:58 PM - INFO - Step  144: train/policy_loss = 0.606854
10:51:58 PM - INFO - Step  144: train/reward_loss = 0.006807
10:51:58 PM - INFO - Step  144: train/value_loss = 1.259061
10:51:58 PM - INFO - Step  144: total_loss = 1.872722
10:51:59 PM - INFO - Episode 489: Reward=  11.0, Length= 11, Loss=1.8727, Memory=24.45
10:52:00 PM - INFO - Episode 490: Reward=  10.0, Length= 10, Loss=1.8727, Memory=24.50
10:52:00 PM - INFO - Step  145: train/policy_loss = 0.620179
10:52:00 PM - INFO - Step  145: train/reward_loss = 0.006117
10:52:00 PM - INFO - Step  145: train/value_loss = 1.152024
10:52:00 PM - INFO - Step  145: total_loss = 1.778320
10:52:01 PM - INFO - Episode 491: Reward=  10.0, Length= 10, Loss=1.7783, Memory=24.55
10:52:03 PM - INFO - Episode 492: Reward=  39.0, Length= 39, Loss=1.7783, Memory=24.60
10:52:03 PM - INFO - Step  146: train/policy_loss = 0.603087
10:52:03 PM - INFO - Step  146: train/reward_loss = 0.007087
10:52:03 PM - INFO - Step  146: train/value_loss = 1.189280
10:52:03 PM - INFO - Step  146: total_loss = 1.799454
10:52:04 PM - INFO - Episode 493: Reward=  10.0, Length= 10, Loss=1.7995, Memory=24.65
10:52:05 PM - INFO - Episode 494: Reward=  10.0, Length= 10, Loss=1.7995, Memory=24.70
10:52:05 PM - INFO - Step  147: train/policy_loss = 0.605226
10:52:05 PM - INFO - Step  147: train/reward_loss = 0.011163
10:52:05 PM - INFO - Step  147: train/value_loss = 1.035378
10:52:05 PM - INFO - Step  147: total_loss = 1.651768
10:52:07 PM - INFO - Episode 495: Reward=  28.0, Length= 28, Loss=1.6518, Memory=24.75
10:52:12 PM - INFO - Episode 496: Reward=  80.0, Length= 80, Loss=1.6518, Memory=24.80
10:52:12 PM - INFO - Step  148: train/policy_loss = 0.592413
10:52:12 PM - INFO - Step  148: train/reward_loss = 0.007641
10:52:12 PM - INFO - Step  148: train/value_loss = 0.908066
10:52:12 PM - INFO - Step  148: total_loss = 1.508120
10:52:21 PM - INFO - Episode 497: Reward= 152.0, Length=152, Loss=1.5081, Memory=24.85
10:52:52 PM - INFO - Episode 498: Reward= 500.0, Length=500, Loss=1.5081, Memory=24.90
10:52:52 PM - INFO - Step  149: train/policy_loss = 0.589579
10:52:52 PM - INFO - Step  149: train/reward_loss = 0.006632
10:52:52 PM - INFO - Step  149: train/value_loss = 0.875470
10:52:52 PM - INFO - Step  149: total_loss = 1.471681
10:52:52 PM - INFO - Updating target network at training step 150
10:52:52 PM - INFO - Target network update completed
10:53:00 PM - INFO - Episode 499: Reward= 126.0, Length=126, Loss=1.4717, Memory=24.95
10:53:31 PM - INFO - Episode 500: Reward= 500.0, Length=500, Loss=1.4717, Memory=25.00
10:53:31 PM - INFO - Step  150: train/policy_loss = 0.624411
10:53:31 PM - INFO - Step  150: train/reward_loss = 0.007426
10:53:31 PM - INFO - Step  150: train/value_loss = 1.362743
10:53:31 PM - INFO - Step  150: total_loss = 1.994580
10:53:31 PM - INFO - Checkpoint saved to checkpoints/CartPole-v1/20250726_223945/episode_00500.pkl
10:53:38 PM - INFO - Episode 501: Reward= 112.0, Length=112, Loss=1.9946, Memory=25.05
10:53:38 PM - INFO - Progress: 25.0% | 0.06 it/s | ETA: 7:05:23
10:53:43 PM - INFO - Episode 502: Reward=  80.0, Length= 80, Loss=1.9946, Memory=25.10
10:53:43 PM - INFO - Step  151: train/policy_loss = 0.595595
10:53:43 PM - INFO - Step  151: train/reward_loss = 0.008025
10:53:43 PM - INFO - Step  151: train/value_loss = 1.101593
10:53:43 PM - INFO - Step  151: total_loss = 1.705212
10:53:49 PM - INFO - Episode 503: Reward=  94.0, Length= 94, Loss=1.7052, Memory=25.15
10:53:50 PM - INFO - Episode 504: Reward=  10.0, Length= 10, Loss=1.7052, Memory=25.20
10:53:50 PM - INFO - Step  152: train/policy_loss = 0.589201
10:53:50 PM - INFO - Step  152: train/reward_loss = 0.008481
10:53:50 PM - INFO - Step  152: train/value_loss = 1.412087
10:53:50 PM - INFO - Step  152: total_loss = 2.009768
10:53:51 PM - INFO - Episode 505: Reward=  14.0, Length= 14, Loss=2.0098, Memory=25.25
10:54:21 PM - INFO - Episode 506: Reward= 500.0, Length=500, Loss=2.0098, Memory=25.30
10:54:22 PM - INFO - Step  153: train/policy_loss = 0.611565
10:54:22 PM - INFO - Step  153: train/reward_loss = 0.007345
10:54:22 PM - INFO - Step  153: train/value_loss = 1.284486
10:54:22 PM - INFO - Step  153: total_loss = 1.903396
10:54:35 PM - INFO - Episode 507: Reward= 220.0, Length=220, Loss=1.9034, Memory=25.35
10:54:36 PM - INFO - Episode 508: Reward=  17.0, Length= 17, Loss=1.9034, Memory=25.40
10:54:37 PM - INFO - Step  154: train/policy_loss = 0.612871
10:54:37 PM - INFO - Step  154: train/reward_loss = 0.012097
10:54:37 PM - INFO - Step  154: train/value_loss = 1.356249
10:54:37 PM - INFO - Step  154: total_loss = 1.981217
10:54:43 PM - INFO - Episode 509: Reward= 101.0, Length=101, Loss=1.9812, Memory=25.45
10:54:48 PM - INFO - Episode 510: Reward=  88.0, Length= 88, Loss=1.9812, Memory=25.50
10:54:49 PM - INFO - Step  155: train/policy_loss = 0.582463
10:54:49 PM - INFO - Step  155: train/reward_loss = 0.009779
10:54:49 PM - INFO - Step  155: train/value_loss = 1.011008
10:54:49 PM - INFO - Step  155: total_loss = 1.603250
10:54:51 PM - INFO - Episode 511: Reward=  44.0, Length= 44, Loss=1.6033, Memory=25.55
10:54:54 PM - INFO - Episode 512: Reward=  38.0, Length= 38, Loss=1.6033, Memory=25.60
10:54:54 PM - INFO - Step  156: train/policy_loss = 0.598933
10:54:54 PM - INFO - Step  156: train/reward_loss = 0.007712
10:54:54 PM - INFO - Step  156: train/value_loss = 1.229625
10:54:54 PM - INFO - Step  156: total_loss = 1.836270
10:54:55 PM - INFO - Episode 513: Reward=  18.0, Length= 18, Loss=1.8363, Memory=25.65
10:54:57 PM - INFO - Episode 514: Reward=  24.0, Length= 24, Loss=1.8363, Memory=25.70
10:54:57 PM - INFO - Step  157: train/policy_loss = 0.561363
10:54:57 PM - INFO - Step  157: train/reward_loss = 0.006601
10:54:57 PM - INFO - Step  157: train/value_loss = 1.202937
10:54:57 PM - INFO - Step  157: total_loss = 1.770901
10:54:58 PM - INFO - Episode 515: Reward=  10.0, Length= 10, Loss=1.7709, Memory=25.75
10:55:00 PM - INFO - Episode 516: Reward=  29.0, Length= 29, Loss=1.7709, Memory=25.80
10:55:00 PM - INFO - Step  158: train/policy_loss = 0.593984
10:55:00 PM - INFO - Step  158: train/reward_loss = 0.006368
10:55:00 PM - INFO - Step  158: train/value_loss = 0.939996
10:55:00 PM - INFO - Step  158: total_loss = 1.540348
10:55:00 PM - INFO - Episode 517: Reward=  10.0, Length= 10, Loss=1.5403, Memory=25.85
10:55:01 PM - INFO - Episode 518: Reward=   9.0, Length=  9, Loss=1.5403, Memory=25.90
10:55:01 PM - INFO - Step  159: train/policy_loss = 0.600951
10:55:01 PM - INFO - Step  159: train/reward_loss = 0.005787
10:55:01 PM - INFO - Step  159: train/value_loss = 1.434452
10:55:01 PM - INFO - Step  159: total_loss = 2.041189
10:55:02 PM - INFO - Episode 519: Reward=  10.0, Length= 10, Loss=2.0412, Memory=25.95
10:55:04 PM - INFO - Episode 520: Reward=  25.0, Length= 25, Loss=2.0412, Memory=26.00
10:55:04 PM - INFO - Step  160: train/policy_loss = 0.564614
10:55:04 PM - INFO - Step  160: train/reward_loss = 0.007261
10:55:04 PM - INFO - Step  160: train/value_loss = 0.941650
10:55:04 PM - INFO - Step  160: total_loss = 1.513525
10:55:04 PM - INFO - Episode 521: Reward=   9.0, Length=  9, Loss=1.5135, Memory=26.05
10:55:04 PM - INFO - Progress: 26.0% | 0.68 it/s | ETA: 36:11
10:55:05 PM - INFO - Episode 522: Reward=  10.0, Length= 10, Loss=1.5135, Memory=26.10
10:55:05 PM - INFO - Step  161: train/policy_loss = 0.580656
10:55:05 PM - INFO - Step  161: train/reward_loss = 0.007038
10:55:05 PM - INFO - Step  161: train/value_loss = 1.200211
10:55:05 PM - INFO - Step  161: total_loss = 1.787906
10:55:06 PM - INFO - Episode 523: Reward=  17.0, Length= 17, Loss=1.7879, Memory=26.15
10:55:08 PM - INFO - Episode 524: Reward=  28.0, Length= 28, Loss=1.7879, Memory=26.20
10:55:09 PM - INFO - Step  162: train/policy_loss = 0.598580
10:55:09 PM - INFO - Step  162: train/reward_loss = 0.005516
10:55:09 PM - INFO - Step  162: train/value_loss = 1.147930
10:55:09 PM - INFO - Step  162: total_loss = 1.752026
10:55:10 PM - INFO - Episode 525: Reward=  18.0, Length= 18, Loss=1.7520, Memory=26.25
10:55:10 PM - INFO - Episode 526: Reward=  10.0, Length= 10, Loss=1.7520, Memory=26.30
10:55:11 PM - INFO - Step  163: train/policy_loss = 0.583851
10:55:11 PM - INFO - Step  163: train/reward_loss = 0.007075
10:55:11 PM - INFO - Step  163: train/value_loss = 0.983786
10:55:11 PM - INFO - Step  163: total_loss = 1.574712
10:55:12 PM - INFO - Episode 527: Reward=  22.0, Length= 22, Loss=1.5747, Memory=26.35
10:55:14 PM - INFO - Episode 528: Reward=  22.0, Length= 22, Loss=1.5747, Memory=26.40
10:55:14 PM - INFO - Step  164: train/policy_loss = 0.571065
10:55:14 PM - INFO - Step  164: train/reward_loss = 0.008016
10:55:14 PM - INFO - Step  164: train/value_loss = 1.356850
10:55:14 PM - INFO - Step  164: total_loss = 1.935930
10:55:17 PM - INFO - Episode 529: Reward=  43.0, Length= 43, Loss=1.9359, Memory=26.45
10:55:17 PM - INFO - Episode 530: Reward=  10.0, Length= 10, Loss=1.9359, Memory=26.50
10:55:17 PM - INFO - Step  165: train/policy_loss = 0.589761
10:55:17 PM - INFO - Step  165: train/reward_loss = 0.008520
10:55:17 PM - INFO - Step  165: train/value_loss = 1.387573
10:55:17 PM - INFO - Step  165: total_loss = 1.985854
10:55:20 PM - INFO - Episode 531: Reward=  36.0, Length= 36, Loss=1.9859, Memory=26.55
10:55:24 PM - INFO - Episode 532: Reward=  64.0, Length= 64, Loss=1.9859, Memory=26.60
10:55:24 PM - INFO - Step  166: train/policy_loss = 0.587562
10:55:24 PM - INFO - Step  166: train/reward_loss = 0.006658
10:55:24 PM - INFO - Step  166: train/value_loss = 1.154935
10:55:24 PM - INFO - Step  166: total_loss = 1.749155
10:55:25 PM - INFO - Episode 533: Reward=  12.0, Length= 12, Loss=1.7492, Memory=26.65
10:55:25 PM - INFO - Episode 534: Reward=  10.0, Length= 10, Loss=1.7492, Memory=26.70
10:55:26 PM - INFO - Step  167: train/policy_loss = 0.567853
10:55:26 PM - INFO - Step  167: train/reward_loss = 0.006540
10:55:26 PM - INFO - Step  167: train/value_loss = 0.960118
10:55:26 PM - INFO - Step  167: total_loss = 1.534511
10:55:26 PM - INFO - Episode 535: Reward=   9.0, Length=  9, Loss=1.5345, Memory=26.75
10:55:27 PM - INFO - Episode 536: Reward=   9.0, Length=  9, Loss=1.5345, Memory=26.80
10:55:27 PM - INFO - Step  168: train/policy_loss = 0.603083
10:55:27 PM - INFO - Step  168: train/reward_loss = 0.005767
10:55:27 PM - INFO - Step  168: train/value_loss = 1.149717
10:55:27 PM - INFO - Step  168: total_loss = 1.758567
10:55:28 PM - INFO - Episode 537: Reward=  12.0, Length= 12, Loss=1.7586, Memory=26.85
10:55:29 PM - INFO - Episode 538: Reward=   9.0, Length=  9, Loss=1.7586, Memory=26.90
10:55:29 PM - INFO - Step  169: train/policy_loss = 0.560100
10:55:29 PM - INFO - Step  169: train/reward_loss = 0.007565
10:55:29 PM - INFO - Step  169: train/value_loss = 1.268325
10:55:29 PM - INFO - Step  169: total_loss = 1.835989
10:55:30 PM - INFO - Episode 539: Reward=   9.0, Length=  9, Loss=1.8360, Memory=26.95
10:55:31 PM - INFO - Episode 540: Reward=  23.0, Length= 23, Loss=1.8360, Memory=27.00
10:55:31 PM - INFO - Step  170: train/policy_loss = 0.573364
10:55:31 PM - INFO - Step  170: train/reward_loss = 0.006672
10:55:31 PM - INFO - Step  170: train/value_loss = 1.319331
10:55:31 PM - INFO - Step  170: total_loss = 1.899367
10:55:35 PM - INFO - Episode 541: Reward=  55.0, Length= 55, Loss=1.8994, Memory=27.05
10:55:35 PM - INFO - Progress: 27.0% | 0.85 it/s | ETA: 28:32
10:55:35 PM - INFO - Episode 542: Reward=  10.0, Length= 10, Loss=1.8994, Memory=27.10
10:55:36 PM - INFO - Step  171: train/policy_loss = 0.595177
10:55:36 PM - INFO - Step  171: train/reward_loss = 0.005277
10:55:36 PM - INFO - Step  171: train/value_loss = 1.130551
10:55:36 PM - INFO - Step  171: total_loss = 1.731005
10:55:44 PM - INFO - Episode 543: Reward= 132.0, Length=132, Loss=1.7310, Memory=27.15
10:55:54 PM - INFO - Episode 544: Reward= 170.0, Length=170, Loss=1.7310, Memory=27.20
10:55:54 PM - INFO - Step  172: train/policy_loss = 0.598165
10:55:54 PM - INFO - Step  172: train/reward_loss = 0.007989
10:55:54 PM - INFO - Step  172: train/value_loss = 1.021815
10:55:54 PM - INFO - Step  172: total_loss = 1.627968
10:55:57 PM - INFO - Episode 545: Reward=  36.0, Length= 36, Loss=1.6280, Memory=27.25
10:55:58 PM - INFO - Episode 546: Reward=  23.0, Length= 23, Loss=1.6280, Memory=27.30
10:55:58 PM - INFO - Step  173: train/policy_loss = 0.574087
10:55:58 PM - INFO - Step  173: train/reward_loss = 0.007313
10:55:58 PM - INFO - Step  173: train/value_loss = 1.067980
10:55:58 PM - INFO - Step  173: total_loss = 1.649380
10:56:00 PM - INFO - Episode 547: Reward=  22.0, Length= 22, Loss=1.6494, Memory=27.35
10:56:01 PM - INFO - Episode 548: Reward=  14.0, Length= 14, Loss=1.6494, Memory=27.40
10:56:01 PM - INFO - Step  174: train/policy_loss = 0.578240
10:56:01 PM - INFO - Step  174: train/reward_loss = 0.008989
10:56:01 PM - INFO - Step  174: train/value_loss = 1.537776
10:56:01 PM - INFO - Step  174: total_loss = 2.125005
10:56:02 PM - INFO - Episode 549: Reward=  18.0, Length= 18, Loss=2.1250, Memory=27.45
10:56:03 PM - INFO - Episode 550: Reward=  16.0, Length= 16, Loss=2.1250, Memory=27.50
10:56:04 PM - INFO - Step  175: train/policy_loss = 0.566511
10:56:04 PM - INFO - Step  175: train/reward_loss = 0.007087
10:56:04 PM - INFO - Step  175: train/value_loss = 1.317697
10:56:04 PM - INFO - Step  175: total_loss = 1.891295
10:56:04 PM - INFO - Checkpoint saved to checkpoints/CartPole-v1/20250726_223945/episode_00550.pkl
10:56:05 PM - INFO - Episode 551: Reward=  30.0, Length= 30, Loss=1.8913, Memory=27.55
10:56:07 PM - INFO - Episode 552: Reward=  28.0, Length= 28, Loss=1.8913, Memory=27.60
10:56:07 PM - INFO - Step  176: train/policy_loss = 0.578486
10:56:07 PM - INFO - Step  176: train/reward_loss = 0.008135
10:56:07 PM - INFO - Step  176: train/value_loss = 1.348159
10:56:07 PM - INFO - Step  176: total_loss = 1.934780
10:56:08 PM - INFO - Episode 553: Reward=   9.0, Length=  9, Loss=1.9348, Memory=27.65
10:56:09 PM - INFO - Episode 554: Reward=  21.0, Length= 21, Loss=1.9348, Memory=27.70
10:56:10 PM - INFO - Step  177: train/policy_loss = 0.586482
10:56:10 PM - INFO - Step  177: train/reward_loss = 0.006132
10:56:10 PM - INFO - Step  177: train/value_loss = 0.994647
10:56:10 PM - INFO - Step  177: total_loss = 1.587260
10:56:11 PM - INFO - Episode 555: Reward=  17.0, Length= 17, Loss=1.5873, Memory=27.75
10:56:12 PM - INFO - Episode 556: Reward=  15.0, Length= 15, Loss=1.5873, Memory=27.80
10:56:12 PM - INFO - Step  178: train/policy_loss = 0.581524
10:56:12 PM - INFO - Step  178: train/reward_loss = 0.007504
10:56:12 PM - INFO - Step  178: train/value_loss = 1.177062
10:56:12 PM - INFO - Step  178: total_loss = 1.766090
10:56:13 PM - INFO - Episode 557: Reward=  10.0, Length= 10, Loss=1.7661, Memory=27.85
10:56:13 PM - INFO - Episode 558: Reward=  10.0, Length= 10, Loss=1.7661, Memory=27.90
10:56:14 PM - INFO - Step  179: train/policy_loss = 0.560207
10:56:14 PM - INFO - Step  179: train/reward_loss = 0.008340
10:56:14 PM - INFO - Step  179: train/value_loss = 1.108638
10:56:14 PM - INFO - Step  179: total_loss = 1.677186
10:56:14 PM - INFO - Episode 559: Reward=  10.0, Length= 10, Loss=1.6772, Memory=27.95
10:56:15 PM - INFO - Episode 560: Reward=  10.0, Length= 10, Loss=1.6772, Memory=28.00
10:56:15 PM - INFO - Step  180: train/policy_loss = 0.606571
10:56:15 PM - INFO - Step  180: train/reward_loss = 0.009545
10:56:15 PM - INFO - Step  180: train/value_loss = 1.139924
10:56:15 PM - INFO - Step  180: total_loss = 1.756040
10:56:16 PM - INFO - Episode 561: Reward=  10.0, Length= 10, Loss=1.7560, Memory=28.05
10:56:16 PM - INFO - Progress: 28.0% | 1.04 it/s | ETA: 23:05
10:56:17 PM - INFO - Episode 562: Reward=  11.0, Length= 11, Loss=1.7560, Memory=28.10
10:56:17 PM - INFO - Step  181: train/policy_loss = 0.566322
10:56:17 PM - INFO - Step  181: train/reward_loss = 0.007791
10:56:17 PM - INFO - Step  181: train/value_loss = 1.570597
10:56:17 PM - INFO - Step  181: total_loss = 2.144710
10:56:18 PM - INFO - Episode 563: Reward=  10.0, Length= 10, Loss=2.1447, Memory=28.15
10:56:19 PM - INFO - Episode 564: Reward=  14.0, Length= 14, Loss=2.1447, Memory=28.20
10:56:19 PM - INFO - Step  182: train/policy_loss = 0.584013
10:56:19 PM - INFO - Step  182: train/reward_loss = 0.008479
10:56:19 PM - INFO - Step  182: train/value_loss = 1.354661
10:56:19 PM - INFO - Step  182: total_loss = 1.947153
10:56:20 PM - INFO - Episode 565: Reward=  22.0, Length= 22, Loss=1.9472, Memory=28.25
10:56:22 PM - INFO - Episode 566: Reward=  27.0, Length= 27, Loss=1.9472, Memory=28.30
10:56:22 PM - INFO - Step  183: train/policy_loss = 0.578146
10:56:22 PM - INFO - Step  183: train/reward_loss = 0.006922
10:56:22 PM - INFO - Step  183: train/value_loss = 1.168187
10:56:22 PM - INFO - Step  183: total_loss = 1.753255
10:56:23 PM - INFO - Episode 567: Reward=  14.0, Length= 14, Loss=1.7533, Memory=28.35
10:56:25 PM - INFO - Episode 568: Reward=  22.0, Length= 22, Loss=1.7533, Memory=28.40
10:56:25 PM - INFO - Step  184: train/policy_loss = 0.578942
10:56:25 PM - INFO - Step  184: train/reward_loss = 0.005781
10:56:25 PM - INFO - Step  184: train/value_loss = 0.905378
10:56:25 PM - INFO - Step  184: total_loss = 1.490101
10:56:26 PM - INFO - Episode 569: Reward=  24.0, Length= 24, Loss=1.4901, Memory=28.45
10:56:27 PM - INFO - Episode 570: Reward=  16.0, Length= 16, Loss=1.4901, Memory=28.50
10:56:28 PM - INFO - Step  185: train/policy_loss = 0.595423
10:56:28 PM - INFO - Step  185: train/reward_loss = 0.007346
10:56:28 PM - INFO - Step  185: train/value_loss = 1.011351
10:56:28 PM - INFO - Step  185: total_loss = 1.614121
10:56:29 PM - INFO - Episode 571: Reward=  22.0, Length= 22, Loss=1.6141, Memory=28.55
10:56:30 PM - INFO - Episode 572: Reward=  10.0, Length= 10, Loss=1.6141, Memory=28.60
10:56:30 PM - INFO - Step  186: train/policy_loss = 0.548606
10:56:30 PM - INFO - Step  186: train/reward_loss = 0.004891
10:56:30 PM - INFO - Step  186: train/value_loss = 1.051287
10:56:30 PM - INFO - Step  186: total_loss = 1.604784
10:56:32 PM - INFO - Episode 573: Reward=  24.0, Length= 24, Loss=1.6048, Memory=28.65
10:56:32 PM - INFO - Episode 574: Reward=  10.0, Length= 10, Loss=1.6048, Memory=28.70
10:56:33 PM - INFO - Step  187: train/policy_loss = 0.594274
10:56:33 PM - INFO - Step  187: train/reward_loss = 0.005920
10:56:33 PM - INFO - Step  187: train/value_loss = 1.247862
10:56:33 PM - INFO - Step  187: total_loss = 1.848055
10:56:33 PM - INFO - Episode 575: Reward=  10.0, Length= 10, Loss=1.8481, Memory=28.75
10:56:34 PM - INFO - Episode 576: Reward=  10.0, Length= 10, Loss=1.8481, Memory=28.80
10:56:34 PM - INFO - Step  188: train/policy_loss = 0.578420
10:56:34 PM - INFO - Step  188: train/reward_loss = 0.004537
10:56:34 PM - INFO - Step  188: train/value_loss = 1.139306
10:56:34 PM - INFO - Step  188: total_loss = 1.722263
10:56:36 PM - INFO - Episode 577: Reward=  30.0, Length= 30, Loss=1.7223, Memory=28.85
10:56:37 PM - INFO - Episode 578: Reward=  10.0, Length= 10, Loss=1.7223, Memory=28.90
10:56:37 PM - INFO - Step  189: train/policy_loss = 0.580593
10:56:37 PM - INFO - Step  189: train/reward_loss = 0.006745
10:56:37 PM - INFO - Step  189: train/value_loss = 1.039678
10:56:37 PM - INFO - Step  189: total_loss = 1.627016
10:56:41 PM - INFO - Episode 579: Reward=  70.0, Length= 70, Loss=1.6270, Memory=28.95
10:56:42 PM - INFO - Episode 580: Reward=  16.0, Length= 16, Loss=1.6270, Memory=29.00
10:56:43 PM - INFO - Step  190: train/policy_loss = 0.576092
10:56:43 PM - INFO - Step  190: train/reward_loss = 0.007656
10:56:43 PM - INFO - Step  190: train/value_loss = 1.297739
10:56:43 PM - INFO - Step  190: total_loss = 1.881487
10:56:47 PM - INFO - Episode 581: Reward=  74.0, Length= 74, Loss=1.8815, Memory=29.05
10:56:47 PM - INFO - Progress: 29.0% | 0.53 it/s | ETA: 44:45
10:56:49 PM - INFO - Episode 582: Reward=  27.0, Length= 27, Loss=1.8815, Memory=29.10
10:56:49 PM - INFO - Step  191: train/policy_loss = 0.541226
10:56:49 PM - INFO - Step  191: train/reward_loss = 0.007170
10:56:49 PM - INFO - Step  191: train/value_loss = 1.153582
10:56:49 PM - INFO - Step  191: total_loss = 1.701978
10:56:51 PM - INFO - Episode 583: Reward=  20.0, Length= 20, Loss=1.7020, Memory=29.15
10:56:53 PM - INFO - Episode 584: Reward=  37.0, Length= 37, Loss=1.7020, Memory=29.20
10:56:53 PM - INFO - Step  192: train/policy_loss = 0.555555
10:56:53 PM - INFO - Step  192: train/reward_loss = 0.008613
10:56:53 PM - INFO - Step  192: train/value_loss = 0.926830
10:56:53 PM - INFO - Step  192: total_loss = 1.490999
10:56:55 PM - INFO - Episode 585: Reward=  22.0, Length= 22, Loss=1.4910, Memory=29.25
10:56:58 PM - INFO - Episode 586: Reward=  52.0, Length= 52, Loss=1.4910, Memory=29.30
10:56:58 PM - INFO - Step  193: train/policy_loss = 0.564422
10:56:58 PM - INFO - Step  193: train/reward_loss = 0.009427
10:56:58 PM - INFO - Step  193: train/value_loss = 0.909256
10:56:58 PM - INFO - Step  193: total_loss = 1.483106
10:57:00 PM - INFO - Episode 587: Reward=  28.0, Length= 28, Loss=1.4831, Memory=29.35
10:57:01 PM - INFO - Episode 588: Reward=  19.0, Length= 19, Loss=1.4831, Memory=29.40
10:57:01 PM - INFO - Step  194: train/policy_loss = 0.550774
10:57:01 PM - INFO - Step  194: train/reward_loss = 0.007349
10:57:01 PM - INFO - Step  194: train/value_loss = 1.157197
10:57:01 PM - INFO - Step  194: total_loss = 1.715320
10:57:02 PM - INFO - Episode 589: Reward=  10.0, Length= 10, Loss=1.7153, Memory=29.45
10:57:04 PM - INFO - Episode 590: Reward=  30.0, Length= 30, Loss=1.7153, Memory=29.50
10:57:04 PM - INFO - Step  195: train/policy_loss = 0.557972
10:57:04 PM - INFO - Step  195: train/reward_loss = 0.006788
10:57:04 PM - INFO - Step  195: train/value_loss = 1.150689
10:57:04 PM - INFO - Step  195: total_loss = 1.715449
10:57:05 PM - INFO - Episode 591: Reward=  10.0, Length= 10, Loss=1.7154, Memory=29.55
10:57:06 PM - INFO - Episode 592: Reward=  18.0, Length= 18, Loss=1.7154, Memory=29.60
10:57:06 PM - INFO - Step  196: train/policy_loss = 0.541301
10:57:06 PM - INFO - Step  196: train/reward_loss = 0.006999
10:57:06 PM - INFO - Step  196: train/value_loss = 0.847497
10:57:06 PM - INFO - Step  196: total_loss = 1.395798
10:57:08 PM - INFO - Episode 593: Reward=  24.0, Length= 24, Loss=1.3958, Memory=29.65
10:57:10 PM - INFO - Episode 594: Reward=  34.0, Length= 34, Loss=1.3958, Memory=29.70
10:57:10 PM - INFO - Step  197: train/policy_loss = 0.577944
10:57:10 PM - INFO - Step  197: train/reward_loss = 0.006338
10:57:10 PM - INFO - Step  197: train/value_loss = 1.160523
10:57:10 PM - INFO - Step  197: total_loss = 1.744805
10:57:13 PM - INFO - Episode 595: Reward=  38.0, Length= 38, Loss=1.7448, Memory=29.75
10:57:14 PM - INFO - Episode 596: Reward=  20.0, Length= 20, Loss=1.7448, Memory=29.80
10:57:14 PM - INFO - Step  198: train/policy_loss = 0.559950
10:57:14 PM - INFO - Step  198: train/reward_loss = 0.007167
10:57:14 PM - INFO - Step  198: train/value_loss = 0.936272
10:57:14 PM - INFO - Step  198: total_loss = 1.503390
10:57:18 PM - INFO - Episode 597: Reward=  54.0, Length= 54, Loss=1.5034, Memory=29.85
10:57:20 PM - INFO - Episode 598: Reward=  39.0, Length= 39, Loss=1.5034, Memory=29.90
10:57:20 PM - INFO - Step  199: train/policy_loss = 0.534204
10:57:20 PM - INFO - Step  199: train/reward_loss = 0.008036
10:57:20 PM - INFO - Step  199: train/value_loss = 0.841952
10:57:20 PM - INFO - Step  199: total_loss = 1.384192
10:57:21 PM - INFO - Episode 599: Reward=  12.0, Length= 12, Loss=1.3842, Memory=29.95
10:57:23 PM - INFO - Episode 600: Reward=  30.0, Length= 30, Loss=1.3842, Memory=30.00
10:57:23 PM - INFO - Step  200: train/policy_loss = 0.556994
10:57:23 PM - INFO - Step  200: train/reward_loss = 0.007114
10:57:23 PM - INFO - Step  200: train/value_loss = 1.308317
10:57:23 PM - INFO - Step  200: total_loss = 1.872425
10:57:23 PM - INFO - Checkpoint saved to checkpoints/CartPole-v1/20250726_223945/episode_00600.pkl
10:57:25 PM - INFO - Episode 601: Reward=  32.0, Length= 32, Loss=1.8724, Memory=30.05
10:57:25 PM - INFO - Progress: 30.0% | 0.50 it/s | ETA: 46:42
10:57:28 PM - INFO - Episode 602: Reward=  32.0, Length= 32, Loss=1.8724, Memory=30.10
10:57:28 PM - INFO - Step  201: train/policy_loss = 0.565489
10:57:28 PM - INFO - Step  201: train/reward_loss = 0.006640
10:57:28 PM - INFO - Step  201: train/value_loss = 0.928819
10:57:28 PM - INFO - Step  201: total_loss = 1.500949
10:57:28 PM - INFO - Episode 603: Reward=  10.0, Length= 10, Loss=1.5009, Memory=30.15
10:57:29 PM - INFO - Episode 604: Reward=  10.0, Length= 10, Loss=1.5009, Memory=30.20
10:57:29 PM - INFO - Step  202: train/policy_loss = 0.596406
10:57:29 PM - INFO - Step  202: train/reward_loss = 0.006333
10:57:29 PM - INFO - Step  202: train/value_loss = 1.176254
10:57:29 PM - INFO - Step  202: total_loss = 1.778992
10:57:32 PM - INFO - Episode 605: Reward=  42.0, Length= 42, Loss=1.7790, Memory=30.25
10:57:33 PM - INFO - Episode 606: Reward=  19.0, Length= 19, Loss=1.7790, Memory=30.30
10:57:33 PM - INFO - Step  203: train/policy_loss = 0.530627
10:57:33 PM - INFO - Step  203: train/reward_loss = 0.004175
10:57:33 PM - INFO - Step  203: train/value_loss = 0.854078
10:57:33 PM - INFO - Step  203: total_loss = 1.388880
10:57:34 PM - INFO - Episode 607: Reward=  12.0, Length= 12, Loss=1.3889, Memory=30.35
10:57:42 PM - INFO - Episode 608: Reward= 132.0, Length=132, Loss=1.3889, Memory=30.40
10:57:43 PM - INFO - Step  204: train/policy_loss = 0.554290
10:57:43 PM - INFO - Step  204: train/reward_loss = 0.006855
10:57:43 PM - INFO - Step  204: train/value_loss = 1.119373
10:57:43 PM - INFO - Step  204: total_loss = 1.680518
10:57:44 PM - INFO - Episode 609: Reward=  16.0, Length= 16, Loss=1.6805, Memory=30.45
10:57:45 PM - INFO - Episode 610: Reward=  10.0, Length= 10, Loss=1.6805, Memory=30.50
10:57:45 PM - INFO - Step  205: train/policy_loss = 0.554024
10:57:45 PM - INFO - Step  205: train/reward_loss = 0.006329
10:57:45 PM - INFO - Step  205: train/value_loss = 1.169659
10:57:45 PM - INFO - Step  205: total_loss = 1.730011
10:57:50 PM - INFO - Episode 611: Reward=  82.0, Length= 82, Loss=1.7300, Memory=30.55
10:57:57 PM - INFO - Episode 612: Reward= 110.0, Length=110, Loss=1.7300, Memory=30.60
10:57:57 PM - INFO - Step  206: train/policy_loss = 0.593215
10:57:57 PM - INFO - Step  206: train/reward_loss = 0.005724
10:57:57 PM - INFO - Step  206: train/value_loss = 1.030206
10:57:57 PM - INFO - Step  206: total_loss = 1.629144
10:58:01 PM - INFO - Episode 613: Reward=  59.0, Length= 59, Loss=1.6291, Memory=30.65
10:58:09 PM - INFO - Episode 614: Reward= 141.0, Length=141, Loss=1.6291, Memory=30.70
10:58:10 PM - INFO - Step  207: train/policy_loss = 0.518996
10:58:10 PM - INFO - Step  207: train/reward_loss = 0.007091
10:58:10 PM - INFO - Step  207: train/value_loss = 1.388881
10:58:10 PM - INFO - Step  207: total_loss = 1.914967
10:58:24 PM - INFO - Episode 615: Reward= 224.0, Length=224, Loss=1.9150, Memory=30.75
10:58:27 PM - INFO - Episode 616: Reward=  53.0, Length= 53, Loss=1.9150, Memory=30.80
10:58:27 PM - INFO - Step  208: train/policy_loss = 0.571420
10:58:27 PM - INFO - Step  208: train/reward_loss = 0.005831
10:58:27 PM - INFO - Step  208: train/value_loss = 0.981812
10:58:27 PM - INFO - Step  208: total_loss = 1.559063
10:58:33 PM - INFO - Episode 617: Reward=  95.0, Length= 95, Loss=1.5591, Memory=30.85
10:58:44 PM - INFO - Episode 618: Reward= 173.0, Length=173, Loss=1.5591, Memory=30.90
10:58:44 PM - INFO - Step  209: train/policy_loss = 0.538788
10:58:44 PM - INFO - Step  209: train/reward_loss = 0.004216
10:58:44 PM - INFO - Step  209: train/value_loss = 1.197726
10:58:44 PM - INFO - Step  209: total_loss = 1.740730
10:59:02 PM - INFO - Episode 619: Reward= 287.0, Length=287, Loss=1.7407, Memory=30.95
10:59:20 PM - INFO - Episode 620: Reward= 292.0, Length=292, Loss=1.7407, Memory=31.00
10:59:20 PM - INFO - Step  210: train/policy_loss = 0.548548
10:59:20 PM - INFO - Step  210: train/reward_loss = 0.004960
10:59:20 PM - INFO - Step  210: train/value_loss = 0.851875
10:59:20 PM - INFO - Step  210: total_loss = 1.405383
10:59:25 PM - INFO - Episode 621: Reward=  80.0, Length= 80, Loss=1.4054, Memory=31.05
10:59:25 PM - INFO - Progress: 31.0% | 0.08 it/s | ETA: 5:00:04
10:59:29 PM - INFO - Episode 622: Reward=  61.0, Length= 61, Loss=1.4054, Memory=31.10
10:59:29 PM - INFO - Step  211: train/policy_loss = 0.546682
10:59:29 PM - INFO - Step  211: train/reward_loss = 0.004820
10:59:29 PM - INFO - Step  211: train/value_loss = 1.278875
10:59:29 PM - INFO - Step  211: total_loss = 1.830377
10:59:30 PM - INFO - Episode 623: Reward=  12.0, Length= 12, Loss=1.8304, Memory=31.15
10:59:34 PM - INFO - Episode 624: Reward=  63.0, Length= 63, Loss=1.8304, Memory=31.20
10:59:34 PM - INFO - Step  212: train/policy_loss = 0.525290
10:59:34 PM - INFO - Step  212: train/reward_loss = 0.005381
10:59:34 PM - INFO - Step  212: train/value_loss = 0.943067
10:59:34 PM - INFO - Step  212: total_loss = 1.473737
10:59:36 PM - INFO - Episode 625: Reward=  24.0, Length= 24, Loss=1.4737, Memory=31.25
10:59:43 PM - INFO - Episode 626: Reward= 126.0, Length=126, Loss=1.4737, Memory=31.30
10:59:44 PM - INFO - Step  213: train/policy_loss = 0.535754
10:59:44 PM - INFO - Step  213: train/reward_loss = 0.005299
10:59:44 PM - INFO - Step  213: train/value_loss = 1.198451
10:59:44 PM - INFO - Step  213: total_loss = 1.739503
10:59:48 PM - INFO - Episode 627: Reward=  62.0, Length= 62, Loss=1.7395, Memory=31.35
10:59:52 PM - INFO - Episode 628: Reward=  63.0, Length= 63, Loss=1.7395, Memory=31.40
10:59:52 PM - INFO - Step  214: train/policy_loss = 0.542970
10:59:52 PM - INFO - Step  214: train/reward_loss = 0.006428
10:59:52 PM - INFO - Step  214: train/value_loss = 0.855284
10:59:52 PM - INFO - Step  214: total_loss = 1.404682
10:59:59 PM - INFO - Episode 629: Reward= 119.0, Length=119, Loss=1.4047, Memory=31.45
11:00:09 PM - INFO - Episode 630: Reward= 156.0, Length=156, Loss=1.4047, Memory=31.50
11:00:09 PM - INFO - Step  215: train/policy_loss = 0.565380
11:00:09 PM - INFO - Step  215: train/reward_loss = 0.005430
11:00:09 PM - INFO - Step  215: train/value_loss = 0.737857
11:00:09 PM - INFO - Step  215: total_loss = 1.308668
11:00:20 PM - INFO - Episode 631: Reward= 186.0, Length=186, Loss=1.3087, Memory=31.55
11:00:31 PM - INFO - Episode 632: Reward= 174.0, Length=174, Loss=1.3087, Memory=31.60
11:00:31 PM - INFO - Step  216: train/policy_loss = 0.532303
11:00:31 PM - INFO - Step  216: train/reward_loss = 0.004661
11:00:31 PM - INFO - Step  216: train/value_loss = 1.186047
11:00:31 PM - INFO - Step  216: total_loss = 1.723011
11:00:48 PM - INFO - Episode 633: Reward= 262.0, Length=262, Loss=1.7230, Memory=31.65
11:00:51 PM - INFO - Episode 634: Reward=  60.0, Length= 60, Loss=1.7230, Memory=31.70
11:00:52 PM - INFO - Step  217: train/policy_loss = 0.562300
11:00:52 PM - INFO - Step  217: train/reward_loss = 0.005235
11:00:52 PM - INFO - Step  217: train/value_loss = 1.152617
11:00:52 PM - INFO - Step  217: total_loss = 1.720152
11:01:17 PM - INFO - Episode 635: Reward= 409.0, Length=409, Loss=1.7202, Memory=31.75
11:01:36 PM - INFO - Episode 636: Reward= 308.0, Length=308, Loss=1.7202, Memory=31.80
11:01:36 PM - INFO - Step  218: train/policy_loss = 0.522958
11:01:36 PM - INFO - Step  218: train/reward_loss = 0.004866
11:01:36 PM - INFO - Step  218: train/value_loss = 1.089128
11:01:36 PM - INFO - Step  218: total_loss = 1.616952
11:02:07 PM - INFO - Episode 637: Reward= 500.0, Length=500, Loss=1.6170, Memory=31.85
11:02:37 PM - INFO - Episode 638: Reward= 500.0, Length=500, Loss=1.6170, Memory=31.90
11:02:38 PM - INFO - Step  219: train/policy_loss = 0.515813
11:02:38 PM - INFO - Step  219: train/reward_loss = 0.005257
11:02:38 PM - INFO - Step  219: train/value_loss = 0.998559
11:02:38 PM - INFO - Step  219: total_loss = 1.519629
11:03:08 PM - INFO - Episode 639: Reward= 500.0, Length=500, Loss=1.5196, Memory=31.95
11:03:15 PM - INFO - Episode 640: Reward= 102.0, Length=102, Loss=1.5196, Memory=32.00
11:03:15 PM - INFO - Step  220: train/policy_loss = 0.590964
11:03:15 PM - INFO - Step  220: train/reward_loss = 0.004742
11:03:15 PM - INFO - Step  220: train/value_loss = 1.162046
11:03:15 PM - INFO - Step  220: total_loss = 1.757752
11:03:46 PM - INFO - Episode 641: Reward= 500.0, Length=500, Loss=1.7578, Memory=32.05
11:03:46 PM - INFO - Progress: 32.0% | 0.05 it/s | ETA: 7:30:06
11:04:12 PM - INFO - Episode 642: Reward= 432.0, Length=432, Loss=1.7578, Memory=32.10
11:04:13 PM - INFO - Step  221: train/policy_loss = 0.533380
11:04:13 PM - INFO - Step  221: train/reward_loss = 0.005378
11:04:13 PM - INFO - Step  221: train/value_loss = 1.034588
11:04:13 PM - INFO - Step  221: total_loss = 1.573346
11:04:44 PM - INFO - Episode 643: Reward= 500.0, Length=500, Loss=1.5733, Memory=32.15
11:05:15 PM - INFO - Episode 644: Reward= 500.0, Length=500, Loss=1.5733, Memory=32.20
11:05:15 PM - INFO - Step  222: train/policy_loss = 0.528215
11:05:15 PM - INFO - Step  222: train/reward_loss = 0.004491
11:05:15 PM - INFO - Step  222: train/value_loss = 1.189377
11:05:15 PM - INFO - Step  222: total_loss = 1.722083
11:05:46 PM - INFO - Episode 645: Reward= 500.0, Length=500, Loss=1.7221, Memory=32.25
11:06:16 PM - INFO - Episode 646: Reward= 500.0, Length=500, Loss=1.7221, Memory=32.30
11:06:17 PM - INFO - Step  223: train/policy_loss = 0.530744
11:06:17 PM - INFO - Step  223: train/reward_loss = 0.004751
11:06:17 PM - INFO - Step  223: train/value_loss = 0.855969
11:06:17 PM - INFO - Step  223: total_loss = 1.391463
11:06:18 PM - INFO - Episode 647: Reward=  19.0, Length= 19, Loss=1.3915, Memory=32.35
11:06:49 PM - INFO - Episode 648: Reward= 500.0, Length=500, Loss=1.3915, Memory=32.40
11:06:49 PM - INFO - Step  224: train/policy_loss = 0.594113
11:06:49 PM - INFO - Step  224: train/reward_loss = 0.005389
11:06:49 PM - INFO - Step  224: train/value_loss = 0.787217
11:06:49 PM - INFO - Step  224: total_loss = 1.386719
11:06:50 PM - INFO - Episode 649: Reward=  14.0, Length= 14, Loss=1.3867, Memory=32.45
11:07:21 PM - INFO - Episode 650: Reward= 500.0, Length=500, Loss=1.3867, Memory=32.50
11:07:21 PM - INFO - Step  225: train/policy_loss = 0.575507
11:07:21 PM - INFO - Step  225: train/reward_loss = 0.005322
11:07:21 PM - INFO - Step  225: train/value_loss = 0.930848
11:07:21 PM - INFO - Step  225: total_loss = 1.511677
11:07:21 PM - INFO - Checkpoint saved to checkpoints/CartPole-v1/20250726_223945/episode_00650.pkl
11:07:52 PM - INFO - Episode 651: Reward= 500.0, Length=500, Loss=1.5117, Memory=32.55
11:07:55 PM - INFO - Episode 652: Reward=  46.0, Length= 46, Loss=1.5117, Memory=32.60
11:07:55 PM - INFO - Step  226: train/policy_loss = 0.537612
11:07:55 PM - INFO - Step  226: train/reward_loss = 0.004869
11:07:55 PM - INFO - Step  226: train/value_loss = 1.237667
11:07:55 PM - INFO - Step  226: total_loss = 1.780147
11:08:26 PM - INFO - Episode 653: Reward= 500.0, Length=500, Loss=1.7801, Memory=32.65
11:08:57 PM - INFO - Episode 654: Reward= 500.0, Length=500, Loss=1.7801, Memory=32.70
11:08:57 PM - INFO - Step  227: train/policy_loss = 0.528345
11:08:57 PM - INFO - Step  227: train/reward_loss = 0.006230
11:08:57 PM - INFO - Step  227: train/value_loss = 0.955480
11:08:57 PM - INFO - Step  227: total_loss = 1.490055
11:09:28 PM - INFO - Episode 655: Reward= 500.0, Length=500, Loss=1.4901, Memory=32.75
11:09:39 PM - INFO - Episode 656: Reward= 181.0, Length=181, Loss=1.4901, Memory=32.80
11:09:39 PM - INFO - Step  228: train/policy_loss = 0.515230
11:09:39 PM - INFO - Step  228: train/reward_loss = 0.006510
11:09:39 PM - INFO - Step  228: train/value_loss = 0.842956
11:09:39 PM - INFO - Step  228: total_loss = 1.364696
11:10:10 PM - INFO - Episode 657: Reward= 500.0, Length=500, Loss=1.3647, Memory=32.85
11:10:24 PM - INFO - Episode 658: Reward= 218.0, Length=218, Loss=1.3647, Memory=32.90
11:10:24 PM - INFO - Step  229: train/policy_loss = 0.543596
11:10:24 PM - INFO - Step  229: train/reward_loss = 0.004484
11:10:24 PM - INFO - Step  229: train/value_loss = 0.954093
11:10:24 PM - INFO - Step  229: total_loss = 1.502172
11:10:28 PM - INFO - Episode 659: Reward=  68.0, Length= 68, Loss=1.5022, Memory=32.95
11:10:33 PM - INFO - Episode 660: Reward=  73.0, Length= 73, Loss=1.5022, Memory=33.00
11:10:33 PM - INFO - Step  230: train/policy_loss = 0.550110
11:10:33 PM - INFO - Step  230: train/reward_loss = 0.005472
11:10:33 PM - INFO - Step  230: train/value_loss = 1.152273
11:10:33 PM - INFO - Step  230: total_loss = 1.707855
11:10:39 PM - INFO - Episode 661: Reward=  96.0, Length= 96, Loss=1.7079, Memory=33.05
11:10:39 PM - INFO - Progress: 33.0% | 0.08 it/s | ETA: 4:46:21
11:10:41 PM - INFO - Episode 662: Reward=  36.0, Length= 36, Loss=1.7079, Memory=33.10
11:10:42 PM - INFO - Step  231: train/policy_loss = 0.518001
11:10:42 PM - INFO - Step  231: train/reward_loss = 0.005590
11:10:42 PM - INFO - Step  231: train/value_loss = 0.810340
11:10:42 PM - INFO - Step  231: total_loss = 1.333931
11:11:12 PM - INFO - Episode 663: Reward= 500.0, Length=500, Loss=1.3339, Memory=33.15
11:11:41 PM - INFO - Episode 664: Reward= 466.0, Length=466, Loss=1.3339, Memory=33.20
11:11:41 PM - INFO - Step  232: train/policy_loss = 0.525023
11:11:41 PM - INFO - Step  232: train/reward_loss = 0.005464
11:11:41 PM - INFO - Step  232: train/value_loss = 1.210049
11:11:41 PM - INFO - Step  232: total_loss = 1.740535
11:12:12 PM - INFO - Episode 665: Reward= 500.0, Length=500, Loss=1.7405, Memory=33.25
11:12:43 PM - INFO - Episode 666: Reward= 500.0, Length=500, Loss=1.7405, Memory=33.30
11:12:43 PM - INFO - Step  233: train/policy_loss = 0.550831
11:12:43 PM - INFO - Step  233: train/reward_loss = 0.006239
11:12:43 PM - INFO - Step  233: train/value_loss = 0.974497
11:12:43 PM - INFO - Step  233: total_loss = 1.531567
11:13:14 PM - INFO - Episode 667: Reward= 500.0, Length=500, Loss=1.5316, Memory=33.35
11:13:45 PM - INFO - Episode 668: Reward= 500.0, Length=500, Loss=1.5316, Memory=33.40
11:13:45 PM - INFO - Step  234: train/policy_loss = 0.553512
11:13:45 PM - INFO - Step  234: train/reward_loss = 0.009472
11:13:45 PM - INFO - Step  234: train/value_loss = 0.776939
11:13:45 PM - INFO - Step  234: total_loss = 1.339922
11:13:47 PM - INFO - Episode 669: Reward=  28.0, Length= 28, Loss=1.3399, Memory=33.45
11:14:17 PM - INFO - Episode 670: Reward= 488.0, Length=488, Loss=1.3399, Memory=33.50
11:14:17 PM - INFO - Step  235: train/policy_loss = 0.554226
11:14:17 PM - INFO - Step  235: train/reward_loss = 0.008161
11:14:17 PM - INFO - Step  235: train/value_loss = 0.791849
11:14:17 PM - INFO - Step  235: total_loss = 1.354237
11:14:19 PM - INFO - Episode 671: Reward=  28.0, Length= 28, Loss=1.3542, Memory=33.55
11:14:29 PM - INFO - Episode 672: Reward= 163.0, Length=163, Loss=1.3542, Memory=33.60
11:14:29 PM - INFO - Step  236: train/policy_loss = 0.537309
11:14:29 PM - INFO - Step  236: train/reward_loss = 0.005033
11:14:29 PM - INFO - Step  236: train/value_loss = 1.029289
11:14:29 PM - INFO - Step  236: total_loss = 1.571631
11:14:32 PM - INFO - Episode 673: Reward=  34.0, Length= 34, Loss=1.5716, Memory=33.65
11:14:34 PM - INFO - Episode 674: Reward=  40.0, Length= 40, Loss=1.5716, Memory=33.70
11:14:34 PM - INFO - Step  237: train/policy_loss = 0.543410
11:14:34 PM - INFO - Step  237: train/reward_loss = 0.004404
11:14:34 PM - INFO - Step  237: train/value_loss = 0.957017
11:14:34 PM - INFO - Step  237: total_loss = 1.504831
11:15:05 PM - INFO - Episode 675: Reward= 500.0, Length=500, Loss=1.5048, Memory=33.75
11:15:15 PM - INFO - Episode 676: Reward= 165.0, Length=165, Loss=1.5048, Memory=33.80
11:15:16 PM - INFO - Step  238: train/policy_loss = 0.534984
11:15:16 PM - INFO - Step  238: train/reward_loss = 0.003903
11:15:16 PM - INFO - Step  238: train/value_loss = 1.171046
11:15:16 PM - INFO - Step  238: total_loss = 1.709933
11:15:18 PM - INFO - Episode 677: Reward=  40.0, Length= 40, Loss=1.7099, Memory=33.85
11:15:49 PM - INFO - Episode 678: Reward= 500.0, Length=500, Loss=1.7099, Memory=33.90
11:15:49 PM - INFO - Step  239: train/policy_loss = 0.535061
11:15:49 PM - INFO - Step  239: train/reward_loss = 0.005154
11:15:49 PM - INFO - Step  239: train/value_loss = 1.067159
11:15:49 PM - INFO - Step  239: total_loss = 1.607373
11:15:58 PM - INFO - Episode 679: Reward= 142.0, Length=142, Loss=1.6074, Memory=33.95
11:16:07 PM - INFO - Episode 680: Reward= 144.0, Length=144, Loss=1.6074, Memory=34.00
11:16:07 PM - INFO - Step  240: train/policy_loss = 0.523530
11:16:07 PM - INFO - Step  240: train/reward_loss = 0.004949
11:16:07 PM - INFO - Step  240: train/value_loss = 0.914379
11:16:07 PM - INFO - Step  240: total_loss = 1.442858
11:16:10 PM - INFO - Episode 681: Reward=  43.0, Length= 43, Loss=1.4429, Memory=34.05
11:16:10 PM - INFO - Progress: 34.0% | 0.08 it/s | ETA: 4:39:57
11:16:13 PM - INFO - Episode 682: Reward=  57.0, Length= 57, Loss=1.4429, Memory=34.10
11:16:14 PM - INFO - Step  241: train/policy_loss = 0.531632
11:16:14 PM - INFO - Step  241: train/reward_loss = 0.006718
11:16:14 PM - INFO - Step  241: train/value_loss = 0.848437
11:16:14 PM - INFO - Step  241: total_loss = 1.386787
11:16:18 PM - INFO - Episode 683: Reward=  74.0, Length= 74, Loss=1.3868, Memory=34.15
11:16:32 PM - INFO - Episode 684: Reward= 217.0, Length=217, Loss=1.3868, Memory=34.20
11:16:32 PM - INFO - Step  242: train/policy_loss = 0.550809
11:16:32 PM - INFO - Step  242: train/reward_loss = 0.005431
11:16:32 PM - INFO - Step  242: train/value_loss = 0.815007
11:16:32 PM - INFO - Step  242: total_loss = 1.371247
11:16:33 PM - INFO - Episode 685: Reward=  18.0, Length= 18, Loss=1.3712, Memory=34.25
11:16:35 PM - INFO - Episode 686: Reward=  22.0, Length= 22, Loss=1.3712, Memory=34.30
11:16:35 PM - INFO - Step  243: train/policy_loss = 0.521601
11:16:35 PM - INFO - Step  243: train/reward_loss = 0.003884
11:16:35 PM - INFO - Step  243: train/value_loss = 0.949540
11:16:35 PM - INFO - Step  243: total_loss = 1.475025
11:16:37 PM - INFO - Episode 687: Reward=  36.0, Length= 36, Loss=1.4750, Memory=34.35
11:16:42 PM - INFO - Episode 688: Reward=  81.0, Length= 81, Loss=1.4750, Memory=34.40
11:16:43 PM - INFO - Step  244: train/policy_loss = 0.525176
11:16:43 PM - INFO - Step  244: train/reward_loss = 0.004048
11:16:43 PM - INFO - Step  244: train/value_loss = 0.799967
11:16:43 PM - INFO - Step  244: total_loss = 1.329191
11:16:43 PM - INFO - Episode 689: Reward=  10.0, Length= 10, Loss=1.3292, Memory=34.45
11:16:45 PM - INFO - Episode 690: Reward=  30.0, Length= 30, Loss=1.3292, Memory=34.50
11:16:45 PM - INFO - Step  245: train/policy_loss = 0.516677
11:16:45 PM - INFO - Step  245: train/reward_loss = 0.004184
11:16:45 PM - INFO - Step  245: train/value_loss = 0.995460
11:16:45 PM - INFO - Step  245: total_loss = 1.516321
11:16:47 PM - INFO - Episode 691: Reward=  29.0, Length= 29, Loss=1.5163, Memory=34.55
11:17:04 PM - INFO - Episode 692: Reward= 273.0, Length=273, Loss=1.5163, Memory=34.60
11:17:04 PM - INFO - Step  246: train/policy_loss = 0.533924
11:17:04 PM - INFO - Step  246: train/reward_loss = 0.004187
11:17:04 PM - INFO - Step  246: train/value_loss = 0.983242
11:17:04 PM - INFO - Step  246: total_loss = 1.521352
11:17:08 PM - INFO - Episode 693: Reward=  56.0, Length= 56, Loss=1.5214, Memory=34.65
11:17:13 PM - INFO - Episode 694: Reward=  76.0, Length= 76, Loss=1.5214, Memory=34.70
11:17:13 PM - INFO - Step  247: train/policy_loss = 0.572493
11:17:13 PM - INFO - Step  247: train/reward_loss = 0.004280
11:17:13 PM - INFO - Step  247: train/value_loss = 0.998142
11:17:13 PM - INFO - Step  247: total_loss = 1.574914
11:17:14 PM - INFO - Episode 695: Reward=  12.0, Length= 12, Loss=1.5749, Memory=34.75
11:17:45 PM - INFO - Episode 696: Reward= 500.0, Length=500, Loss=1.5749, Memory=34.80
11:17:45 PM - INFO - Step  248: train/policy_loss = 0.525978
11:17:45 PM - INFO - Step  248: train/reward_loss = 0.004876
11:17:45 PM - INFO - Step  248: train/value_loss = 0.963032
11:17:45 PM - INFO - Step  248: total_loss = 1.493887
11:17:48 PM - INFO - Episode 697: Reward=  54.0, Length= 54, Loss=1.4939, Memory=34.85
11:18:04 PM - INFO - Episode 698: Reward= 262.0, Length=262, Loss=1.4939, Memory=34.90
11:18:05 PM - INFO - Step  249: train/policy_loss = 0.487990
11:18:05 PM - INFO - Step  249: train/reward_loss = 0.004568
11:18:05 PM - INFO - Step  249: train/value_loss = 1.141584
11:18:05 PM - INFO - Step  249: total_loss = 1.634143
11:18:07 PM - INFO - Episode 699: Reward=  39.0, Length= 39, Loss=1.6341, Memory=34.95
11:18:22 PM - INFO - Episode 700: Reward= 242.0, Length=242, Loss=1.6341, Memory=35.00
11:18:22 PM - INFO - Step  250: train/policy_loss = 0.525381
11:18:22 PM - INFO - Step  250: train/reward_loss = 0.003957
11:18:22 PM - INFO - Step  250: train/value_loss = 1.106836
11:18:22 PM - INFO - Step  250: total_loss = 1.636174
11:18:22 PM - INFO - Checkpoint saved to checkpoints/CartPole-v1/20250726_223945/episode_00700.pkl
11:18:40 PM - INFO - Episode 701: Reward= 292.0, Length=292, Loss=1.6362, Memory=35.05
11:18:40 PM - INFO - Progress: 35.0% | 0.09 it/s | ETA: 3:54:07
11:18:43 PM - INFO - Episode 702: Reward=  36.0, Length= 36, Loss=1.6362, Memory=35.10
11:18:43 PM - INFO - Step  251: train/policy_loss = 0.538448
11:18:43 PM - INFO - Step  251: train/reward_loss = 0.004887
11:18:43 PM - INFO - Step  251: train/value_loss = 1.109234
11:18:43 PM - INFO - Step  251: total_loss = 1.652569
11:18:48 PM - INFO - Episode 703: Reward=  88.0, Length= 88, Loss=1.6526, Memory=35.15
11:19:02 PM - INFO - Episode 704: Reward= 227.0, Length=227, Loss=1.6526, Memory=35.20
11:19:03 PM - INFO - Step  252: train/policy_loss = 0.499084
11:19:03 PM - INFO - Step  252: train/reward_loss = 0.004461
11:19:03 PM - INFO - Step  252: train/value_loss = 0.942713
11:19:03 PM - INFO - Step  252: total_loss = 1.446258
11:19:14 PM - INFO - Episode 705: Reward= 189.0, Length=189, Loss=1.4463, Memory=35.25
11:19:22 PM - INFO - Episode 706: Reward= 115.0, Length=115, Loss=1.4463, Memory=35.30
11:19:22 PM - INFO - Step  253: train/policy_loss = 0.520455
11:19:22 PM - INFO - Step  253: train/reward_loss = 0.006020
11:19:22 PM - INFO - Step  253: train/value_loss = 1.004837
11:19:22 PM - INFO - Step  253: total_loss = 1.531312
11:19:26 PM - INFO - Episode 707: Reward=  61.0, Length= 61, Loss=1.5313, Memory=35.35
11:19:32 PM - INFO - Episode 708: Reward= 107.0, Length=107, Loss=1.5313, Memory=35.40
11:19:33 PM - INFO - Step  254: train/policy_loss = 0.533789
11:19:33 PM - INFO - Step  254: train/reward_loss = 0.004090
11:19:33 PM - INFO - Step  254: train/value_loss = 1.114611
11:19:33 PM - INFO - Step  254: total_loss = 1.652490
11:19:50 PM - INFO - Episode 709: Reward= 279.0, Length=279, Loss=1.6525, Memory=35.45
11:19:59 PM - INFO - Episode 710: Reward= 141.0, Length=141, Loss=1.6525, Memory=35.50
11:19:59 PM - INFO - Step  255: train/policy_loss = 0.510662
11:19:59 PM - INFO - Step  255: train/reward_loss = 0.004397
11:19:59 PM - INFO - Step  255: train/value_loss = 0.841042
11:19:59 PM - INFO - Step  255: total_loss = 1.356101
11:20:00 PM - INFO - Episode 711: Reward=  16.0, Length= 16, Loss=1.3561, Memory=35.55
11:20:08 PM - INFO - Episode 712: Reward= 131.0, Length=131, Loss=1.3561, Memory=35.60
11:20:08 PM - INFO - Step  256: train/policy_loss = 0.508772
11:20:08 PM - INFO - Step  256: train/reward_loss = 0.005370
11:20:08 PM - INFO - Step  256: train/value_loss = 1.046271
11:20:08 PM - INFO - Step  256: total_loss = 1.560412
11:20:11 PM - INFO - Episode 713: Reward=  41.0, Length= 41, Loss=1.5604, Memory=35.65
11:20:41 PM - INFO - Episode 714: Reward= 493.0, Length=493, Loss=1.5604, Memory=35.70
11:20:42 PM - INFO - Step  257: train/policy_loss = 0.523508
11:20:42 PM - INFO - Step  257: train/reward_loss = 0.005968
11:20:42 PM - INFO - Step  257: train/value_loss = 0.750660
11:20:42 PM - INFO - Step  257: total_loss = 1.280136
11:21:12 PM - INFO - Episode 715: Reward= 500.0, Length=500, Loss=1.2801, Memory=35.75
11:21:43 PM - INFO - Episode 716: Reward= 500.0, Length=500, Loss=1.2801, Memory=35.80
11:21:44 PM - INFO - Step  258: train/policy_loss = 0.546881
11:21:44 PM - INFO - Step  258: train/reward_loss = 0.005917
11:21:44 PM - INFO - Step  258: train/value_loss = 1.092241
11:21:44 PM - INFO - Step  258: total_loss = 1.645039
11:21:49 PM - INFO - Episode 717: Reward=  88.0, Length= 88, Loss=1.6450, Memory=35.85
11:21:56 PM - INFO - Episode 718: Reward= 112.0, Length=112, Loss=1.6450, Memory=35.90
11:21:56 PM - INFO - Step  259: train/policy_loss = 0.498465
11:21:56 PM - INFO - Step  259: train/reward_loss = 0.004838
11:21:56 PM - INFO - Step  259: train/value_loss = 0.873693
11:21:56 PM - INFO - Step  259: total_loss = 1.376996
11:22:10 PM - INFO - Episode 719: Reward= 220.0, Length=220, Loss=1.3770, Memory=35.95
11:22:14 PM - INFO - Episode 720: Reward=  57.0, Length= 57, Loss=1.3770, Memory=36.00
11:22:14 PM - INFO - Step  260: train/policy_loss = 0.539946
11:22:14 PM - INFO - Step  260: train/reward_loss = 0.005179
11:22:14 PM - INFO - Step  260: train/value_loss = 0.993104
11:22:14 PM - INFO - Step  260: total_loss = 1.538229
11:22:45 PM - INFO - Episode 721: Reward= 500.0, Length=500, Loss=1.5382, Memory=36.05
11:22:45 PM - INFO - Progress: 36.0% | 0.09 it/s | ETA: 3:55:05
11:23:16 PM - INFO - Episode 722: Reward= 500.0, Length=500, Loss=1.5382, Memory=36.10
11:23:16 PM - INFO - Step  261: train/policy_loss = 0.524086
11:23:16 PM - INFO - Step  261: train/reward_loss = 0.006201
11:23:16 PM - INFO - Step  261: train/value_loss = 1.129056
11:23:16 PM - INFO - Step  261: total_loss = 1.659344
11:23:47 PM - INFO - Episode 723: Reward= 500.0, Length=500, Loss=1.6593, Memory=36.15
11:24:18 PM - INFO - Episode 724: Reward= 500.0, Length=500, Loss=1.6593, Memory=36.20
11:24:18 PM - INFO - Step  262: train/policy_loss = 0.525200
11:24:18 PM - INFO - Step  262: train/reward_loss = 0.004614
11:24:18 PM - INFO - Step  262: train/value_loss = 0.924210
11:24:18 PM - INFO - Step  262: total_loss = 1.454024
11:24:49 PM - INFO - Episode 725: Reward= 500.0, Length=500, Loss=1.4540, Memory=36.25
11:25:20 PM - INFO - Episode 726: Reward= 500.0, Length=500, Loss=1.4540, Memory=36.30
11:25:20 PM - INFO - Step  263: train/policy_loss = 0.524700
11:25:20 PM - INFO - Step  263: train/reward_loss = 0.005897
11:25:20 PM - INFO - Step  263: train/value_loss = 0.979567
11:25:20 PM - INFO - Step  263: total_loss = 1.510164
11:25:45 PM - INFO - Episode 727: Reward= 398.0, Length=398, Loss=1.5102, Memory=36.35
11:26:00 PM - INFO - Episode 728: Reward= 248.0, Length=248, Loss=1.5102, Memory=36.40
11:26:00 PM - INFO - Step  264: train/policy_loss = 0.536013
11:26:00 PM - INFO - Step  264: train/reward_loss = 0.005801
11:26:00 PM - INFO - Step  264: train/value_loss = 0.999606
11:26:00 PM - INFO - Step  264: total_loss = 1.541421
11:26:10 PM - INFO - Episode 729: Reward= 148.0, Length=148, Loss=1.5414, Memory=36.45
11:26:17 PM - INFO - Episode 730: Reward= 112.0, Length=112, Loss=1.5414, Memory=36.50
11:26:17 PM - INFO - Step  265: train/policy_loss = 0.509862
11:26:17 PM - INFO - Step  265: train/reward_loss = 0.005040
11:26:17 PM - INFO - Step  265: train/value_loss = 1.045320
11:26:17 PM - INFO - Step  265: total_loss = 1.560222
11:26:48 PM - INFO - Episode 731: Reward= 500.0, Length=500, Loss=1.5602, Memory=36.55
11:27:15 PM - INFO - Episode 732: Reward= 435.0, Length=435, Loss=1.5602, Memory=36.60
11:27:15 PM - INFO - Step  266: train/policy_loss = 0.525598
11:27:15 PM - INFO - Step  266: train/reward_loss = 0.004097
11:27:15 PM - INFO - Step  266: train/value_loss = 0.744932
11:27:15 PM - INFO - Step  266: total_loss = 1.274628
11:27:46 PM - INFO - Episode 733: Reward= 500.0, Length=500, Loss=1.2746, Memory=36.65
11:27:54 PM - INFO - Episode 734: Reward= 124.0, Length=124, Loss=1.2746, Memory=36.70
11:27:54 PM - INFO - Step  267: train/policy_loss = 0.501515
11:27:54 PM - INFO - Step  267: train/reward_loss = 0.004818
11:27:54 PM - INFO - Step  267: train/value_loss = 1.170965
11:27:54 PM - INFO - Step  267: total_loss = 1.677298
11:28:18 PM - INFO - Episode 735: Reward= 390.0, Length=390, Loss=1.6773, Memory=36.75
11:28:39 PM - INFO - Episode 736: Reward= 337.0, Length=337, Loss=1.6773, Memory=36.80
11:28:39 PM - INFO - Step  268: train/policy_loss = 0.533994
11:28:39 PM - INFO - Step  268: train/reward_loss = 0.004265
11:28:39 PM - INFO - Step  268: train/value_loss = 0.833817
11:28:39 PM - INFO - Step  268: total_loss = 1.372076
11:28:40 PM - INFO - Episode 737: Reward=  11.0, Length= 11, Loss=1.3721, Memory=36.85
11:29:10 PM - INFO - Episode 738: Reward= 500.0, Length=500, Loss=1.3721, Memory=36.90
11:29:11 PM - INFO - Step  269: train/policy_loss = 0.540996
11:29:11 PM - INFO - Step  269: train/reward_loss = 0.006461
11:29:11 PM - INFO - Step  269: train/value_loss = 1.189902
11:29:11 PM - INFO - Step  269: total_loss = 1.737359
11:29:42 PM - INFO - Episode 739: Reward= 500.0, Length=500, Loss=1.7374, Memory=36.95
11:29:51 PM - INFO - Episode 740: Reward= 150.0, Length=150, Loss=1.7374, Memory=37.00
11:29:51 PM - INFO - Step  270: train/policy_loss = 0.483523
11:29:51 PM - INFO - Step  270: train/reward_loss = 0.006538
11:29:51 PM - INFO - Step  270: train/value_loss = 1.125114
11:29:51 PM - INFO - Step  270: total_loss = 1.615176
11:30:02 PM - INFO - Episode 741: Reward= 167.0, Length=167, Loss=1.6152, Memory=37.05
11:30:02 PM - INFO - Progress: 37.0% | 0.05 it/s | ETA: 6:41:17
11:30:20 PM - INFO - Episode 742: Reward= 293.0, Length=293, Loss=1.6152, Memory=37.10
11:30:20 PM - INFO - Step  271: train/policy_loss = 0.528626
11:30:20 PM - INFO - Step  271: train/reward_loss = 0.004509
11:30:20 PM - INFO - Step  271: train/value_loss = 1.206621
11:30:20 PM - INFO - Step  271: total_loss = 1.739755
11:30:36 PM - INFO - Episode 743: Reward= 253.0, Length=253, Loss=1.7398, Memory=37.15
11:31:07 PM - INFO - Episode 744: Reward= 500.0, Length=500, Loss=1.7398, Memory=37.20
11:31:07 PM - INFO - Step  272: train/policy_loss = 0.499785
11:31:07 PM - INFO - Step  272: train/reward_loss = 0.004236
11:31:07 PM - INFO - Step  272: train/value_loss = 0.922547
11:31:07 PM - INFO - Step  272: total_loss = 1.426568
11:31:38 PM - INFO - Episode 745: Reward= 500.0, Length=500, Loss=1.4266, Memory=37.25
11:32:09 PM - INFO - Episode 746: Reward= 500.0, Length=500, Loss=1.4266, Memory=37.30
11:32:09 PM - INFO - Step  273: train/policy_loss = 0.534642
11:32:09 PM - INFO - Step  273: train/reward_loss = 0.004135
11:32:09 PM - INFO - Step  273: train/value_loss = 0.969508
11:32:09 PM - INFO - Step  273: total_loss = 1.508285
11:32:40 PM - INFO - Episode 747: Reward= 500.0, Length=500, Loss=1.5083, Memory=37.35
11:33:11 PM - INFO - Episode 748: Reward= 500.0, Length=500, Loss=1.5083, Memory=37.40
11:33:11 PM - INFO - Step  274: train/policy_loss = 0.516076
11:33:11 PM - INFO - Step  274: train/reward_loss = 0.005015
11:33:11 PM - INFO - Step  274: train/value_loss = 0.736429
11:33:11 PM - INFO - Step  274: total_loss = 1.257519
11:33:14 PM - INFO - Episode 749: Reward=  52.0, Length= 52, Loss=1.2575, Memory=37.45
11:33:16 PM - INFO - Episode 750: Reward=  24.0, Length= 24, Loss=1.2575, Memory=37.50
11:33:16 PM - INFO - Step  275: train/policy_loss = 0.540675
11:33:16 PM - INFO - Step  275: train/reward_loss = 0.004142
11:33:16 PM - INFO - Step  275: train/value_loss = 0.910955
11:33:16 PM - INFO - Step  275: total_loss = 1.455772
11:33:16 PM - INFO - Checkpoint saved to checkpoints/CartPole-v1/20250726_223945/episode_00750.pkl
11:33:17 PM - INFO - Episode 751: Reward=  17.0, Length= 17, Loss=1.4558, Memory=37.55
11:33:19 PM - INFO - Episode 752: Reward=  24.0, Length= 24, Loss=1.4558, Memory=37.60
11:33:19 PM - INFO - Step  276: train/policy_loss = 0.517981
11:33:19 PM - INFO - Step  276: train/reward_loss = 0.005428
11:33:19 PM - INFO - Step  276: train/value_loss = 0.734656
11:33:19 PM - INFO - Step  276: total_loss = 1.258065
11:33:20 PM - INFO - Episode 753: Reward=  15.0, Length= 15, Loss=1.2581, Memory=37.65
11:33:21 PM - INFO - Episode 754: Reward=  13.0, Length= 13, Loss=1.2581, Memory=37.70
11:33:21 PM - INFO - Step  277: train/policy_loss = 0.536043
11:33:21 PM - INFO - Step  277: train/reward_loss = 0.005793
11:33:21 PM - INFO - Step  277: train/value_loss = 1.039737
11:33:21 PM - INFO - Step  277: total_loss = 1.581573
11:33:24 PM - INFO - Episode 755: Reward=  48.0, Length= 48, Loss=1.5816, Memory=37.75
11:33:27 PM - INFO - Episode 756: Reward=  38.0, Length= 38, Loss=1.5816, Memory=37.80
11:33:27 PM - INFO - Step  278: train/policy_loss = 0.513200
11:33:27 PM - INFO - Step  278: train/reward_loss = 0.006134
11:33:27 PM - INFO - Step  278: train/value_loss = 0.946967
11:33:27 PM - INFO - Step  278: total_loss = 1.466302
11:33:55 PM - INFO - Episode 757: Reward= 460.0, Length=460, Loss=1.4663, Memory=37.85
11:33:57 PM - INFO - Episode 758: Reward=  26.0, Length= 26, Loss=1.4663, Memory=37.90
11:33:57 PM - INFO - Step  279: train/policy_loss = 0.545998
11:33:57 PM - INFO - Step  279: train/reward_loss = 0.004873
11:33:57 PM - INFO - Step  279: train/value_loss = 1.220343
11:33:57 PM - INFO - Step  279: total_loss = 1.771214
11:34:05 PM - INFO - Episode 759: Reward= 119.0, Length=119, Loss=1.7712, Memory=37.95
11:34:12 PM - INFO - Episode 760: Reward= 113.0, Length=113, Loss=1.7712, Memory=38.00
11:34:12 PM - INFO - Step  280: train/policy_loss = 0.507551
11:34:12 PM - INFO - Step  280: train/reward_loss = 0.004194
11:34:12 PM - INFO - Step  280: train/value_loss = 1.020693
11:34:12 PM - INFO - Step  280: total_loss = 1.532438
11:34:15 PM - INFO - Episode 761: Reward=  44.0, Length= 44, Loss=1.5324, Memory=38.05
11:34:15 PM - INFO - Progress: 38.0% | 0.13 it/s | ETA: 2:41:42
11:34:33 PM - INFO - Episode 762: Reward= 297.0, Length=297, Loss=1.5324, Memory=38.10
11:34:33 PM - INFO - Step  281: train/policy_loss = 0.539067
11:34:33 PM - INFO - Step  281: train/reward_loss = 0.004694
11:34:33 PM - INFO - Step  281: train/value_loss = 0.949673
11:34:33 PM - INFO - Step  281: total_loss = 1.493433
11:34:48 PM - INFO - Episode 763: Reward= 239.0, Length=239, Loss=1.4934, Memory=38.15
11:34:55 PM - INFO - Episode 764: Reward= 114.0, Length=114, Loss=1.4934, Memory=38.20
11:34:55 PM - INFO - Step  282: train/policy_loss = 0.511936
11:34:55 PM - INFO - Step  282: train/reward_loss = 0.003954
11:34:55 PM - INFO - Step  282: train/value_loss = 1.020524
11:34:55 PM - INFO - Step  282: total_loss = 1.536414
11:35:14 PM - INFO - Episode 765: Reward= 305.0, Length=305, Loss=1.5364, Memory=38.25
11:35:32 PM - INFO - Episode 766: Reward= 296.0, Length=296, Loss=1.5364, Memory=38.30
11:35:33 PM - INFO - Step  283: train/policy_loss = 0.513415
11:35:33 PM - INFO - Step  283: train/reward_loss = 0.003493
11:35:33 PM - INFO - Step  283: train/value_loss = 0.774606
11:35:33 PM - INFO - Step  283: total_loss = 1.291514
11:36:03 PM - INFO - Episode 767: Reward= 500.0, Length=500, Loss=1.2915, Memory=38.35
11:36:34 PM - INFO - Episode 768: Reward= 500.0, Length=500, Loss=1.2915, Memory=38.40
11:36:34 PM - INFO - Step  284: train/policy_loss = 0.551011
11:36:34 PM - INFO - Step  284: train/reward_loss = 0.003717
11:36:34 PM - INFO - Step  284: train/value_loss = 0.971804
11:36:34 PM - INFO - Step  284: total_loss = 1.526531
11:36:41 PM - INFO - Episode 769: Reward= 107.0, Length=107, Loss=1.5265, Memory=38.45
11:36:47 PM - INFO - Episode 770: Reward=  88.0, Length= 88, Loss=1.5265, Memory=38.50
11:36:47 PM - INFO - Step  285: train/policy_loss = 0.497339
11:36:47 PM - INFO - Step  285: train/reward_loss = 0.004097
11:36:47 PM - INFO - Step  285: train/value_loss = 0.859812
11:36:47 PM - INFO - Step  285: total_loss = 1.361248
11:36:48 PM - INFO - Episode 771: Reward=  13.0, Length= 13, Loss=1.3612, Memory=38.55
11:36:50 PM - INFO - Episode 772: Reward=  42.0, Length= 42, Loss=1.3612, Memory=38.60
11:36:51 PM - INFO - Step  286: train/policy_loss = 0.492258
11:36:51 PM - INFO - Step  286: train/reward_loss = 0.004972
11:36:51 PM - INFO - Step  286: train/value_loss = 1.101957
11:36:51 PM - INFO - Step  286: total_loss = 1.599187
11:36:56 PM - INFO - Episode 773: Reward=  79.0, Length= 79, Loss=1.5992, Memory=38.65
11:36:58 PM - INFO - Episode 774: Reward=  29.0, Length= 29, Loss=1.5992, Memory=38.70
11:36:58 PM - INFO - Step  287: train/policy_loss = 0.496671
11:36:58 PM - INFO - Step  287: train/reward_loss = 0.005705
11:36:58 PM - INFO - Step  287: train/value_loss = 0.661372
11:36:58 PM - INFO - Step  287: total_loss = 1.163748
11:37:15 PM - INFO - Episode 775: Reward= 276.0, Length=276, Loss=1.1637, Memory=38.75
11:37:22 PM - INFO - Episode 776: Reward= 119.0, Length=119, Loss=1.1637, Memory=38.80
11:37:22 PM - INFO - Step  288: train/policy_loss = 0.476306
11:37:22 PM - INFO - Step  288: train/reward_loss = 0.005390
11:37:22 PM - INFO - Step  288: train/value_loss = 0.990297
11:37:22 PM - INFO - Step  288: total_loss = 1.471992
11:37:36 PM - INFO - Episode 777: Reward= 218.0, Length=218, Loss=1.4720, Memory=38.85
11:37:59 PM - INFO - Episode 778: Reward= 376.0, Length=376, Loss=1.4720, Memory=38.90
11:38:00 PM - INFO - Step  289: train/policy_loss = 0.477986
11:38:00 PM - INFO - Step  289: train/reward_loss = 0.005405
11:38:00 PM - INFO - Step  289: train/value_loss = 0.887372
11:38:00 PM - INFO - Step  289: total_loss = 1.370764
11:38:15 PM - INFO - Episode 779: Reward= 244.0, Length=244, Loss=1.3708, Memory=38.95
11:38:15 PM - INFO - Episode 780: Reward=  12.0, Length= 12, Loss=1.3708, Memory=39.00
11:38:16 PM - INFO - Step  290: train/policy_loss = 0.519691
11:38:16 PM - INFO - Step  290: train/reward_loss = 0.005024
11:38:16 PM - INFO - Step  290: train/value_loss = 0.844415
11:38:16 PM - INFO - Step  290: total_loss = 1.369131
11:38:32 PM - INFO - Episode 781: Reward= 261.0, Length=261, Loss=1.3691, Memory=39.05
11:38:32 PM - INFO - Progress: 39.0% | 0.10 it/s | ETA: 3:31:36
11:38:40 PM - INFO - Episode 782: Reward= 130.0, Length=130, Loss=1.3691, Memory=39.10
11:38:40 PM - INFO - Step  291: train/policy_loss = 0.499906
11:38:40 PM - INFO - Step  291: train/reward_loss = 0.008072
11:38:40 PM - INFO - Step  291: train/value_loss = 1.000847
11:38:40 PM - INFO - Step  291: total_loss = 1.508825
11:38:50 PM - INFO - Episode 783: Reward= 154.0, Length=154, Loss=1.5088, Memory=39.15
11:39:04 PM - INFO - Episode 784: Reward= 221.0, Length=221, Loss=1.5088, Memory=39.20
11:39:04 PM - INFO - Step  292: train/policy_loss = 0.506266
11:39:04 PM - INFO - Step  292: train/reward_loss = 0.006301
11:39:04 PM - INFO - Step  292: train/value_loss = 1.097874
11:39:04 PM - INFO - Step  292: total_loss = 1.610441
11:39:21 PM - INFO - Episode 785: Reward= 284.0, Length=284, Loss=1.6104, Memory=39.25
11:39:42 PM - INFO - Episode 786: Reward= 328.0, Length=328, Loss=1.6104, Memory=39.30
11:39:42 PM - INFO - Step  293: train/policy_loss = 0.503250
11:39:42 PM - INFO - Step  293: train/reward_loss = 0.006819
11:39:42 PM - INFO - Step  293: train/value_loss = 0.862968
11:39:42 PM - INFO - Step  293: total_loss = 1.373037
11:40:04 PM - INFO - Episode 787: Reward= 359.0, Length=359, Loss=1.3730, Memory=39.35
11:40:26 PM - INFO - Episode 788: Reward= 359.0, Length=359, Loss=1.3730, Memory=39.40
11:40:26 PM - INFO - Step  294: train/policy_loss = 0.523357
11:40:26 PM - INFO - Step  294: train/reward_loss = 0.007027
11:40:26 PM - INFO - Step  294: train/value_loss = 0.865314
11:40:26 PM - INFO - Step  294: total_loss = 1.395699
11:40:41 PM - INFO - Episode 789: Reward= 236.0, Length=236, Loss=1.3957, Memory=39.45
11:40:43 PM - INFO - Episode 790: Reward=  37.0, Length= 37, Loss=1.3957, Memory=39.50
11:40:44 PM - INFO - Step  295: train/policy_loss = 0.498581
11:40:44 PM - INFO - Step  295: train/reward_loss = 0.006155
11:40:44 PM - INFO - Step  295: train/value_loss = 0.629853
11:40:44 PM - INFO - Step  295: total_loss = 1.134589
11:40:56 PM - INFO - Episode 791: Reward= 194.0, Length=194, Loss=1.1346, Memory=39.55
11:41:02 PM - INFO - Episode 792: Reward=  98.0, Length= 98, Loss=1.1346, Memory=39.60
11:41:02 PM - INFO - Step  296: train/policy_loss = 0.531889
11:41:02 PM - INFO - Step  296: train/reward_loss = 0.004786
11:41:02 PM - INFO - Step  296: train/value_loss = 1.110796
11:41:02 PM - INFO - Step  296: total_loss = 1.647470
11:41:13 PM - INFO - Episode 793: Reward= 183.0, Length=183, Loss=1.6475, Memory=39.65
11:41:32 PM - INFO - Episode 794: Reward= 306.0, Length=306, Loss=1.6475, Memory=39.70
11:41:33 PM - INFO - Step  297: train/policy_loss = 0.495116
11:41:33 PM - INFO - Step  297: train/reward_loss = 0.003948
11:41:33 PM - INFO - Step  297: train/value_loss = 0.794638
11:41:33 PM - INFO - Step  297: total_loss = 1.293702
11:41:34 PM - INFO - Episode 795: Reward=  13.0, Length= 13, Loss=1.2937, Memory=39.75
11:41:34 PM - INFO - Episode 796: Reward=  11.0, Length= 11, Loss=1.2937, Memory=39.80
11:41:35 PM - INFO - Step  298: train/policy_loss = 0.490134
11:41:35 PM - INFO - Step  298: train/reward_loss = 0.003300
11:41:35 PM - INFO - Step  298: train/value_loss = 0.815246
11:41:35 PM - INFO - Step  298: total_loss = 1.308680
11:41:57 PM - INFO - Episode 797: Reward= 369.0, Length=369, Loss=1.3087, Memory=39.85
11:42:25 PM - INFO - Episode 798: Reward= 456.0, Length=456, Loss=1.3087, Memory=39.90
11:42:25 PM - INFO - Step  299: train/policy_loss = 0.492279
11:42:25 PM - INFO - Step  299: train/reward_loss = 0.004779
11:42:25 PM - INFO - Step  299: train/value_loss = 0.963894
11:42:25 PM - INFO - Step  299: total_loss = 1.460953
11:42:25 PM - INFO - Updating target network at training step 300
11:42:25 PM - INFO - Target network update completed
11:42:56 PM - INFO - Episode 799: Reward= 500.0, Length=500, Loss=1.4610, Memory=39.95
11:43:27 PM - INFO - Episode 800: Reward= 500.0, Length=500, Loss=1.4610, Memory=40.00
11:43:27 PM - INFO - Step  300: train/policy_loss = 0.553648
11:43:27 PM - INFO - Step  300: train/reward_loss = 0.004349
11:43:27 PM - INFO - Step  300: train/value_loss = 1.475059
11:43:27 PM - INFO - Step  300: total_loss = 2.033056
11:43:27 PM - INFO - Checkpoint saved to checkpoints/CartPole-v1/20250726_223945/episode_00800.pkl
11:43:29 PM - INFO - Episode 801: Reward=  29.0, Length= 29, Loss=2.0331, Memory=40.05
11:43:29 PM - INFO - Progress: 40.0% | 0.04 it/s | ETA: 7:59:12
11:44:00 PM - INFO - Episode 802: Reward= 500.0, Length=500, Loss=2.0331, Memory=40.10
11:44:00 PM - INFO - Step  301: train/policy_loss = 0.519147
11:44:00 PM - INFO - Step  301: train/reward_loss = 0.004512
11:44:00 PM - INFO - Step  301: train/value_loss = 0.868536
11:44:00 PM - INFO - Step  301: total_loss = 1.392195
11:44:19 PM - INFO - Episode 803: Reward= 306.0, Length=306, Loss=1.3922, Memory=40.15
11:44:22 PM - INFO - Episode 804: Reward=  37.0, Length= 37, Loss=1.3922, Memory=40.20
11:44:22 PM - INFO - Step  302: train/policy_loss = 0.496615
11:44:22 PM - INFO - Step  302: train/reward_loss = 0.006405
11:44:22 PM - INFO - Step  302: train/value_loss = 1.249669
11:44:22 PM - INFO - Step  302: total_loss = 1.752689
11:44:29 PM - INFO - Episode 805: Reward= 110.0, Length=110, Loss=1.7527, Memory=40.25
11:44:30 PM - INFO - Episode 806: Reward=  15.0, Length= 15, Loss=1.7527, Memory=40.30
11:44:30 PM - INFO - Step  303: train/policy_loss = 0.508462
11:44:30 PM - INFO - Step  303: train/reward_loss = 0.004002
11:44:30 PM - INFO - Step  303: train/value_loss = 1.115953
11:44:30 PM - INFO - Step  303: total_loss = 1.628417
11:45:01 PM - INFO - Episode 807: Reward= 500.0, Length=500, Loss=1.6284, Memory=40.35
11:45:31 PM - INFO - Episode 808: Reward= 500.0, Length=500, Loss=1.6284, Memory=40.40
11:45:32 PM - INFO - Step  304: train/policy_loss = 0.502686
11:45:32 PM - INFO - Step  304: train/reward_loss = 0.005358
11:45:32 PM - INFO - Step  304: train/value_loss = 1.095046
11:45:32 PM - INFO - Step  304: total_loss = 1.603090
11:45:56 PM - INFO - Episode 809: Reward= 395.0, Length=395, Loss=1.6031, Memory=40.45
11:46:27 PM - INFO - Episode 810: Reward= 500.0, Length=500, Loss=1.6031, Memory=40.50
11:46:27 PM - INFO - Step  305: train/policy_loss = 0.520387
11:46:27 PM - INFO - Step  305: train/reward_loss = 0.003910
11:46:27 PM - INFO - Step  305: train/value_loss = 0.961493
11:46:27 PM - INFO - Step  305: total_loss = 1.485790
11:46:33 PM - INFO - Episode 811: Reward=  92.0, Length= 92, Loss=1.4858, Memory=40.55
11:46:38 PM - INFO - Episode 812: Reward=  74.0, Length= 74, Loss=1.4858, Memory=40.60
11:46:38 PM - INFO - Step  306: train/policy_loss = 0.449531
11:46:38 PM - INFO - Step  306: train/reward_loss = 0.003548
11:46:38 PM - INFO - Step  306: train/value_loss = 0.739084
11:46:38 PM - INFO - Step  306: total_loss = 1.192163
11:46:46 PM - INFO - Episode 813: Reward= 138.0, Length=138, Loss=1.1922, Memory=40.65
11:46:54 PM - INFO - Episode 814: Reward= 124.0, Length=124, Loss=1.1922, Memory=40.70
11:46:54 PM - INFO - Step  307: train/policy_loss = 0.527260
11:46:54 PM - INFO - Step  307: train/reward_loss = 0.003308
11:46:54 PM - INFO - Step  307: train/value_loss = 0.803302
11:46:54 PM - INFO - Step  307: total_loss = 1.333869
11:47:19 PM - INFO - Episode 815: Reward= 398.0, Length=398, Loss=1.3339, Memory=40.75
11:47:26 PM - INFO - Episode 816: Reward= 116.0, Length=116, Loss=1.3339, Memory=40.80
11:47:26 PM - INFO - Step  308: train/policy_loss = 0.497160
11:47:26 PM - INFO - Step  308: train/reward_loss = 0.002825
11:47:26 PM - INFO - Step  308: train/value_loss = 1.018757
11:47:26 PM - INFO - Step  308: total_loss = 1.518741
11:47:43 PM - INFO - Episode 817: Reward= 261.0, Length=261, Loss=1.5187, Memory=40.85
11:47:50 PM - INFO - Episode 818: Reward= 124.0, Length=124, Loss=1.5187, Memory=40.90
11:47:51 PM - INFO - Step  309: train/policy_loss = 0.503807
11:47:51 PM - INFO - Step  309: train/reward_loss = 0.003903
11:47:51 PM - INFO - Step  309: train/value_loss = 0.863608
11:47:51 PM - INFO - Step  309: total_loss = 1.371319
11:48:20 PM - INFO - Episode 819: Reward= 477.0, Length=477, Loss=1.3713, Memory=40.95
11:48:21 PM - INFO - Episode 820: Reward=  11.0, Length= 11, Loss=1.3713, Memory=41.00
11:48:21 PM - INFO - Step  310: train/policy_loss = 0.528232
11:48:21 PM - INFO - Step  310: train/reward_loss = 0.004180
11:48:21 PM - INFO - Step  310: train/value_loss = 1.090657
11:48:21 PM - INFO - Step  310: total_loss = 1.623069
11:48:22 PM - INFO - Episode 821: Reward=  10.0, Length= 10, Loss=1.6231, Memory=41.05
11:48:22 PM - INFO - Progress: 41.0% | 0.08 it/s | ETA: 4:05:05
11:48:22 PM - INFO - Episode 822: Reward=  10.0, Length= 10, Loss=1.6231, Memory=41.10
11:48:23 PM - INFO - Step  311: train/policy_loss = 0.485351
11:48:23 PM - INFO - Step  311: train/reward_loss = 0.003971
11:48:23 PM - INFO - Step  311: train/value_loss = 0.963073
11:48:23 PM - INFO - Step  311: total_loss = 1.452395
11:48:26 PM - INFO - Episode 823: Reward=  51.0, Length= 51, Loss=1.4524, Memory=41.15
11:48:32 PM - INFO - Episode 824: Reward= 104.0, Length=104, Loss=1.4524, Memory=41.20
11:48:33 PM - INFO - Step  312: train/policy_loss = 0.506743
11:48:33 PM - INFO - Step  312: train/reward_loss = 0.004658
11:48:33 PM - INFO - Step  312: train/value_loss = 1.014664
11:48:33 PM - INFO - Step  312: total_loss = 1.526066
11:48:34 PM - INFO - Episode 825: Reward=  22.0, Length= 22, Loss=1.5261, Memory=41.25
11:48:36 PM - INFO - Episode 826: Reward=  31.0, Length= 31, Loss=1.5261, Memory=41.30
11:48:36 PM - INFO - Step  313: train/policy_loss = 0.503877
11:48:36 PM - INFO - Step  313: train/reward_loss = 0.005298
11:48:36 PM - INFO - Step  313: train/value_loss = 0.983373
11:48:36 PM - INFO - Step  313: total_loss = 1.492549
11:48:38 PM - INFO - Episode 827: Reward=  32.0, Length= 32, Loss=1.4925, Memory=41.35
11:48:41 PM - INFO - Episode 828: Reward=  35.0, Length= 35, Loss=1.4925, Memory=41.40
11:48:41 PM - INFO - Step  314: train/policy_loss = 0.507792
11:48:41 PM - INFO - Step  314: train/reward_loss = 0.004934
11:48:41 PM - INFO - Step  314: train/value_loss = 1.002985
11:48:41 PM - INFO - Step  314: total_loss = 1.515712
11:48:42 PM - INFO - Episode 829: Reward=  18.0, Length= 18, Loss=1.5157, Memory=41.45
11:48:44 PM - INFO - Episode 830: Reward=  25.0, Length= 25, Loss=1.5157, Memory=41.50
11:48:44 PM - INFO - Step  315: train/policy_loss = 0.493013
11:48:44 PM - INFO - Step  315: train/reward_loss = 0.003896
11:48:44 PM - INFO - Step  315: train/value_loss = 0.771391
11:48:44 PM - INFO - Step  315: total_loss = 1.268301
11:48:45 PM - INFO - Episode 831: Reward=   9.0, Length=  9, Loss=1.2683, Memory=41.55
11:48:45 PM - INFO - Episode 832: Reward=  10.0, Length= 10, Loss=1.2683, Memory=41.60
11:48:46 PM - INFO - Step  316: train/policy_loss = 0.528411
11:48:46 PM - INFO - Step  316: train/reward_loss = 0.004424
11:48:46 PM - INFO - Step  316: train/value_loss = 1.118118
11:48:46 PM - INFO - Step  316: total_loss = 1.650952
11:48:47 PM - INFO - Episode 833: Reward=  16.0, Length= 16, Loss=1.6510, Memory=41.65
11:48:49 PM - INFO - Episode 834: Reward=  32.0, Length= 32, Loss=1.6510, Memory=41.70
11:48:49 PM - INFO - Step  317: train/policy_loss = 0.532880
11:48:49 PM - INFO - Step  317: train/reward_loss = 0.003965
11:48:49 PM - INFO - Step  317: train/value_loss = 0.743622
11:48:49 PM - INFO - Step  317: total_loss = 1.280467
11:48:56 PM - INFO - Episode 835: Reward= 122.0, Length=122, Loss=1.2805, Memory=41.75
11:49:03 PM - INFO - Episode 836: Reward=  98.0, Length= 98, Loss=1.2805, Memory=41.80
11:49:03 PM - INFO - Step  318: train/policy_loss = 0.518398
11:49:03 PM - INFO - Step  318: train/reward_loss = 0.004269
11:49:03 PM - INFO - Step  318: train/value_loss = 1.463082
11:49:03 PM - INFO - Step  318: total_loss = 1.985749
11:49:09 PM - INFO - Episode 837: Reward=  93.0, Length= 93, Loss=1.9857, Memory=41.85
11:49:15 PM - INFO - Episode 838: Reward= 108.0, Length=108, Loss=1.9857, Memory=41.90
11:49:16 PM - INFO - Step  319: train/policy_loss = 0.517148
11:49:16 PM - INFO - Step  319: train/reward_loss = 0.005267
11:49:16 PM - INFO - Step  319: train/value_loss = 0.784226
11:49:16 PM - INFO - Step  319: total_loss = 1.306641
11:49:17 PM - INFO - Episode 839: Reward=  27.0, Length= 27, Loss=1.3066, Memory=41.95
11:49:20 PM - INFO - Episode 840: Reward=  34.0, Length= 34, Loss=1.3066, Memory=42.00
11:49:20 PM - INFO - Step  320: train/policy_loss = 0.507467
11:49:20 PM - INFO - Step  320: train/reward_loss = 0.006408
11:49:20 PM - INFO - Step  320: train/value_loss = 0.953808
11:49:20 PM - INFO - Step  320: total_loss = 1.467683
11:49:25 PM - INFO - Episode 841: Reward=  82.0, Length= 82, Loss=1.4677, Memory=42.05
11:49:25 PM - INFO - Progress: 42.0% | 0.26 it/s | ETA: 1:13:04
11:49:31 PM - INFO - Episode 842: Reward=  88.0, Length= 88, Loss=1.4677, Memory=42.10
11:49:31 PM - INFO - Step  321: train/policy_loss = 0.514347
11:49:31 PM - INFO - Step  321: train/reward_loss = 0.005638
11:49:31 PM - INFO - Step  321: train/value_loss = 0.798421
11:49:31 PM - INFO - Step  321: total_loss = 1.318405
11:49:32 PM - INFO - Episode 843: Reward=  22.0, Length= 22, Loss=1.3184, Memory=42.15
11:49:33 PM - INFO - Episode 844: Reward=  11.0, Length= 11, Loss=1.3184, Memory=42.20
11:49:33 PM - INFO - Step  322: train/policy_loss = 0.533588
11:49:33 PM - INFO - Step  322: train/reward_loss = 0.004242
11:49:33 PM - INFO - Step  322: train/value_loss = 1.215546
11:49:33 PM - INFO - Step  322: total_loss = 1.753376
11:49:35 PM - INFO - Episode 845: Reward=  27.0, Length= 27, Loss=1.7534, Memory=42.25
11:49:36 PM - INFO - Episode 846: Reward=  14.0, Length= 14, Loss=1.7534, Memory=42.30
11:49:36 PM - INFO - Step  323: train/policy_loss = 0.530066
11:49:36 PM - INFO - Step  323: train/reward_loss = 0.004530
11:49:36 PM - INFO - Step  323: train/value_loss = 1.273087
11:49:36 PM - INFO - Step  323: total_loss = 1.807683
11:49:38 PM - INFO - Episode 847: Reward=  24.0, Length= 24, Loss=1.8077, Memory=42.35
11:49:39 PM - INFO - Episode 848: Reward=  27.0, Length= 27, Loss=1.8077, Memory=42.40
11:49:40 PM - INFO - Step  324: train/policy_loss = 0.496470
11:49:40 PM - INFO - Step  324: train/reward_loss = 0.003520
11:49:40 PM - INFO - Step  324: train/value_loss = 0.881916
11:49:40 PM - INFO - Step  324: total_loss = 1.381906
11:49:42 PM - INFO - Episode 849: Reward=  33.0, Length= 33, Loss=1.3819, Memory=42.45
11:49:43 PM - INFO - Episode 850: Reward=  13.0, Length= 13, Loss=1.3819, Memory=42.50
11:49:43 PM - INFO - Step  325: train/policy_loss = 0.493324
11:49:43 PM - INFO - Step  325: train/reward_loss = 0.003172
11:49:43 PM - INFO - Step  325: train/value_loss = 0.893444
11:49:43 PM - INFO - Step  325: total_loss = 1.389939
11:49:43 PM - INFO - Checkpoint saved to checkpoints/CartPole-v1/20250726_223945/episode_00850.pkl
11:49:44 PM - INFO - Episode 851: Reward=  10.0, Length= 10, Loss=1.3899, Memory=42.55
11:49:45 PM - INFO - Episode 852: Reward=  27.0, Length= 27, Loss=1.3899, Memory=42.60
11:49:46 PM - INFO - Step  326: train/policy_loss = 0.524790
11:49:46 PM - INFO - Step  326: train/reward_loss = 0.005101
11:49:46 PM - INFO - Step  326: train/value_loss = 0.850644
11:49:46 PM - INFO - Step  326: total_loss = 1.380535
11:49:48 PM - INFO - Episode 853: Reward=  37.0, Length= 37, Loss=1.3805, Memory=42.65
11:49:49 PM - INFO - Episode 854: Reward=  10.0, Length= 10, Loss=1.3805, Memory=42.70
11:49:49 PM - INFO - Step  327: train/policy_loss = 0.539101
11:49:49 PM - INFO - Step  327: train/reward_loss = 0.004606
11:49:49 PM - INFO - Step  327: train/value_loss = 1.309634
11:49:49 PM - INFO - Step  327: total_loss = 1.853342
11:49:50 PM - INFO - Episode 855: Reward=  10.0, Length= 10, Loss=1.8533, Memory=42.75
11:50:00 PM - INFO - Episode 856: Reward= 175.0, Length=175, Loss=1.8533, Memory=42.80
11:50:01 PM - INFO - Step  328: train/policy_loss = 0.517233
11:50:01 PM - INFO - Step  328: train/reward_loss = 0.004987
11:50:01 PM - INFO - Step  328: train/value_loss = 0.864515
11:50:01 PM - INFO - Step  328: total_loss = 1.386736
11:50:01 PM - INFO - Episode 857: Reward=  11.0, Length= 11, Loss=1.3867, Memory=42.85
11:50:02 PM - INFO - Episode 858: Reward=   9.0, Length=  9, Loss=1.3867, Memory=42.90
11:50:02 PM - INFO - Step  329: train/policy_loss = 0.495259
11:50:02 PM - INFO - Step  329: train/reward_loss = 0.004500
11:50:02 PM - INFO - Step  329: train/value_loss = 1.045379
11:50:02 PM - INFO - Step  329: total_loss = 1.545138
11:50:03 PM - INFO - Episode 859: Reward=   9.0, Length=  9, Loss=1.5451, Memory=42.95
11:50:07 PM - INFO - Episode 860: Reward=  59.0, Length= 59, Loss=1.5451, Memory=43.00
11:50:07 PM - INFO - Step  330: train/policy_loss = 0.440983
11:50:07 PM - INFO - Step  330: train/reward_loss = 0.003585
11:50:07 PM - INFO - Step  330: train/value_loss = 0.969105
11:50:07 PM - INFO - Step  330: total_loss = 1.413673
11:50:09 PM - INFO - Episode 861: Reward=  31.0, Length= 31, Loss=1.4137, Memory=43.05
11:50:09 PM - INFO - Progress: 43.0% | 0.39 it/s | ETA: 48:20
11:50:11 PM - INFO - Episode 862: Reward=  31.0, Length= 31, Loss=1.4137, Memory=43.10
11:50:11 PM - INFO - Step  331: train/policy_loss = 0.474411
11:50:11 PM - INFO - Step  331: train/reward_loss = 0.004002
11:50:11 PM - INFO - Step  331: train/value_loss = 0.874052
11:50:11 PM - INFO - Step  331: total_loss = 1.352465
11:50:12 PM - INFO - Episode 863: Reward=  17.0, Length= 17, Loss=1.3525, Memory=43.15
11:50:14 PM - INFO - Episode 864: Reward=  21.0, Length= 21, Loss=1.3525, Memory=43.20
11:50:14 PM - INFO - Step  332: train/policy_loss = 0.512900
11:50:14 PM - INFO - Step  332: train/reward_loss = 0.004859
11:50:14 PM - INFO - Step  332: train/value_loss = 0.997113
11:50:14 PM - INFO - Step  332: total_loss = 1.514873
11:50:15 PM - INFO - Episode 865: Reward=  21.0, Length= 21, Loss=1.5149, Memory=43.25
11:50:16 PM - INFO - Episode 866: Reward=  15.0, Length= 15, Loss=1.5149, Memory=43.30
11:50:17 PM - INFO - Step  333: train/policy_loss = 0.502270
11:50:17 PM - INFO - Step  333: train/reward_loss = 0.005555
11:50:17 PM - INFO - Step  333: train/value_loss = 1.018859
11:50:17 PM - INFO - Step  333: total_loss = 1.526684
11:50:18 PM - INFO - Episode 867: Reward=  18.0, Length= 18, Loss=1.5267, Memory=43.35
11:50:19 PM - INFO - Episode 868: Reward=  18.0, Length= 18, Loss=1.5267, Memory=43.40
11:50:19 PM - INFO - Step  334: train/policy_loss = 0.508879
11:50:19 PM - INFO - Step  334: train/reward_loss = 0.004469
11:50:19 PM - INFO - Step  334: train/value_loss = 0.846298
11:50:19 PM - INFO - Step  334: total_loss = 1.359646
11:50:21 PM - INFO - Episode 869: Reward=  24.0, Length= 24, Loss=1.3596, Memory=43.45
11:50:21 PM - INFO - Episode 870: Reward=  10.0, Length= 10, Loss=1.3596, Memory=43.50
11:50:22 PM - INFO - Step  335: train/policy_loss = 0.523751
11:50:22 PM - INFO - Step  335: train/reward_loss = 0.004980
11:50:22 PM - INFO - Step  335: train/value_loss = 1.157323
11:50:22 PM - INFO - Step  335: total_loss = 1.686053
11:50:24 PM - INFO - Episode 871: Reward=  29.0, Length= 29, Loss=1.6861, Memory=43.55
11:50:28 PM - INFO - Episode 872: Reward=  74.0, Length= 74, Loss=1.6861, Memory=43.60
11:50:28 PM - INFO - Step  336: train/policy_loss = 0.499611
11:50:28 PM - INFO - Step  336: train/reward_loss = 0.003911
11:50:28 PM - INFO - Step  336: train/value_loss = 0.557621
11:50:28 PM - INFO - Step  336: total_loss = 1.061144
11:50:29 PM - INFO - Episode 873: Reward=  13.0, Length= 13, Loss=1.0611, Memory=43.65
11:50:33 PM - INFO - Episode 874: Reward=  62.0, Length= 62, Loss=1.0611, Memory=43.70
11:50:33 PM - INFO - Step  337: train/policy_loss = 0.486993
11:50:33 PM - INFO - Step  337: train/reward_loss = 0.003748
11:50:33 PM - INFO - Step  337: train/value_loss = 0.916422
11:50:33 PM - INFO - Step  337: total_loss = 1.407162
11:50:36 PM - INFO - Episode 875: Reward=  32.0, Length= 32, Loss=1.4072, Memory=43.75
11:50:36 PM - INFO - Episode 876: Reward=  11.0, Length= 11, Loss=1.4072, Memory=43.80
11:50:37 PM - INFO - Step  338: train/policy_loss = 0.505139
11:50:37 PM - INFO - Step  338: train/reward_loss = 0.003975
11:50:37 PM - INFO - Step  338: train/value_loss = 0.744774
11:50:37 PM - INFO - Step  338: total_loss = 1.253888
11:50:37 PM - INFO - Episode 877: Reward=  11.0, Length= 11, Loss=1.2539, Memory=43.85
11:50:41 PM - INFO - Episode 878: Reward=  52.0, Length= 52, Loss=1.2539, Memory=43.90
11:50:41 PM - INFO - Step  339: train/policy_loss = 0.487606
11:50:41 PM - INFO - Step  339: train/reward_loss = 0.004222
11:50:41 PM - INFO - Step  339: train/value_loss = 0.847104
11:50:41 PM - INFO - Step  339: total_loss = 1.338933
11:50:43 PM - INFO - Episode 879: Reward=  29.0, Length= 29, Loss=1.3389, Memory=43.95
11:50:47 PM - INFO - Episode 880: Reward=  62.0, Length= 62, Loss=1.3389, Memory=44.00
11:50:47 PM - INFO - Step  340: train/policy_loss = 0.426710
11:50:47 PM - INFO - Step  340: train/reward_loss = 0.005552
11:50:47 PM - INFO - Step  340: train/value_loss = 0.943046
11:50:47 PM - INFO - Step  340: total_loss = 1.375307
11:50:51 PM - INFO - Episode 881: Reward=  65.0, Length= 65, Loss=1.3753, Memory=44.05
11:50:51 PM - INFO - Progress: 44.0% | 0.36 it/s | ETA: 51:16
11:50:54 PM - INFO - Episode 882: Reward=  52.0, Length= 52, Loss=1.3753, Memory=44.10
11:50:55 PM - INFO - Step  341: train/policy_loss = 0.513907
11:50:55 PM - INFO - Step  341: train/reward_loss = 0.004459
11:50:55 PM - INFO - Step  341: train/value_loss = 0.780608
11:50:55 PM - INFO - Step  341: total_loss = 1.298974
11:50:55 PM - INFO - Episode 883: Reward=  11.0, Length= 11, Loss=1.2990, Memory=44.15
11:50:58 PM - INFO - Episode 884: Reward=  40.0, Length= 40, Loss=1.2990, Memory=44.20
11:50:58 PM - INFO - Step  342: train/policy_loss = 0.470094
11:50:58 PM - INFO - Step  342: train/reward_loss = 0.003817
11:50:58 PM - INFO - Step  342: train/value_loss = 0.624848
11:50:58 PM - INFO - Step  342: total_loss = 1.098759
11:51:02 PM - INFO - Episode 885: Reward=  59.0, Length= 59, Loss=1.0988, Memory=44.25
11:51:12 PM - INFO - Episode 886: Reward= 162.0, Length=162, Loss=1.0988, Memory=44.30
11:51:12 PM - INFO - Step  343: train/policy_loss = 0.515821
11:51:12 PM - INFO - Step  343: train/reward_loss = 0.003703
11:51:12 PM - INFO - Step  343: train/value_loss = 1.341096
11:51:12 PM - INFO - Step  343: total_loss = 1.860619
11:51:21 PM - INFO - Episode 887: Reward= 150.0, Length=150, Loss=1.8606, Memory=44.35
11:51:30 PM - INFO - Episode 888: Reward= 143.0, Length=143, Loss=1.8606, Memory=44.40
11:51:31 PM - INFO - Step  344: train/policy_loss = 0.481583
11:51:31 PM - INFO - Step  344: train/reward_loss = 0.003623
11:51:31 PM - INFO - Step  344: train/value_loss = 0.975042
11:51:31 PM - INFO - Step  344: total_loss = 1.460248
11:51:31 PM - INFO - Episode 889: Reward=  10.0, Length= 10, Loss=1.4602, Memory=44.45
11:51:32 PM - INFO - Episode 890: Reward=   9.0, Length=  9, Loss=1.4602, Memory=44.50
11:51:32 PM - INFO - Step  345: train/policy_loss = 0.532618
11:51:32 PM - INFO - Step  345: train/reward_loss = 0.005495
11:51:32 PM - INFO - Step  345: train/value_loss = 0.952809
11:51:32 PM - INFO - Step  345: total_loss = 1.490922
11:51:33 PM - INFO - Episode 891: Reward=  10.0, Length= 10, Loss=1.4909, Memory=44.55
11:51:39 PM - INFO - Episode 892: Reward=  99.0, Length= 99, Loss=1.4909, Memory=44.60
11:51:39 PM - INFO - Step  346: train/policy_loss = 0.470034
11:51:39 PM - INFO - Step  346: train/reward_loss = 0.003949
11:51:39 PM - INFO - Step  346: train/value_loss = 0.708164
11:51:39 PM - INFO - Step  346: total_loss = 1.182146
11:51:53 PM - INFO - Episode 893: Reward= 228.0, Length=228, Loss=1.1821, Memory=44.65
11:51:58 PM - INFO - Episode 894: Reward=  70.0, Length= 70, Loss=1.1821, Memory=44.70
11:51:58 PM - INFO - Step  347: train/policy_loss = 0.458737
11:51:58 PM - INFO - Step  347: train/reward_loss = 0.003427
11:51:58 PM - INFO - Step  347: train/value_loss = 0.846210
11:51:58 PM - INFO - Step  347: total_loss = 1.308374
11:52:27 PM - INFO - Episode 895: Reward= 471.0, Length=471, Loss=1.3084, Memory=44.75
11:52:58 PM - INFO - Episode 896: Reward= 500.0, Length=500, Loss=1.3084, Memory=44.80
11:52:58 PM - INFO - Step  348: train/policy_loss = 0.510491
11:52:58 PM - INFO - Step  348: train/reward_loss = 0.004158
11:52:58 PM - INFO - Step  348: train/value_loss = 1.216372
11:52:58 PM - INFO - Step  348: total_loss = 1.731021
11:53:20 PM - INFO - Episode 897: Reward= 358.0, Length=358, Loss=1.7310, Memory=44.85
11:53:31 PM - INFO - Episode 898: Reward= 172.0, Length=172, Loss=1.7310, Memory=44.90
11:53:31 PM - INFO - Step  349: train/policy_loss = 0.511352
11:53:31 PM - INFO - Step  349: train/reward_loss = 0.005212
11:53:31 PM - INFO - Step  349: train/value_loss = 1.268765
11:53:31 PM - INFO - Step  349: total_loss = 1.785329
11:54:02 PM - INFO - Episode 899: Reward= 500.0, Length=500, Loss=1.7853, Memory=44.95
11:54:06 PM - INFO - Episode 900: Reward=  68.0, Length= 68, Loss=1.7853, Memory=45.00
11:54:07 PM - INFO - Step  350: train/policy_loss = 0.511349
11:54:07 PM - INFO - Step  350: train/reward_loss = 0.004261
11:54:07 PM - INFO - Step  350: train/value_loss = 1.245958
11:54:07 PM - INFO - Step  350: total_loss = 1.761568
11:54:07 PM - INFO - Checkpoint saved to checkpoints/CartPole-v1/20250726_223945/episode_00900.pkl
11:54:09 PM - INFO - Episode 901: Reward=  43.0, Length= 43, Loss=1.7616, Memory=45.05
11:54:09 PM - INFO - Progress: 45.0% | 0.06 it/s | ETA: 4:56:12
11:54:12 PM - INFO - Episode 902: Reward=  46.0, Length= 46, Loss=1.7616, Memory=45.10
11:54:12 PM - INFO - Step  351: train/policy_loss = 0.506841
11:54:12 PM - INFO - Step  351: train/reward_loss = 0.005063
11:54:12 PM - INFO - Step  351: train/value_loss = 0.993345
11:54:12 PM - INFO - Step  351: total_loss = 1.505250
11:54:13 PM - INFO - Episode 903: Reward=  13.0, Length= 13, Loss=1.5052, Memory=45.15
11:54:16 PM - INFO - Episode 904: Reward=  39.0, Length= 39, Loss=1.5052, Memory=45.20
11:54:16 PM - INFO - Step  352: train/policy_loss = 0.486641
11:54:16 PM - INFO - Step  352: train/reward_loss = 0.005327
11:54:16 PM - INFO - Step  352: train/value_loss = 1.330250
11:54:16 PM - INFO - Step  352: total_loss = 1.822218
11:54:47 PM - INFO - Episode 905: Reward= 500.0, Length=500, Loss=1.8222, Memory=45.25
11:55:17 PM - INFO - Episode 906: Reward= 500.0, Length=500, Loss=1.8222, Memory=45.30
11:55:18 PM - INFO - Step  353: train/policy_loss = 0.493533
11:55:18 PM - INFO - Step  353: train/reward_loss = 0.004458
11:55:18 PM - INFO - Step  353: train/value_loss = 1.078141
11:55:18 PM - INFO - Step  353: total_loss = 1.576131
11:55:31 PM - INFO - Episode 907: Reward= 212.0, Length=212, Loss=1.5761, Memory=45.35
11:56:02 PM - INFO - Episode 908: Reward= 500.0, Length=500, Loss=1.5761, Memory=45.40
11:56:02 PM - INFO - Step  354: train/policy_loss = 0.488741
11:56:02 PM - INFO - Step  354: train/reward_loss = 0.004778
11:56:02 PM - INFO - Step  354: train/value_loss = 1.013044
11:56:02 PM - INFO - Step  354: total_loss = 1.506563
11:56:33 PM - INFO - Episode 909: Reward= 500.0, Length=500, Loss=1.5066, Memory=45.45
11:57:03 PM - INFO - Episode 910: Reward= 500.0, Length=500, Loss=1.5066, Memory=45.50
11:57:04 PM - INFO - Step  355: train/policy_loss = 0.497551
11:57:04 PM - INFO - Step  355: train/reward_loss = 0.004076
11:57:04 PM - INFO - Step  355: train/value_loss = 0.812597
11:57:04 PM - INFO - Step  355: total_loss = 1.314224
11:57:35 PM - INFO - Episode 911: Reward= 500.0, Length=500, Loss=1.3142, Memory=45.55
11:58:05 PM - INFO - Episode 912: Reward= 500.0, Length=500, Loss=1.3142, Memory=45.60
11:58:05 PM - INFO - Step  356: train/policy_loss = 0.505544
11:58:05 PM - INFO - Step  356: train/reward_loss = 0.006503
11:58:05 PM - INFO - Step  356: train/value_loss = 1.177246
11:58:05 PM - INFO - Step  356: total_loss = 1.689294
11:58:36 PM - INFO - Episode 913: Reward= 500.0, Length=500, Loss=1.6893, Memory=45.65
11:59:07 PM - INFO - Episode 914: Reward= 500.0, Length=500, Loss=1.6893, Memory=45.70
11:59:07 PM - INFO - Step  357: train/policy_loss = 0.475612
11:59:07 PM - INFO - Step  357: train/reward_loss = 0.005934
11:59:07 PM - INFO - Step  357: train/value_loss = 0.937853
11:59:07 PM - INFO - Step  357: total_loss = 1.419399
11:59:38 PM - INFO - Episode 915: Reward= 500.0, Length=500, Loss=1.4194, Memory=45.75
11:59:45 PM - INFO - Episode 916: Reward= 113.0, Length=113, Loss=1.4194, Memory=45.80
11:59:45 PM - INFO - Step  358: train/policy_loss = 0.484567
11:59:45 PM - INFO - Step  358: train/reward_loss = 0.004133
11:59:45 PM - INFO - Step  358: train/value_loss = 0.679580
11:59:45 PM - INFO - Step  358: total_loss = 1.168280
12:00:16 AM - INFO - Episode 917: Reward= 500.0, Length=500, Loss=1.1683, Memory=45.85
12:00:47 AM - INFO - Episode 918: Reward= 500.0, Length=500, Loss=1.1683, Memory=45.90
12:00:47 AM - INFO - Step  359: train/policy_loss = 0.464994
12:00:47 AM - INFO - Step  359: train/reward_loss = 0.004430
12:00:47 AM - INFO - Step  359: train/value_loss = 0.746183
12:00:47 AM - INFO - Step  359: total_loss = 1.215608
12:01:18 AM - INFO - Episode 919: Reward= 500.0, Length=500, Loss=1.2156, Memory=45.95
12:01:48 AM - INFO - Episode 920: Reward= 500.0, Length=500, Loss=1.2156, Memory=46.00
12:01:49 AM - INFO - Step  360: train/policy_loss = 0.476886
12:01:49 AM - INFO - Step  360: train/reward_loss = 0.003990
12:01:49 AM - INFO - Step  360: train/value_loss = 0.871403
12:01:49 AM - INFO - Step  360: total_loss = 1.352279
12:02:20 AM - INFO - Episode 921: Reward= 500.0, Length=500, Loss=1.3523, Memory=46.05
12:02:20 AM - INFO - Progress: 46.0% | 0.03 it/s | ETA: 8:43:28
12:02:51 AM - INFO - Episode 922: Reward= 500.0, Length=500, Loss=1.3523, Memory=46.10
12:02:51 AM - INFO - Step  361: train/policy_loss = 0.528298
12:02:51 AM - INFO - Step  361: train/reward_loss = 0.004093
12:02:51 AM - INFO - Step  361: train/value_loss = 1.369447
12:02:51 AM - INFO - Step  361: total_loss = 1.901838
12:03:22 AM - INFO - Episode 923: Reward= 500.0, Length=500, Loss=1.9018, Memory=46.15
12:03:53 AM - INFO - Episode 924: Reward= 500.0, Length=500, Loss=1.9018, Memory=46.20
12:03:53 AM - INFO - Step  362: train/policy_loss = 0.468002
12:03:53 AM - INFO - Step  362: train/reward_loss = 0.003674
12:03:53 AM - INFO - Step  362: train/value_loss = 0.888462
12:03:53 AM - INFO - Step  362: total_loss = 1.360138
12:04:24 AM - INFO - Episode 925: Reward= 500.0, Length=500, Loss=1.3601, Memory=46.25
12:04:54 AM - INFO - Episode 926: Reward= 500.0, Length=500, Loss=1.3601, Memory=46.30
12:04:55 AM - INFO - Step  363: train/policy_loss = 0.489818
12:04:55 AM - INFO - Step  363: train/reward_loss = 0.005723
12:04:55 AM - INFO - Step  363: train/value_loss = 1.193605
12:04:55 AM - INFO - Step  363: total_loss = 1.689146
12:05:25 AM - INFO - Episode 927: Reward= 500.0, Length=500, Loss=1.6891, Memory=46.35
12:05:56 AM - INFO - Episode 928: Reward= 500.0, Length=500, Loss=1.6891, Memory=46.40
12:05:57 AM - INFO - Step  364: train/policy_loss = 0.451395
12:05:57 AM - INFO - Step  364: train/reward_loss = 0.002980
12:05:57 AM - INFO - Step  364: train/value_loss = 0.991959
12:05:57 AM - INFO - Step  364: total_loss = 1.446334
12:06:28 AM - INFO - Episode 929: Reward= 500.0, Length=500, Loss=1.4463, Memory=46.45
12:06:58 AM - INFO - Episode 930: Reward= 500.0, Length=500, Loss=1.4463, Memory=46.50
12:06:59 AM - INFO - Step  365: train/policy_loss = 0.515008
12:06:59 AM - INFO - Step  365: train/reward_loss = 0.004534
12:06:59 AM - INFO - Step  365: train/value_loss = 0.925264
12:06:59 AM - INFO - Step  365: total_loss = 1.444806
12:07:30 AM - INFO - Episode 931: Reward= 500.0, Length=500, Loss=1.4448, Memory=46.55
12:07:50 AM - INFO - Episode 932: Reward= 330.0, Length=330, Loss=1.4448, Memory=46.60
12:07:50 AM - INFO - Step  366: train/policy_loss = 0.522684
12:07:50 AM - INFO - Step  366: train/reward_loss = 0.006370
12:07:50 AM - INFO - Step  366: train/value_loss = 0.872222
12:07:50 AM - INFO - Step  366: total_loss = 1.401276
12:08:06 AM - INFO - Episode 933: Reward= 253.0, Length=253, Loss=1.4013, Memory=46.65
12:08:37 AM - INFO - Episode 934: Reward= 500.0, Length=500, Loss=1.4013, Memory=46.70
12:08:37 AM - INFO - Step  367: train/policy_loss = 0.469816
12:08:37 AM - INFO - Step  367: train/reward_loss = 0.004051
12:08:37 AM - INFO - Step  367: train/value_loss = 0.836120
12:08:37 AM - INFO - Step  367: total_loss = 1.309987
12:09:00 AM - INFO - Episode 935: Reward= 365.0, Length=365, Loss=1.3100, Memory=46.75
12:09:14 AM - INFO - Episode 936: Reward= 226.0, Length=226, Loss=1.3100, Memory=46.80
12:09:14 AM - INFO - Step  368: train/policy_loss = 0.539575
12:09:14 AM - INFO - Step  368: train/reward_loss = 0.003738
12:09:14 AM - INFO - Step  368: train/value_loss = 1.251033
12:09:14 AM - INFO - Step  368: total_loss = 1.794347
12:09:45 AM - INFO - Episode 937: Reward= 500.0, Length=500, Loss=1.7943, Memory=46.85
12:10:16 AM - INFO - Episode 938: Reward= 500.0, Length=500, Loss=1.7943, Memory=46.90
12:10:16 AM - INFO - Step  369: train/policy_loss = 0.491493
12:10:16 AM - INFO - Step  369: train/reward_loss = 0.004905
12:10:16 AM - INFO - Step  369: train/value_loss = 1.077327
12:10:16 AM - INFO - Step  369: total_loss = 1.573725
12:10:47 AM - INFO - Episode 939: Reward= 500.0, Length=500, Loss=1.5737, Memory=46.95
12:11:17 AM - INFO - Episode 940: Reward= 500.0, Length=500, Loss=1.5737, Memory=47.00
12:11:18 AM - INFO - Step  370: train/policy_loss = 0.471021
12:11:18 AM - INFO - Step  370: train/reward_loss = 0.003279
12:11:18 AM - INFO - Step  370: train/value_loss = 0.916458
12:11:18 AM - INFO - Step  370: total_loss = 1.390758
12:11:49 AM - INFO - Episode 941: Reward= 500.0, Length=500, Loss=1.3908, Memory=47.05
12:11:49 AM - INFO - Progress: 47.0% | 0.03 it/s | ETA: 8:28:01
12:12:19 AM - INFO - Episode 942: Reward= 500.0, Length=500, Loss=1.3908, Memory=47.10
12:12:20 AM - INFO - Step  371: train/policy_loss = 0.508690
12:12:20 AM - INFO - Step  371: train/reward_loss = 0.004859
12:12:20 AM - INFO - Step  371: train/value_loss = 0.990824
12:12:20 AM - INFO - Step  371: total_loss = 1.504373
12:12:51 AM - INFO - Episode 943: Reward= 500.0, Length=500, Loss=1.5044, Memory=47.15
12:13:21 AM - INFO - Episode 944: Reward= 500.0, Length=500, Loss=1.5044, Memory=47.20
12:13:22 AM - INFO - Step  372: train/policy_loss = 0.515005
12:13:22 AM - INFO - Step  372: train/reward_loss = 0.005276
12:13:22 AM - INFO - Step  372: train/value_loss = 1.109093
12:13:22 AM - INFO - Step  372: total_loss = 1.629373
12:13:53 AM - INFO - Episode 945: Reward= 500.0, Length=500, Loss=1.6294, Memory=47.25
12:14:23 AM - INFO - Episode 946: Reward= 500.0, Length=500, Loss=1.6294, Memory=47.30
12:14:24 AM - INFO - Step  373: train/policy_loss = 0.479903
12:14:24 AM - INFO - Step  373: train/reward_loss = 0.004961
12:14:24 AM - INFO - Step  373: train/value_loss = 1.054306
12:14:24 AM - INFO - Step  373: total_loss = 1.539169
12:14:54 AM - INFO - Episode 947: Reward= 500.0, Length=500, Loss=1.5392, Memory=47.35
12:15:25 AM - INFO - Episode 948: Reward= 500.0, Length=500, Loss=1.5392, Memory=47.40
12:15:25 AM - INFO - Step  374: train/policy_loss = 0.513828
12:15:25 AM - INFO - Step  374: train/reward_loss = 0.006247
12:15:25 AM - INFO - Step  374: train/value_loss = 1.519005
12:15:25 AM - INFO - Step  374: total_loss = 2.039080
12:15:56 AM - INFO - Episode 949: Reward= 500.0, Length=500, Loss=2.0391, Memory=47.45
12:16:27 AM - INFO - Episode 950: Reward= 500.0, Length=500, Loss=2.0391, Memory=47.50
12:16:27 AM - INFO - Step  375: train/policy_loss = 0.491388
12:16:27 AM - INFO - Step  375: train/reward_loss = 0.003812
12:16:27 AM - INFO - Step  375: train/value_loss = 0.856730
12:16:27 AM - INFO - Step  375: total_loss = 1.351929
12:16:27 AM - INFO - Checkpoint saved to checkpoints/CartPole-v1/20250726_223945/episode_00950.pkl
12:16:58 AM - INFO - Episode 951: Reward= 500.0, Length=500, Loss=1.3519, Memory=47.55
12:17:29 AM - INFO - Episode 952: Reward= 500.0, Length=500, Loss=1.3519, Memory=47.60
12:17:29 AM - INFO - Step  376: train/policy_loss = 0.492218
12:17:29 AM - INFO - Step  376: train/reward_loss = 0.008098
12:17:29 AM - INFO - Step  376: train/value_loss = 1.168134
12:17:29 AM - INFO - Step  376: total_loss = 1.668450
12:17:44 AM - INFO - Episode 953: Reward= 243.0, Length=243, Loss=1.6685, Memory=47.65
12:18:02 AM - INFO - Episode 954: Reward= 292.0, Length=292, Loss=1.6685, Memory=47.70
12:18:02 AM - INFO - Step  377: train/policy_loss = 0.459049
12:18:02 AM - INFO - Step  377: train/reward_loss = 0.010749
12:18:02 AM - INFO - Step  377: train/value_loss = 0.879618
12:18:02 AM - INFO - Step  377: total_loss = 1.349416
12:18:16 AM - INFO - Episode 955: Reward= 219.0, Length=219, Loss=1.3494, Memory=47.75
12:18:27 AM - INFO - Episode 956: Reward= 181.0, Length=181, Loss=1.3494, Memory=47.80
12:18:27 AM - INFO - Step  378: train/policy_loss = 0.477724
12:18:27 AM - INFO - Step  378: train/reward_loss = 0.009206
12:18:27 AM - INFO - Step  378: train/value_loss = 0.987582
12:18:27 AM - INFO - Step  378: total_loss = 1.474511
12:18:42 AM - INFO - Episode 957: Reward= 233.0, Length=233, Loss=1.4745, Memory=47.85
12:18:43 AM - INFO - Episode 958: Reward=  11.0, Length= 11, Loss=1.4745, Memory=47.90
12:18:43 AM - INFO - Step  379: train/policy_loss = 0.526412
12:18:43 AM - INFO - Step  379: train/reward_loss = 0.010712
12:18:43 AM - INFO - Step  379: train/value_loss = 1.429047
12:18:43 AM - INFO - Step  379: total_loss = 1.966171
12:19:02 AM - INFO - Episode 959: Reward= 313.0, Length=313, Loss=1.9662, Memory=47.95
12:19:17 AM - INFO - Episode 960: Reward= 239.0, Length=239, Loss=1.9662, Memory=48.00
12:19:17 AM - INFO - Step  380: train/policy_loss = 0.501240
12:19:17 AM - INFO - Step  380: train/reward_loss = 0.004596
12:19:17 AM - INFO - Step  380: train/value_loss = 0.898911
12:19:17 AM - INFO - Step  380: total_loss = 1.404748
12:19:48 AM - INFO - Episode 961: Reward= 500.0, Length=500, Loss=1.4047, Memory=48.05
12:19:48 AM - INFO - Progress: 48.0% | 0.07 it/s | ETA: 4:11:49
12:20:19 AM - INFO - Episode 962: Reward= 500.0, Length=500, Loss=1.4047, Memory=48.10
12:20:19 AM - INFO - Step  381: train/policy_loss = 0.513508
12:20:19 AM - INFO - Step  381: train/reward_loss = 0.003885
12:20:19 AM - INFO - Step  381: train/value_loss = 0.925689
12:20:19 AM - INFO - Step  381: total_loss = 1.443082
12:20:25 AM - INFO - Episode 963: Reward=  97.0, Length= 97, Loss=1.4431, Memory=48.15
12:20:26 AM - INFO - Episode 964: Reward=  14.0, Length= 14, Loss=1.4431, Memory=48.20
12:20:27 AM - INFO - Step  382: train/policy_loss = 0.482297
12:20:27 AM - INFO - Step  382: train/reward_loss = 0.005331
12:20:27 AM - INFO - Step  382: train/value_loss = 1.220003
12:20:27 AM - INFO - Step  382: total_loss = 1.707632
12:20:27 AM - INFO - Episode 965: Reward=  10.0, Length= 10, Loss=1.7076, Memory=48.25
12:20:30 AM - INFO - Episode 966: Reward=  40.0, Length= 40, Loss=1.7076, Memory=48.30
12:20:30 AM - INFO - Step  383: train/policy_loss = 0.517185
12:20:30 AM - INFO - Step  383: train/reward_loss = 0.006135
12:20:30 AM - INFO - Step  383: train/value_loss = 0.870807
12:20:30 AM - INFO - Step  383: total_loss = 1.394127
12:20:44 AM - INFO - Episode 967: Reward= 221.0, Length=221, Loss=1.3941, Memory=48.35
12:20:46 AM - INFO - Episode 968: Reward=  34.0, Length= 34, Loss=1.3941, Memory=48.40
12:20:46 AM - INFO - Step  384: train/policy_loss = 0.549548
12:20:46 AM - INFO - Step  384: train/reward_loss = 0.012074
12:20:46 AM - INFO - Step  384: train/value_loss = 0.951986
12:20:46 AM - INFO - Step  384: total_loss = 1.513609
12:20:56 AM - INFO - Episode 969: Reward= 148.0, Length=148, Loss=1.5136, Memory=48.45
12:21:12 AM - INFO - Episode 970: Reward= 262.0, Length=262, Loss=1.5136, Memory=48.50
12:21:12 AM - INFO - Step  385: train/policy_loss = 0.489391
12:21:12 AM - INFO - Step  385: train/reward_loss = 0.012808
12:21:12 AM - INFO - Step  385: train/value_loss = 0.883322
12:21:12 AM - INFO - Step  385: total_loss = 1.385521
12:21:14 AM - INFO - Episode 971: Reward=  35.0, Length= 35, Loss=1.3855, Memory=48.55
12:21:36 AM - INFO - Episode 972: Reward= 358.0, Length=358, Loss=1.3855, Memory=48.60
12:21:37 AM - INFO - Step  386: train/policy_loss = 0.518155
12:21:37 AM - INFO - Step  386: train/reward_loss = 0.007564
12:21:37 AM - INFO - Step  386: train/value_loss = 1.220790
12:21:37 AM - INFO - Step  386: total_loss = 1.746510
12:21:52 AM - INFO - Episode 973: Reward= 244.0, Length=244, Loss=1.7465, Memory=48.65
12:21:52 AM - INFO - Episode 974: Reward=  10.0, Length= 10, Loss=1.7465, Memory=48.70
12:21:53 AM - INFO - Step  387: train/policy_loss = 0.529234
12:21:53 AM - INFO - Step  387: train/reward_loss = 0.005223
12:21:53 AM - INFO - Step  387: train/value_loss = 0.657188
12:21:53 AM - INFO - Step  387: total_loss = 1.191645
12:22:09 AM - INFO - Episode 975: Reward= 268.0, Length=268, Loss=1.1916, Memory=48.75
12:22:21 AM - INFO - Episode 976: Reward= 188.0, Length=188, Loss=1.1916, Memory=48.80
12:22:21 AM - INFO - Step  388: train/policy_loss = 0.520691
12:22:21 AM - INFO - Step  388: train/reward_loss = 0.005827
12:22:21 AM - INFO - Step  388: train/value_loss = 0.964302
12:22:21 AM - INFO - Step  388: total_loss = 1.490821
12:22:22 AM - INFO - Episode 977: Reward=  10.0, Length= 10, Loss=1.4908, Memory=48.85
12:22:23 AM - INFO - Episode 978: Reward=  10.0, Length= 10, Loss=1.4908, Memory=48.90
12:22:23 AM - INFO - Step  389: train/policy_loss = 0.476856
12:22:23 AM - INFO - Step  389: train/reward_loss = 0.006750
12:22:23 AM - INFO - Step  389: train/value_loss = 1.121219
12:22:23 AM - INFO - Step  389: total_loss = 1.604824
12:22:38 AM - INFO - Episode 979: Reward= 244.0, Length=244, Loss=1.6048, Memory=48.95
12:22:51 AM - INFO - Episode 980: Reward= 211.0, Length=211, Loss=1.6048, Memory=49.00
12:22:51 AM - INFO - Step  390: train/policy_loss = 0.531823
12:22:51 AM - INFO - Step  390: train/reward_loss = 0.006251
12:22:51 AM - INFO - Step  390: train/value_loss = 1.288595
12:22:51 AM - INFO - Step  390: total_loss = 1.826669
12:23:00 AM - INFO - Episode 981: Reward= 133.0, Length=133, Loss=1.8267, Memory=49.05
12:23:00 AM - INFO - Progress: 49.0% | 0.10 it/s | ETA: 2:53:45
12:23:01 AM - INFO - Episode 982: Reward=  10.0, Length= 10, Loss=1.8267, Memory=49.10
12:23:01 AM - INFO - Step  391: train/policy_loss = 0.490611
12:23:01 AM - INFO - Step  391: train/reward_loss = 0.005818
12:23:01 AM - INFO - Step  391: train/value_loss = 0.981960
12:23:01 AM - INFO - Step  391: total_loss = 1.478389
12:23:03 AM - INFO - Episode 983: Reward=  37.0, Length= 37, Loss=1.4784, Memory=49.15
12:23:04 AM - INFO - Episode 984: Reward=  11.0, Length= 11, Loss=1.4784, Memory=49.20
12:23:04 AM - INFO - Step  392: train/policy_loss = 0.519199
12:23:04 AM - INFO - Step  392: train/reward_loss = 0.004590
12:23:04 AM - INFO - Step  392: train/value_loss = 0.796158
12:23:04 AM - INFO - Step  392: total_loss = 1.319947
12:23:06 AM - INFO - Episode 985: Reward=  27.0, Length= 27, Loss=1.3199, Memory=49.25
12:23:08 AM - INFO - Episode 986: Reward=  37.0, Length= 37, Loss=1.3199, Memory=49.30
12:23:09 AM - INFO - Step  393: train/policy_loss = 0.508329
12:23:09 AM - INFO - Step  393: train/reward_loss = 0.004025
12:23:09 AM - INFO - Step  393: train/value_loss = 1.111525
12:23:09 AM - INFO - Step  393: total_loss = 1.623879
12:23:09 AM - INFO - Episode 987: Reward=  13.0, Length= 13, Loss=1.6239, Memory=49.35
12:23:12 AM - INFO - Episode 988: Reward=  44.0, Length= 44, Loss=1.6239, Memory=49.40
12:23:12 AM - INFO - Step  394: train/policy_loss = 0.471703
12:23:12 AM - INFO - Step  394: train/reward_loss = 0.005796
12:23:12 AM - INFO - Step  394: train/value_loss = 0.906854
12:23:12 AM - INFO - Step  394: total_loss = 1.384353
12:23:14 AM - INFO - Episode 989: Reward=  28.0, Length= 28, Loss=1.3844, Memory=49.45
12:23:17 AM - INFO - Episode 990: Reward=  42.0, Length= 42, Loss=1.3844, Memory=49.50
12:23:17 AM - INFO - Step  395: train/policy_loss = 0.473675
12:23:17 AM - INFO - Step  395: train/reward_loss = 0.007192
12:23:17 AM - INFO - Step  395: train/value_loss = 1.246202
12:23:17 AM - INFO - Step  395: total_loss = 1.727069
12:23:25 AM - INFO - Episode 991: Reward= 127.0, Length=127, Loss=1.7271, Memory=49.55
12:23:27 AM - INFO - Episode 992: Reward=  35.0, Length= 35, Loss=1.7271, Memory=49.60
12:23:28 AM - INFO - Step  396: train/policy_loss = 0.458377
12:23:28 AM - INFO - Step  396: train/reward_loss = 0.006644
12:23:28 AM - INFO - Step  396: train/value_loss = 0.843423
12:23:28 AM - INFO - Step  396: total_loss = 1.308444
12:23:30 AM - INFO - Episode 993: Reward=  40.0, Length= 40, Loss=1.3084, Memory=49.65
12:23:34 AM - INFO - Episode 994: Reward=  67.0, Length= 67, Loss=1.3084, Memory=49.70
12:23:35 AM - INFO - Step  397: train/policy_loss = 0.472459
12:23:35 AM - INFO - Step  397: train/reward_loss = 0.004698
12:23:35 AM - INFO - Step  397: train/value_loss = 1.151597
12:23:35 AM - INFO - Step  397: total_loss = 1.628754
12:23:44 AM - INFO - Episode 995: Reward= 152.0, Length=152, Loss=1.6288, Memory=49.75
12:23:46 AM - INFO - Episode 996: Reward=  36.0, Length= 36, Loss=1.6288, Memory=49.80
12:23:47 AM - INFO - Step  398: train/policy_loss = 0.494697
12:23:47 AM - INFO - Step  398: train/reward_loss = 0.004371
12:23:47 AM - INFO - Step  398: train/value_loss = 0.902746
12:23:47 AM - INFO - Step  398: total_loss = 1.401815
12:23:48 AM - INFO - Episode 997: Reward=  23.0, Length= 23, Loss=1.4018, Memory=49.85
12:23:58 AM - INFO - Episode 998: Reward= 150.0, Length=150, Loss=1.4018, Memory=49.90
12:23:58 AM - INFO - Step  399: train/policy_loss = 0.464556
12:23:58 AM - INFO - Step  399: train/reward_loss = 0.003892
12:23:58 AM - INFO - Step  399: train/value_loss = 0.688866
12:23:58 AM - INFO - Step  399: total_loss = 1.157313
12:24:00 AM - INFO - Episode 999: Reward=  26.0, Length= 26, Loss=1.1573, Memory=49.95
12:24:05 AM - INFO - Episode 1000: Reward=  87.0, Length= 87, Loss=1.1573, Memory=50.00
12:24:05 AM - INFO - Step  400: train/policy_loss = 0.495141
12:24:05 AM - INFO - Step  400: train/reward_loss = 0.005959
12:24:05 AM - INFO - Step  400: train/value_loss = 1.299666
12:24:05 AM - INFO - Step  400: total_loss = 1.800766
12:24:05 AM - INFO - Checkpoint saved to checkpoints/CartPole-v1/20250726_223945/episode_01000.pkl
12:24:11 AM - INFO - Episode 1001: Reward=  99.0, Length= 99, Loss=1.8008, Memory=50.05
12:24:11 AM - INFO - Progress: 50.0% | 0.21 it/s | ETA: 1:18:57
12:24:18 AM - INFO - Episode 1002: Reward= 106.0, Length=106, Loss=1.8008, Memory=50.10
12:24:18 AM - INFO - Step  401: train/policy_loss = 0.505532
12:24:18 AM - INFO - Step  401: train/reward_loss = 0.005971
12:24:18 AM - INFO - Step  401: train/value_loss = 0.818878
12:24:18 AM - INFO - Step  401: total_loss = 1.330381
12:24:20 AM - INFO - Episode 1003: Reward=  24.0, Length= 24, Loss=1.3304, Memory=50.15
12:24:21 AM - INFO - Episode 1004: Reward=  19.0, Length= 19, Loss=1.3304, Memory=50.20
12:24:21 AM - INFO - Step  402: train/policy_loss = 0.492664
12:24:21 AM - INFO - Step  402: train/reward_loss = 0.004732
12:24:21 AM - INFO - Step  402: train/value_loss = 0.746468
12:24:21 AM - INFO - Step  402: total_loss = 1.243864
12:24:22 AM - INFO - Episode 1005: Reward=  16.0, Length= 16, Loss=1.2439, Memory=50.25
12:24:23 AM - INFO - Episode 1006: Reward=  11.0, Length= 11, Loss=1.2439, Memory=50.30
12:24:23 AM - INFO - Step  403: train/policy_loss = 0.506907
12:24:23 AM - INFO - Step  403: train/reward_loss = 0.005876
12:24:23 AM - INFO - Step  403: train/value_loss = 1.348503
12:24:23 AM - INFO - Step  403: total_loss = 1.861285
12:24:24 AM - INFO - Episode 1007: Reward=  10.0, Length= 10, Loss=1.8613, Memory=50.35
12:24:25 AM - INFO - Episode 1008: Reward=  11.0, Length= 11, Loss=1.8613, Memory=50.40
12:24:25 AM - INFO - Step  404: train/policy_loss = 0.504041
12:24:25 AM - INFO - Step  404: train/reward_loss = 0.004818
12:24:25 AM - INFO - Step  404: train/value_loss = 0.768697
12:24:25 AM - INFO - Step  404: total_loss = 1.277557
12:24:26 AM - INFO - Episode 1009: Reward=  13.0, Length= 13, Loss=1.2776, Memory=50.45
12:24:27 AM - INFO - Episode 1010: Reward=  15.0, Length= 15, Loss=1.2776, Memory=50.50
12:24:27 AM - INFO - Step  405: train/policy_loss = 0.496327
12:24:27 AM - INFO - Step  405: train/reward_loss = 0.004055
12:24:27 AM - INFO - Step  405: train/value_loss = 0.990040
12:24:27 AM - INFO - Step  405: total_loss = 1.490423
12:24:29 AM - INFO - Episode 1011: Reward=  26.0, Length= 26, Loss=1.4904, Memory=50.55
12:24:30 AM - INFO - Episode 1012: Reward=  18.0, Length= 18, Loss=1.4904, Memory=50.60
12:24:30 AM - INFO - Step  406: train/policy_loss = 0.477168
12:24:30 AM - INFO - Step  406: train/reward_loss = 0.004065
12:24:30 AM - INFO - Step  406: train/value_loss = 1.158725
12:24:30 AM - INFO - Step  406: total_loss = 1.639958
12:24:42 AM - INFO - Episode 1013: Reward= 194.0, Length=194, Loss=1.6400, Memory=50.65
12:24:48 AM - INFO - Episode 1014: Reward=  88.0, Length= 88, Loss=1.6400, Memory=50.70
12:24:48 AM - INFO - Step  407: train/policy_loss = 0.530579
12:24:48 AM - INFO - Step  407: train/reward_loss = 0.004067
12:24:48 AM - INFO - Step  407: train/value_loss = 0.693034
12:24:48 AM - INFO - Step  407: total_loss = 1.227679
12:24:53 AM - INFO - Episode 1015: Reward=  78.0, Length= 78, Loss=1.2277, Memory=50.75
12:24:58 AM - INFO - Episode 1016: Reward=  79.0, Length= 79, Loss=1.2277, Memory=50.80
12:24:58 AM - INFO - Step  408: train/policy_loss = 0.478798
12:24:58 AM - INFO - Step  408: train/reward_loss = 0.004991
12:24:58 AM - INFO - Step  408: train/value_loss = 1.008877
12:24:58 AM - INFO - Step  408: total_loss = 1.492666
12:25:13 AM - INFO - Episode 1017: Reward= 229.0, Length=229, Loss=1.4927, Memory=50.85
12:25:35 AM - INFO - Episode 1018: Reward= 370.0, Length=370, Loss=1.4927, Memory=50.90
12:25:36 AM - INFO - Step  409: train/policy_loss = 0.465667
12:25:36 AM - INFO - Step  409: train/reward_loss = 0.003884
12:25:36 AM - INFO - Step  409: train/value_loss = 0.582605
12:25:36 AM - INFO - Step  409: total_loss = 1.052156
12:26:07 AM - INFO - Episode 1019: Reward= 500.0, Length=500, Loss=1.0522, Memory=50.95
12:26:37 AM - INFO - Episode 1020: Reward= 500.0, Length=500, Loss=1.0522, Memory=51.00
12:26:38 AM - INFO - Step  410: train/policy_loss = 0.507239
12:26:38 AM - INFO - Step  410: train/reward_loss = 0.003658
12:26:38 AM - INFO - Step  410: train/value_loss = 0.913962
12:26:38 AM - INFO - Step  410: total_loss = 1.424858
12:26:59 AM - INFO - Episode 1021: Reward= 344.0, Length=344, Loss=1.4249, Memory=51.05
12:26:59 AM - INFO - Progress: 51.0% | 0.05 it/s | ETA: 5:57:21
12:27:08 AM - INFO - Episode 1022: Reward= 148.0, Length=148, Loss=1.4249, Memory=51.10
12:27:08 AM - INFO - Step  411: train/policy_loss = 0.515198
12:27:08 AM - INFO - Step  411: train/reward_loss = 0.003348
12:27:08 AM - INFO - Step  411: train/value_loss = 1.037276
12:27:08 AM - INFO - Step  411: total_loss = 1.555822
12:27:24 AM - INFO - Episode 1023: Reward= 258.0, Length=258, Loss=1.5558, Memory=51.15
12:27:52 AM - INFO - Episode 1024: Reward= 452.0, Length=452, Loss=1.5558, Memory=51.20
12:27:52 AM - INFO - Step  412: train/policy_loss = 0.476886
12:27:52 AM - INFO - Step  412: train/reward_loss = 0.003619
12:27:52 AM - INFO - Step  412: train/value_loss = 0.721635
12:27:52 AM - INFO - Step  412: total_loss = 1.202140
12:28:23 AM - INFO - Episode 1025: Reward= 500.0, Length=500, Loss=1.2021, Memory=51.25
12:28:54 AM - INFO - Episode 1026: Reward= 500.0, Length=500, Loss=1.2021, Memory=51.30
12:28:54 AM - INFO - Step  413: train/policy_loss = 0.466218
12:28:54 AM - INFO - Step  413: train/reward_loss = 0.003891
12:28:54 AM - INFO - Step  413: train/value_loss = 0.983790
12:28:54 AM - INFO - Step  413: total_loss = 1.453899
12:29:25 AM - INFO - Episode 1027: Reward= 500.0, Length=500, Loss=1.4539, Memory=51.35
12:29:56 AM - INFO - Episode 1028: Reward= 500.0, Length=500, Loss=1.4539, Memory=51.40
12:29:56 AM - INFO - Step  414: train/policy_loss = 0.498398
12:29:56 AM - INFO - Step  414: train/reward_loss = 0.004138
12:29:56 AM - INFO - Step  414: train/value_loss = 0.538008
12:29:56 AM - INFO - Step  414: total_loss = 1.040544
12:30:01 AM - INFO - Episode 1029: Reward=  79.0, Length= 79, Loss=1.0405, Memory=51.45
12:30:32 AM - INFO - Episode 1030: Reward= 500.0, Length=500, Loss=1.0405, Memory=51.50
12:30:32 AM - INFO - Step  415: train/policy_loss = 0.495197
12:30:32 AM - INFO - Step  415: train/reward_loss = 0.005112
12:30:32 AM - INFO - Step  415: train/value_loss = 0.816507
12:30:32 AM - INFO - Step  415: total_loss = 1.316815
12:31:03 AM - INFO - Episode 1031: Reward= 500.0, Length=500, Loss=1.3168, Memory=51.55
12:31:23 AM - INFO - Episode 1032: Reward= 320.0, Length=320, Loss=1.3168, Memory=51.60
12:31:23 AM - INFO - Step  416: train/policy_loss = 0.519451
12:31:23 AM - INFO - Step  416: train/reward_loss = 0.006281
12:31:23 AM - INFO - Step  416: train/value_loss = 0.983205
12:31:23 AM - INFO - Step  416: total_loss = 1.508936
12:31:36 AM - INFO - Episode 1033: Reward= 200.0, Length=200, Loss=1.5089, Memory=51.65
12:31:53 AM - INFO - Episode 1034: Reward= 284.0, Length=284, Loss=1.5089, Memory=51.70
12:31:53 AM - INFO - Step  417: train/policy_loss = 0.491661
12:31:53 AM - INFO - Step  417: train/reward_loss = 0.003661
12:31:53 AM - INFO - Step  417: train/value_loss = 0.784537
12:31:53 AM - INFO - Step  417: total_loss = 1.279860
12:31:54 AM - INFO - Episode 1035: Reward=  10.0, Length= 10, Loss=1.2799, Memory=51.75
12:32:11 AM - INFO - Episode 1036: Reward= 271.0, Length=271, Loss=1.2799, Memory=51.80
12:32:11 AM - INFO - Step  418: train/policy_loss = 0.504712
12:32:11 AM - INFO - Step  418: train/reward_loss = 0.003840
12:32:11 AM - INFO - Step  418: train/value_loss = 1.031232
12:32:11 AM - INFO - Step  418: total_loss = 1.539784
12:32:12 AM - INFO - Episode 1037: Reward=  10.0, Length= 10, Loss=1.5398, Memory=51.85
12:32:13 AM - INFO - Episode 1038: Reward=  11.0, Length= 11, Loss=1.5398, Memory=51.90
12:32:13 AM - INFO - Step  419: train/policy_loss = 0.478405
12:32:13 AM - INFO - Step  419: train/reward_loss = 0.003786
12:32:13 AM - INFO - Step  419: train/value_loss = 1.000540
12:32:13 AM - INFO - Step  419: total_loss = 1.482731
12:32:14 AM - INFO - Episode 1039: Reward=  11.0, Length= 11, Loss=1.4827, Memory=51.95
12:32:14 AM - INFO - Episode 1040: Reward=  12.0, Length= 12, Loss=1.4827, Memory=52.00
12:32:15 AM - INFO - Step  420: train/policy_loss = 0.482052
12:32:15 AM - INFO - Step  420: train/reward_loss = 0.004208
12:32:15 AM - INFO - Step  420: train/value_loss = 0.709580
12:32:15 AM - INFO - Step  420: total_loss = 1.195841
12:32:20 AM - INFO - Episode 1041: Reward=  91.0, Length= 91, Loss=1.1958, Memory=52.05
12:32:20 AM - INFO - Progress: 52.0% | 0.23 it/s | ETA: 1:08:40
12:32:31 AM - INFO - Episode 1042: Reward= 166.0, Length=166, Loss=1.1958, Memory=52.10
12:32:31 AM - INFO - Step  421: train/policy_loss = 0.483878
12:32:31 AM - INFO - Step  421: train/reward_loss = 0.006417
12:32:31 AM - INFO - Step  421: train/value_loss = 1.211843
12:32:31 AM - INFO - Step  421: total_loss = 1.702139
12:32:59 AM - INFO - Episode 1043: Reward= 455.0, Length=455, Loss=1.7021, Memory=52.15
12:33:20 AM - INFO - Episode 1044: Reward= 338.0, Length=338, Loss=1.7021, Memory=52.20
12:33:20 AM - INFO - Step  422: train/policy_loss = 0.491795
12:33:20 AM - INFO - Step  422: train/reward_loss = 0.005267
12:33:20 AM - INFO - Step  422: train/value_loss = 1.036937
12:33:20 AM - INFO - Step  422: total_loss = 1.533999
12:33:37 AM - INFO - Episode 1045: Reward= 274.0, Length=274, Loss=1.5340, Memory=52.25
12:33:48 AM - INFO - Episode 1046: Reward= 173.0, Length=173, Loss=1.5340, Memory=52.30
12:33:48 AM - INFO - Step  423: train/policy_loss = 0.506158
12:33:48 AM - INFO - Step  423: train/reward_loss = 0.005470
12:33:48 AM - INFO - Step  423: train/value_loss = 1.076049
12:33:48 AM - INFO - Step  423: total_loss = 1.587677
12:33:56 AM - INFO - Episode 1047: Reward= 128.0, Length=128, Loss=1.5877, Memory=52.35
12:34:10 AM - INFO - Episode 1048: Reward= 222.0, Length=222, Loss=1.5877, Memory=52.40
12:34:10 AM - INFO - Step  424: train/policy_loss = 0.456713
12:34:10 AM - INFO - Step  424: train/reward_loss = 0.005027
12:34:10 AM - INFO - Step  424: train/value_loss = 1.107359
12:34:10 AM - INFO - Step  424: total_loss = 1.569099
12:34:28 AM - INFO - Episode 1049: Reward= 290.0, Length=290, Loss=1.5691, Memory=52.45
12:34:57 AM - INFO - Episode 1050: Reward= 477.0, Length=477, Loss=1.5691, Memory=52.50
12:34:58 AM - INFO - Step  425: train/policy_loss = 0.458391
12:34:58 AM - INFO - Step  425: train/reward_loss = 0.004630
12:34:58 AM - INFO - Step  425: train/value_loss = 1.011574
12:34:58 AM - INFO - Step  425: total_loss = 1.474595
12:34:58 AM - INFO - Checkpoint saved to checkpoints/CartPole-v1/20250726_223945/episode_01050.pkl
12:35:05 AM - INFO - Episode 1051: Reward= 117.0, Length=117, Loss=1.4746, Memory=52.55
12:35:34 AM - INFO - Episode 1052: Reward= 449.0, Length=449, Loss=1.4746, Memory=52.60
12:35:35 AM - INFO - Step  426: train/policy_loss = 0.504008
12:35:35 AM - INFO - Step  426: train/reward_loss = 0.004369
12:35:35 AM - INFO - Step  426: train/value_loss = 1.557988
12:35:35 AM - INFO - Step  426: total_loss = 2.066366
12:35:57 AM - INFO - Episode 1053: Reward= 335.0, Length=335, Loss=2.0664, Memory=52.65
12:35:59 AM - INFO - Episode 1054: Reward=  37.0, Length= 37, Loss=2.0664, Memory=52.70
12:35:59 AM - INFO - Step  427: train/policy_loss = 0.486423
12:35:59 AM - INFO - Step  427: train/reward_loss = 0.004209
12:35:59 AM - INFO - Step  427: train/value_loss = 0.954188
12:35:59 AM - INFO - Step  427: total_loss = 1.444821
12:36:05 AM - INFO - Episode 1055: Reward=  88.0, Length= 88, Loss=1.4448, Memory=52.75
12:36:20 AM - INFO - Episode 1056: Reward= 229.0, Length=229, Loss=1.4448, Memory=52.80
12:36:20 AM - INFO - Step  428: train/policy_loss = 0.510040
12:36:20 AM - INFO - Step  428: train/reward_loss = 0.004348
12:36:20 AM - INFO - Step  428: train/value_loss = 0.756898
12:36:20 AM - INFO - Step  428: total_loss = 1.271285
12:36:25 AM - INFO - Episode 1057: Reward=  79.0, Length= 79, Loss=1.2713, Memory=52.85
12:36:26 AM - INFO - Episode 1058: Reward=  14.0, Length= 14, Loss=1.2713, Memory=52.90
12:36:26 AM - INFO - Step  429: train/policy_loss = 0.518706
12:36:26 AM - INFO - Step  429: train/reward_loss = 0.004369
12:36:26 AM - INFO - Step  429: train/value_loss = 0.948216
12:36:26 AM - INFO - Step  429: total_loss = 1.471291
12:36:28 AM - INFO - Episode 1059: Reward=  37.0, Length= 37, Loss=1.4713, Memory=52.95
12:36:42 AM - INFO - Episode 1060: Reward= 221.0, Length=221, Loss=1.4713, Memory=53.00
12:36:42 AM - INFO - Step  430: train/policy_loss = 0.495560
12:36:42 AM - INFO - Step  430: train/reward_loss = 0.004711
12:36:42 AM - INFO - Step  430: train/value_loss = 0.673844
12:36:42 AM - INFO - Step  430: total_loss = 1.174116
12:36:45 AM - INFO - Episode 1061: Reward=  40.0, Length= 40, Loss=1.1741, Memory=53.05
12:36:45 AM - INFO - Progress: 53.0% | 0.12 it/s | ETA: 2:12:34
12:36:46 AM - INFO - Episode 1062: Reward=  19.0, Length= 19, Loss=1.1741, Memory=53.10
12:36:46 AM - INFO - Step  431: train/policy_loss = 0.467513
12:36:46 AM - INFO - Step  431: train/reward_loss = 0.005657
12:36:46 AM - INFO - Step  431: train/value_loss = 0.886140
12:36:46 AM - INFO - Step  431: total_loss = 1.359311
12:36:47 AM - INFO - Episode 1063: Reward=  19.0, Length= 19, Loss=1.3593, Memory=53.15
12:36:49 AM - INFO - Episode 1064: Reward=  18.0, Length= 18, Loss=1.3593, Memory=53.20
12:36:49 AM - INFO - Step  432: train/policy_loss = 0.542183
12:36:49 AM - INFO - Step  432: train/reward_loss = 0.005724
12:36:49 AM - INFO - Step  432: train/value_loss = 1.044542
12:36:49 AM - INFO - Step  432: total_loss = 1.592449
12:36:50 AM - INFO - Episode 1065: Reward=  17.0, Length= 17, Loss=1.5924, Memory=53.25
12:36:51 AM - INFO - Episode 1066: Reward=  23.0, Length= 23, Loss=1.5924, Memory=53.30
12:36:51 AM - INFO - Step  433: train/policy_loss = 0.522312
12:36:51 AM - INFO - Step  433: train/reward_loss = 0.008114
12:36:51 AM - INFO - Step  433: train/value_loss = 0.900732
12:36:51 AM - INFO - Step  433: total_loss = 1.431158
12:36:54 AM - INFO - Episode 1067: Reward=  40.0, Length= 40, Loss=1.4312, Memory=53.35
12:36:56 AM - INFO - Episode 1068: Reward=  28.0, Length= 28, Loss=1.4312, Memory=53.40
12:36:56 AM - INFO - Step  434: train/policy_loss = 0.460793
12:36:56 AM - INFO - Step  434: train/reward_loss = 0.006718
12:36:56 AM - INFO - Step  434: train/value_loss = 0.862900
12:36:56 AM - INFO - Step  434: total_loss = 1.330410
12:36:57 AM - INFO - Episode 1069: Reward=  21.0, Length= 21, Loss=1.3304, Memory=53.45
12:37:00 AM - INFO - Episode 1070: Reward=  52.0, Length= 52, Loss=1.3304, Memory=53.50
12:37:01 AM - INFO - Step  435: train/policy_loss = 0.480427
12:37:01 AM - INFO - Step  435: train/reward_loss = 0.003715
12:37:01 AM - INFO - Step  435: train/value_loss = 0.927524
12:37:01 AM - INFO - Step  435: total_loss = 1.411666
12:37:05 AM - INFO - Episode 1071: Reward=  70.0, Length= 70, Loss=1.4117, Memory=53.55
12:37:19 AM - INFO - Episode 1072: Reward= 227.0, Length=227, Loss=1.4117, Memory=53.60
12:37:19 AM - INFO - Step  436: train/policy_loss = 0.505064
12:37:19 AM - INFO - Step  436: train/reward_loss = 0.004686
12:37:19 AM - INFO - Step  436: train/value_loss = 0.903869
12:37:19 AM - INFO - Step  436: total_loss = 1.413620
12:37:29 AM - INFO - Episode 1073: Reward= 152.0, Length=152, Loss=1.4136, Memory=53.65
12:37:46 AM - INFO - Episode 1074: Reward= 263.0, Length=263, Loss=1.4136, Memory=53.70
12:37:47 AM - INFO - Step  437: train/policy_loss = 0.494069
12:37:47 AM - INFO - Step  437: train/reward_loss = 0.006130
12:37:47 AM - INFO - Step  437: train/value_loss = 0.987399
12:37:47 AM - INFO - Step  437: total_loss = 1.487598
12:38:20 AM - INFO - Episode 1075: Reward= 500.0, Length=500, Loss=1.4876, Memory=53.75
12:38:37 AM - INFO - Episode 1076: Reward= 239.0, Length=239, Loss=1.4876, Memory=53.80
12:38:37 AM - INFO - Step  438: train/policy_loss = 0.475671
12:38:37 AM - INFO - Step  438: train/reward_loss = 0.006382
12:38:37 AM - INFO - Step  438: train/value_loss = 1.043793
12:38:37 AM - INFO - Step  438: total_loss = 1.525846
12:38:38 AM - INFO - Episode 1077: Reward=  11.0, Length= 11, Loss=1.5258, Memory=53.85
12:39:12 AM - INFO - Episode 1078: Reward= 500.0, Length=500, Loss=1.5258, Memory=53.90
12:39:12 AM - INFO - Step  439: train/policy_loss = 0.502981
12:39:12 AM - INFO - Step  439: train/reward_loss = 0.005583
12:39:12 AM - INFO - Step  439: train/value_loss = 0.613386
12:39:12 AM - INFO - Step  439: total_loss = 1.121950
12:39:24 AM - INFO - Episode 1079: Reward= 180.0, Length=180, Loss=1.1219, Memory=53.95
12:39:28 AM - INFO - Episode 1080: Reward=  69.0, Length= 69, Loss=1.1219, Memory=54.00
12:39:29 AM - INFO - Step  440: train/policy_loss = 0.466855
12:39:29 AM - INFO - Step  440: train/reward_loss = 0.004667
12:39:29 AM - INFO - Step  440: train/value_loss = 0.719508
12:39:29 AM - INFO - Step  440: total_loss = 1.191031
12:39:33 AM - INFO - Episode 1081: Reward=  65.0, Length= 65, Loss=1.1910, Memory=54.05
12:39:33 AM - INFO - Progress: 54.0% | 0.08 it/s | ETA: 3:22:18
12:39:37 AM - INFO - Episode 1082: Reward=  54.0, Length= 54, Loss=1.1910, Memory=54.10
12:39:37 AM - INFO - Step  441: train/policy_loss = 0.510937
12:39:37 AM - INFO - Step  441: train/reward_loss = 0.003690
12:39:37 AM - INFO - Step  441: train/value_loss = 0.879354
12:39:37 AM - INFO - Step  441: total_loss = 1.393981
12:39:39 AM - INFO - Episode 1083: Reward=  25.0, Length= 25, Loss=1.3940, Memory=54.15
12:39:40 AM - INFO - Episode 1084: Reward=  18.0, Length= 18, Loss=1.3940, Memory=54.20
12:39:40 AM - INFO - Step  442: train/policy_loss = 0.466165
12:39:40 AM - INFO - Step  442: train/reward_loss = 0.004092
12:39:40 AM - INFO - Step  442: train/value_loss = 0.990925
12:39:40 AM - INFO - Step  442: total_loss = 1.461182
12:39:43 AM - INFO - Episode 1085: Reward=  38.0, Length= 38, Loss=1.4612, Memory=54.25
12:39:44 AM - INFO - Episode 1086: Reward=  26.0, Length= 26, Loss=1.4612, Memory=54.30
12:39:45 AM - INFO - Step  443: train/policy_loss = 0.482502
12:39:45 AM - INFO - Step  443: train/reward_loss = 0.005003
12:39:45 AM - INFO - Step  443: train/value_loss = 0.955234
12:39:45 AM - INFO - Step  443: total_loss = 1.442739
12:39:49 AM - INFO - Episode 1087: Reward=  75.0, Length= 75, Loss=1.4427, Memory=54.35
12:39:54 AM - INFO - Episode 1088: Reward=  69.0, Length= 69, Loss=1.4427, Memory=54.40
12:39:54 AM - INFO - Step  444: train/policy_loss = 0.483865
12:39:54 AM - INFO - Step  444: train/reward_loss = 0.005650
12:39:54 AM - INFO - Step  444: train/value_loss = 0.859303
12:39:54 AM - INFO - Step  444: total_loss = 1.348819
12:39:57 AM - INFO - Episode 1089: Reward=  48.0, Length= 48, Loss=1.3488, Memory=54.45
12:40:02 AM - INFO - Episode 1090: Reward=  73.0, Length= 73, Loss=1.3488, Memory=54.50
12:40:03 AM - INFO - Step  445: train/policy_loss = 0.445004
12:40:03 AM - INFO - Step  445: train/reward_loss = 0.005102
12:40:03 AM - INFO - Step  445: train/value_loss = 0.739129
12:40:03 AM - INFO - Step  445: total_loss = 1.189235
12:40:09 AM - INFO - Episode 1091: Reward=  96.0, Length= 96, Loss=1.1892, Memory=54.55
12:40:10 AM - INFO - Episode 1092: Reward=  12.0, Length= 12, Loss=1.1892, Memory=54.60
12:40:10 AM - INFO - Step  446: train/policy_loss = 0.486026
12:40:10 AM - INFO - Step  446: train/reward_loss = 0.004666
12:40:10 AM - INFO - Step  446: train/value_loss = 0.965292
12:40:10 AM - INFO - Step  446: total_loss = 1.455985
12:40:11 AM - INFO - Episode 1093: Reward=  11.0, Length= 11, Loss=1.4560, Memory=54.65
12:40:21 AM - INFO - Episode 1094: Reward= 154.0, Length=154, Loss=1.4560, Memory=54.70
12:40:21 AM - INFO - Step  447: train/policy_loss = 0.476132
12:40:21 AM - INFO - Step  447: train/reward_loss = 0.004349
12:40:21 AM - INFO - Step  447: train/value_loss = 0.711559
12:40:21 AM - INFO - Step  447: total_loss = 1.192041
12:40:22 AM - INFO - Episode 1095: Reward=  10.0, Length= 10, Loss=1.1920, Memory=54.75
12:40:47 AM - INFO - Episode 1096: Reward= 397.0, Length=397, Loss=1.1920, Memory=54.80
12:40:47 AM - INFO - Step  448: train/policy_loss = 0.473622
12:40:47 AM - INFO - Step  448: train/reward_loss = 0.003831
12:40:47 AM - INFO - Step  448: train/value_loss = 0.854689
12:40:47 AM - INFO - Step  448: total_loss = 1.332142
12:40:48 AM - INFO - Episode 1097: Reward=  10.0, Length= 10, Loss=1.3321, Memory=54.85
12:40:48 AM - INFO - Episode 1098: Reward=  10.0, Length= 10, Loss=1.3321, Memory=54.90
12:40:49 AM - INFO - Step  449: train/policy_loss = 0.513766
12:40:49 AM - INFO - Step  449: train/reward_loss = 0.003938
12:40:49 AM - INFO - Step  449: train/value_loss = 0.756860
12:40:49 AM - INFO - Step  449: total_loss = 1.274564
12:40:49 AM - INFO - Updating target network at training step 450
12:40:49 AM - INFO - Target network update completed
12:41:16 AM - INFO - Episode 1099: Reward= 414.0, Length=414, Loss=1.2746, Memory=54.95
12:41:48 AM - INFO - Episode 1100: Reward= 465.0, Length=465, Loss=1.2746, Memory=55.00
12:41:48 AM - INFO - Step  450: train/policy_loss = 0.422595
12:41:48 AM - INFO - Step  450: train/reward_loss = 0.003766
12:41:48 AM - INFO - Step  450: train/value_loss = 1.247314
12:41:48 AM - INFO - Step  450: total_loss = 1.673676
12:41:48 AM - INFO - Checkpoint saved to checkpoints/CartPole-v1/20250726_223945/episode_01100.pkl
12:41:53 AM - INFO - Episode 1101: Reward=  68.0, Length= 68, Loss=1.6737, Memory=55.05
12:41:53 AM - INFO - Progress: 55.0% | 0.06 it/s | ETA: 4:31:13
12:41:58 AM - INFO - Episode 1102: Reward=  78.0, Length= 78, Loss=1.6737, Memory=55.10
12:41:58 AM - INFO - Step  451: train/policy_loss = 0.458031
12:41:58 AM - INFO - Step  451: train/reward_loss = 0.004506
12:41:58 AM - INFO - Step  451: train/value_loss = 0.719668
12:41:58 AM - INFO - Step  451: total_loss = 1.182205
12:42:05 AM - INFO - Episode 1103: Reward=  95.0, Length= 95, Loss=1.1822, Memory=55.15
12:42:06 AM - INFO - Episode 1104: Reward=  17.0, Length= 17, Loss=1.1822, Memory=55.20
12:42:06 AM - INFO - Step  452: train/policy_loss = 0.458969
12:42:06 AM - INFO - Step  452: train/reward_loss = 0.004393
12:42:06 AM - INFO - Step  452: train/value_loss = 0.872779
12:42:06 AM - INFO - Step  452: total_loss = 1.336142
12:42:09 AM - INFO - Episode 1105: Reward=  40.0, Length= 40, Loss=1.3361, Memory=55.25
12:42:10 AM - INFO - Episode 1106: Reward=  18.0, Length= 18, Loss=1.3361, Memory=55.30
12:42:10 AM - INFO - Step  453: train/policy_loss = 0.511773
12:42:10 AM - INFO - Step  453: train/reward_loss = 0.005328
12:42:10 AM - INFO - Step  453: train/value_loss = 0.873500
12:42:10 AM - INFO - Step  453: total_loss = 1.390600
12:42:11 AM - INFO - Episode 1107: Reward=  16.0, Length= 16, Loss=1.3906, Memory=55.35
12:42:12 AM - INFO - Episode 1108: Reward=  13.0, Length= 13, Loss=1.3906, Memory=55.40
12:42:13 AM - INFO - Step  454: train/policy_loss = 0.471767
12:42:13 AM - INFO - Step  454: train/reward_loss = 0.004524
12:42:13 AM - INFO - Step  454: train/value_loss = 0.969014
12:42:13 AM - INFO - Step  454: total_loss = 1.445304
12:42:14 AM - INFO - Episode 1109: Reward=  17.0, Length= 17, Loss=1.4453, Memory=55.45
12:42:15 AM - INFO - Episode 1110: Reward=  13.0, Length= 13, Loss=1.4453, Memory=55.50
12:42:15 AM - INFO - Step  455: train/policy_loss = 0.467824
12:42:15 AM - INFO - Step  455: train/reward_loss = 0.003803
12:42:15 AM - INFO - Step  455: train/value_loss = 1.116072
12:42:15 AM - INFO - Step  455: total_loss = 1.587699
12:42:18 AM - INFO - Episode 1111: Reward=  52.0, Length= 52, Loss=1.5877, Memory=55.55
12:42:21 AM - INFO - Episode 1112: Reward=  41.0, Length= 41, Loss=1.5877, Memory=55.60
12:42:22 AM - INFO - Step  456: train/policy_loss = 0.545386
12:42:22 AM - INFO - Step  456: train/reward_loss = 0.003289
12:42:22 AM - INFO - Step  456: train/value_loss = 0.953938
12:42:22 AM - INFO - Step  456: total_loss = 1.502612
12:42:37 AM - INFO - Episode 1113: Reward= 229.0, Length=229, Loss=1.5026, Memory=55.65
12:42:52 AM - INFO - Episode 1114: Reward= 235.0, Length=235, Loss=1.5026, Memory=55.70
12:42:52 AM - INFO - Step  457: train/policy_loss = 0.493412
12:42:52 AM - INFO - Step  457: train/reward_loss = 0.004284
12:42:52 AM - INFO - Step  457: train/value_loss = 0.978857
12:42:52 AM - INFO - Step  457: total_loss = 1.476553
12:43:25 AM - INFO - Episode 1115: Reward= 500.0, Length=500, Loss=1.4766, Memory=55.75
12:43:55 AM - INFO - Episode 1116: Reward= 452.0, Length=452, Loss=1.4766, Memory=55.80
12:43:55 AM - INFO - Step  458: train/policy_loss = 0.477573
12:43:55 AM - INFO - Step  458: train/reward_loss = 0.002611
12:43:55 AM - INFO - Step  458: train/value_loss = 0.844657
12:43:55 AM - INFO - Step  458: total_loss = 1.324840
12:43:57 AM - INFO - Episode 1117: Reward=  25.0, Length= 25, Loss=1.3248, Memory=55.85
12:44:33 AM - INFO - Episode 1118: Reward= 500.0, Length=500, Loss=1.3248, Memory=55.90
12:44:33 AM - INFO - Step  459: train/policy_loss = 0.445397
12:44:33 AM - INFO - Step  459: train/reward_loss = 0.003352
12:44:33 AM - INFO - Step  459: train/value_loss = 0.765728
12:44:33 AM - INFO - Step  459: total_loss = 1.214477
12:44:53 AM - INFO - Episode 1119: Reward= 291.0, Length=291, Loss=1.2145, Memory=55.95
12:45:01 AM - INFO - Episode 1120: Reward= 113.0, Length=113, Loss=1.2145, Memory=56.00
12:45:01 AM - INFO - Step  460: train/policy_loss = 0.485171
12:45:01 AM - INFO - Step  460: train/reward_loss = 0.003620
12:45:01 AM - INFO - Step  460: train/value_loss = 0.873039
12:45:01 AM - INFO - Step  460: total_loss = 1.361829
12:45:04 AM - INFO - Episode 1121: Reward=  42.0, Length= 42, Loss=1.3618, Memory=56.05
12:45:04 AM - INFO - Progress: 56.0% | 0.06 it/s | ETA: 4:09:37
12:45:11 AM - INFO - Episode 1122: Reward= 108.0, Length=108, Loss=1.3618, Memory=56.10
12:45:11 AM - INFO - Step  461: train/policy_loss = 0.464495
12:45:11 AM - INFO - Step  461: train/reward_loss = 0.004873
12:45:11 AM - INFO - Step  461: train/value_loss = 1.080694
12:45:11 AM - INFO - Step  461: total_loss = 1.550062
12:45:16 AM - INFO - Episode 1123: Reward=  62.0, Length= 62, Loss=1.5501, Memory=56.15
12:45:17 AM - INFO - Episode 1124: Reward=  15.0, Length= 15, Loss=1.5501, Memory=56.20
12:45:17 AM - INFO - Step  462: train/policy_loss = 0.468833
12:45:17 AM - INFO - Step  462: train/reward_loss = 0.005162
12:45:17 AM - INFO - Step  462: train/value_loss = 0.784873
12:45:17 AM - INFO - Step  462: total_loss = 1.258869
12:45:18 AM - INFO - Episode 1125: Reward=  20.0, Length= 20, Loss=1.2589, Memory=56.25
12:45:21 AM - INFO - Episode 1126: Reward=  37.0, Length= 37, Loss=1.2589, Memory=56.30
12:45:21 AM - INFO - Step  463: train/policy_loss = 0.491523
12:45:21 AM - INFO - Step  463: train/reward_loss = 0.004955
12:45:21 AM - INFO - Step  463: train/value_loss = 0.939007
12:45:21 AM - INFO - Step  463: total_loss = 1.435485
12:45:22 AM - INFO - Episode 1127: Reward=  11.0, Length= 11, Loss=1.4355, Memory=56.35
12:45:28 AM - INFO - Episode 1128: Reward=  83.0, Length= 83, Loss=1.4355, Memory=56.40
12:45:28 AM - INFO - Step  464: train/policy_loss = 0.453278
12:45:28 AM - INFO - Step  464: train/reward_loss = 0.003394
12:45:28 AM - INFO - Step  464: train/value_loss = 0.923383
12:45:28 AM - INFO - Step  464: total_loss = 1.380054
12:45:29 AM - INFO - Episode 1129: Reward=  12.0, Length= 12, Loss=1.3801, Memory=56.45
12:45:32 AM - INFO - Episode 1130: Reward=  40.0, Length= 40, Loss=1.3801, Memory=56.50
12:45:32 AM - INFO - Step  465: train/policy_loss = 0.526595
12:45:32 AM - INFO - Step  465: train/reward_loss = 0.004624
12:45:32 AM - INFO - Step  465: train/value_loss = 1.007182
12:45:32 AM - INFO - Step  465: total_loss = 1.538401
12:45:34 AM - INFO - Episode 1131: Reward=  37.0, Length= 37, Loss=1.5384, Memory=56.55
12:45:35 AM - INFO - Episode 1132: Reward=  14.0, Length= 14, Loss=1.5384, Memory=56.60
12:45:36 AM - INFO - Step  466: train/policy_loss = 0.489386
12:45:36 AM - INFO - Step  466: train/reward_loss = 0.004571
12:45:36 AM - INFO - Step  466: train/value_loss = 0.938244
12:45:36 AM - INFO - Step  466: total_loss = 1.432201
12:45:38 AM - INFO - Episode 1133: Reward=  33.0, Length= 33, Loss=1.4322, Memory=56.65
12:45:47 AM - INFO - Episode 1134: Reward= 122.0, Length=122, Loss=1.4322, Memory=56.70
12:45:47 AM - INFO - Step  467: train/policy_loss = 0.462976
12:45:47 AM - INFO - Step  467: train/reward_loss = 0.003809
12:45:47 AM - INFO - Step  467: train/value_loss = 1.087549
12:45:47 AM - INFO - Step  467: total_loss = 1.554334
12:46:21 AM - INFO - Episode 1135: Reward= 500.0, Length=500, Loss=1.5543, Memory=56.75
12:46:30 AM - INFO - Episode 1136: Reward= 140.0, Length=140, Loss=1.5543, Memory=56.80
12:46:30 AM - INFO - Step  468: train/policy_loss = 0.445526
12:46:30 AM - INFO - Step  468: train/reward_loss = 0.003078
12:46:30 AM - INFO - Step  468: train/value_loss = 0.653027
12:46:30 AM - INFO - Step  468: total_loss = 1.101631
12:47:03 AM - INFO - Episode 1137: Reward= 500.0, Length=500, Loss=1.1016, Memory=56.85
12:47:36 AM - INFO - Episode 1138: Reward= 500.0, Length=500, Loss=1.1016, Memory=56.90
12:47:37 AM - INFO - Step  469: train/policy_loss = 0.503683
12:47:37 AM - INFO - Step  469: train/reward_loss = 0.003711
12:47:37 AM - INFO - Step  469: train/value_loss = 1.146330
12:47:37 AM - INFO - Step  469: total_loss = 1.653725
12:48:10 AM - INFO - Episode 1139: Reward= 500.0, Length=500, Loss=1.6537, Memory=56.95
12:48:35 AM - INFO - Episode 1140: Reward= 375.0, Length=375, Loss=1.6537, Memory=57.00
12:48:35 AM - INFO - Step  470: train/policy_loss = 0.457952
12:48:35 AM - INFO - Step  470: train/reward_loss = 0.002896
12:48:35 AM - INFO - Step  470: train/value_loss = 1.065951
12:48:35 AM - INFO - Step  470: total_loss = 1.526799
12:48:46 AM - INFO - Episode 1141: Reward= 164.0, Length=164, Loss=1.5268, Memory=57.05
12:48:46 AM - INFO - Progress: 57.0% | 0.04 it/s | ETA: 6:09:29
12:48:49 AM - INFO - Episode 1142: Reward=  36.0, Length= 36, Loss=1.5268, Memory=57.10
12:48:49 AM - INFO - Step  471: train/policy_loss = 0.479098
12:48:49 AM - INFO - Step  471: train/reward_loss = 0.002787
12:48:49 AM - INFO - Step  471: train/value_loss = 0.658940
12:48:49 AM - INFO - Step  471: total_loss = 1.140825
12:48:51 AM - INFO - Episode 1143: Reward=  26.0, Length= 26, Loss=1.1408, Memory=57.15
12:49:01 AM - INFO - Episode 1144: Reward= 147.0, Length=147, Loss=1.1408, Memory=57.20
12:49:02 AM - INFO - Step  472: train/policy_loss = 0.536169
12:49:02 AM - INFO - Step  472: train/reward_loss = 0.002587
12:49:02 AM - INFO - Step  472: train/value_loss = 0.758203
12:49:02 AM - INFO - Step  472: total_loss = 1.296959
12:49:06 AM - INFO - Episode 1145: Reward=  61.0, Length= 61, Loss=1.2970, Memory=57.25
12:49:09 AM - INFO - Episode 1146: Reward=  50.0, Length= 50, Loss=1.2970, Memory=57.30
12:49:10 AM - INFO - Step  473: train/policy_loss = 0.513798
12:49:10 AM - INFO - Step  473: train/reward_loss = 0.003470
12:49:10 AM - INFO - Step  473: train/value_loss = 1.230116
12:49:10 AM - INFO - Step  473: total_loss = 1.747385
12:49:13 AM - INFO - Episode 1147: Reward=  48.0, Length= 48, Loss=1.7474, Memory=57.35
12:49:18 AM - INFO - Episode 1148: Reward=  72.0, Length= 72, Loss=1.7474, Memory=57.40
12:49:18 AM - INFO - Step  474: train/policy_loss = 0.499400
12:49:18 AM - INFO - Step  474: train/reward_loss = 0.002621
12:49:18 AM - INFO - Step  474: train/value_loss = 0.820785
12:49:18 AM - INFO - Step  474: total_loss = 1.322805
12:49:20 AM - INFO - Episode 1149: Reward=  23.0, Length= 23, Loss=1.3228, Memory=57.45
12:49:24 AM - INFO - Episode 1150: Reward=  52.0, Length= 52, Loss=1.3228, Memory=57.50
12:49:24 AM - INFO - Step  475: train/policy_loss = 0.493928
12:49:24 AM - INFO - Step  475: train/reward_loss = 0.002802
12:49:24 AM - INFO - Step  475: train/value_loss = 1.059620
12:49:24 AM - INFO - Step  475: total_loss = 1.556350
12:49:24 AM - INFO - Checkpoint saved to checkpoints/CartPole-v1/20250726_223945/episode_01150.pkl
12:49:38 AM - INFO - Episode 1151: Reward= 204.0, Length=204, Loss=1.5564, Memory=57.55
12:49:40 AM - INFO - Episode 1152: Reward=  34.0, Length= 34, Loss=1.5564, Memory=57.60
12:49:40 AM - INFO - Step  476: train/policy_loss = 0.478457
12:49:40 AM - INFO - Step  476: train/reward_loss = 0.002596
12:49:40 AM - INFO - Step  476: train/value_loss = 0.764998
12:49:40 AM - INFO - Step  476: total_loss = 1.246051
12:49:43 AM - INFO - Episode 1153: Reward=  46.0, Length= 46, Loss=1.2461, Memory=57.65
12:49:49 AM - INFO - Episode 1154: Reward=  97.0, Length= 97, Loss=1.2461, Memory=57.70
12:49:50 AM - INFO - Step  477: train/policy_loss = 0.457057
12:49:50 AM - INFO - Step  477: train/reward_loss = 0.003331
12:49:50 AM - INFO - Step  477: train/value_loss = 0.787261
12:49:50 AM - INFO - Step  477: total_loss = 1.247649
12:49:54 AM - INFO - Episode 1155: Reward=  68.0, Length= 68, Loss=1.2476, Memory=57.75
12:50:08 AM - INFO - Episode 1156: Reward= 206.0, Length=206, Loss=1.2476, Memory=57.80
12:50:08 AM - INFO - Step  478: train/policy_loss = 0.478587
12:50:08 AM - INFO - Step  478: train/reward_loss = 0.003420
12:50:08 AM - INFO - Step  478: train/value_loss = 0.720836
12:50:08 AM - INFO - Step  478: total_loss = 1.202843
12:50:19 AM - INFO - Episode 1157: Reward= 170.0, Length=170, Loss=1.2028, Memory=57.85
12:50:53 AM - INFO - Episode 1158: Reward= 500.0, Length=500, Loss=1.2028, Memory=57.90
12:50:53 AM - INFO - Step  479: train/policy_loss = 0.477278
12:50:53 AM - INFO - Step  479: train/reward_loss = 0.002773
12:50:53 AM - INFO - Step  479: train/value_loss = 0.925733
12:50:53 AM - INFO - Step  479: total_loss = 1.405784
12:51:11 AM - INFO - Episode 1159: Reward= 281.0, Length=281, Loss=1.4058, Memory=57.95
12:51:44 AM - INFO - Episode 1160: Reward= 500.0, Length=500, Loss=1.4058, Memory=58.00
12:51:44 AM - INFO - Step  480: train/policy_loss = 0.468329
12:51:44 AM - INFO - Step  480: train/reward_loss = 0.002703
12:51:44 AM - INFO - Step  480: train/value_loss = 0.597586
12:51:44 AM - INFO - Step  480: total_loss = 1.068618
12:51:51 AM - INFO - Episode 1161: Reward= 112.0, Length=112, Loss=1.0686, Memory=58.05
12:51:51 AM - INFO - Progress: 58.0% | 0.05 it/s | ETA: 5:03:10
12:52:24 AM - INFO - Episode 1162: Reward= 500.0, Length=500, Loss=1.0686, Memory=58.10
12:52:24 AM - INFO - Step  481: train/policy_loss = 0.457558
12:52:24 AM - INFO - Step  481: train/reward_loss = 0.003200
12:52:24 AM - INFO - Step  481: train/value_loss = 0.932942
12:52:24 AM - INFO - Step  481: total_loss = 1.393700
12:52:56 AM - INFO - Episode 1163: Reward= 500.0, Length=500, Loss=1.3937, Memory=58.15
12:53:29 AM - INFO - Episode 1164: Reward= 500.0, Length=500, Loss=1.3937, Memory=58.20
12:53:30 AM - INFO - Step  482: train/policy_loss = 0.498947
12:53:30 AM - INFO - Step  482: train/reward_loss = 0.002277
12:53:30 AM - INFO - Step  482: train/value_loss = 1.020496
12:53:30 AM - INFO - Step  482: total_loss = 1.521720
12:54:02 AM - INFO - Episode 1165: Reward= 500.0, Length=500, Loss=1.5217, Memory=58.25
12:54:37 AM - INFO - Episode 1166: Reward= 500.0, Length=500, Loss=1.5217, Memory=58.30
12:54:37 AM - INFO - Step  483: train/policy_loss = 0.484496
12:54:37 AM - INFO - Step  483: train/reward_loss = 0.002208
12:54:37 AM - INFO - Step  483: train/value_loss = 1.038118
12:54:37 AM - INFO - Step  483: total_loss = 1.524823
12:54:52 AM - INFO - Episode 1167: Reward= 228.0, Length=228, Loss=1.5248, Memory=58.35
12:55:26 AM - INFO - Episode 1168: Reward= 500.0, Length=500, Loss=1.5248, Memory=58.40
12:55:26 AM - INFO - Step  484: train/policy_loss = 0.476275
12:55:26 AM - INFO - Step  484: train/reward_loss = 0.003576
12:55:26 AM - INFO - Step  484: train/value_loss = 0.976024
12:55:26 AM - INFO - Step  484: total_loss = 1.455875
12:56:00 AM - INFO - Episode 1169: Reward= 500.0, Length=500, Loss=1.4559, Memory=58.45
12:56:33 AM - INFO - Episode 1170: Reward= 500.0, Length=500, Loss=1.4559, Memory=58.50
12:56:33 AM - INFO - Step  485: train/policy_loss = 0.493177
12:56:33 AM - INFO - Step  485: train/reward_loss = 0.002646
12:56:33 AM - INFO - Step  485: train/value_loss = 1.075540
12:56:33 AM - INFO - Step  485: total_loss = 1.571363
12:57:04 AM - INFO - Episode 1171: Reward= 500.0, Length=500, Loss=1.5714, Memory=58.55
12:57:37 AM - INFO - Episode 1172: Reward= 500.0, Length=500, Loss=1.5714, Memory=58.60
12:57:37 AM - INFO - Step  486: train/policy_loss = 0.487456
12:57:37 AM - INFO - Step  486: train/reward_loss = 0.002580
12:57:37 AM - INFO - Step  486: train/value_loss = 1.040423
12:57:37 AM - INFO - Step  486: total_loss = 1.530459
12:57:38 AM - INFO - Episode 1173: Reward=  22.0, Length= 22, Loss=1.5305, Memory=58.65
12:57:42 AM - INFO - Episode 1174: Reward=  59.0, Length= 59, Loss=1.5305, Memory=58.70
12:57:42 AM - INFO - Step  487: train/policy_loss = 0.503443
12:57:42 AM - INFO - Step  487: train/reward_loss = 0.003143
12:57:42 AM - INFO - Step  487: train/value_loss = 0.895467
12:57:42 AM - INFO - Step  487: total_loss = 1.402053
12:57:43 AM - INFO - Episode 1175: Reward=  18.0, Length= 18, Loss=1.4021, Memory=58.75
12:57:45 AM - INFO - Episode 1176: Reward=  23.0, Length= 23, Loss=1.4021, Memory=58.80
12:57:45 AM - INFO - Step  488: train/policy_loss = 0.479417
12:57:45 AM - INFO - Step  488: train/reward_loss = 0.003100
12:57:45 AM - INFO - Step  488: train/value_loss = 1.053176
12:57:45 AM - INFO - Step  488: total_loss = 1.535692
12:57:55 AM - INFO - Episode 1177: Reward= 147.0, Length=147, Loss=1.5357, Memory=58.85
12:57:57 AM - INFO - Episode 1178: Reward=  36.0, Length= 36, Loss=1.5357, Memory=58.90
12:57:58 AM - INFO - Step  489: train/policy_loss = 0.476769
12:57:58 AM - INFO - Step  489: train/reward_loss = 0.003128
12:57:58 AM - INFO - Step  489: train/value_loss = 0.892804
12:57:58 AM - INFO - Step  489: total_loss = 1.372700
12:58:08 AM - INFO - Episode 1179: Reward= 150.0, Length=150, Loss=1.3727, Memory=58.95
12:58:42 AM - INFO - Episode 1180: Reward= 500.0, Length=500, Loss=1.3727, Memory=59.00
12:58:42 AM - INFO - Step  490: train/policy_loss = 0.483241
12:58:42 AM - INFO - Step  490: train/reward_loss = 0.003908
12:58:42 AM - INFO - Step  490: train/value_loss = 0.757031
12:58:42 AM - INFO - Step  490: total_loss = 1.244179
12:59:14 AM - INFO - Episode 1181: Reward= 500.0, Length=500, Loss=1.2442, Memory=59.05
12:59:14 AM - INFO - Progress: 59.0% | 0.06 it/s | ETA: 3:38:38
12:59:47 AM - INFO - Episode 1182: Reward= 500.0, Length=500, Loss=1.2442, Memory=59.10
12:59:47 AM - INFO - Step  491: train/policy_loss = 0.453110
12:59:47 AM - INFO - Step  491: train/reward_loss = 0.003048
12:59:47 AM - INFO - Step  491: train/value_loss = 0.843787
12:59:47 AM - INFO - Step  491: total_loss = 1.299945
01:00:20 AM - INFO - Episode 1183: Reward= 500.0, Length=500, Loss=1.2999, Memory=59.15
01:00:54 AM - INFO - Episode 1184: Reward= 500.0, Length=500, Loss=1.2999, Memory=59.20
01:00:54 AM - INFO - Step  492: train/policy_loss = 0.483904
01:00:54 AM - INFO - Step  492: train/reward_loss = 0.002917
01:00:54 AM - INFO - Step  492: train/value_loss = 0.596966
01:00:54 AM - INFO - Step  492: total_loss = 1.083787
01:01:26 AM - INFO - Episode 1185: Reward= 500.0, Length=500, Loss=1.0838, Memory=59.25
01:02:01 AM - INFO - Episode 1186: Reward= 500.0, Length=500, Loss=1.0838, Memory=59.30
01:02:01 AM - INFO - Step  493: train/policy_loss = 0.502051
01:02:01 AM - INFO - Step  493: train/reward_loss = 0.003400
01:02:01 AM - INFO - Step  493: train/value_loss = 0.902994
01:02:01 AM - INFO - Step  493: total_loss = 1.408445
01:02:34 AM - INFO - Episode 1187: Reward= 500.0, Length=500, Loss=1.4084, Memory=59.35
01:03:07 AM - INFO - Episode 1188: Reward= 500.0, Length=500, Loss=1.4084, Memory=59.40
01:03:07 AM - INFO - Step  494: train/policy_loss = 0.478147
01:03:07 AM - INFO - Step  494: train/reward_loss = 0.003291
01:03:07 AM - INFO - Step  494: train/value_loss = 1.114931
01:03:07 AM - INFO - Step  494: total_loss = 1.596370
01:03:40 AM - INFO - Episode 1189: Reward= 500.0, Length=500, Loss=1.5964, Memory=59.45
01:04:13 AM - INFO - Episode 1190: Reward= 500.0, Length=500, Loss=1.5964, Memory=59.50
01:04:13 AM - INFO - Step  495: train/policy_loss = 0.463701
01:04:13 AM - INFO - Step  495: train/reward_loss = 0.003888
01:04:13 AM - INFO - Step  495: train/value_loss = 1.228156
01:04:13 AM - INFO - Step  495: total_loss = 1.695745
01:04:47 AM - INFO - Episode 1191: Reward= 500.0, Length=500, Loss=1.6957, Memory=59.55
01:04:58 AM - INFO - Episode 1192: Reward= 173.0, Length=173, Loss=1.6957, Memory=59.60
01:04:59 AM - INFO - Step  496: train/policy_loss = 0.441909
01:04:59 AM - INFO - Step  496: train/reward_loss = 0.003512
01:04:59 AM - INFO - Step  496: train/value_loss = 1.006636
01:04:59 AM - INFO - Step  496: total_loss = 1.452057
01:05:32 AM - INFO - Episode 1193: Reward= 500.0, Length=500, Loss=1.4521, Memory=59.65
01:06:04 AM - INFO - Episode 1194: Reward= 500.0, Length=500, Loss=1.4521, Memory=59.70
01:06:04 AM - INFO - Step  497: train/policy_loss = 0.464988
01:06:04 AM - INFO - Step  497: train/reward_loss = 0.003766
01:06:04 AM - INFO - Step  497: train/value_loss = 0.570469
01:06:04 AM - INFO - Step  497: total_loss = 1.039223
01:06:11 AM - INFO - Episode 1195: Reward= 112.0, Length=112, Loss=1.0392, Memory=59.75
01:06:12 AM - INFO - Episode 1196: Reward=  14.0, Length= 14, Loss=1.0392, Memory=59.80
01:06:12 AM - INFO - Step  498: train/policy_loss = 0.490033
01:06:12 AM - INFO - Step  498: train/reward_loss = 0.004442
01:06:12 AM - INFO - Step  498: train/value_loss = 1.119692
01:06:12 AM - INFO - Step  498: total_loss = 1.614166
01:06:13 AM - INFO - Episode 1197: Reward=  13.0, Length= 13, Loss=1.6142, Memory=59.85
01:06:18 AM - INFO - Episode 1198: Reward=  78.0, Length= 78, Loss=1.6142, Memory=59.90
01:06:18 AM - INFO - Step  499: train/policy_loss = 0.472956
01:06:18 AM - INFO - Step  499: train/reward_loss = 0.004359
01:06:18 AM - INFO - Step  499: train/value_loss = 0.961132
01:06:18 AM - INFO - Step  499: total_loss = 1.438448
01:06:27 AM - INFO - Episode 1199: Reward= 142.0, Length=142, Loss=1.4384, Memory=59.95
01:06:35 AM - INFO - Episode 1200: Reward= 102.0, Length=102, Loss=1.4384, Memory=60.00
01:06:35 AM - INFO - Step  500: train/policy_loss = 0.491255
01:06:35 AM - INFO - Step  500: train/reward_loss = 0.003436
01:06:35 AM - INFO - Step  500: train/value_loss = 0.977193
01:06:35 AM - INFO - Step  500: total_loss = 1.471884
01:06:35 AM - INFO - Checkpoint saved to checkpoints/CartPole-v1/20250726_223945/episode_01200.pkl
01:06:57 AM - INFO - Episode 1201: Reward= 335.0, Length=335, Loss=1.4719, Memory=60.05
01:06:57 AM - INFO - Progress: 60.0% | 0.11 it/s | ETA: 1:59:34
01:07:30 AM - INFO - Episode 1202: Reward= 500.0, Length=500, Loss=1.4719, Memory=60.10
01:07:30 AM - INFO - Step  501: train/policy_loss = 0.485465
01:07:30 AM - INFO - Step  501: train/reward_loss = 0.004756
01:07:30 AM - INFO - Step  501: train/value_loss = 1.109020
01:07:30 AM - INFO - Step  501: total_loss = 1.599241
01:08:02 AM - INFO - Episode 1203: Reward= 500.0, Length=500, Loss=1.5992, Memory=60.15
01:08:34 AM - INFO - Episode 1204: Reward= 500.0, Length=500, Loss=1.5992, Memory=60.20
01:08:35 AM - INFO - Step  502: train/policy_loss = 0.528754
01:08:35 AM - INFO - Step  502: train/reward_loss = 0.004697
01:08:35 AM - INFO - Step  502: train/value_loss = 0.993292
01:08:35 AM - INFO - Step  502: total_loss = 1.526743
01:09:08 AM - INFO - Episode 1205: Reward= 500.0, Length=500, Loss=1.5267, Memory=60.25
01:09:41 AM - INFO - Episode 1206: Reward= 500.0, Length=500, Loss=1.5267, Memory=60.30
01:09:41 AM - INFO - Step  503: train/policy_loss = 0.452471
01:09:41 AM - INFO - Step  503: train/reward_loss = 0.003537
01:09:41 AM - INFO - Step  503: train/value_loss = 0.892826
01:09:41 AM - INFO - Step  503: total_loss = 1.348834
01:10:14 AM - INFO - Episode 1207: Reward= 500.0, Length=500, Loss=1.3488, Memory=60.35
01:10:45 AM - INFO - Episode 1208: Reward= 500.0, Length=500, Loss=1.3488, Memory=60.40
01:10:45 AM - INFO - Step  504: train/policy_loss = 0.468898
01:10:45 AM - INFO - Step  504: train/reward_loss = 0.003375
01:10:45 AM - INFO - Step  504: train/value_loss = 0.965079
01:10:45 AM - INFO - Step  504: total_loss = 1.437351
01:11:19 AM - INFO - Episode 1209: Reward= 500.0, Length=500, Loss=1.4374, Memory=60.45
01:11:51 AM - INFO - Episode 1210: Reward= 500.0, Length=500, Loss=1.4374, Memory=60.50
01:11:51 AM - INFO - Step  505: train/policy_loss = 0.546107
01:11:51 AM - INFO - Step  505: train/reward_loss = 0.004440
01:11:51 AM - INFO - Step  505: train/value_loss = 1.481548
01:11:51 AM - INFO - Step  505: total_loss = 2.032095
01:12:08 AM - INFO - Episode 1211: Reward= 235.0, Length=235, Loss=2.0321, Memory=60.55
01:12:19 AM - INFO - Episode 1212: Reward= 172.0, Length=172, Loss=2.0321, Memory=60.60
01:12:20 AM - INFO - Step  506: train/policy_loss = 0.533813
01:12:20 AM - INFO - Step  506: train/reward_loss = 0.002812
01:12:20 AM - INFO - Step  506: train/value_loss = 0.880744
01:12:20 AM - INFO - Step  506: total_loss = 1.417369
01:12:53 AM - INFO - Episode 1213: Reward= 500.0, Length=500, Loss=1.4174, Memory=60.65
01:13:26 AM - INFO - Episode 1214: Reward= 500.0, Length=500, Loss=1.4174, Memory=60.70
01:13:27 AM - INFO - Step  507: train/policy_loss = 0.448167
01:13:27 AM - INFO - Step  507: train/reward_loss = 0.003670
01:13:27 AM - INFO - Step  507: train/value_loss = 1.059550
01:13:27 AM - INFO - Step  507: total_loss = 1.511387
01:13:59 AM - INFO - Episode 1215: Reward= 500.0, Length=500, Loss=1.5114, Memory=60.75
01:14:00 AM - INFO - Episode 1216: Reward=  13.0, Length= 13, Loss=1.5114, Memory=60.80
01:14:00 AM - INFO - Step  508: train/policy_loss = 0.450726
01:14:00 AM - INFO - Step  508: train/reward_loss = 0.002692
01:14:00 AM - INFO - Step  508: train/value_loss = 0.957708
01:14:00 AM - INFO - Step  508: total_loss = 1.411126
01:14:32 AM - INFO - Episode 1217: Reward= 500.0, Length=500, Loss=1.4111, Memory=60.85
01:15:05 AM - INFO - Episode 1218: Reward= 500.0, Length=500, Loss=1.4111, Memory=60.90
01:15:05 AM - INFO - Step  509: train/policy_loss = 0.480792
01:15:05 AM - INFO - Step  509: train/reward_loss = 0.003034
01:15:05 AM - INFO - Step  509: train/value_loss = 0.600899
01:15:05 AM - INFO - Step  509: total_loss = 1.084725
01:15:09 AM - INFO - Episode 1219: Reward=  53.0, Length= 53, Loss=1.0847, Memory=60.95
01:15:09 AM - INFO - Episode 1220: Reward=  13.0, Length= 13, Loss=1.0847, Memory=61.00
01:15:10 AM - INFO - Step  510: train/policy_loss = 0.504205
01:15:10 AM - INFO - Step  510: train/reward_loss = 0.004046
01:15:10 AM - INFO - Step  510: train/value_loss = 0.795792
01:15:10 AM - INFO - Step  510: total_loss = 1.304043
01:15:13 AM - INFO - Episode 1221: Reward=  52.0, Length= 52, Loss=1.3040, Memory=61.05
01:15:13 AM - INFO - Progress: 61.0% | 0.07 it/s | ETA: 3:04:40
01:15:23 AM - INFO - Episode 1222: Reward= 150.0, Length=150, Loss=1.3040, Memory=61.10
01:15:23 AM - INFO - Step  511: train/policy_loss = 0.482535
01:15:23 AM - INFO - Step  511: train/reward_loss = 0.003892
01:15:23 AM - INFO - Step  511: train/value_loss = 0.654938
01:15:23 AM - INFO - Step  511: total_loss = 1.141365
01:15:44 AM - INFO - Episode 1223: Reward= 293.0, Length=293, Loss=1.1414, Memory=61.15
01:15:58 AM - INFO - Episode 1224: Reward= 211.0, Length=211, Loss=1.1414, Memory=61.20
01:15:58 AM - INFO - Step  512: train/policy_loss = 0.471536
01:15:58 AM - INFO - Step  512: train/reward_loss = 0.003457
01:15:58 AM - INFO - Step  512: train/value_loss = 0.775557
01:15:58 AM - INFO - Step  512: total_loss = 1.250551
01:16:33 AM - INFO - Episode 1225: Reward= 500.0, Length=500, Loss=1.2506, Memory=61.25
01:17:07 AM - INFO - Episode 1226: Reward= 500.0, Length=500, Loss=1.2506, Memory=61.30
01:17:08 AM - INFO - Step  513: train/policy_loss = 0.473337
01:17:08 AM - INFO - Step  513: train/reward_loss = 0.003343
01:17:08 AM - INFO - Step  513: train/value_loss = 0.751884
01:17:08 AM - INFO - Step  513: total_loss = 1.228565
01:17:42 AM - INFO - Episode 1227: Reward= 500.0, Length=500, Loss=1.2286, Memory=61.35
01:18:17 AM - INFO - Episode 1228: Reward= 500.0, Length=500, Loss=1.2286, Memory=61.40
01:18:17 AM - INFO - Step  514: train/policy_loss = 0.469928
01:18:17 AM - INFO - Step  514: train/reward_loss = 0.003086
01:18:17 AM - INFO - Step  514: train/value_loss = 0.822440
01:18:17 AM - INFO - Step  514: total_loss = 1.295453
01:18:37 AM - INFO - Episode 1229: Reward= 297.0, Length=297, Loss=1.2955, Memory=61.45
01:18:57 AM - INFO - Episode 1230: Reward= 316.0, Length=316, Loss=1.2955, Memory=61.50
01:18:58 AM - INFO - Step  515: train/policy_loss = 0.457313
01:18:58 AM - INFO - Step  515: train/reward_loss = 0.003525
01:18:58 AM - INFO - Step  515: train/value_loss = 0.816441
01:18:58 AM - INFO - Step  515: total_loss = 1.277278
01:19:21 AM - INFO - Episode 1231: Reward= 349.0, Length=349, Loss=1.2773, Memory=61.55
01:19:21 AM - INFO - Episode 1232: Reward=   9.0, Length=  9, Loss=1.2773, Memory=61.60
01:19:22 AM - INFO - Step  516: train/policy_loss = 0.521522
01:19:22 AM - INFO - Step  516: train/reward_loss = 0.004361
01:19:22 AM - INFO - Step  516: train/value_loss = 0.771026
01:19:22 AM - INFO - Step  516: total_loss = 1.296908
01:19:39 AM - INFO - Episode 1233: Reward= 236.0, Length=236, Loss=1.2969, Memory=61.65
01:19:40 AM - INFO - Episode 1234: Reward=  12.0, Length= 12, Loss=1.2969, Memory=61.70
01:19:41 AM - INFO - Step  517: train/policy_loss = 0.482856
01:19:41 AM - INFO - Step  517: train/reward_loss = 0.003788
01:19:41 AM - INFO - Step  517: train/value_loss = 0.830884
01:19:41 AM - INFO - Step  517: total_loss = 1.317527
01:20:07 AM - INFO - Episode 1235: Reward= 366.0, Length=366, Loss=1.3175, Memory=61.75
01:20:40 AM - INFO - Episode 1236: Reward= 500.0, Length=500, Loss=1.3175, Memory=61.80
01:20:40 AM - INFO - Step  518: train/policy_loss = 0.511271
01:20:40 AM - INFO - Step  518: train/reward_loss = 0.004293
01:20:40 AM - INFO - Step  518: train/value_loss = 1.051530
01:20:40 AM - INFO - Step  518: total_loss = 1.567093
01:21:14 AM - INFO - Episode 1237: Reward= 500.0, Length=500, Loss=1.5671, Memory=61.85
01:21:47 AM - INFO - Episode 1238: Reward= 500.0, Length=500, Loss=1.5671, Memory=61.90
01:21:47 AM - INFO - Step  519: train/policy_loss = 0.466405
01:21:47 AM - INFO - Step  519: train/reward_loss = 0.004107
01:21:47 AM - INFO - Step  519: train/value_loss = 0.965343
01:21:47 AM - INFO - Step  519: total_loss = 1.435855
01:22:16 AM - INFO - Episode 1239: Reward= 441.0, Length=441, Loss=1.4359, Memory=61.95
01:22:27 AM - INFO - Episode 1240: Reward= 139.0, Length=139, Loss=1.4359, Memory=62.00
01:22:27 AM - INFO - Step  520: train/policy_loss = 0.495425
01:22:27 AM - INFO - Step  520: train/reward_loss = 0.003622
01:22:27 AM - INFO - Step  520: train/value_loss = 0.986815
01:22:27 AM - INFO - Step  520: total_loss = 1.485862
01:22:30 AM - INFO - Episode 1241: Reward=  35.0, Length= 35, Loss=1.4859, Memory=62.05
01:22:30 AM - INFO - Progress: 62.0% | 0.04 it/s | ETA: 4:51:13
01:22:41 AM - INFO - Episode 1242: Reward= 132.0, Length=132, Loss=1.4859, Memory=62.10
01:22:41 AM - INFO - Step  521: train/policy_loss = 0.497549
01:22:41 AM - INFO - Step  521: train/reward_loss = 0.002579
01:22:41 AM - INFO - Step  521: train/value_loss = 0.799701
01:22:41 AM - INFO - Step  521: total_loss = 1.299829
01:22:42 AM - INFO - Episode 1243: Reward=  12.0, Length= 12, Loss=1.2998, Memory=62.15
01:22:43 AM - INFO - Episode 1244: Reward=  18.0, Length= 18, Loss=1.2998, Memory=62.20
01:22:43 AM - INFO - Step  522: train/policy_loss = 0.489781
01:22:43 AM - INFO - Step  522: train/reward_loss = 0.003594
01:22:43 AM - INFO - Step  522: train/value_loss = 1.024833
01:22:43 AM - INFO - Step  522: total_loss = 1.518208
01:22:45 AM - INFO - Episode 1245: Reward=  28.0, Length= 28, Loss=1.5182, Memory=62.25
01:22:49 AM - INFO - Episode 1246: Reward=  56.0, Length= 56, Loss=1.5182, Memory=62.30
01:22:49 AM - INFO - Step  523: train/policy_loss = 0.450424
01:22:49 AM - INFO - Step  523: train/reward_loss = 0.004661
01:22:49 AM - INFO - Step  523: train/value_loss = 0.986865
01:22:49 AM - INFO - Step  523: total_loss = 1.441950
01:22:57 AM - INFO - Episode 1247: Reward= 106.0, Length=106, Loss=1.4420, Memory=62.35
01:23:12 AM - INFO - Episode 1248: Reward= 238.0, Length=238, Loss=1.4420, Memory=62.40
01:23:12 AM - INFO - Step  524: train/policy_loss = 0.459733
01:23:12 AM - INFO - Step  524: train/reward_loss = 0.003689
01:23:12 AM - INFO - Step  524: train/value_loss = 0.722452
01:23:12 AM - INFO - Step  524: total_loss = 1.185874
01:23:27 AM - INFO - Episode 1249: Reward= 219.0, Length=219, Loss=1.1859, Memory=62.45
01:23:49 AM - INFO - Episode 1250: Reward= 342.0, Length=342, Loss=1.1859, Memory=62.50
01:23:49 AM - INFO - Step  525: train/policy_loss = 0.446189
01:23:49 AM - INFO - Step  525: train/reward_loss = 0.003050
01:23:49 AM - INFO - Step  525: train/value_loss = 0.807675
01:23:49 AM - INFO - Step  525: total_loss = 1.256915
01:23:49 AM - INFO - Checkpoint saved to checkpoints/CartPole-v1/20250726_223945/episode_01250.pkl
01:23:56 AM - INFO - Episode 1251: Reward= 112.0, Length=112, Loss=1.2569, Memory=62.55
01:24:30 AM - INFO - Episode 1252: Reward= 500.0, Length=500, Loss=1.2569, Memory=62.60
01:24:30 AM - INFO - Step  526: train/policy_loss = 0.447917
01:24:30 AM - INFO - Step  526: train/reward_loss = 0.002771
01:24:30 AM - INFO - Step  526: train/value_loss = 0.590765
01:24:30 AM - INFO - Step  526: total_loss = 1.041452
01:24:37 AM - INFO - Episode 1253: Reward=  93.0, Length= 93, Loss=1.0415, Memory=62.65
01:24:54 AM - INFO - Episode 1254: Reward= 266.0, Length=266, Loss=1.0415, Memory=62.70
01:24:54 AM - INFO - Step  527: train/policy_loss = 0.496798
01:24:54 AM - INFO - Step  527: train/reward_loss = 0.003278
01:24:54 AM - INFO - Step  527: train/value_loss = 1.038481
01:24:54 AM - INFO - Step  527: total_loss = 1.538557
01:25:29 AM - INFO - Episode 1255: Reward= 500.0, Length=500, Loss=1.5386, Memory=62.75
01:26:01 AM - INFO - Episode 1256: Reward= 500.0, Length=500, Loss=1.5386, Memory=62.80
01:26:01 AM - INFO - Step  528: train/policy_loss = 0.502178
01:26:01 AM - INFO - Step  528: train/reward_loss = 0.003611
01:26:01 AM - INFO - Step  528: train/value_loss = 1.148306
01:26:01 AM - INFO - Step  528: total_loss = 1.654095
01:26:02 AM - INFO - Episode 1257: Reward=  10.0, Length= 10, Loss=1.6541, Memory=62.85
01:26:03 AM - INFO - Episode 1258: Reward=  11.0, Length= 11, Loss=1.6541, Memory=62.90
01:26:03 AM - INFO - Step  529: train/policy_loss = 0.408090
01:26:03 AM - INFO - Step  529: train/reward_loss = 0.002751
01:26:03 AM - INFO - Step  529: train/value_loss = 0.852797
01:26:03 AM - INFO - Step  529: total_loss = 1.263638
01:26:36 AM - INFO - Episode 1259: Reward= 500.0, Length=500, Loss=1.2636, Memory=62.95
01:27:09 AM - INFO - Episode 1260: Reward= 500.0, Length=500, Loss=1.2636, Memory=63.00
01:27:09 AM - INFO - Step  530: train/policy_loss = 0.506175
01:27:09 AM - INFO - Step  530: train/reward_loss = 0.002784
01:27:09 AM - INFO - Step  530: train/value_loss = 0.780134
01:27:09 AM - INFO - Step  530: total_loss = 1.289093
01:27:43 AM - INFO - Episode 1261: Reward= 500.0, Length=500, Loss=1.2891, Memory=63.05
01:27:43 AM - INFO - Progress: 63.0% | 0.04 it/s | ETA: 4:45:05
01:28:17 AM - INFO - Episode 1262: Reward= 500.0, Length=500, Loss=1.2891, Memory=63.10
01:28:17 AM - INFO - Step  531: train/policy_loss = 0.455683
01:28:17 AM - INFO - Step  531: train/reward_loss = 0.002498
01:28:17 AM - INFO - Step  531: train/value_loss = 0.660776
01:28:17 AM - INFO - Step  531: total_loss = 1.118957
01:28:20 AM - INFO - Episode 1263: Reward=  40.0, Length= 40, Loss=1.1190, Memory=63.15
01:28:53 AM - INFO - Episode 1264: Reward= 500.0, Length=500, Loss=1.1190, Memory=63.20
01:28:53 AM - INFO - Step  532: train/policy_loss = 0.469977
01:28:53 AM - INFO - Step  532: train/reward_loss = 0.002588
01:28:53 AM - INFO - Step  532: train/value_loss = 1.008765
01:28:53 AM - INFO - Step  532: total_loss = 1.481330
01:29:26 AM - INFO - Episode 1265: Reward= 500.0, Length=500, Loss=1.4813, Memory=63.25
01:29:57 AM - INFO - Episode 1266: Reward= 463.0, Length=463, Loss=1.4813, Memory=63.30
01:29:57 AM - INFO - Step  533: train/policy_loss = 0.482259
01:29:57 AM - INFO - Step  533: train/reward_loss = 0.002760
01:29:57 AM - INFO - Step  533: train/value_loss = 0.545302
01:29:57 AM - INFO - Step  533: total_loss = 1.030322
01:30:06 AM - INFO - Episode 1267: Reward= 128.0, Length=128, Loss=1.0303, Memory=63.35
01:30:14 AM - INFO - Episode 1268: Reward= 118.0, Length=118, Loss=1.0303, Memory=63.40
01:30:15 AM - INFO - Step  534: train/policy_loss = 0.482451
01:30:15 AM - INFO - Step  534: train/reward_loss = 0.004243
01:30:15 AM - INFO - Step  534: train/value_loss = 0.747646
01:30:15 AM - INFO - Step  534: total_loss = 1.234339
01:30:20 AM - INFO - Episode 1269: Reward=  75.0, Length= 75, Loss=1.2343, Memory=63.45
01:30:54 AM - INFO - Episode 1270: Reward= 500.0, Length=500, Loss=1.2343, Memory=63.50
01:30:54 AM - INFO - Step  535: train/policy_loss = 0.464600
01:30:54 AM - INFO - Step  535: train/reward_loss = 0.004307
01:30:54 AM - INFO - Step  535: train/value_loss = 0.912735
01:30:54 AM - INFO - Step  535: total_loss = 1.381642
01:31:17 AM - INFO - Episode 1271: Reward= 345.0, Length=345, Loss=1.3816, Memory=63.55
01:31:51 AM - INFO - Episode 1272: Reward= 500.0, Length=500, Loss=1.3816, Memory=63.60
01:31:51 AM - INFO - Step  536: train/policy_loss = 0.488781
01:31:51 AM - INFO - Step  536: train/reward_loss = 0.003291
01:31:51 AM - INFO - Step  536: train/value_loss = 0.923250
01:31:51 AM - INFO - Step  536: total_loss = 1.415323
01:32:24 AM - INFO - Episode 1273: Reward= 500.0, Length=500, Loss=1.4153, Memory=63.65
01:32:56 AM - INFO - Episode 1274: Reward= 500.0, Length=500, Loss=1.4153, Memory=63.70
01:32:56 AM - INFO - Step  537: train/policy_loss = 0.474082
01:32:56 AM - INFO - Step  537: train/reward_loss = 0.002719
01:32:56 AM - INFO - Step  537: train/value_loss = 0.710328
01:32:56 AM - INFO - Step  537: total_loss = 1.187130
01:33:18 AM - INFO - Episode 1275: Reward= 353.0, Length=353, Loss=1.1871, Memory=63.75
01:33:31 AM - INFO - Episode 1276: Reward= 192.0, Length=192, Loss=1.1871, Memory=63.80
01:33:32 AM - INFO - Step  538: train/policy_loss = 0.495992
01:33:32 AM - INFO - Step  538: train/reward_loss = 0.003229
01:33:32 AM - INFO - Step  538: train/value_loss = 1.136752
01:33:32 AM - INFO - Step  538: total_loss = 1.635973
01:34:05 AM - INFO - Episode 1277: Reward= 500.0, Length=500, Loss=1.6360, Memory=63.85
01:34:39 AM - INFO - Episode 1278: Reward= 500.0, Length=500, Loss=1.6360, Memory=63.90
01:34:39 AM - INFO - Step  539: train/policy_loss = 0.506688
01:34:39 AM - INFO - Step  539: train/reward_loss = 0.002689
01:34:39 AM - INFO - Step  539: train/value_loss = 0.700328
01:34:39 AM - INFO - Step  539: total_loss = 1.209705
01:35:12 AM - INFO - Episode 1279: Reward= 500.0, Length=500, Loss=1.2097, Memory=63.95
01:35:44 AM - INFO - Episode 1280: Reward= 500.0, Length=500, Loss=1.2097, Memory=64.00
01:35:44 AM - INFO - Step  540: train/policy_loss = 0.522090
01:35:44 AM - INFO - Step  540: train/reward_loss = 0.003068
01:35:44 AM - INFO - Step  540: train/value_loss = 0.914888
01:35:44 AM - INFO - Step  540: total_loss = 1.440046
01:36:02 AM - INFO - Episode 1281: Reward= 266.0, Length=266, Loss=1.4400, Memory=64.05
01:36:02 AM - INFO - Progress: 64.0% | 0.03 it/s | ETA: 6:04:51
01:36:36 AM - INFO - Episode 1282: Reward= 500.0, Length=500, Loss=1.4400, Memory=64.10
01:36:36 AM - INFO - Step  541: train/policy_loss = 0.447692
01:36:36 AM - INFO - Step  541: train/reward_loss = 0.003226
01:36:36 AM - INFO - Step  541: train/value_loss = 0.757334
01:36:36 AM - INFO - Step  541: total_loss = 1.208251
01:37:11 AM - INFO - Episode 1283: Reward= 500.0, Length=500, Loss=1.2083, Memory=64.15
01:37:33 AM - INFO - Episode 1284: Reward= 340.0, Length=340, Loss=1.2083, Memory=64.20
01:37:33 AM - INFO - Step  542: train/policy_loss = 0.487317
01:37:33 AM - INFO - Step  542: train/reward_loss = 0.002924
01:37:33 AM - INFO - Step  542: train/value_loss = 0.931070
01:37:33 AM - INFO - Step  542: total_loss = 1.421311
01:38:08 AM - INFO - Episode 1285: Reward= 500.0, Length=500, Loss=1.4213, Memory=64.25
01:38:16 AM - INFO - Episode 1286: Reward= 126.0, Length=126, Loss=1.4213, Memory=64.30
01:38:17 AM - INFO - Step  543: train/policy_loss = 0.457016
01:38:17 AM - INFO - Step  543: train/reward_loss = 0.003241
01:38:17 AM - INFO - Step  543: train/value_loss = 0.593007
01:38:17 AM - INFO - Step  543: total_loss = 1.053264
01:38:24 AM - INFO - Episode 1287: Reward= 106.0, Length=106, Loss=1.0533, Memory=64.35
01:38:37 AM - INFO - Episode 1288: Reward= 193.0, Length=193, Loss=1.0533, Memory=64.40
01:38:37 AM - INFO - Step  544: train/policy_loss = 0.486202
01:38:37 AM - INFO - Step  544: train/reward_loss = 0.003181
01:38:37 AM - INFO - Step  544: train/value_loss = 0.612039
01:38:37 AM - INFO - Step  544: total_loss = 1.101423
01:38:38 AM - INFO - Episode 1289: Reward=  17.0, Length= 17, Loss=1.1014, Memory=64.45
01:38:40 AM - INFO - Episode 1290: Reward=  22.0, Length= 22, Loss=1.1014, Memory=64.50
01:38:40 AM - INFO - Step  545: train/policy_loss = 0.479085
01:38:40 AM - INFO - Step  545: train/reward_loss = 0.002047
01:38:40 AM - INFO - Step  545: train/value_loss = 0.724973
01:38:40 AM - INFO - Step  545: total_loss = 1.206105
01:38:43 AM - INFO - Episode 1291: Reward=  47.0, Length= 47, Loss=1.2061, Memory=64.55
01:38:45 AM - INFO - Episode 1292: Reward=  22.0, Length= 22, Loss=1.2061, Memory=64.60
01:38:45 AM - INFO - Step  546: train/policy_loss = 0.460057
01:38:45 AM - INFO - Step  546: train/reward_loss = 0.002690
01:38:45 AM - INFO - Step  546: train/value_loss = 0.612099
01:38:45 AM - INFO - Step  546: total_loss = 1.074846
01:38:47 AM - INFO - Episode 1293: Reward=  33.0, Length= 33, Loss=1.0748, Memory=64.65
01:38:49 AM - INFO - Episode 1294: Reward=  28.0, Length= 28, Loss=1.0748, Memory=64.70
01:38:49 AM - INFO - Step  547: train/policy_loss = 0.483931
01:38:49 AM - INFO - Step  547: train/reward_loss = 0.002896
01:38:49 AM - INFO - Step  547: train/value_loss = 0.719303
01:38:49 AM - INFO - Step  547: total_loss = 1.206131
01:38:50 AM - INFO - Episode 1295: Reward=  11.0, Length= 11, Loss=1.2061, Memory=64.75
01:38:51 AM - INFO - Episode 1296: Reward=  14.0, Length= 14, Loss=1.2061, Memory=64.80
01:38:51 AM - INFO - Step  548: train/policy_loss = 0.457371
01:38:51 AM - INFO - Step  548: train/reward_loss = 0.003391
01:38:51 AM - INFO - Step  548: train/value_loss = 0.833339
01:38:51 AM - INFO - Step  548: total_loss = 1.294101
01:39:25 AM - INFO - Episode 1297: Reward= 500.0, Length=500, Loss=1.2941, Memory=64.85
01:40:00 AM - INFO - Episode 1298: Reward= 500.0, Length=500, Loss=1.2941, Memory=64.90
01:40:00 AM - INFO - Step  549: train/policy_loss = 0.488750
01:40:00 AM - INFO - Step  549: train/reward_loss = 0.003175
01:40:00 AM - INFO - Step  549: train/value_loss = 1.094481
01:40:00 AM - INFO - Step  549: total_loss = 1.586406
01:40:34 AM - INFO - Episode 1299: Reward= 500.0, Length=500, Loss=1.5864, Memory=64.95
01:40:45 AM - INFO - Episode 1300: Reward= 178.0, Length=178, Loss=1.5864, Memory=65.00
01:40:46 AM - INFO - Step  550: train/policy_loss = 0.460165
01:40:46 AM - INFO - Step  550: train/reward_loss = 0.002463
01:40:46 AM - INFO - Step  550: train/value_loss = 1.031898
01:40:46 AM - INFO - Step  550: total_loss = 1.494526
01:40:46 AM - INFO - Checkpoint saved to checkpoints/CartPole-v1/20250726_223945/episode_01300.pkl
01:41:19 AM - INFO - Episode 1301: Reward= 500.0, Length=500, Loss=1.4945, Memory=65.05
01:41:19 AM - INFO - Progress: 65.0% | 0.05 it/s | ETA: 3:51:41
01:41:24 AM - INFO - Episode 1302: Reward=  70.0, Length= 70, Loss=1.4945, Memory=65.10
01:41:24 AM - INFO - Step  551: train/policy_loss = 0.477971
01:41:24 AM - INFO - Step  551: train/reward_loss = 0.004193
01:41:24 AM - INFO - Step  551: train/value_loss = 0.975650
01:41:24 AM - INFO - Step  551: total_loss = 1.457815
01:41:59 AM - INFO - Episode 1303: Reward= 500.0, Length=500, Loss=1.4578, Memory=65.15
01:42:32 AM - INFO - Episode 1304: Reward= 500.0, Length=500, Loss=1.4578, Memory=65.20
01:42:33 AM - INFO - Step  552: train/policy_loss = 0.496244
01:42:33 AM - INFO - Step  552: train/reward_loss = 0.002896
01:42:33 AM - INFO - Step  552: train/value_loss = 0.741891
01:42:33 AM - INFO - Step  552: total_loss = 1.241031
01:43:05 AM - INFO - Episode 1305: Reward= 500.0, Length=500, Loss=1.2410, Memory=65.25
01:43:31 AM - INFO - Episode 1306: Reward= 387.0, Length=387, Loss=1.2410, Memory=65.30
01:43:31 AM - INFO - Step  553: train/policy_loss = 0.486406
01:43:31 AM - INFO - Step  553: train/reward_loss = 0.002473
01:43:31 AM - INFO - Step  553: train/value_loss = 1.120800
01:43:31 AM - INFO - Step  553: total_loss = 1.609679
01:44:05 AM - INFO - Episode 1307: Reward= 500.0, Length=500, Loss=1.6097, Memory=65.35
01:44:40 AM - INFO - Episode 1308: Reward= 500.0, Length=500, Loss=1.6097, Memory=65.40
01:44:41 AM - INFO - Step  554: train/policy_loss = 0.485352
01:44:41 AM - INFO - Step  554: train/reward_loss = 0.002655
01:44:41 AM - INFO - Step  554: train/value_loss = 1.146229
01:44:41 AM - INFO - Step  554: total_loss = 1.634237
01:45:14 AM - INFO - Episode 1309: Reward= 500.0, Length=500, Loss=1.6342, Memory=65.45
01:45:47 AM - INFO - Episode 1310: Reward= 500.0, Length=500, Loss=1.6342, Memory=65.50
01:45:47 AM - INFO - Step  555: train/policy_loss = 0.475935
01:45:47 AM - INFO - Step  555: train/reward_loss = 0.002918
01:45:47 AM - INFO - Step  555: train/value_loss = 0.812877
01:45:47 AM - INFO - Step  555: total_loss = 1.291730
01:46:21 AM - INFO - Episode 1311: Reward= 500.0, Length=500, Loss=1.2917, Memory=65.55
01:46:54 AM - INFO - Episode 1312: Reward= 500.0, Length=500, Loss=1.2917, Memory=65.60
01:46:54 AM - INFO - Step  556: train/policy_loss = 0.483970
01:46:54 AM - INFO - Step  556: train/reward_loss = 0.003033
01:46:54 AM - INFO - Step  556: train/value_loss = 1.172085
01:46:54 AM - INFO - Step  556: total_loss = 1.659088
01:47:26 AM - INFO - Episode 1313: Reward= 500.0, Length=500, Loss=1.6591, Memory=65.65
01:47:59 AM - INFO - Episode 1314: Reward= 500.0, Length=500, Loss=1.6591, Memory=65.70
01:47:59 AM - INFO - Step  557: train/policy_loss = 0.473271
01:47:59 AM - INFO - Step  557: train/reward_loss = 0.002868
01:47:59 AM - INFO - Step  557: train/value_loss = 0.871055
01:47:59 AM - INFO - Step  557: total_loss = 1.347193
01:48:32 AM - INFO - Episode 1315: Reward= 500.0, Length=500, Loss=1.3472, Memory=65.75
01:49:05 AM - INFO - Episode 1316: Reward= 500.0, Length=500, Loss=1.3472, Memory=65.80
01:49:06 AM - INFO - Step  558: train/policy_loss = 0.437476
01:49:06 AM - INFO - Step  558: train/reward_loss = 0.002319
01:49:06 AM - INFO - Step  558: train/value_loss = 0.808231
01:49:06 AM - INFO - Step  558: total_loss = 1.248026
01:49:09 AM - INFO - Episode 1317: Reward=  54.0, Length= 54, Loss=1.2480, Memory=65.85
01:49:11 AM - INFO - Episode 1318: Reward=  31.0, Length= 31, Loss=1.2480, Memory=65.90
01:49:11 AM - INFO - Step  559: train/policy_loss = 0.484914
01:49:11 AM - INFO - Step  559: train/reward_loss = 0.004136
01:49:11 AM - INFO - Step  559: train/value_loss = 1.397588
01:49:11 AM - INFO - Step  559: total_loss = 1.886638
01:49:14 AM - INFO - Episode 1319: Reward=  38.0, Length= 38, Loss=1.8866, Memory=65.95
01:49:16 AM - INFO - Episode 1320: Reward=  27.0, Length= 27, Loss=1.8866, Memory=66.00
01:49:16 AM - INFO - Step  560: train/policy_loss = 0.478717
01:49:16 AM - INFO - Step  560: train/reward_loss = 0.003265
01:49:16 AM - INFO - Step  560: train/value_loss = 0.603528
01:49:16 AM - INFO - Step  560: total_loss = 1.085510
01:49:23 AM - INFO - Episode 1321: Reward= 113.0, Length=113, Loss=1.0855, Memory=66.05
01:49:23 AM - INFO - Progress: 66.0% | 0.10 it/s | ETA: 1:50:24
01:49:32 AM - INFO - Episode 1322: Reward= 130.0, Length=130, Loss=1.0855, Memory=66.10
01:49:32 AM - INFO - Step  561: train/policy_loss = 0.519816
01:49:32 AM - INFO - Step  561: train/reward_loss = 0.003143
01:49:32 AM - INFO - Step  561: train/value_loss = 0.935446
01:49:32 AM - INFO - Step  561: total_loss = 1.458404
01:49:49 AM - INFO - Episode 1323: Reward= 247.0, Length=247, Loss=1.4584, Memory=66.15
01:50:19 AM - INFO - Episode 1324: Reward= 449.0, Length=449, Loss=1.4584, Memory=66.20
01:50:19 AM - INFO - Step  562: train/policy_loss = 0.454354
01:50:19 AM - INFO - Step  562: train/reward_loss = 0.002240
01:50:19 AM - INFO - Step  562: train/value_loss = 0.832458
01:50:19 AM - INFO - Step  562: total_loss = 1.289052
01:50:53 AM - INFO - Episode 1325: Reward= 500.0, Length=500, Loss=1.2891, Memory=66.25
01:51:24 AM - INFO - Episode 1326: Reward= 500.0, Length=500, Loss=1.2891, Memory=66.30
01:51:25 AM - INFO - Step  563: train/policy_loss = 0.468288
01:51:25 AM - INFO - Step  563: train/reward_loss = 0.002679
01:51:25 AM - INFO - Step  563: train/value_loss = 0.815079
01:51:25 AM - INFO - Step  563: total_loss = 1.286046
01:51:56 AM - INFO - Episode 1327: Reward= 500.0, Length=500, Loss=1.2860, Memory=66.35
01:52:28 AM - INFO - Episode 1328: Reward= 500.0, Length=500, Loss=1.2860, Memory=66.40
01:52:28 AM - INFO - Step  564: train/policy_loss = 0.465375
01:52:28 AM - INFO - Step  564: train/reward_loss = 0.002837
01:52:28 AM - INFO - Step  564: train/value_loss = 0.669500
01:52:28 AM - INFO - Step  564: total_loss = 1.137711
01:53:03 AM - INFO - Episode 1329: Reward= 500.0, Length=500, Loss=1.1377, Memory=66.45
01:53:36 AM - INFO - Episode 1330: Reward= 500.0, Length=500, Loss=1.1377, Memory=66.50
01:53:36 AM - INFO - Step  565: train/policy_loss = 0.461811
01:53:36 AM - INFO - Step  565: train/reward_loss = 0.002599
01:53:36 AM - INFO - Step  565: train/value_loss = 1.188526
01:53:36 AM - INFO - Step  565: total_loss = 1.652936
01:53:45 AM - INFO - Episode 1331: Reward= 128.0, Length=128, Loss=1.6529, Memory=66.55
01:54:17 AM - INFO - Episode 1332: Reward= 500.0, Length=500, Loss=1.6529, Memory=66.60
01:54:17 AM - INFO - Step  566: train/policy_loss = 0.490171
01:54:17 AM - INFO - Step  566: train/reward_loss = 0.002578
01:54:17 AM - INFO - Step  566: train/value_loss = 0.710861
01:54:17 AM - INFO - Step  566: total_loss = 1.203610
01:54:49 AM - INFO - Episode 1333: Reward= 500.0, Length=500, Loss=1.2036, Memory=66.65
01:55:22 AM - INFO - Episode 1334: Reward= 500.0, Length=500, Loss=1.2036, Memory=66.70
01:55:23 AM - INFO - Step  567: train/policy_loss = 0.497043
01:55:23 AM - INFO - Step  567: train/reward_loss = 0.002871
01:55:23 AM - INFO - Step  567: train/value_loss = 0.709875
01:55:23 AM - INFO - Step  567: total_loss = 1.209789
01:55:56 AM - INFO - Episode 1335: Reward= 500.0, Length=500, Loss=1.2098, Memory=66.75
01:56:29 AM - INFO - Episode 1336: Reward= 500.0, Length=500, Loss=1.2098, Memory=66.80
01:56:29 AM - INFO - Step  568: train/policy_loss = 0.463064
01:56:29 AM - INFO - Step  568: train/reward_loss = 0.001927
01:56:29 AM - INFO - Step  568: train/value_loss = 0.535340
01:56:29 AM - INFO - Step  568: total_loss = 1.000331
01:56:41 AM - INFO - Episode 1337: Reward= 176.0, Length=176, Loss=1.0003, Memory=66.85
01:56:53 AM - INFO - Episode 1338: Reward= 167.0, Length=167, Loss=1.0003, Memory=66.90
01:56:53 AM - INFO - Step  569: train/policy_loss = 0.453519
01:56:53 AM - INFO - Step  569: train/reward_loss = 0.002513
01:56:53 AM - INFO - Step  569: train/value_loss = 0.999695
01:56:53 AM - INFO - Step  569: total_loss = 1.455728
01:56:58 AM - INFO - Episode 1339: Reward=  82.0, Length= 82, Loss=1.4557, Memory=66.95
01:57:31 AM - INFO - Episode 1340: Reward= 500.0, Length=500, Loss=1.4557, Memory=67.00
01:57:32 AM - INFO - Step  570: train/policy_loss = 0.470766
01:57:32 AM - INFO - Step  570: train/reward_loss = 0.003320
01:57:32 AM - INFO - Step  570: train/value_loss = 1.023140
01:57:32 AM - INFO - Step  570: total_loss = 1.497225
01:58:05 AM - INFO - Episode 1341: Reward= 500.0, Length=500, Loss=1.4972, Memory=67.05
01:58:05 AM - INFO - Progress: 67.0% | 0.05 it/s | ETA: 3:58:52
01:58:38 AM - INFO - Episode 1342: Reward= 500.0, Length=500, Loss=1.4972, Memory=67.10
01:58:39 AM - INFO - Step  571: train/policy_loss = 0.492682
01:58:39 AM - INFO - Step  571: train/reward_loss = 0.003023
01:58:39 AM - INFO - Step  571: train/value_loss = 1.036831
01:58:39 AM - INFO - Step  571: total_loss = 1.532535
01:59:11 AM - INFO - Episode 1343: Reward= 500.0, Length=500, Loss=1.5325, Memory=67.15
01:59:43 AM - INFO - Episode 1344: Reward= 500.0, Length=500, Loss=1.5325, Memory=67.20
01:59:43 AM - INFO - Step  572: train/policy_loss = 0.420202
01:59:43 AM - INFO - Step  572: train/reward_loss = 0.002538
01:59:43 AM - INFO - Step  572: train/value_loss = 0.952567
01:59:43 AM - INFO - Step  572: total_loss = 1.375307
02:00:14 AM - INFO - Episode 1345: Reward= 500.0, Length=500, Loss=1.3753, Memory=67.25
02:00:48 AM - INFO - Episode 1346: Reward= 500.0, Length=500, Loss=1.3753, Memory=67.30
02:00:48 AM - INFO - Step  573: train/policy_loss = 0.456300
02:00:48 AM - INFO - Step  573: train/reward_loss = 0.002585
02:00:48 AM - INFO - Step  573: train/value_loss = 0.384526
02:00:48 AM - INFO - Step  573: total_loss = 0.843410
02:01:22 AM - INFO - Episode 1347: Reward= 500.0, Length=500, Loss=0.8434, Memory=67.35
02:01:58 AM - INFO - Episode 1348: Reward= 500.0, Length=500, Loss=0.8434, Memory=67.40
02:01:58 AM - INFO - Step  574: train/policy_loss = 0.451146
02:01:58 AM - INFO - Step  574: train/reward_loss = 0.005838
02:01:58 AM - INFO - Step  574: train/value_loss = 0.989307
02:01:58 AM - INFO - Step  574: total_loss = 1.446290
02:02:33 AM - INFO - Episode 1349: Reward= 500.0, Length=500, Loss=1.4463, Memory=67.45
02:02:41 AM - INFO - Episode 1350: Reward= 115.0, Length=115, Loss=1.4463, Memory=67.50
02:02:41 AM - INFO - Step  575: train/policy_loss = 0.503195
02:02:41 AM - INFO - Step  575: train/reward_loss = 0.005109
02:02:41 AM - INFO - Step  575: train/value_loss = 1.233525
02:02:41 AM - INFO - Step  575: total_loss = 1.741829
02:02:41 AM - INFO - Checkpoint saved to checkpoints/CartPole-v1/20250726_223945/episode_01350.pkl
02:03:14 AM - INFO - Episode 1351: Reward= 500.0, Length=500, Loss=1.7418, Memory=67.55
02:03:23 AM - INFO - Episode 1352: Reward= 121.0, Length=121, Loss=1.7418, Memory=67.60
02:03:23 AM - INFO - Step  576: train/policy_loss = 0.483842
02:03:23 AM - INFO - Step  576: train/reward_loss = 0.002950
02:03:23 AM - INFO - Step  576: train/value_loss = 0.852060
02:03:23 AM - INFO - Step  576: total_loss = 1.338852
02:03:56 AM - INFO - Episode 1353: Reward= 500.0, Length=500, Loss=1.3389, Memory=67.65
02:04:27 AM - INFO - Episode 1354: Reward= 500.0, Length=500, Loss=1.3389, Memory=67.70
02:04:28 AM - INFO - Step  577: train/policy_loss = 0.490335
02:04:28 AM - INFO - Step  577: train/reward_loss = 0.004988
02:04:28 AM - INFO - Step  577: train/value_loss = 1.329151
02:04:28 AM - INFO - Step  577: total_loss = 1.824474
02:04:43 AM - INFO - Episode 1355: Reward= 256.0, Length=256, Loss=1.8245, Memory=67.75
02:04:49 AM - INFO - Episode 1356: Reward=  96.0, Length= 96, Loss=1.8245, Memory=67.80
02:04:50 AM - INFO - Step  578: train/policy_loss = 0.502046
02:04:50 AM - INFO - Step  578: train/reward_loss = 0.004624
02:04:50 AM - INFO - Step  578: train/value_loss = 0.982123
02:04:50 AM - INFO - Step  578: total_loss = 1.488793
02:04:51 AM - INFO - Episode 1357: Reward=  15.0, Length= 15, Loss=1.4888, Memory=67.85
02:04:53 AM - INFO - Episode 1358: Reward=  29.0, Length= 29, Loss=1.4888, Memory=67.90
02:04:53 AM - INFO - Step  579: train/policy_loss = 0.476865
02:04:53 AM - INFO - Step  579: train/reward_loss = 0.003833
02:04:53 AM - INFO - Step  579: train/value_loss = 0.886431
02:04:53 AM - INFO - Step  579: total_loss = 1.367129
02:04:54 AM - INFO - Episode 1359: Reward=  11.0, Length= 11, Loss=1.3671, Memory=67.95
02:04:54 AM - INFO - Episode 1360: Reward=  12.0, Length= 12, Loss=1.3671, Memory=68.00
02:04:55 AM - INFO - Step  580: train/policy_loss = 0.469678
02:04:55 AM - INFO - Step  580: train/reward_loss = 0.004416
02:04:55 AM - INFO - Step  580: train/value_loss = 0.788251
02:04:55 AM - INFO - Step  580: total_loss = 1.262345
02:04:55 AM - INFO - Episode 1361: Reward=   9.0, Length=  9, Loss=1.2623, Memory=68.05
02:04:55 AM - INFO - Progress: 68.0% | 0.19 it/s | ETA: 57:16
02:04:56 AM - INFO - Episode 1362: Reward=  12.0, Length= 12, Loss=1.2623, Memory=68.10
02:04:57 AM - INFO - Step  581: train/policy_loss = 0.475976
02:04:57 AM - INFO - Step  581: train/reward_loss = 0.004543
02:04:57 AM - INFO - Step  581: train/value_loss = 0.914250
02:04:57 AM - INFO - Step  581: total_loss = 1.394769
02:05:01 AM - INFO - Episode 1363: Reward=  69.0, Length= 69, Loss=1.3948, Memory=68.15
02:05:05 AM - INFO - Episode 1364: Reward=  50.0, Length= 50, Loss=1.3948, Memory=68.20
02:05:05 AM - INFO - Step  582: train/policy_loss = 0.429053
02:05:05 AM - INFO - Step  582: train/reward_loss = 0.003875
02:05:05 AM - INFO - Step  582: train/value_loss = 0.881972
02:05:05 AM - INFO - Step  582: total_loss = 1.314899
02:05:13 AM - INFO - Episode 1365: Reward= 123.0, Length=123, Loss=1.3149, Memory=68.25
02:05:15 AM - INFO - Episode 1366: Reward=  23.0, Length= 23, Loss=1.3149, Memory=68.30
02:05:15 AM - INFO - Step  583: train/policy_loss = 0.493015
02:05:15 AM - INFO - Step  583: train/reward_loss = 0.002879
02:05:15 AM - INFO - Step  583: train/value_loss = 0.804707
02:05:15 AM - INFO - Step  583: total_loss = 1.300601
02:05:49 AM - INFO - Episode 1367: Reward= 500.0, Length=500, Loss=1.3006, Memory=68.35
02:05:51 AM - INFO - Episode 1368: Reward=  35.0, Length= 35, Loss=1.3006, Memory=68.40
02:05:51 AM - INFO - Step  584: train/policy_loss = 0.479669
02:05:51 AM - INFO - Step  584: train/reward_loss = 0.002955
02:05:51 AM - INFO - Step  584: train/value_loss = 1.059217
02:05:51 AM - INFO - Step  584: total_loss = 1.541841
02:06:25 AM - INFO - Episode 1369: Reward= 500.0, Length=500, Loss=1.5418, Memory=68.45
02:06:59 AM - INFO - Episode 1370: Reward= 500.0, Length=500, Loss=1.5418, Memory=68.50
02:06:59 AM - INFO - Step  585: train/policy_loss = 0.486066
02:06:59 AM - INFO - Step  585: train/reward_loss = 0.003170
02:06:59 AM - INFO - Step  585: train/value_loss = 0.732124
02:06:59 AM - INFO - Step  585: total_loss = 1.221360
02:07:18 AM - INFO - Episode 1371: Reward= 280.0, Length=280, Loss=1.2214, Memory=68.55
02:07:35 AM - INFO - Episode 1372: Reward= 269.0, Length=269, Loss=1.2214, Memory=68.60
02:07:36 AM - INFO - Step  586: train/policy_loss = 0.551069
02:07:36 AM - INFO - Step  586: train/reward_loss = 0.004188
02:07:36 AM - INFO - Step  586: train/value_loss = 0.790006
02:07:36 AM - INFO - Step  586: total_loss = 1.345263
02:07:49 AM - INFO - Episode 1373: Reward= 207.0, Length=207, Loss=1.3453, Memory=68.65
02:08:03 AM - INFO - Episode 1374: Reward= 235.0, Length=235, Loss=1.3453, Memory=68.70
02:08:03 AM - INFO - Step  587: train/policy_loss = 0.523099
02:08:03 AM - INFO - Step  587: train/reward_loss = 0.004291
02:08:03 AM - INFO - Step  587: train/value_loss = 1.275248
02:08:03 AM - INFO - Step  587: total_loss = 1.802638
02:08:19 AM - INFO - Episode 1375: Reward= 246.0, Length=246, Loss=1.8026, Memory=68.75
02:08:38 AM - INFO - Episode 1376: Reward= 267.0, Length=267, Loss=1.8026, Memory=68.80
02:08:38 AM - INFO - Step  588: train/policy_loss = 0.520620
02:08:38 AM - INFO - Step  588: train/reward_loss = 0.004352
02:08:38 AM - INFO - Step  588: train/value_loss = 1.030997
02:08:38 AM - INFO - Step  588: total_loss = 1.555969
02:08:50 AM - INFO - Episode 1377: Reward= 169.0, Length=169, Loss=1.5560, Memory=68.85
02:08:59 AM - INFO - Episode 1378: Reward= 127.0, Length=127, Loss=1.5560, Memory=68.90
02:08:59 AM - INFO - Step  589: train/policy_loss = 0.501246
02:08:59 AM - INFO - Step  589: train/reward_loss = 0.003407
02:08:59 AM - INFO - Step  589: train/value_loss = 0.753816
02:08:59 AM - INFO - Step  589: total_loss = 1.258469
02:09:34 AM - INFO - Episode 1379: Reward= 500.0, Length=500, Loss=1.2585, Memory=68.95
02:10:06 AM - INFO - Episode 1380: Reward= 500.0, Length=500, Loss=1.2585, Memory=69.00
02:10:06 AM - INFO - Step  590: train/policy_loss = 0.518178
02:10:06 AM - INFO - Step  590: train/reward_loss = 0.003992
02:10:06 AM - INFO - Step  590: train/value_loss = 0.737849
02:10:06 AM - INFO - Step  590: total_loss = 1.260019
02:10:07 AM - INFO - Episode 1381: Reward=  14.0, Length= 14, Loss=1.2600, Memory=69.05
02:10:07 AM - INFO - Progress: 69.0% | 0.04 it/s | ETA: 4:04:32
02:10:13 AM - INFO - Episode 1382: Reward=  93.0, Length= 93, Loss=1.2600, Memory=69.10
02:10:13 AM - INFO - Step  591: train/policy_loss = 0.502817
02:10:13 AM - INFO - Step  591: train/reward_loss = 0.002765
02:10:13 AM - INFO - Step  591: train/value_loss = 0.543195
02:10:13 AM - INFO - Step  591: total_loss = 1.048777
02:10:16 AM - INFO - Episode 1383: Reward=  44.0, Length= 44, Loss=1.0488, Memory=69.15
02:10:21 AM - INFO - Episode 1384: Reward=  85.0, Length= 85, Loss=1.0488, Memory=69.20
02:10:21 AM - INFO - Step  592: train/policy_loss = 0.462545
02:10:21 AM - INFO - Step  592: train/reward_loss = 0.003372
02:10:21 AM - INFO - Step  592: train/value_loss = 0.967844
02:10:21 AM - INFO - Step  592: total_loss = 1.433761
02:10:37 AM - INFO - Episode 1385: Reward= 258.0, Length=258, Loss=1.4338, Memory=69.25
02:10:43 AM - INFO - Episode 1386: Reward=  94.0, Length= 94, Loss=1.4338, Memory=69.30
02:10:44 AM - INFO - Step  593: train/policy_loss = 0.501402
02:10:44 AM - INFO - Step  593: train/reward_loss = 0.002391
02:10:44 AM - INFO - Step  593: train/value_loss = 0.689754
02:10:44 AM - INFO - Step  593: total_loss = 1.193547
02:10:44 AM - INFO - Episode 1387: Reward=  11.0, Length= 11, Loss=1.1935, Memory=69.35
02:10:45 AM - INFO - Episode 1388: Reward=  17.0, Length= 17, Loss=1.1935, Memory=69.40
02:10:46 AM - INFO - Step  594: train/policy_loss = 0.491355
02:10:46 AM - INFO - Step  594: train/reward_loss = 0.003212
02:10:46 AM - INFO - Step  594: train/value_loss = 0.945252
02:10:46 AM - INFO - Step  594: total_loss = 1.439820
02:10:47 AM - INFO - Episode 1389: Reward=  12.0, Length= 12, Loss=1.4398, Memory=69.45
02:10:58 AM - INFO - Episode 1390: Reward= 170.0, Length=170, Loss=1.4398, Memory=69.50
02:10:58 AM - INFO - Step  595: train/policy_loss = 0.470149
02:10:58 AM - INFO - Step  595: train/reward_loss = 0.002851
02:10:58 AM - INFO - Step  595: train/value_loss = 0.837619
02:10:58 AM - INFO - Step  595: total_loss = 1.310619
02:11:31 AM - INFO - Episode 1391: Reward= 500.0, Length=500, Loss=1.3106, Memory=69.55
02:12:06 AM - INFO - Episode 1392: Reward= 500.0, Length=500, Loss=1.3106, Memory=69.60
02:12:07 AM - INFO - Step  596: train/policy_loss = 0.443196
02:12:07 AM - INFO - Step  596: train/reward_loss = 0.002478
02:12:07 AM - INFO - Step  596: train/value_loss = 0.693910
02:12:07 AM - INFO - Step  596: total_loss = 1.139584
02:12:43 AM - INFO - Episode 1393: Reward= 500.0, Length=500, Loss=1.1396, Memory=69.65
02:13:18 AM - INFO - Episode 1394: Reward= 500.0, Length=500, Loss=1.1396, Memory=69.70
02:13:18 AM - INFO - Step  597: train/policy_loss = 0.501098
02:13:18 AM - INFO - Step  597: train/reward_loss = 0.002586
02:13:18 AM - INFO - Step  597: train/value_loss = 0.515436
02:13:18 AM - INFO - Step  597: total_loss = 1.019121
02:13:53 AM - INFO - Episode 1395: Reward= 500.0, Length=500, Loss=1.0191, Memory=69.75
02:14:19 AM - INFO - Episode 1396: Reward= 360.0, Length=360, Loss=1.0191, Memory=69.80
02:14:19 AM - INFO - Step  598: train/policy_loss = 0.513363
02:14:19 AM - INFO - Step  598: train/reward_loss = 0.003142
02:14:19 AM - INFO - Step  598: train/value_loss = 0.555021
02:14:19 AM - INFO - Step  598: total_loss = 1.071525
02:14:36 AM - INFO - Episode 1397: Reward= 238.0, Length=238, Loss=1.0715, Memory=69.85
02:15:11 AM - INFO - Episode 1398: Reward= 500.0, Length=500, Loss=1.0715, Memory=69.90
02:15:11 AM - INFO - Step  599: train/policy_loss = 0.496894
02:15:11 AM - INFO - Step  599: train/reward_loss = 0.002950
02:15:11 AM - INFO - Step  599: train/value_loss = 0.836017
02:15:11 AM - INFO - Step  599: total_loss = 1.335861
02:15:11 AM - INFO - Updating target network at training step 600
02:15:11 AM - INFO - Target network update completed
02:15:46 AM - INFO - Episode 1399: Reward= 500.0, Length=500, Loss=1.3359, Memory=69.95
02:16:21 AM - INFO - Episode 1400: Reward= 500.0, Length=500, Loss=1.3359, Memory=70.00
02:16:22 AM - INFO - Step  600: train/policy_loss = 0.495450
02:16:22 AM - INFO - Step  600: train/reward_loss = 0.002682
02:16:22 AM - INFO - Step  600: train/value_loss = 0.985244
02:16:22 AM - INFO - Step  600: total_loss = 1.483377
02:16:22 AM - INFO - Checkpoint saved to checkpoints/CartPole-v1/20250726_223945/episode_01400.pkl
02:16:57 AM - INFO - Episode 1401: Reward= 500.0, Length=500, Loss=1.4834, Memory=70.05
02:16:57 AM - INFO - Progress: 70.0% | 0.03 it/s | ETA: 5:18:20
02:17:31 AM - INFO - Episode 1402: Reward= 500.0, Length=500, Loss=1.4834, Memory=70.10
02:17:31 AM - INFO - Step  601: train/policy_loss = 0.428395
02:17:31 AM - INFO - Step  601: train/reward_loss = 0.002593
02:17:31 AM - INFO - Step  601: train/value_loss = 0.815996
02:17:31 AM - INFO - Step  601: total_loss = 1.246984
02:17:39 AM - INFO - Episode 1403: Reward= 107.0, Length=107, Loss=1.2470, Memory=70.15
02:17:44 AM - INFO - Episode 1404: Reward=  80.0, Length= 80, Loss=1.2470, Memory=70.20
02:17:44 AM - INFO - Step  602: train/policy_loss = 0.512281
02:17:44 AM - INFO - Step  602: train/reward_loss = 0.002788
02:17:44 AM - INFO - Step  602: train/value_loss = 0.696873
02:17:44 AM - INFO - Step  602: total_loss = 1.211942
02:17:45 AM - INFO - Episode 1405: Reward=   9.0, Length=  9, Loss=1.2119, Memory=70.25
02:17:46 AM - INFO - Episode 1406: Reward=  12.0, Length= 12, Loss=1.2119, Memory=70.30
02:17:46 AM - INFO - Step  603: train/policy_loss = 0.500914
02:17:46 AM - INFO - Step  603: train/reward_loss = 0.004001
02:17:46 AM - INFO - Step  603: train/value_loss = 0.816929
02:17:46 AM - INFO - Step  603: total_loss = 1.321845
02:17:50 AM - INFO - Episode 1407: Reward=  58.0, Length= 58, Loss=1.3218, Memory=70.35
02:17:51 AM - INFO - Episode 1408: Reward=  16.0, Length= 16, Loss=1.3218, Memory=70.40
02:17:52 AM - INFO - Step  604: train/policy_loss = 0.525354
02:17:52 AM - INFO - Step  604: train/reward_loss = 0.003722
02:17:52 AM - INFO - Step  604: train/value_loss = 0.867746
02:17:52 AM - INFO - Step  604: total_loss = 1.396823
02:17:55 AM - INFO - Episode 1409: Reward=  52.0, Length= 52, Loss=1.3968, Memory=70.45
02:17:57 AM - INFO - Episode 1410: Reward=  21.0, Length= 21, Loss=1.3968, Memory=70.50
02:17:57 AM - INFO - Step  605: train/policy_loss = 0.473827
02:17:57 AM - INFO - Step  605: train/reward_loss = 0.003054
02:17:57 AM - INFO - Step  605: train/value_loss = 0.632968
02:17:57 AM - INFO - Step  605: total_loss = 1.109849
02:17:58 AM - INFO - Episode 1411: Reward=  12.0, Length= 12, Loss=1.1098, Memory=70.55
02:18:11 AM - INFO - Episode 1412: Reward= 201.0, Length=201, Loss=1.1098, Memory=70.60
02:18:11 AM - INFO - Step  606: train/policy_loss = 0.462824
02:18:11 AM - INFO - Step  606: train/reward_loss = 0.002752
02:18:11 AM - INFO - Step  606: train/value_loss = 0.626818
02:18:11 AM - INFO - Step  606: total_loss = 1.092393
02:18:46 AM - INFO - Episode 1413: Reward= 500.0, Length=500, Loss=1.0924, Memory=70.65
02:19:20 AM - INFO - Episode 1414: Reward= 500.0, Length=500, Loss=1.0924, Memory=70.70
02:19:21 AM - INFO - Step  607: train/policy_loss = 0.496836
02:19:21 AM - INFO - Step  607: train/reward_loss = 0.002116
02:19:21 AM - INFO - Step  607: train/value_loss = 1.293706
02:19:21 AM - INFO - Step  607: total_loss = 1.792658
02:19:54 AM - INFO - Episode 1415: Reward= 500.0, Length=500, Loss=1.7927, Memory=70.75
02:20:28 AM - INFO - Episode 1416: Reward= 500.0, Length=500, Loss=1.7927, Memory=70.80
02:20:28 AM - INFO - Step  608: train/policy_loss = 0.485501
02:20:28 AM - INFO - Step  608: train/reward_loss = 0.002816
02:20:28 AM - INFO - Step  608: train/value_loss = 0.848743
02:20:28 AM - INFO - Step  608: total_loss = 1.337060
02:21:01 AM - INFO - Episode 1417: Reward= 500.0, Length=500, Loss=1.3371, Memory=70.85
02:21:35 AM - INFO - Episode 1418: Reward= 500.0, Length=500, Loss=1.3371, Memory=70.90
02:21:35 AM - INFO - Step  609: train/policy_loss = 0.495011
02:21:35 AM - INFO - Step  609: train/reward_loss = 0.002542
02:21:35 AM - INFO - Step  609: train/value_loss = 0.957108
02:21:35 AM - INFO - Step  609: total_loss = 1.454661
02:22:08 AM - INFO - Episode 1419: Reward= 500.0, Length=500, Loss=1.4547, Memory=70.95
02:22:41 AM - INFO - Episode 1420: Reward= 500.0, Length=500, Loss=1.4547, Memory=71.00
02:22:41 AM - INFO - Step  610: train/policy_loss = 0.500814
02:22:41 AM - INFO - Step  610: train/reward_loss = 0.002916
02:22:41 AM - INFO - Step  610: train/value_loss = 1.261115
02:22:41 AM - INFO - Step  610: total_loss = 1.764845
02:22:44 AM - INFO - Episode 1421: Reward=  49.0, Length= 49, Loss=1.7648, Memory=71.05
02:22:44 AM - INFO - Progress: 71.0% | 0.03 it/s | ETA: 5:07:13
02:22:52 AM - INFO - Episode 1422: Reward= 126.0, Length=126, Loss=1.7648, Memory=71.10
02:22:53 AM - INFO - Step  611: train/policy_loss = 0.534872
02:22:53 AM - INFO - Step  611: train/reward_loss = 0.002655
02:22:53 AM - INFO - Step  611: train/value_loss = 0.914248
02:22:53 AM - INFO - Step  611: total_loss = 1.451775
02:22:58 AM - INFO - Episode 1423: Reward=  81.0, Length= 81, Loss=1.4518, Memory=71.15
02:23:01 AM - INFO - Episode 1424: Reward=  37.0, Length= 37, Loss=1.4518, Memory=71.20
02:23:01 AM - INFO - Step  612: train/policy_loss = 0.441316
02:23:01 AM - INFO - Step  612: train/reward_loss = 0.002704
02:23:01 AM - INFO - Step  612: train/value_loss = 0.921343
02:23:01 AM - INFO - Step  612: total_loss = 1.365364
02:23:03 AM - INFO - Episode 1425: Reward=  32.0, Length= 32, Loss=1.3654, Memory=71.25
02:23:04 AM - INFO - Episode 1426: Reward=  10.0, Length= 10, Loss=1.3654, Memory=71.30
02:23:04 AM - INFO - Step  613: train/policy_loss = 0.443672
02:23:04 AM - INFO - Step  613: train/reward_loss = 0.002271
02:23:04 AM - INFO - Step  613: train/value_loss = 0.799684
02:23:04 AM - INFO - Step  613: total_loss = 1.245627
02:23:05 AM - INFO - Episode 1427: Reward=  10.0, Length= 10, Loss=1.2456, Memory=71.35
02:23:07 AM - INFO - Episode 1428: Reward=  38.0, Length= 38, Loss=1.2456, Memory=71.40
02:23:07 AM - INFO - Step  614: train/policy_loss = 0.469351
02:23:07 AM - INFO - Step  614: train/reward_loss = 0.002298
02:23:07 AM - INFO - Step  614: train/value_loss = 0.769339
02:23:07 AM - INFO - Step  614: total_loss = 1.240988
02:23:09 AM - INFO - Episode 1429: Reward=  28.0, Length= 28, Loss=1.2410, Memory=71.45
02:23:10 AM - INFO - Episode 1430: Reward=  12.0, Length= 12, Loss=1.2410, Memory=71.50
02:23:10 AM - INFO - Step  615: train/policy_loss = 0.481756
02:23:10 AM - INFO - Step  615: train/reward_loss = 0.002351
02:23:10 AM - INFO - Step  615: train/value_loss = 0.882110
02:23:10 AM - INFO - Step  615: total_loss = 1.366217
02:23:23 AM - INFO - Episode 1431: Reward= 190.0, Length=190, Loss=1.3662, Memory=71.55
02:23:25 AM - INFO - Episode 1432: Reward=  34.0, Length= 34, Loss=1.3662, Memory=71.60
02:23:25 AM - INFO - Step  616: train/policy_loss = 0.481278
02:23:25 AM - INFO - Step  616: train/reward_loss = 0.002539
02:23:25 AM - INFO - Step  616: train/value_loss = 0.876971
02:23:25 AM - INFO - Step  616: total_loss = 1.360788
02:23:55 AM - INFO - Episode 1433: Reward= 399.0, Length=399, Loss=1.3608, Memory=71.65
02:24:02 AM - INFO - Episode 1434: Reward=  79.0, Length= 79, Loss=1.3608, Memory=71.70
02:24:02 AM - INFO - Step  617: train/policy_loss = 0.458862
02:24:02 AM - INFO - Step  617: train/reward_loss = 0.002890
02:24:02 AM - INFO - Step  617: train/value_loss = 0.498697
02:24:02 AM - INFO - Step  617: total_loss = 0.960449
02:24:38 AM - INFO - Episode 1435: Reward= 500.0, Length=500, Loss=0.9604, Memory=71.75
02:25:14 AM - INFO - Episode 1436: Reward= 500.0, Length=500, Loss=0.9604, Memory=71.80
02:25:15 AM - INFO - Step  618: train/policy_loss = 0.458666
02:25:15 AM - INFO - Step  618: train/reward_loss = 0.002648
02:25:15 AM - INFO - Step  618: train/value_loss = 1.060973
02:25:15 AM - INFO - Step  618: total_loss = 1.522287
02:25:51 AM - INFO - Episode 1437: Reward= 500.0, Length=500, Loss=1.5223, Memory=71.85
02:26:27 AM - INFO - Episode 1438: Reward= 500.0, Length=500, Loss=1.5223, Memory=71.90
02:26:28 AM - INFO - Step  619: train/policy_loss = 0.540447
02:26:28 AM - INFO - Step  619: train/reward_loss = 0.003543
02:26:28 AM - INFO - Step  619: train/value_loss = 0.869937
02:26:28 AM - INFO - Step  619: total_loss = 1.413927
02:27:02 AM - INFO - Episode 1439: Reward= 500.0, Length=500, Loss=1.4139, Memory=71.95
02:27:37 AM - INFO - Episode 1440: Reward= 500.0, Length=500, Loss=1.4139, Memory=72.00
02:27:37 AM - INFO - Step  620: train/policy_loss = 0.522909
02:27:37 AM - INFO - Step  620: train/reward_loss = 0.003152
02:27:37 AM - INFO - Step  620: train/value_loss = 1.409439
02:27:37 AM - INFO - Step  620: total_loss = 1.935499
02:28:12 AM - INFO - Episode 1441: Reward= 500.0, Length=500, Loss=1.9355, Memory=72.05
02:28:12 AM - INFO - Progress: 72.0% | 0.03 it/s | ETA: 5:04:30
02:28:46 AM - INFO - Episode 1442: Reward= 500.0, Length=500, Loss=1.9355, Memory=72.10
02:28:47 AM - INFO - Step  621: train/policy_loss = 0.459132
02:28:47 AM - INFO - Step  621: train/reward_loss = 0.002274
02:28:47 AM - INFO - Step  621: train/value_loss = 0.734704
02:28:47 AM - INFO - Step  621: total_loss = 1.196109
02:29:15 AM - INFO - Episode 1443: Reward= 419.0, Length=419, Loss=1.1961, Memory=72.15
02:29:24 AM - INFO - Episode 1444: Reward= 120.0, Length=120, Loss=1.1961, Memory=72.20
02:29:24 AM - INFO - Step  622: train/policy_loss = 0.507611
02:29:24 AM - INFO - Step  622: train/reward_loss = 0.002741
02:29:24 AM - INFO - Step  622: train/value_loss = 1.175736
02:29:24 AM - INFO - Step  622: total_loss = 1.686087
02:29:25 AM - INFO - Episode 1445: Reward=  21.0, Length= 21, Loss=1.6861, Memory=72.25
02:29:56 AM - INFO - Episode 1446: Reward= 448.0, Length=448, Loss=1.6861, Memory=72.30
02:29:57 AM - INFO - Step  623: train/policy_loss = 0.489140
02:29:57 AM - INFO - Step  623: train/reward_loss = 0.004106
02:29:57 AM - INFO - Step  623: train/value_loss = 1.127034
02:29:57 AM - INFO - Step  623: total_loss = 1.620280
02:30:31 AM - INFO - Episode 1447: Reward= 500.0, Length=500, Loss=1.6203, Memory=72.35
02:31:05 AM - INFO - Episode 1448: Reward= 500.0, Length=500, Loss=1.6203, Memory=72.40
02:31:05 AM - INFO - Step  624: train/policy_loss = 0.447558
02:31:05 AM - INFO - Step  624: train/reward_loss = 0.004086
02:31:05 AM - INFO - Step  624: train/value_loss = 1.008932
02:31:05 AM - INFO - Step  624: total_loss = 1.460575
02:31:39 AM - INFO - Episode 1449: Reward= 500.0, Length=500, Loss=1.4606, Memory=72.45
02:32:12 AM - INFO - Episode 1450: Reward= 500.0, Length=500, Loss=1.4606, Memory=72.50
02:32:13 AM - INFO - Step  625: train/policy_loss = 0.460538
02:32:13 AM - INFO - Step  625: train/reward_loss = 0.002723
02:32:13 AM - INFO - Step  625: train/value_loss = 1.071020
02:32:13 AM - INFO - Step  625: total_loss = 1.534281
02:32:13 AM - INFO - Checkpoint saved to checkpoints/CartPole-v1/20250726_223945/episode_01450.pkl
02:32:47 AM - INFO - Episode 1451: Reward= 500.0, Length=500, Loss=1.5343, Memory=72.55
02:33:20 AM - INFO - Episode 1452: Reward= 500.0, Length=500, Loss=1.5343, Memory=72.60
02:33:20 AM - INFO - Step  626: train/policy_loss = 0.493194
02:33:20 AM - INFO - Step  626: train/reward_loss = 0.002447
02:33:20 AM - INFO - Step  626: train/value_loss = 0.845364
02:33:20 AM - INFO - Step  626: total_loss = 1.341004
02:33:53 AM - INFO - Episode 1453: Reward= 500.0, Length=500, Loss=1.3410, Memory=72.65
02:34:26 AM - INFO - Episode 1454: Reward= 500.0, Length=500, Loss=1.3410, Memory=72.70
02:34:26 AM - INFO - Step  627: train/policy_loss = 0.448202
02:34:26 AM - INFO - Step  627: train/reward_loss = 0.003076
02:34:26 AM - INFO - Step  627: train/value_loss = 0.888982
02:34:26 AM - INFO - Step  627: total_loss = 1.340260
02:34:59 AM - INFO - Episode 1455: Reward= 500.0, Length=500, Loss=1.3403, Memory=72.75
02:35:31 AM - INFO - Episode 1456: Reward= 500.0, Length=500, Loss=1.3403, Memory=72.80
02:35:31 AM - INFO - Step  628: train/policy_loss = 0.485235
02:35:31 AM - INFO - Step  628: train/reward_loss = 0.002528
02:35:31 AM - INFO - Step  628: train/value_loss = 0.879475
02:35:31 AM - INFO - Step  628: total_loss = 1.367238
02:36:04 AM - INFO - Episode 1457: Reward= 500.0, Length=500, Loss=1.3672, Memory=72.85
02:36:09 AM - INFO - Episode 1458: Reward=  82.0, Length= 82, Loss=1.3672, Memory=72.90
02:36:09 AM - INFO - Step  629: train/policy_loss = 0.477704
02:36:09 AM - INFO - Step  629: train/reward_loss = 0.002489
02:36:09 AM - INFO - Step  629: train/value_loss = 0.914062
02:36:09 AM - INFO - Step  629: total_loss = 1.394256
02:36:42 AM - INFO - Episode 1459: Reward= 500.0, Length=500, Loss=1.3943, Memory=72.95
02:37:00 AM - INFO - Episode 1460: Reward= 286.0, Length=286, Loss=1.3943, Memory=73.00
02:37:01 AM - INFO - Step  630: train/policy_loss = 0.451459
02:37:01 AM - INFO - Step  630: train/reward_loss = 0.002471
02:37:01 AM - INFO - Step  630: train/value_loss = 0.738388
02:37:01 AM - INFO - Step  630: total_loss = 1.192318
02:37:03 AM - INFO - Episode 1461: Reward=  36.0, Length= 36, Loss=1.1923, Memory=73.05
02:37:03 AM - INFO - Progress: 73.0% | 0.04 it/s | ETA: 3:40:27
02:37:04 AM - INFO - Episode 1462: Reward=  13.0, Length= 13, Loss=1.1923, Memory=73.10
02:37:04 AM - INFO - Step  631: train/policy_loss = 0.482788
02:37:04 AM - INFO - Step  631: train/reward_loss = 0.004205
02:37:04 AM - INFO - Step  631: train/value_loss = 0.901657
02:37:04 AM - INFO - Step  631: total_loss = 1.388650
02:37:07 AM - INFO - Episode 1463: Reward=  36.0, Length= 36, Loss=1.3887, Memory=73.15
02:37:07 AM - INFO - Episode 1464: Reward=  12.0, Length= 12, Loss=1.3887, Memory=73.20
02:37:08 AM - INFO - Step  632: train/policy_loss = 0.441356
02:37:08 AM - INFO - Step  632: train/reward_loss = 0.003850
02:37:08 AM - INFO - Step  632: train/value_loss = 0.605201
02:37:08 AM - INFO - Step  632: total_loss = 1.050406
02:37:08 AM - INFO - Episode 1465: Reward=  10.0, Length= 10, Loss=1.0504, Memory=73.25
02:37:09 AM - INFO - Episode 1466: Reward=  19.0, Length= 19, Loss=1.0504, Memory=73.30
02:37:10 AM - INFO - Step  633: train/policy_loss = 0.453542
02:37:10 AM - INFO - Step  633: train/reward_loss = 0.002989
02:37:10 AM - INFO - Step  633: train/value_loss = 0.744220
02:37:10 AM - INFO - Step  633: total_loss = 1.200750
02:37:12 AM - INFO - Episode 1467: Reward=  37.0, Length= 37, Loss=1.2008, Memory=73.35
02:37:15 AM - INFO - Episode 1468: Reward=  44.0, Length= 44, Loss=1.2008, Memory=73.40
02:37:15 AM - INFO - Step  634: train/policy_loss = 0.473571
02:37:15 AM - INFO - Step  634: train/reward_loss = 0.004840
02:37:15 AM - INFO - Step  634: train/value_loss = 1.371135
02:37:15 AM - INFO - Step  634: total_loss = 1.849546
02:37:18 AM - INFO - Episode 1469: Reward=  42.0, Length= 42, Loss=1.8495, Memory=73.45
02:37:30 AM - INFO - Episode 1470: Reward= 174.0, Length=174, Loss=1.8495, Memory=73.50
02:37:30 AM - INFO - Step  635: train/policy_loss = 0.509096
02:37:30 AM - INFO - Step  635: train/reward_loss = 0.003730
02:37:30 AM - INFO - Step  635: train/value_loss = 1.189300
02:37:30 AM - INFO - Step  635: total_loss = 1.702125
02:38:03 AM - INFO - Episode 1471: Reward= 500.0, Length=500, Loss=1.7021, Memory=73.55
02:38:06 AM - INFO - Episode 1472: Reward=  47.0, Length= 47, Loss=1.7021, Memory=73.60
02:38:06 AM - INFO - Step  636: train/policy_loss = 0.500069
02:38:06 AM - INFO - Step  636: train/reward_loss = 0.003686
02:38:06 AM - INFO - Step  636: train/value_loss = 1.371245
02:38:06 AM - INFO - Step  636: total_loss = 1.875000
02:38:38 AM - INFO - Episode 1473: Reward= 500.0, Length=500, Loss=1.8750, Memory=73.65
02:39:11 AM - INFO - Episode 1474: Reward= 500.0, Length=500, Loss=1.8750, Memory=73.70
02:39:11 AM - INFO - Step  637: train/policy_loss = 0.468489
02:39:11 AM - INFO - Step  637: train/reward_loss = 0.002887
02:39:11 AM - INFO - Step  637: train/value_loss = 1.143821
02:39:11 AM - INFO - Step  637: total_loss = 1.615196
02:39:17 AM - INFO - Episode 1475: Reward=  85.0, Length= 85, Loss=1.6152, Memory=73.75
02:39:18 AM - INFO - Episode 1476: Reward=  14.0, Length= 14, Loss=1.6152, Memory=73.80
02:39:18 AM - INFO - Step  638: train/policy_loss = 0.494226
02:39:18 AM - INFO - Step  638: train/reward_loss = 0.004185
02:39:18 AM - INFO - Step  638: train/value_loss = 0.938590
02:39:18 AM - INFO - Step  638: total_loss = 1.437002
02:39:20 AM - INFO - Episode 1477: Reward=  17.0, Length= 17, Loss=1.4370, Memory=73.85
02:39:24 AM - INFO - Episode 1478: Reward=  74.0, Length= 74, Loss=1.4370, Memory=73.90
02:39:25 AM - INFO - Step  639: train/policy_loss = 0.477735
02:39:25 AM - INFO - Step  639: train/reward_loss = 0.004829
02:39:25 AM - INFO - Step  639: train/value_loss = 0.984331
02:39:25 AM - INFO - Step  639: total_loss = 1.466895
02:39:32 AM - INFO - Episode 1479: Reward= 108.0, Length=108, Loss=1.4669, Memory=73.95
02:39:33 AM - INFO - Episode 1480: Reward=  21.0, Length= 21, Loss=1.4669, Memory=74.00
02:39:34 AM - INFO - Step  640: train/policy_loss = 0.484805
02:39:34 AM - INFO - Step  640: train/reward_loss = 0.003719
02:39:34 AM - INFO - Step  640: train/value_loss = 1.058291
02:39:34 AM - INFO - Step  640: total_loss = 1.546816
02:39:35 AM - INFO - Episode 1481: Reward=  18.0, Length= 18, Loss=1.5468, Memory=74.05
02:39:35 AM - INFO - Progress: 74.0% | 0.17 it/s | ETA: 50:39
02:39:38 AM - INFO - Episode 1482: Reward=  47.0, Length= 47, Loss=1.5468, Memory=74.10
02:39:38 AM - INFO - Step  641: train/policy_loss = 0.539008
02:39:38 AM - INFO - Step  641: train/reward_loss = 0.003584
02:39:38 AM - INFO - Step  641: train/value_loss = 1.099027
02:39:38 AM - INFO - Step  641: total_loss = 1.641618
02:39:39 AM - INFO - Episode 1483: Reward=  20.0, Length= 20, Loss=1.6416, Memory=74.15
02:39:41 AM - INFO - Episode 1484: Reward=  26.0, Length= 26, Loss=1.6416, Memory=74.20
02:39:41 AM - INFO - Step  642: train/policy_loss = 0.501473
02:39:41 AM - INFO - Step  642: train/reward_loss = 0.004580
02:39:41 AM - INFO - Step  642: train/value_loss = 0.990947
02:39:41 AM - INFO - Step  642: total_loss = 1.496999
02:39:43 AM - INFO - Episode 1485: Reward=  26.0, Length= 26, Loss=1.4970, Memory=74.25
02:39:44 AM - INFO - Episode 1486: Reward=  16.0, Length= 16, Loss=1.4970, Memory=74.30
02:39:44 AM - INFO - Step  643: train/policy_loss = 0.469666
02:39:44 AM - INFO - Step  643: train/reward_loss = 0.002634
02:39:44 AM - INFO - Step  643: train/value_loss = 0.908507
02:39:44 AM - INFO - Step  643: total_loss = 1.380807
02:39:45 AM - INFO - Episode 1487: Reward=  10.0, Length= 10, Loss=1.3808, Memory=74.35
02:39:48 AM - INFO - Episode 1488: Reward=  40.0, Length= 40, Loss=1.3808, Memory=74.40
02:39:48 AM - INFO - Step  644: train/policy_loss = 0.482076
02:39:48 AM - INFO - Step  644: train/reward_loss = 0.002369
02:39:48 AM - INFO - Step  644: train/value_loss = 1.037656
02:39:48 AM - INFO - Step  644: total_loss = 1.522101
02:39:50 AM - INFO - Episode 1489: Reward=  30.0, Length= 30, Loss=1.5221, Memory=74.45
02:39:52 AM - INFO - Episode 1490: Reward=  29.0, Length= 29, Loss=1.5221, Memory=74.50
02:39:52 AM - INFO - Step  645: train/policy_loss = 0.517397
02:39:52 AM - INFO - Step  645: train/reward_loss = 0.002683
02:39:52 AM - INFO - Step  645: train/value_loss = 0.922458
02:39:52 AM - INFO - Step  645: total_loss = 1.442538
02:39:53 AM - INFO - Episode 1491: Reward=  18.0, Length= 18, Loss=1.4425, Memory=74.55
02:39:54 AM - INFO - Episode 1492: Reward=  10.0, Length= 10, Loss=1.4425, Memory=74.60
02:39:54 AM - INFO - Step  646: train/policy_loss = 0.473331
02:39:54 AM - INFO - Step  646: train/reward_loss = 0.002578
02:39:54 AM - INFO - Step  646: train/value_loss = 0.779092
02:39:54 AM - INFO - Step  646: total_loss = 1.255000
02:39:55 AM - INFO - Episode 1493: Reward=  19.0, Length= 19, Loss=1.2550, Memory=74.65
02:39:56 AM - INFO - Episode 1494: Reward=  12.0, Length= 12, Loss=1.2550, Memory=74.70
02:39:56 AM - INFO - Step  647: train/policy_loss = 0.427559
02:39:56 AM - INFO - Step  647: train/reward_loss = 0.002594
02:39:56 AM - INFO - Step  647: train/value_loss = 0.761929
02:39:56 AM - INFO - Step  647: total_loss = 1.192082
02:39:58 AM - INFO - Episode 1495: Reward=  17.0, Length= 17, Loss=1.1921, Memory=74.75
02:39:58 AM - INFO - Episode 1496: Reward=  14.0, Length= 14, Loss=1.1921, Memory=74.80
02:39:59 AM - INFO - Step  648: train/policy_loss = 0.474615
02:39:59 AM - INFO - Step  648: train/reward_loss = 0.002572
02:39:59 AM - INFO - Step  648: train/value_loss = 0.898900
02:39:59 AM - INFO - Step  648: total_loss = 1.376087
02:40:00 AM - INFO - Episode 1497: Reward=  16.0, Length= 16, Loss=1.3761, Memory=74.85
02:40:01 AM - INFO - Episode 1498: Reward=  12.0, Length= 12, Loss=1.3761, Memory=74.90
02:40:01 AM - INFO - Step  649: train/policy_loss = 0.461506
02:40:01 AM - INFO - Step  649: train/reward_loss = 0.002414
02:40:01 AM - INFO - Step  649: train/value_loss = 0.950119
02:40:01 AM - INFO - Step  649: total_loss = 1.414038
02:40:02 AM - INFO - Episode 1499: Reward=  14.0, Length= 14, Loss=1.4140, Memory=74.95
02:40:02 AM - INFO - Episode 1500: Reward=  10.0, Length= 10, Loss=1.4140, Memory=75.00
02:40:03 AM - INFO - Step  650: train/policy_loss = 0.509798
02:40:03 AM - INFO - Step  650: train/reward_loss = 0.002356
02:40:03 AM - INFO - Step  650: train/value_loss = 1.273288
02:40:03 AM - INFO - Step  650: total_loss = 1.785442
02:40:03 AM - INFO - Checkpoint saved to checkpoints/CartPole-v1/20250726_223945/episode_01500.pkl
02:40:04 AM - INFO - Episode 1501: Reward=  19.0, Length= 19, Loss=1.7854, Memory=75.05
02:40:04 AM - INFO - Progress: 75.0% | 0.96 it/s | ETA: 08:40
02:40:08 AM - INFO - Episode 1502: Reward=  61.0, Length= 61, Loss=1.7854, Memory=75.10
02:40:08 AM - INFO - Step  651: train/policy_loss = 0.482758
02:40:08 AM - INFO - Step  651: train/reward_loss = 0.001782
02:40:08 AM - INFO - Step  651: train/value_loss = 0.751904
02:40:08 AM - INFO - Step  651: total_loss = 1.236444
02:40:11 AM - INFO - Episode 1503: Reward=  35.0, Length= 35, Loss=1.2364, Memory=75.15
02:40:17 AM - INFO - Episode 1504: Reward= 102.0, Length=102, Loss=1.2364, Memory=75.20
02:40:17 AM - INFO - Step  652: train/policy_loss = 0.467435
02:40:17 AM - INFO - Step  652: train/reward_loss = 0.002682
02:40:17 AM - INFO - Step  652: train/value_loss = 1.000756
02:40:17 AM - INFO - Step  652: total_loss = 1.470873
02:40:22 AM - INFO - Episode 1505: Reward=  64.0, Length= 64, Loss=1.4709, Memory=75.25
02:40:23 AM - INFO - Episode 1506: Reward=  21.0, Length= 21, Loss=1.4709, Memory=75.30
02:40:23 AM - INFO - Step  653: train/policy_loss = 0.465963
02:40:23 AM - INFO - Step  653: train/reward_loss = 0.005054
02:40:23 AM - INFO - Step  653: train/value_loss = 0.812765
02:40:23 AM - INFO - Step  653: total_loss = 1.283782
02:40:27 AM - INFO - Episode 1507: Reward=  62.0, Length= 62, Loss=1.2838, Memory=75.35
02:40:29 AM - INFO - Episode 1508: Reward=  32.0, Length= 32, Loss=1.2838, Memory=75.40
02:40:30 AM - INFO - Step  654: train/policy_loss = 0.500704
02:40:30 AM - INFO - Step  654: train/reward_loss = 0.006569
02:40:30 AM - INFO - Step  654: train/value_loss = 0.764051
02:40:30 AM - INFO - Step  654: total_loss = 1.271324
02:40:34 AM - INFO - Episode 1509: Reward=  62.0, Length= 62, Loss=1.2713, Memory=75.45
02:40:37 AM - INFO - Episode 1510: Reward=  56.0, Length= 56, Loss=1.2713, Memory=75.50
02:40:38 AM - INFO - Step  655: train/policy_loss = 0.440213
02:40:38 AM - INFO - Step  655: train/reward_loss = 0.004922
02:40:38 AM - INFO - Step  655: train/value_loss = 0.678986
02:40:38 AM - INFO - Step  655: total_loss = 1.124121
02:40:39 AM - INFO - Episode 1511: Reward=  15.0, Length= 15, Loss=1.1241, Memory=75.55
02:40:40 AM - INFO - Episode 1512: Reward=  14.0, Length= 14, Loss=1.1241, Memory=75.60
02:40:40 AM - INFO - Step  656: train/policy_loss = 0.464749
02:40:40 AM - INFO - Step  656: train/reward_loss = 0.002991
02:40:40 AM - INFO - Step  656: train/value_loss = 1.077939
02:40:40 AM - INFO - Step  656: total_loss = 1.545678
02:40:45 AM - INFO - Episode 1513: Reward=  80.0, Length= 80, Loss=1.5457, Memory=75.65
02:40:47 AM - INFO - Episode 1514: Reward=  30.0, Length= 30, Loss=1.5457, Memory=75.70
02:40:47 AM - INFO - Step  657: train/policy_loss = 0.475329
02:40:47 AM - INFO - Step  657: train/reward_loss = 0.002748
02:40:47 AM - INFO - Step  657: train/value_loss = 0.937338
02:40:47 AM - INFO - Step  657: total_loss = 1.415415
02:41:09 AM - INFO - Episode 1515: Reward= 331.0, Length=331, Loss=1.4154, Memory=75.75
02:41:16 AM - INFO - Episode 1516: Reward= 104.0, Length=104, Loss=1.4154, Memory=75.80
02:41:16 AM - INFO - Step  658: train/policy_loss = 0.464091
02:41:16 AM - INFO - Step  658: train/reward_loss = 0.002999
02:41:16 AM - INFO - Step  658: train/value_loss = 0.750130
02:41:16 AM - INFO - Step  658: total_loss = 1.217221
02:41:35 AM - INFO - Episode 1517: Reward= 295.0, Length=295, Loss=1.2172, Memory=75.85
02:42:08 AM - INFO - Episode 1518: Reward= 500.0, Length=500, Loss=1.2172, Memory=75.90
02:42:08 AM - INFO - Step  659: train/policy_loss = 0.491176
02:42:08 AM - INFO - Step  659: train/reward_loss = 0.002661
02:42:08 AM - INFO - Step  659: train/value_loss = 1.248986
02:42:08 AM - INFO - Step  659: total_loss = 1.742822
02:42:31 AM - INFO - Episode 1519: Reward= 354.0, Length=354, Loss=1.7428, Memory=75.95
02:42:54 AM - INFO - Episode 1520: Reward= 355.0, Length=355, Loss=1.7428, Memory=76.00
02:42:55 AM - INFO - Step  660: train/policy_loss = 0.423831
02:42:55 AM - INFO - Step  660: train/reward_loss = 0.003383
02:42:55 AM - INFO - Step  660: train/value_loss = 1.029840
02:42:55 AM - INFO - Step  660: total_loss = 1.457054
02:43:27 AM - INFO - Episode 1521: Reward= 500.0, Length=500, Loss=1.4571, Memory=76.05
02:43:27 AM - INFO - Progress: 76.0% | 0.05 it/s | ETA: 2:45:29
02:43:30 AM - INFO - Episode 1522: Reward=  37.0, Length= 37, Loss=1.4571, Memory=76.10
02:43:30 AM - INFO - Step  661: train/policy_loss = 0.452519
02:43:30 AM - INFO - Step  661: train/reward_loss = 0.005750
02:43:30 AM - INFO - Step  661: train/value_loss = 0.962579
02:43:30 AM - INFO - Step  661: total_loss = 1.420848
02:43:32 AM - INFO - Episode 1523: Reward=  32.0, Length= 32, Loss=1.4208, Memory=76.15
02:43:35 AM - INFO - Episode 1524: Reward=  40.0, Length= 40, Loss=1.4208, Memory=76.20
02:43:35 AM - INFO - Step  662: train/policy_loss = 0.439880
02:43:35 AM - INFO - Step  662: train/reward_loss = 0.007827
02:43:35 AM - INFO - Step  662: train/value_loss = 0.814189
02:43:35 AM - INFO - Step  662: total_loss = 1.261896
02:43:36 AM - INFO - Episode 1525: Reward=  17.0, Length= 17, Loss=1.2619, Memory=76.25
02:43:37 AM - INFO - Episode 1526: Reward=  16.0, Length= 16, Loss=1.2619, Memory=76.30
02:43:37 AM - INFO - Step  663: train/policy_loss = 0.439256
02:43:37 AM - INFO - Step  663: train/reward_loss = 0.007374
02:43:37 AM - INFO - Step  663: train/value_loss = 0.703526
02:43:37 AM - INFO - Step  663: total_loss = 1.150157
02:43:38 AM - INFO - Episode 1527: Reward=  10.0, Length= 10, Loss=1.1502, Memory=76.35
02:43:39 AM - INFO - Episode 1528: Reward=  17.0, Length= 17, Loss=1.1502, Memory=76.40
02:43:39 AM - INFO - Step  664: train/policy_loss = 0.488494
02:43:39 AM - INFO - Step  664: train/reward_loss = 0.005827
02:43:39 AM - INFO - Step  664: train/value_loss = 0.952067
02:43:39 AM - INFO - Step  664: total_loss = 1.446388
02:43:44 AM - INFO - Episode 1529: Reward=  62.0, Length= 62, Loss=1.4464, Memory=76.45
02:43:44 AM - INFO - Episode 1530: Reward=  10.0, Length= 10, Loss=1.4464, Memory=76.50
02:43:44 AM - INFO - Step  665: train/policy_loss = 0.442902
02:43:44 AM - INFO - Step  665: train/reward_loss = 0.004867
02:43:44 AM - INFO - Step  665: train/value_loss = 0.584155
02:43:44 AM - INFO - Step  665: total_loss = 1.031924
02:43:46 AM - INFO - Episode 1531: Reward=  17.0, Length= 17, Loss=1.0319, Memory=76.55
02:43:46 AM - INFO - Episode 1532: Reward=  13.0, Length= 13, Loss=1.0319, Memory=76.60
02:43:47 AM - INFO - Step  666: train/policy_loss = 0.435392
02:43:47 AM - INFO - Step  666: train/reward_loss = 0.004331
02:43:47 AM - INFO - Step  666: train/value_loss = 0.778133
02:43:47 AM - INFO - Step  666: total_loss = 1.217856
02:43:48 AM - INFO - Episode 1533: Reward=  20.0, Length= 20, Loss=1.2179, Memory=76.65
02:43:49 AM - INFO - Episode 1534: Reward=  10.0, Length= 10, Loss=1.2179, Memory=76.70
02:43:49 AM - INFO - Step  667: train/policy_loss = 0.457063
02:43:49 AM - INFO - Step  667: train/reward_loss = 0.004061
02:43:49 AM - INFO - Step  667: train/value_loss = 0.794291
02:43:49 AM - INFO - Step  667: total_loss = 1.255415
02:43:50 AM - INFO - Episode 1535: Reward=  20.0, Length= 20, Loss=1.2554, Memory=76.75
02:43:54 AM - INFO - Episode 1536: Reward=  49.0, Length= 49, Loss=1.2554, Memory=76.80
02:43:54 AM - INFO - Step  668: train/policy_loss = 0.440291
02:43:54 AM - INFO - Step  668: train/reward_loss = 0.002837
02:43:54 AM - INFO - Step  668: train/value_loss = 0.446028
02:43:54 AM - INFO - Step  668: total_loss = 0.889156
02:43:58 AM - INFO - Episode 1537: Reward=  69.0, Length= 69, Loss=0.8892, Memory=76.85
02:44:03 AM - INFO - Episode 1538: Reward=  80.0, Length= 80, Loss=0.8892, Memory=76.90
02:44:04 AM - INFO - Step  669: train/policy_loss = 0.487406
02:44:04 AM - INFO - Step  669: train/reward_loss = 0.003346
02:44:04 AM - INFO - Step  669: train/value_loss = 0.684645
02:44:04 AM - INFO - Step  669: total_loss = 1.175396
02:44:36 AM - INFO - Episode 1539: Reward= 500.0, Length=500, Loss=1.1754, Memory=76.95
02:44:40 AM - INFO - Episode 1540: Reward=  51.0, Length= 51, Loss=1.1754, Memory=77.00
02:44:40 AM - INFO - Step  670: train/policy_loss = 0.493177
02:44:40 AM - INFO - Step  670: train/reward_loss = 0.004529
02:44:40 AM - INFO - Step  670: train/value_loss = 0.540975
02:44:40 AM - INFO - Step  670: total_loss = 1.038681
02:45:01 AM - INFO - Episode 1541: Reward= 322.0, Length=322, Loss=1.0387, Memory=77.05
02:45:01 AM - INFO - Progress: 77.0% | 0.10 it/s | ETA: 1:14:34
02:45:32 AM - INFO - Episode 1542: Reward= 466.0, Length=466, Loss=1.0387, Memory=77.10
02:45:32 AM - INFO - Step  671: train/policy_loss = 0.483171
02:45:32 AM - INFO - Step  671: train/reward_loss = 0.005769
02:45:32 AM - INFO - Step  671: train/value_loss = 0.674191
02:45:32 AM - INFO - Step  671: total_loss = 1.163130
02:45:33 AM - INFO - Episode 1543: Reward=  22.0, Length= 22, Loss=1.1631, Memory=77.15
02:45:35 AM - INFO - Episode 1544: Reward=  22.0, Length= 22, Loss=1.1631, Memory=77.20
02:45:35 AM - INFO - Step  672: train/policy_loss = 0.467765
02:45:35 AM - INFO - Step  672: train/reward_loss = 0.004129
02:45:35 AM - INFO - Step  672: train/value_loss = 0.968698
02:45:35 AM - INFO - Step  672: total_loss = 1.440592
02:45:38 AM - INFO - Episode 1545: Reward=  40.0, Length= 40, Loss=1.4406, Memory=77.25
02:45:40 AM - INFO - Episode 1546: Reward=  30.0, Length= 30, Loss=1.4406, Memory=77.30
02:45:40 AM - INFO - Step  673: train/policy_loss = 0.446565
02:45:40 AM - INFO - Step  673: train/reward_loss = 0.003374
02:45:40 AM - INFO - Step  673: train/value_loss = 0.695416
02:45:40 AM - INFO - Step  673: total_loss = 1.145355
02:45:42 AM - INFO - Episode 1547: Reward=  26.0, Length= 26, Loss=1.1454, Memory=77.35
02:45:42 AM - INFO - Episode 1548: Reward=  11.0, Length= 11, Loss=1.1454, Memory=77.40
02:45:42 AM - INFO - Step  674: train/policy_loss = 0.484189
02:45:42 AM - INFO - Step  674: train/reward_loss = 0.004097
02:45:42 AM - INFO - Step  674: train/value_loss = 1.015180
02:45:42 AM - INFO - Step  674: total_loss = 1.503466
02:45:43 AM - INFO - Episode 1549: Reward=  10.0, Length= 10, Loss=1.5035, Memory=77.45
02:45:44 AM - INFO - Episode 1550: Reward=  10.0, Length= 10, Loss=1.5035, Memory=77.50
02:45:44 AM - INFO - Step  675: train/policy_loss = 0.476645
02:45:44 AM - INFO - Step  675: train/reward_loss = 0.003716
02:45:44 AM - INFO - Step  675: train/value_loss = 0.791773
02:45:44 AM - INFO - Step  675: total_loss = 1.272135
02:45:44 AM - INFO - Checkpoint saved to checkpoints/CartPole-v1/20250726_223945/episode_01550.pkl
02:45:45 AM - INFO - Episode 1551: Reward=  10.0, Length= 10, Loss=1.2721, Memory=77.55
02:45:46 AM - INFO - Episode 1552: Reward=  18.0, Length= 18, Loss=1.2721, Memory=77.60
02:45:46 AM - INFO - Step  676: train/policy_loss = 0.464545
02:45:46 AM - INFO - Step  676: train/reward_loss = 0.002737
02:45:46 AM - INFO - Step  676: train/value_loss = 0.820690
02:45:46 AM - INFO - Step  676: total_loss = 1.287971
02:45:47 AM - INFO - Episode 1553: Reward=  15.0, Length= 15, Loss=1.2880, Memory=77.65
02:45:48 AM - INFO - Episode 1554: Reward=  10.0, Length= 10, Loss=1.2880, Memory=77.70
02:45:48 AM - INFO - Step  677: train/policy_loss = 0.490893
02:45:48 AM - INFO - Step  677: train/reward_loss = 0.003765
02:45:48 AM - INFO - Step  677: train/value_loss = 0.502094
02:45:48 AM - INFO - Step  677: total_loss = 0.996752
02:45:53 AM - INFO - Episode 1555: Reward=  71.0, Length= 71, Loss=0.9968, Memory=77.75
02:45:54 AM - INFO - Episode 1556: Reward=  22.0, Length= 22, Loss=0.9968, Memory=77.80
02:45:54 AM - INFO - Step  678: train/policy_loss = 0.486428
02:45:54 AM - INFO - Step  678: train/reward_loss = 0.004972
02:45:54 AM - INFO - Step  678: train/value_loss = 1.185833
02:45:54 AM - INFO - Step  678: total_loss = 1.677232
02:46:00 AM - INFO - Episode 1557: Reward=  77.0, Length= 77, Loss=1.6772, Memory=77.85
02:46:12 AM - INFO - Episode 1558: Reward= 195.0, Length=195, Loss=1.6772, Memory=77.90
02:46:13 AM - INFO - Step  679: train/policy_loss = 0.467904
02:46:13 AM - INFO - Step  679: train/reward_loss = 0.003724
02:46:13 AM - INFO - Step  679: train/value_loss = 1.039428
02:46:13 AM - INFO - Step  679: total_loss = 1.511057
02:46:17 AM - INFO - Episode 1559: Reward=  66.0, Length= 66, Loss=1.5111, Memory=77.95
02:46:25 AM - INFO - Episode 1560: Reward= 124.0, Length=124, Loss=1.5111, Memory=78.00
02:46:25 AM - INFO - Step  680: train/policy_loss = 0.465767
02:46:25 AM - INFO - Step  680: train/reward_loss = 0.004310
02:46:25 AM - INFO - Step  680: train/value_loss = 0.977452
02:46:25 AM - INFO - Step  680: total_loss = 1.447529
02:46:35 AM - INFO - Episode 1561: Reward= 152.0, Length=152, Loss=1.4475, Memory=78.05
02:46:35 AM - INFO - Progress: 78.0% | 0.16 it/s | ETA: 46:30
02:46:40 AM - INFO - Episode 1562: Reward=  76.0, Length= 76, Loss=1.4475, Memory=78.10
02:46:40 AM - INFO - Step  681: train/policy_loss = 0.448536
02:46:40 AM - INFO - Step  681: train/reward_loss = 0.004665
02:46:40 AM - INFO - Step  681: train/value_loss = 1.461100
02:46:40 AM - INFO - Step  681: total_loss = 1.914301
02:46:41 AM - INFO - Episode 1563: Reward=  16.0, Length= 16, Loss=1.9143, Memory=78.15
02:46:43 AM - INFO - Episode 1564: Reward=  22.0, Length= 22, Loss=1.9143, Memory=78.20
02:46:43 AM - INFO - Step  682: train/policy_loss = 0.482671
02:46:43 AM - INFO - Step  682: train/reward_loss = 0.003221
02:46:43 AM - INFO - Step  682: train/value_loss = 0.864551
02:46:43 AM - INFO - Step  682: total_loss = 1.350444
02:46:44 AM - INFO - Episode 1565: Reward=  16.0, Length= 16, Loss=1.3504, Memory=78.25
02:46:45 AM - INFO - Episode 1566: Reward=  21.0, Length= 21, Loss=1.3504, Memory=78.30
02:46:46 AM - INFO - Step  683: train/policy_loss = 0.439489
02:46:46 AM - INFO - Step  683: train/reward_loss = 0.005547
02:46:46 AM - INFO - Step  683: train/value_loss = 0.774614
02:46:46 AM - INFO - Step  683: total_loss = 1.219650
02:46:46 AM - INFO - Episode 1567: Reward=  10.0, Length= 10, Loss=1.2197, Memory=78.35
02:46:47 AM - INFO - Episode 1568: Reward=   9.0, Length=  9, Loss=1.2197, Memory=78.40
02:46:47 AM - INFO - Step  684: train/policy_loss = 0.487400
02:46:47 AM - INFO - Step  684: train/reward_loss = 0.008594
02:46:47 AM - INFO - Step  684: train/value_loss = 1.245111
02:46:47 AM - INFO - Step  684: total_loss = 1.741105
02:46:48 AM - INFO - Episode 1569: Reward=  10.0, Length= 10, Loss=1.7411, Memory=78.45
02:46:50 AM - INFO - Episode 1570: Reward=  24.0, Length= 24, Loss=1.7411, Memory=78.50
02:46:50 AM - INFO - Step  685: train/policy_loss = 0.477799
02:46:50 AM - INFO - Step  685: train/reward_loss = 0.005784
02:46:50 AM - INFO - Step  685: train/value_loss = 0.651377
02:46:50 AM - INFO - Step  685: total_loss = 1.134960
02:46:51 AM - INFO - Episode 1571: Reward=  11.0, Length= 11, Loss=1.1350, Memory=78.55
02:46:53 AM - INFO - Episode 1572: Reward=  31.0, Length= 31, Loss=1.1350, Memory=78.60
02:46:53 AM - INFO - Step  686: train/policy_loss = 0.473175
02:46:53 AM - INFO - Step  686: train/reward_loss = 0.003571
02:46:53 AM - INFO - Step  686: train/value_loss = 0.739169
02:46:53 AM - INFO - Step  686: total_loss = 1.215915
02:46:54 AM - INFO - Episode 1573: Reward=  10.0, Length= 10, Loss=1.2159, Memory=78.65
02:46:55 AM - INFO - Episode 1574: Reward=  17.0, Length= 17, Loss=1.2159, Memory=78.70
02:46:55 AM - INFO - Step  687: train/policy_loss = 0.469760
02:46:55 AM - INFO - Step  687: train/reward_loss = 0.002964
02:46:55 AM - INFO - Step  687: train/value_loss = 0.779147
02:46:55 AM - INFO - Step  687: total_loss = 1.251872
02:46:56 AM - INFO - Episode 1575: Reward=   9.0, Length=  9, Loss=1.2519, Memory=78.75
02:46:57 AM - INFO - Episode 1576: Reward=  22.0, Length= 22, Loss=1.2519, Memory=78.80
02:46:57 AM - INFO - Step  688: train/policy_loss = 0.490074
02:46:57 AM - INFO - Step  688: train/reward_loss = 0.003131
02:46:57 AM - INFO - Step  688: train/value_loss = 0.996441
02:46:57 AM - INFO - Step  688: total_loss = 1.489646
02:47:03 AM - INFO - Episode 1577: Reward=  92.0, Length= 92, Loss=1.4896, Memory=78.85
02:47:04 AM - INFO - Episode 1578: Reward=  11.0, Length= 11, Loss=1.4896, Memory=78.90
02:47:04 AM - INFO - Step  689: train/policy_loss = 0.433761
02:47:04 AM - INFO - Step  689: train/reward_loss = 0.002273
02:47:04 AM - INFO - Step  689: train/value_loss = 0.765155
02:47:04 AM - INFO - Step  689: total_loss = 1.201189
02:47:05 AM - INFO - Episode 1579: Reward=  16.0, Length= 16, Loss=1.2012, Memory=78.95
02:47:09 AM - INFO - Episode 1580: Reward=  61.0, Length= 61, Loss=1.2012, Memory=79.00
02:47:10 AM - INFO - Step  690: train/policy_loss = 0.463520
02:47:10 AM - INFO - Step  690: train/reward_loss = 0.002385
02:47:10 AM - INFO - Step  690: train/value_loss = 0.547496
02:47:10 AM - INFO - Step  690: total_loss = 1.013401
02:47:18 AM - INFO - Episode 1581: Reward= 133.0, Length=133, Loss=1.0134, Memory=79.05
02:47:18 AM - INFO - Progress: 79.0% | 0.39 it/s | ETA: 17:57
02:47:21 AM - INFO - Episode 1582: Reward=  42.0, Length= 42, Loss=1.0134, Memory=79.10
02:47:21 AM - INFO - Step  691: train/policy_loss = 0.442537
02:47:21 AM - INFO - Step  691: train/reward_loss = 0.002270
02:47:21 AM - INFO - Step  691: train/value_loss = 1.107404
02:47:21 AM - INFO - Step  691: total_loss = 1.552211
02:47:27 AM - INFO - Episode 1583: Reward=  84.0, Length= 84, Loss=1.5522, Memory=79.15
02:47:31 AM - INFO - Episode 1584: Reward=  64.0, Length= 64, Loss=1.5522, Memory=79.20
02:47:31 AM - INFO - Step  692: train/policy_loss = 0.461923
02:47:31 AM - INFO - Step  692: train/reward_loss = 0.003728
02:47:31 AM - INFO - Step  692: train/value_loss = 0.769923
02:47:31 AM - INFO - Step  692: total_loss = 1.235574
02:47:36 AM - INFO - Episode 1585: Reward=  78.0, Length= 78, Loss=1.2356, Memory=79.25
02:47:47 AM - INFO - Episode 1586: Reward= 172.0, Length=172, Loss=1.2356, Memory=79.30
02:47:48 AM - INFO - Step  693: train/policy_loss = 0.468295
02:47:48 AM - INFO - Step  693: train/reward_loss = 0.004518
02:47:48 AM - INFO - Step  693: train/value_loss = 0.770851
02:47:48 AM - INFO - Step  693: total_loss = 1.243664
02:48:20 AM - INFO - Episode 1587: Reward= 500.0, Length=500, Loss=1.2437, Memory=79.35
02:48:23 AM - INFO - Episode 1588: Reward=  45.0, Length= 45, Loss=1.2437, Memory=79.40
02:48:24 AM - INFO - Step  694: train/policy_loss = 0.443291
02:48:24 AM - INFO - Step  694: train/reward_loss = 0.003024
02:48:24 AM - INFO - Step  694: train/value_loss = 0.753757
02:48:24 AM - INFO - Step  694: total_loss = 1.200072
02:48:27 AM - INFO - Episode 1589: Reward=  51.0, Length= 51, Loss=1.2001, Memory=79.45
02:48:29 AM - INFO - Episode 1590: Reward=  31.0, Length= 31, Loss=1.2001, Memory=79.50
02:48:29 AM - INFO - Step  695: train/policy_loss = 0.483488
02:48:29 AM - INFO - Step  695: train/reward_loss = 0.002841
02:48:29 AM - INFO - Step  695: train/value_loss = 0.884648
02:48:29 AM - INFO - Step  695: total_loss = 1.370977
02:48:32 AM - INFO - Episode 1591: Reward=  35.0, Length= 35, Loss=1.3710, Memory=79.55
02:48:33 AM - INFO - Episode 1592: Reward=  23.0, Length= 23, Loss=1.3710, Memory=79.60
02:48:34 AM - INFO - Step  696: train/policy_loss = 0.426716
02:48:34 AM - INFO - Step  696: train/reward_loss = 0.002573
02:48:34 AM - INFO - Step  696: train/value_loss = 0.728423
02:48:34 AM - INFO - Step  696: total_loss = 1.157712
02:48:35 AM - INFO - Episode 1593: Reward=  20.0, Length= 20, Loss=1.1577, Memory=79.65
02:48:38 AM - INFO - Episode 1594: Reward=  40.0, Length= 40, Loss=1.1577, Memory=79.70
02:48:38 AM - INFO - Step  697: train/policy_loss = 0.453405
02:48:38 AM - INFO - Step  697: train/reward_loss = 0.003383
02:48:38 AM - INFO - Step  697: train/value_loss = 0.732647
02:48:38 AM - INFO - Step  697: total_loss = 1.189434
02:48:39 AM - INFO - Episode 1595: Reward=  16.0, Length= 16, Loss=1.1894, Memory=79.75
02:48:42 AM - INFO - Episode 1596: Reward=  47.0, Length= 47, Loss=1.1894, Memory=79.80
02:48:42 AM - INFO - Step  698: train/policy_loss = 0.417399
02:48:42 AM - INFO - Step  698: train/reward_loss = 0.002037
02:48:42 AM - INFO - Step  698: train/value_loss = 0.635897
02:48:42 AM - INFO - Step  698: total_loss = 1.055332
02:48:44 AM - INFO - Episode 1597: Reward=  25.0, Length= 25, Loss=1.0553, Memory=79.85
02:48:45 AM - INFO - Episode 1598: Reward=  15.0, Length= 15, Loss=1.0553, Memory=79.90
02:48:45 AM - INFO - Step  699: train/policy_loss = 0.454471
02:48:45 AM - INFO - Step  699: train/reward_loss = 0.002408
02:48:45 AM - INFO - Step  699: train/value_loss = 0.557441
02:48:45 AM - INFO - Step  699: total_loss = 1.014320
02:48:46 AM - INFO - Episode 1599: Reward=  13.0, Length= 13, Loss=1.0143, Memory=79.95
02:48:51 AM - INFO - Episode 1600: Reward=  82.0, Length= 82, Loss=1.0143, Memory=80.00
02:48:52 AM - INFO - Step  700: train/policy_loss = 0.449245
02:48:52 AM - INFO - Step  700: train/reward_loss = 0.002772
02:48:52 AM - INFO - Step  700: train/value_loss = 0.912550
02:48:52 AM - INFO - Step  700: total_loss = 1.364567
02:48:52 AM - INFO - Checkpoint saved to checkpoints/CartPole-v1/20250726_223945/episode_01600.pkl
02:48:53 AM - INFO - Episode 1601: Reward=  14.0, Length= 14, Loss=1.3646, Memory=80.05
02:48:53 AM - INFO - Progress: 80.0% | 0.34 it/s | ETA: 19:20
02:48:56 AM - INFO - Episode 1602: Reward=  54.0, Length= 54, Loss=1.3646, Memory=80.10
02:48:56 AM - INFO - Step  701: train/policy_loss = 0.441616
02:48:56 AM - INFO - Step  701: train/reward_loss = 0.003452
02:48:56 AM - INFO - Step  701: train/value_loss = 0.790510
02:48:56 AM - INFO - Step  701: total_loss = 1.235578
02:48:57 AM - INFO - Episode 1603: Reward=  14.0, Length= 14, Loss=1.2356, Memory=80.15
02:48:58 AM - INFO - Episode 1604: Reward=   9.0, Length=  9, Loss=1.2356, Memory=80.20
02:48:58 AM - INFO - Step  702: train/policy_loss = 0.492879
02:48:58 AM - INFO - Step  702: train/reward_loss = 0.003123
02:48:58 AM - INFO - Step  702: train/value_loss = 1.176688
02:48:58 AM - INFO - Step  702: total_loss = 1.672690
02:49:02 AM - INFO - Episode 1605: Reward=  57.0, Length= 57, Loss=1.6727, Memory=80.25
02:49:34 AM - INFO - Episode 1606: Reward= 500.0, Length=500, Loss=1.6727, Memory=80.30
02:49:35 AM - INFO - Step  703: train/policy_loss = 0.484963
02:49:35 AM - INFO - Step  703: train/reward_loss = 0.003064
02:49:35 AM - INFO - Step  703: train/value_loss = 1.154357
02:49:35 AM - INFO - Step  703: total_loss = 1.642384
02:50:07 AM - INFO - Episode 1607: Reward= 500.0, Length=500, Loss=1.6424, Memory=80.35
02:50:39 AM - INFO - Episode 1608: Reward= 500.0, Length=500, Loss=1.6424, Memory=80.40
02:50:40 AM - INFO - Step  704: train/policy_loss = 0.457604
02:50:40 AM - INFO - Step  704: train/reward_loss = 0.002570
02:50:40 AM - INFO - Step  704: train/value_loss = 1.126377
02:50:40 AM - INFO - Step  704: total_loss = 1.586551
02:51:13 AM - INFO - Episode 1609: Reward= 500.0, Length=500, Loss=1.5866, Memory=80.45
02:51:33 AM - INFO - Episode 1610: Reward= 313.0, Length=313, Loss=1.5866, Memory=80.50
02:51:33 AM - INFO - Step  705: train/policy_loss = 0.486083
02:51:33 AM - INFO - Step  705: train/reward_loss = 0.002620
02:51:33 AM - INFO - Step  705: train/value_loss = 0.674354
02:51:33 AM - INFO - Step  705: total_loss = 1.163056
02:51:40 AM - INFO - Episode 1611: Reward= 105.0, Length=105, Loss=1.1631, Memory=80.55
02:51:56 AM - INFO - Episode 1612: Reward= 247.0, Length=247, Loss=1.1631, Memory=80.60
02:51:56 AM - INFO - Step  706: train/policy_loss = 0.498344
02:51:56 AM - INFO - Step  706: train/reward_loss = 0.002702
02:51:56 AM - INFO - Step  706: train/value_loss = 0.865973
02:51:56 AM - INFO - Step  706: total_loss = 1.367018
02:51:57 AM - INFO - Episode 1613: Reward=  15.0, Length= 15, Loss=1.3670, Memory=80.65
02:52:06 AM - INFO - Episode 1614: Reward= 136.0, Length=136, Loss=1.3670, Memory=80.70
02:52:07 AM - INFO - Step  707: train/policy_loss = 0.454580
02:52:07 AM - INFO - Step  707: train/reward_loss = 0.002899
02:52:07 AM - INFO - Step  707: train/value_loss = 0.795608
02:52:07 AM - INFO - Step  707: total_loss = 1.253087
02:52:11 AM - INFO - Episode 1615: Reward=  71.0, Length= 71, Loss=1.2531, Memory=80.75
02:52:14 AM - INFO - Episode 1616: Reward=  39.0, Length= 39, Loss=1.2531, Memory=80.80
02:52:14 AM - INFO - Step  708: train/policy_loss = 0.456208
02:52:14 AM - INFO - Step  708: train/reward_loss = 0.002398
02:52:14 AM - INFO - Step  708: train/value_loss = 0.545972
02:52:14 AM - INFO - Step  708: total_loss = 1.004578
02:52:21 AM - INFO - Episode 1617: Reward= 108.0, Length=108, Loss=1.0046, Memory=80.85
02:52:23 AM - INFO - Episode 1618: Reward=  20.0, Length= 20, Loss=1.0046, Memory=80.90
02:52:23 AM - INFO - Step  709: train/policy_loss = 0.463403
02:52:23 AM - INFO - Step  709: train/reward_loss = 0.004022
02:52:23 AM - INFO - Step  709: train/value_loss = 0.894647
02:52:23 AM - INFO - Step  709: total_loss = 1.362071
02:52:23 AM - INFO - Episode 1619: Reward=  10.0, Length= 10, Loss=1.3621, Memory=80.95
02:52:26 AM - INFO - Episode 1620: Reward=  38.0, Length= 38, Loss=1.3621, Memory=81.00
02:52:26 AM - INFO - Step  710: train/policy_loss = 0.455257
02:52:26 AM - INFO - Step  710: train/reward_loss = 0.005355
02:52:26 AM - INFO - Step  710: train/value_loss = 1.016533
02:52:26 AM - INFO - Step  710: total_loss = 1.477144
02:52:27 AM - INFO - Episode 1621: Reward=   9.0, Length=  9, Loss=1.4771, Memory=81.05
02:52:27 AM - INFO - Progress: 81.0% | 0.27 it/s | ETA: 23:45
02:52:28 AM - INFO - Episode 1622: Reward=  15.0, Length= 15, Loss=1.4771, Memory=81.10
02:52:28 AM - INFO - Step  711: train/policy_loss = 0.445670
02:52:28 AM - INFO - Step  711: train/reward_loss = 0.002678
02:52:28 AM - INFO - Step  711: train/value_loss = 0.707689
02:52:28 AM - INFO - Step  711: total_loss = 1.156038
02:52:29 AM - INFO - Episode 1623: Reward=  20.0, Length= 20, Loss=1.1560, Memory=81.15
02:52:30 AM - INFO - Episode 1624: Reward=  12.0, Length= 12, Loss=1.1560, Memory=81.20
02:52:30 AM - INFO - Step  712: train/policy_loss = 0.428453
02:52:30 AM - INFO - Step  712: train/reward_loss = 0.002472
02:52:30 AM - INFO - Step  712: train/value_loss = 0.626390
02:52:30 AM - INFO - Step  712: total_loss = 1.057315
02:52:31 AM - INFO - Episode 1625: Reward=  10.0, Length= 10, Loss=1.0573, Memory=81.25
02:52:32 AM - INFO - Episode 1626: Reward=  20.0, Length= 20, Loss=1.0573, Memory=81.30
02:52:33 AM - INFO - Step  713: train/policy_loss = 0.489240
02:52:33 AM - INFO - Step  713: train/reward_loss = 0.004586
02:52:33 AM - INFO - Step  713: train/value_loss = 1.046978
02:52:33 AM - INFO - Step  713: total_loss = 1.540804
02:52:33 AM - INFO - Episode 1627: Reward=  12.0, Length= 12, Loss=1.5408, Memory=81.35
02:52:35 AM - INFO - Episode 1628: Reward=  20.0, Length= 20, Loss=1.5408, Memory=81.40
02:52:35 AM - INFO - Step  714: train/policy_loss = 0.433507
02:52:35 AM - INFO - Step  714: train/reward_loss = 0.003158
02:52:35 AM - INFO - Step  714: train/value_loss = 0.865595
02:52:35 AM - INFO - Step  714: total_loss = 1.302259
02:52:36 AM - INFO - Episode 1629: Reward=  10.0, Length= 10, Loss=1.3023, Memory=81.45
02:52:38 AM - INFO - Episode 1630: Reward=  34.0, Length= 34, Loss=1.3023, Memory=81.50
02:52:38 AM - INFO - Step  715: train/policy_loss = 0.465587
02:52:38 AM - INFO - Step  715: train/reward_loss = 0.003051
02:52:38 AM - INFO - Step  715: train/value_loss = 0.851001
02:52:38 AM - INFO - Step  715: total_loss = 1.319638
02:52:41 AM - INFO - Episode 1631: Reward=  44.0, Length= 44, Loss=1.3196, Memory=81.55
02:52:42 AM - INFO - Episode 1632: Reward=  10.0, Length= 10, Loss=1.3196, Memory=81.60
02:52:42 AM - INFO - Step  716: train/policy_loss = 0.471142
02:52:42 AM - INFO - Step  716: train/reward_loss = 0.002448
02:52:42 AM - INFO - Step  716: train/value_loss = 0.900662
02:52:42 AM - INFO - Step  716: total_loss = 1.374252
02:52:43 AM - INFO - Episode 1633: Reward=  10.0, Length= 10, Loss=1.3743, Memory=81.65
02:52:43 AM - INFO - Episode 1634: Reward=  10.0, Length= 10, Loss=1.3743, Memory=81.70
02:52:44 AM - INFO - Step  717: train/policy_loss = 0.447310
02:52:44 AM - INFO - Step  717: train/reward_loss = 0.002872
02:52:44 AM - INFO - Step  717: train/value_loss = 0.676626
02:52:44 AM - INFO - Step  717: total_loss = 1.126808
02:52:46 AM - INFO - Episode 1635: Reward=  34.0, Length= 34, Loss=1.1268, Memory=81.75
02:52:46 AM - INFO - Episode 1636: Reward=  10.0, Length= 10, Loss=1.1268, Memory=81.80
02:52:47 AM - INFO - Step  718: train/policy_loss = 0.501907
02:52:47 AM - INFO - Step  718: train/reward_loss = 0.003352
02:52:47 AM - INFO - Step  718: train/value_loss = 1.116496
02:52:47 AM - INFO - Step  718: total_loss = 1.621755
02:52:47 AM - INFO - Episode 1637: Reward=   9.0, Length=  9, Loss=1.6218, Memory=81.85
02:52:48 AM - INFO - Episode 1638: Reward=  10.0, Length= 10, Loss=1.6218, Memory=81.90
02:52:48 AM - INFO - Step  719: train/policy_loss = 0.450311
02:52:48 AM - INFO - Step  719: train/reward_loss = 0.002407
02:52:48 AM - INFO - Step  719: train/value_loss = 0.624139
02:52:48 AM - INFO - Step  719: total_loss = 1.076857
02:52:49 AM - INFO - Episode 1639: Reward=  10.0, Length= 10, Loss=1.0769, Memory=81.95
02:52:53 AM - INFO - Episode 1640: Reward=  56.0, Length= 56, Loss=1.0769, Memory=82.00
02:52:53 AM - INFO - Step  720: train/policy_loss = 0.464011
02:52:53 AM - INFO - Step  720: train/reward_loss = 0.004079
02:52:53 AM - INFO - Step  720: train/value_loss = 0.755538
02:52:53 AM - INFO - Step  720: total_loss = 1.223628
02:52:54 AM - INFO - Episode 1641: Reward=  10.0, Length= 10, Loss=1.2236, Memory=82.05
02:52:54 AM - INFO - Progress: 82.0% | 0.53 it/s | ETA: 11:12
02:52:54 AM - INFO - Episode 1642: Reward=  10.0, Length= 10, Loss=1.2236, Memory=82.10
02:52:54 AM - INFO - Step  721: train/policy_loss = 0.475208
02:52:54 AM - INFO - Step  721: train/reward_loss = 0.003903
02:52:54 AM - INFO - Step  721: train/value_loss = 0.694467
02:52:54 AM - INFO - Step  721: total_loss = 1.173577
02:52:55 AM - INFO - Episode 1643: Reward=  11.0, Length= 11, Loss=1.1736, Memory=82.15
02:52:56 AM - INFO - Episode 1644: Reward=  10.0, Length= 10, Loss=1.1736, Memory=82.20
02:52:56 AM - INFO - Step  722: train/policy_loss = 0.457040
02:52:56 AM - INFO - Step  722: train/reward_loss = 0.003383
02:52:56 AM - INFO - Step  722: train/value_loss = 1.008138
02:52:56 AM - INFO - Step  722: total_loss = 1.468562
02:53:04 AM - INFO - Episode 1645: Reward= 120.0, Length=120, Loss=1.4686, Memory=82.25
02:53:06 AM - INFO - Episode 1646: Reward=  27.0, Length= 27, Loss=1.4686, Memory=82.30
02:53:06 AM - INFO - Step  723: train/policy_loss = 0.515268
02:53:06 AM - INFO - Step  723: train/reward_loss = 0.003857
02:53:06 AM - INFO - Step  723: train/value_loss = 0.772706
02:53:06 AM - INFO - Step  723: total_loss = 1.291831
02:53:07 AM - INFO - Episode 1647: Reward=  11.0, Length= 11, Loss=1.2918, Memory=82.35
02:53:13 AM - INFO - Episode 1648: Reward=  96.0, Length= 96, Loss=1.2918, Memory=82.40
02:53:13 AM - INFO - Step  724: train/policy_loss = 0.448783
02:53:13 AM - INFO - Step  724: train/reward_loss = 0.003461
02:53:13 AM - INFO - Step  724: train/value_loss = 1.332347
02:53:13 AM - INFO - Step  724: total_loss = 1.784591
02:53:16 AM - INFO - Episode 1649: Reward=  39.0, Length= 39, Loss=1.7846, Memory=82.45
02:53:30 AM - INFO - Episode 1650: Reward= 215.0, Length=215, Loss=1.7846, Memory=82.50
02:53:30 AM - INFO - Step  725: train/policy_loss = 0.448704
02:53:30 AM - INFO - Step  725: train/reward_loss = 0.002548
02:53:30 AM - INFO - Step  725: train/value_loss = 0.798351
02:53:30 AM - INFO - Step  725: total_loss = 1.249603
02:53:30 AM - INFO - Checkpoint saved to checkpoints/CartPole-v1/20250726_223945/episode_01650.pkl
02:54:03 AM - INFO - Episode 1651: Reward= 500.0, Length=500, Loss=1.2496, Memory=82.55
02:54:39 AM - INFO - Episode 1652: Reward= 500.0, Length=500, Loss=1.2496, Memory=82.60
02:54:39 AM - INFO - Step  726: train/policy_loss = 0.449373
02:54:39 AM - INFO - Step  726: train/reward_loss = 0.002862
02:54:39 AM - INFO - Step  726: train/value_loss = 0.842580
02:54:39 AM - INFO - Step  726: total_loss = 1.294815
02:55:16 AM - INFO - Episode 1653: Reward= 500.0, Length=500, Loss=1.2948, Memory=82.65
02:55:53 AM - INFO - Episode 1654: Reward= 500.0, Length=500, Loss=1.2948, Memory=82.70
02:55:53 AM - INFO - Step  727: train/policy_loss = 0.423956
02:55:53 AM - INFO - Step  727: train/reward_loss = 0.003576
02:55:53 AM - INFO - Step  727: train/value_loss = 0.671613
02:55:53 AM - INFO - Step  727: total_loss = 1.099144
02:56:31 AM - INFO - Episode 1655: Reward= 500.0, Length=500, Loss=1.0991, Memory=82.75
02:57:07 AM - INFO - Episode 1656: Reward= 500.0, Length=500, Loss=1.0991, Memory=82.80
02:57:07 AM - INFO - Step  728: train/policy_loss = 0.414959
02:57:07 AM - INFO - Step  728: train/reward_loss = 0.005090
02:57:07 AM - INFO - Step  728: train/value_loss = 1.043093
02:57:07 AM - INFO - Step  728: total_loss = 1.463141
02:57:15 AM - INFO - Episode 1657: Reward= 104.0, Length=104, Loss=1.4631, Memory=82.85
02:57:25 AM - INFO - Episode 1658: Reward= 147.0, Length=147, Loss=1.4631, Memory=82.90
02:57:26 AM - INFO - Step  729: train/policy_loss = 0.444820
02:57:26 AM - INFO - Step  729: train/reward_loss = 0.003328
02:57:26 AM - INFO - Step  729: train/value_loss = 0.924261
02:57:26 AM - INFO - Step  729: total_loss = 1.372409
02:57:29 AM - INFO - Episode 1659: Reward=  52.0, Length= 52, Loss=1.3724, Memory=82.95
02:57:36 AM - INFO - Episode 1660: Reward=  97.0, Length= 97, Loss=1.3724, Memory=83.00
02:57:36 AM - INFO - Step  730: train/policy_loss = 0.485650
02:57:36 AM - INFO - Step  730: train/reward_loss = 0.002492
02:57:36 AM - INFO - Step  730: train/value_loss = 0.908796
02:57:36 AM - INFO - Step  730: total_loss = 1.396937
02:58:08 AM - INFO - Episode 1661: Reward= 500.0, Length=500, Loss=1.3969, Memory=83.05
02:58:08 AM - INFO - Progress: 83.0% | 0.08 it/s | ETA: 1:14:19
02:58:41 AM - INFO - Episode 1662: Reward= 500.0, Length=500, Loss=1.3969, Memory=83.10
02:58:41 AM - INFO - Step  731: train/policy_loss = 0.452724
02:58:41 AM - INFO - Step  731: train/reward_loss = 0.003099
02:58:41 AM - INFO - Step  731: train/value_loss = 0.959367
02:58:41 AM - INFO - Step  731: total_loss = 1.415190
02:58:42 AM - INFO - Episode 1663: Reward=  19.0, Length= 19, Loss=1.4152, Memory=83.15
02:58:43 AM - INFO - Episode 1664: Reward=  18.0, Length= 18, Loss=1.4152, Memory=83.20
02:58:44 AM - INFO - Step  732: train/policy_loss = 0.511912
02:58:44 AM - INFO - Step  732: train/reward_loss = 0.002364
02:58:44 AM - INFO - Step  732: train/value_loss = 0.818780
02:58:44 AM - INFO - Step  732: total_loss = 1.333056
02:58:45 AM - INFO - Episode 1665: Reward=  20.0, Length= 20, Loss=1.3331, Memory=83.25
02:58:48 AM - INFO - Episode 1666: Reward=  42.0, Length= 42, Loss=1.3331, Memory=83.30
02:58:48 AM - INFO - Step  733: train/policy_loss = 0.479075
02:58:48 AM - INFO - Step  733: train/reward_loss = 0.002220
02:58:48 AM - INFO - Step  733: train/value_loss = 0.830768
02:58:48 AM - INFO - Step  733: total_loss = 1.312062
02:58:52 AM - INFO - Episode 1667: Reward=  56.0, Length= 56, Loss=1.3121, Memory=83.35
02:58:53 AM - INFO - Episode 1668: Reward=  18.0, Length= 18, Loss=1.3121, Memory=83.40
02:58:54 AM - INFO - Step  734: train/policy_loss = 0.439977
02:58:54 AM - INFO - Step  734: train/reward_loss = 0.002960
02:58:54 AM - INFO - Step  734: train/value_loss = 0.627302
02:58:54 AM - INFO - Step  734: total_loss = 1.070239
02:58:59 AM - INFO - Episode 1669: Reward=  80.0, Length= 80, Loss=1.0702, Memory=83.45
02:59:00 AM - INFO - Episode 1670: Reward=  10.0, Length= 10, Loss=1.0702, Memory=83.50
02:59:00 AM - INFO - Step  735: train/policy_loss = 0.453794
02:59:00 AM - INFO - Step  735: train/reward_loss = 0.002740
02:59:00 AM - INFO - Step  735: train/value_loss = 0.601070
02:59:00 AM - INFO - Step  735: total_loss = 1.057605
02:59:32 AM - INFO - Episode 1671: Reward= 500.0, Length=500, Loss=1.0576, Memory=83.55
03:00:04 AM - INFO - Episode 1672: Reward= 500.0, Length=500, Loss=1.0576, Memory=83.60
03:00:04 AM - INFO - Step  736: train/policy_loss = 0.443385
03:00:04 AM - INFO - Step  736: train/reward_loss = 0.002813
03:00:04 AM - INFO - Step  736: train/value_loss = 1.129985
03:00:04 AM - INFO - Step  736: total_loss = 1.576183
03:00:37 AM - INFO - Episode 1673: Reward= 500.0, Length=500, Loss=1.5762, Memory=83.65
03:01:09 AM - INFO - Episode 1674: Reward= 500.0, Length=500, Loss=1.5762, Memory=83.70
03:01:09 AM - INFO - Step  737: train/policy_loss = 0.434419
03:01:09 AM - INFO - Step  737: train/reward_loss = 0.002486
03:01:09 AM - INFO - Step  737: train/value_loss = 0.435400
03:01:09 AM - INFO - Step  737: total_loss = 0.872305
03:01:41 AM - INFO - Episode 1675: Reward= 500.0, Length=500, Loss=0.8723, Memory=83.75
03:02:14 AM - INFO - Episode 1676: Reward= 500.0, Length=500, Loss=0.8723, Memory=83.80
03:02:14 AM - INFO - Step  738: train/policy_loss = 0.470391
03:02:14 AM - INFO - Step  738: train/reward_loss = 0.002844
03:02:14 AM - INFO - Step  738: train/value_loss = 0.880045
03:02:14 AM - INFO - Step  738: total_loss = 1.353280
03:02:21 AM - INFO - Episode 1677: Reward= 110.0, Length=110, Loss=1.3533, Memory=83.85
03:02:53 AM - INFO - Episode 1678: Reward= 500.0, Length=500, Loss=1.3533, Memory=83.90
03:02:54 AM - INFO - Step  739: train/policy_loss = 0.404229
03:02:54 AM - INFO - Step  739: train/reward_loss = 0.002873
03:02:54 AM - INFO - Step  739: train/value_loss = 0.767671
03:02:54 AM - INFO - Step  739: total_loss = 1.174774
03:03:04 AM - INFO - Episode 1679: Reward= 153.0, Length=153, Loss=1.1748, Memory=83.95
03:03:36 AM - INFO - Episode 1680: Reward= 500.0, Length=500, Loss=1.1748, Memory=84.00
03:03:36 AM - INFO - Step  740: train/policy_loss = 0.452185
03:03:36 AM - INFO - Step  740: train/reward_loss = 0.002894
03:03:36 AM - INFO - Step  740: train/value_loss = 0.595537
03:03:36 AM - INFO - Step  740: total_loss = 1.050616
03:04:08 AM - INFO - Episode 1681: Reward= 500.0, Length=500, Loss=1.0506, Memory=84.05
03:04:08 AM - INFO - Progress: 84.0% | 0.04 it/s | ETA: 2:09:43
03:04:40 AM - INFO - Episode 1682: Reward= 500.0, Length=500, Loss=1.0506, Memory=84.10
03:04:40 AM - INFO - Step  741: train/policy_loss = 0.438028
03:04:40 AM - INFO - Step  741: train/reward_loss = 0.003167
03:04:40 AM - INFO - Step  741: train/value_loss = 0.677290
03:04:40 AM - INFO - Step  741: total_loss = 1.118485
03:05:13 AM - INFO - Episode 1683: Reward= 500.0, Length=500, Loss=1.1185, Memory=84.15
03:05:45 AM - INFO - Episode 1684: Reward= 500.0, Length=500, Loss=1.1185, Memory=84.20
03:05:45 AM - INFO - Step  742: train/policy_loss = 0.451226
03:05:45 AM - INFO - Step  742: train/reward_loss = 0.002524
03:05:45 AM - INFO - Step  742: train/value_loss = 0.711101
03:05:45 AM - INFO - Step  742: total_loss = 1.164851
03:06:17 AM - INFO - Episode 1685: Reward= 500.0, Length=500, Loss=1.1649, Memory=84.25
03:06:50 AM - INFO - Episode 1686: Reward= 500.0, Length=500, Loss=1.1649, Memory=84.30
03:06:50 AM - INFO - Step  743: train/policy_loss = 0.424038
03:06:50 AM - INFO - Step  743: train/reward_loss = 0.002980
03:06:50 AM - INFO - Step  743: train/value_loss = 0.669903
03:06:50 AM - INFO - Step  743: total_loss = 1.096921
03:07:22 AM - INFO - Episode 1687: Reward= 500.0, Length=500, Loss=1.0969, Memory=84.35
03:07:29 AM - INFO - Episode 1688: Reward= 106.0, Length=106, Loss=1.0969, Memory=84.40
03:07:29 AM - INFO - Step  744: train/policy_loss = 0.466115
03:07:29 AM - INFO - Step  744: train/reward_loss = 0.003249
03:07:29 AM - INFO - Step  744: train/value_loss = 0.850547
03:07:29 AM - INFO - Step  744: total_loss = 1.319910
03:07:39 AM - INFO - Episode 1689: Reward= 151.0, Length=151, Loss=1.3199, Memory=84.45
03:08:11 AM - INFO - Episode 1690: Reward= 500.0, Length=500, Loss=1.3199, Memory=84.50
03:08:12 AM - INFO - Step  745: train/policy_loss = 0.467088
03:08:12 AM - INFO - Step  745: train/reward_loss = 0.002032
03:08:12 AM - INFO - Step  745: train/value_loss = 0.862226
03:08:12 AM - INFO - Step  745: total_loss = 1.331347
03:08:15 AM - INFO - Episode 1691: Reward=  56.0, Length= 56, Loss=1.3313, Memory=84.55
03:08:17 AM - INFO - Episode 1692: Reward=  21.0, Length= 21, Loss=1.3313, Memory=84.60
03:08:17 AM - INFO - Step  746: train/policy_loss = 0.471530
03:08:17 AM - INFO - Step  746: train/reward_loss = 0.001988
03:08:17 AM - INFO - Step  746: train/value_loss = 0.427709
03:08:17 AM - INFO - Step  746: total_loss = 0.901227
03:08:18 AM - INFO - Episode 1693: Reward=  15.0, Length= 15, Loss=0.9012, Memory=84.65
03:08:22 AM - INFO - Episode 1694: Reward=  62.0, Length= 62, Loss=0.9012, Memory=84.70
03:08:22 AM - INFO - Step  747: train/policy_loss = 0.437609
03:08:22 AM - INFO - Step  747: train/reward_loss = 0.002082
03:08:22 AM - INFO - Step  747: train/value_loss = 0.839971
03:08:22 AM - INFO - Step  747: total_loss = 1.279661
03:08:27 AM - INFO - Episode 1695: Reward=  63.0, Length= 63, Loss=1.2797, Memory=84.75
03:08:28 AM - INFO - Episode 1696: Reward=  17.0, Length= 17, Loss=1.2797, Memory=84.80
03:08:28 AM - INFO - Step  748: train/policy_loss = 0.434226
03:08:28 AM - INFO - Step  748: train/reward_loss = 0.002013
03:08:28 AM - INFO - Step  748: train/value_loss = 0.538004
03:08:28 AM - INFO - Step  748: total_loss = 0.974243
03:08:30 AM - INFO - Episode 1697: Reward=  35.0, Length= 35, Loss=0.9742, Memory=84.85
03:08:37 AM - INFO - Episode 1698: Reward= 105.0, Length=105, Loss=0.9742, Memory=84.90
03:08:38 AM - INFO - Step  749: train/policy_loss = 0.424319
03:08:38 AM - INFO - Step  749: train/reward_loss = 0.002090
03:08:38 AM - INFO - Step  749: train/value_loss = 0.594433
03:08:38 AM - INFO - Step  749: total_loss = 1.020842
03:08:38 AM - INFO - Updating target network at training step 750
03:08:38 AM - INFO - Target network update completed
03:08:43 AM - INFO - Episode 1699: Reward=  88.0, Length= 88, Loss=1.0208, Memory=84.95
03:08:46 AM - INFO - Episode 1700: Reward=  37.0, Length= 37, Loss=1.0208, Memory=85.00
03:08:46 AM - INFO - Step  750: train/policy_loss = 0.482321
03:08:46 AM - INFO - Step  750: train/reward_loss = 0.001751
03:08:46 AM - INFO - Step  750: train/value_loss = 0.759891
03:08:46 AM - INFO - Step  750: total_loss = 1.243963
03:08:46 AM - INFO - Checkpoint saved to checkpoints/CartPole-v1/20250726_223945/episode_01700.pkl
03:08:48 AM - INFO - Episode 1701: Reward=  34.0, Length= 34, Loss=1.2440, Memory=85.05
03:08:48 AM - INFO - Progress: 85.0% | 0.22 it/s | ETA: 22:53
03:08:54 AM - INFO - Episode 1702: Reward=  90.0, Length= 90, Loss=1.2440, Memory=85.10
03:08:55 AM - INFO - Step  751: train/policy_loss = 0.427805
03:08:55 AM - INFO - Step  751: train/reward_loss = 0.002043
03:08:55 AM - INFO - Step  751: train/value_loss = 0.741526
03:08:55 AM - INFO - Step  751: total_loss = 1.171374
03:08:57 AM - INFO - Episode 1703: Reward=  32.0, Length= 32, Loss=1.1714, Memory=85.15
03:09:00 AM - INFO - Episode 1704: Reward=  52.0, Length= 52, Loss=1.1714, Memory=85.20
03:09:00 AM - INFO - Step  752: train/policy_loss = 0.461679
03:09:00 AM - INFO - Step  752: train/reward_loss = 0.002121
03:09:00 AM - INFO - Step  752: train/value_loss = 1.008156
03:09:00 AM - INFO - Step  752: total_loss = 1.471956
03:09:01 AM - INFO - Episode 1705: Reward=  10.0, Length= 10, Loss=1.4720, Memory=85.25
03:09:03 AM - INFO - Episode 1706: Reward=  34.0, Length= 34, Loss=1.4720, Memory=85.30
03:09:04 AM - INFO - Step  753: train/policy_loss = 0.432782
03:09:04 AM - INFO - Step  753: train/reward_loss = 0.001913
03:09:04 AM - INFO - Step  753: train/value_loss = 1.031132
03:09:04 AM - INFO - Step  753: total_loss = 1.465827
03:09:06 AM - INFO - Episode 1707: Reward=  34.0, Length= 34, Loss=1.4658, Memory=85.35
03:09:07 AM - INFO - Episode 1708: Reward=  13.0, Length= 13, Loss=1.4658, Memory=85.40
03:09:07 AM - INFO - Step  754: train/policy_loss = 0.420119
03:09:07 AM - INFO - Step  754: train/reward_loss = 0.001949
03:09:07 AM - INFO - Step  754: train/value_loss = 0.906231
03:09:07 AM - INFO - Step  754: total_loss = 1.328299
03:09:08 AM - INFO - Episode 1709: Reward=  10.0, Length= 10, Loss=1.3283, Memory=85.45
03:09:11 AM - INFO - Episode 1710: Reward=  49.0, Length= 49, Loss=1.3283, Memory=85.50
03:09:11 AM - INFO - Step  755: train/policy_loss = 0.449035
03:09:11 AM - INFO - Step  755: train/reward_loss = 0.002713
03:09:11 AM - INFO - Step  755: train/value_loss = 1.107457
03:09:11 AM - INFO - Step  755: total_loss = 1.559205
03:09:13 AM - INFO - Episode 1711: Reward=  18.0, Length= 18, Loss=1.5592, Memory=85.55
03:09:14 AM - INFO - Episode 1712: Reward=  19.0, Length= 19, Loss=1.5592, Memory=85.60
03:09:14 AM - INFO - Step  756: train/policy_loss = 0.468381
03:09:14 AM - INFO - Step  756: train/reward_loss = 0.002768
03:09:14 AM - INFO - Step  756: train/value_loss = 1.012986
03:09:14 AM - INFO - Step  756: total_loss = 1.484134
03:09:15 AM - INFO - Episode 1713: Reward=  12.0, Length= 12, Loss=1.4841, Memory=85.65
03:09:23 AM - INFO - Episode 1714: Reward= 117.0, Length=117, Loss=1.4841, Memory=85.70
03:09:23 AM - INFO - Step  757: train/policy_loss = 0.453927
03:09:23 AM - INFO - Step  757: train/reward_loss = 0.002444
03:09:23 AM - INFO - Step  757: train/value_loss = 0.919621
03:09:23 AM - INFO - Step  757: total_loss = 1.375992
03:09:26 AM - INFO - Episode 1715: Reward=  41.0, Length= 41, Loss=1.3760, Memory=85.75
03:09:29 AM - INFO - Episode 1716: Reward=  50.0, Length= 50, Loss=1.3760, Memory=85.80
03:09:29 AM - INFO - Step  758: train/policy_loss = 0.469747
03:09:29 AM - INFO - Step  758: train/reward_loss = 0.002466
03:09:29 AM - INFO - Step  758: train/value_loss = 0.600137
03:09:29 AM - INFO - Step  758: total_loss = 1.072349
03:09:36 AM - INFO - Episode 1717: Reward=  96.0, Length= 96, Loss=1.0723, Memory=85.85
03:09:38 AM - INFO - Episode 1718: Reward=  29.0, Length= 29, Loss=1.0723, Memory=85.90
03:09:38 AM - INFO - Step  759: train/policy_loss = 0.416179
03:09:38 AM - INFO - Step  759: train/reward_loss = 0.001800
03:09:38 AM - INFO - Step  759: train/value_loss = 0.955115
03:09:38 AM - INFO - Step  759: total_loss = 1.373093
03:09:44 AM - INFO - Episode 1719: Reward=  92.0, Length= 92, Loss=1.3731, Memory=85.95
03:09:50 AM - INFO - Episode 1720: Reward=  91.0, Length= 91, Loss=1.3731, Memory=86.00
03:09:50 AM - INFO - Step  760: train/policy_loss = 0.470675
03:09:50 AM - INFO - Step  760: train/reward_loss = 0.002036
03:09:50 AM - INFO - Step  760: train/value_loss = 1.355550
03:09:50 AM - INFO - Step  760: total_loss = 1.828261
03:09:54 AM - INFO - Episode 1721: Reward=  55.0, Length= 55, Loss=1.8283, Memory=86.05
03:09:54 AM - INFO - Progress: 86.0% | 0.20 it/s | ETA: 23:00
03:09:56 AM - INFO - Episode 1722: Reward=  36.0, Length= 36, Loss=1.8283, Memory=86.10
03:09:57 AM - INFO - Step  761: train/policy_loss = 0.463282
03:09:57 AM - INFO - Step  761: train/reward_loss = 0.002313
03:09:57 AM - INFO - Step  761: train/value_loss = 0.831728
03:09:57 AM - INFO - Step  761: total_loss = 1.297322
03:09:57 AM - INFO - Episode 1723: Reward=  10.0, Length= 10, Loss=1.2973, Memory=86.15
03:09:58 AM - INFO - Episode 1724: Reward=   9.0, Length=  9, Loss=1.2973, Memory=86.20
03:09:58 AM - INFO - Step  762: train/policy_loss = 0.411374
03:09:58 AM - INFO - Step  762: train/reward_loss = 0.001803
03:09:58 AM - INFO - Step  762: train/value_loss = 0.712454
03:09:58 AM - INFO - Step  762: total_loss = 1.125632
03:10:01 AM - INFO - Episode 1725: Reward=  38.0, Length= 38, Loss=1.1256, Memory=86.25
03:10:02 AM - INFO - Episode 1726: Reward=  18.0, Length= 18, Loss=1.1256, Memory=86.30
03:10:02 AM - INFO - Step  763: train/policy_loss = 0.449132
03:10:02 AM - INFO - Step  763: train/reward_loss = 0.002562
03:10:02 AM - INFO - Step  763: train/value_loss = 0.964273
03:10:02 AM - INFO - Step  763: total_loss = 1.415967
03:10:03 AM - INFO - Episode 1727: Reward=  10.0, Length= 10, Loss=1.4160, Memory=86.35
03:10:06 AM - INFO - Episode 1728: Reward=  48.0, Length= 48, Loss=1.4160, Memory=86.40
03:10:07 AM - INFO - Step  764: train/policy_loss = 0.436679
03:10:07 AM - INFO - Step  764: train/reward_loss = 0.002291
03:10:07 AM - INFO - Step  764: train/value_loss = 1.012071
03:10:07 AM - INFO - Step  764: total_loss = 1.451040
03:10:08 AM - INFO - Episode 1729: Reward=  28.0, Length= 28, Loss=1.4510, Memory=86.45
03:10:09 AM - INFO - Episode 1730: Reward=  10.0, Length= 10, Loss=1.4510, Memory=86.50
03:10:09 AM - INFO - Step  765: train/policy_loss = 0.414749
03:10:09 AM - INFO - Step  765: train/reward_loss = 0.001701
03:10:09 AM - INFO - Step  765: train/value_loss = 0.700173
03:10:09 AM - INFO - Step  765: total_loss = 1.116623
03:10:13 AM - INFO - Episode 1731: Reward=  51.0, Length= 51, Loss=1.1166, Memory=86.55
03:10:17 AM - INFO - Episode 1732: Reward=  63.0, Length= 63, Loss=1.1166, Memory=86.60
03:10:17 AM - INFO - Step  766: train/policy_loss = 0.491957
03:10:17 AM - INFO - Step  766: train/reward_loss = 0.003125
03:10:17 AM - INFO - Step  766: train/value_loss = 0.943976
03:10:17 AM - INFO - Step  766: total_loss = 1.439059
03:10:25 AM - INFO - Episode 1733: Reward= 113.0, Length=113, Loss=1.4391, Memory=86.65
03:10:30 AM - INFO - Episode 1734: Reward=  75.0, Length= 75, Loss=1.4391, Memory=86.70
03:10:30 AM - INFO - Step  767: train/policy_loss = 0.443375
03:10:30 AM - INFO - Step  767: train/reward_loss = 0.003342
03:10:30 AM - INFO - Step  767: train/value_loss = 0.888696
03:10:30 AM - INFO - Step  767: total_loss = 1.335414
03:10:31 AM - INFO - Episode 1735: Reward=  22.0, Length= 22, Loss=1.3354, Memory=86.75
03:10:35 AM - INFO - Episode 1736: Reward=  48.0, Length= 48, Loss=1.3354, Memory=86.80
03:10:35 AM - INFO - Step  768: train/policy_loss = 0.469894
03:10:35 AM - INFO - Step  768: train/reward_loss = 0.002205
03:10:35 AM - INFO - Step  768: train/value_loss = 0.820853
03:10:35 AM - INFO - Step  768: total_loss = 1.292953
03:10:36 AM - INFO - Episode 1737: Reward=  20.0, Length= 20, Loss=1.2930, Memory=86.85
03:10:41 AM - INFO - Episode 1738: Reward=  76.0, Length= 76, Loss=1.2930, Memory=86.90
03:10:41 AM - INFO - Step  769: train/policy_loss = 0.410753
03:10:41 AM - INFO - Step  769: train/reward_loss = 0.001717
03:10:41 AM - INFO - Step  769: train/value_loss = 1.012650
03:10:41 AM - INFO - Step  769: total_loss = 1.425120
03:10:44 AM - INFO - Episode 1739: Reward=  39.0, Length= 39, Loss=1.4251, Memory=86.95
03:10:45 AM - INFO - Episode 1740: Reward=  14.0, Length= 14, Loss=1.4251, Memory=87.00
03:10:45 AM - INFO - Step  770: train/policy_loss = 0.461068
03:10:45 AM - INFO - Step  770: train/reward_loss = 0.002005
03:10:45 AM - INFO - Step  770: train/value_loss = 0.794247
03:10:45 AM - INFO - Step  770: total_loss = 1.257319
03:10:47 AM - INFO - Episode 1741: Reward=  21.0, Length= 21, Loss=1.2573, Memory=87.05
03:10:47 AM - INFO - Progress: 87.0% | 0.37 it/s | ETA: 11:41
03:10:48 AM - INFO - Episode 1742: Reward=  22.0, Length= 22, Loss=1.2573, Memory=87.10
03:10:48 AM - INFO - Step  771: train/policy_loss = 0.482260
03:10:48 AM - INFO - Step  771: train/reward_loss = 0.002504
03:10:48 AM - INFO - Step  771: train/value_loss = 0.837737
03:10:48 AM - INFO - Step  771: total_loss = 1.322500
03:10:51 AM - INFO - Episode 1743: Reward=  30.0, Length= 30, Loss=1.3225, Memory=87.15
03:10:53 AM - INFO - Episode 1744: Reward=  42.0, Length= 42, Loss=1.3225, Memory=87.20
03:10:54 AM - INFO - Step  772: train/policy_loss = 0.434884
03:10:54 AM - INFO - Step  772: train/reward_loss = 0.002187
03:10:54 AM - INFO - Step  772: train/value_loss = 0.701206
03:10:54 AM - INFO - Step  772: total_loss = 1.138278
03:10:55 AM - INFO - Episode 1745: Reward=  24.0, Length= 24, Loss=1.1383, Memory=87.25
03:10:56 AM - INFO - Episode 1746: Reward=  10.0, Length= 10, Loss=1.1383, Memory=87.30
03:10:56 AM - INFO - Step  773: train/policy_loss = 0.390497
03:10:56 AM - INFO - Step  773: train/reward_loss = 0.002278
03:10:56 AM - INFO - Step  773: train/value_loss = 0.699662
03:10:56 AM - INFO - Step  773: total_loss = 1.092436
03:10:57 AM - INFO - Episode 1747: Reward=  12.0, Length= 12, Loss=1.0924, Memory=87.35
03:10:58 AM - INFO - Episode 1748: Reward=  10.0, Length= 10, Loss=1.0924, Memory=87.40
03:10:58 AM - INFO - Step  774: train/policy_loss = 0.477427
03:10:58 AM - INFO - Step  774: train/reward_loss = 0.002753
03:10:58 AM - INFO - Step  774: train/value_loss = 0.796992
03:10:58 AM - INFO - Step  774: total_loss = 1.277171
03:10:59 AM - INFO - Episode 1749: Reward=  16.0, Length= 16, Loss=1.2772, Memory=87.45
03:11:01 AM - INFO - Episode 1750: Reward=  18.0, Length= 18, Loss=1.2772, Memory=87.50
03:11:01 AM - INFO - Step  775: train/policy_loss = 0.465794
03:11:01 AM - INFO - Step  775: train/reward_loss = 0.003146
03:11:01 AM - INFO - Step  775: train/value_loss = 0.614911
03:11:01 AM - INFO - Step  775: total_loss = 1.083851
03:11:01 AM - INFO - Checkpoint saved to checkpoints/CartPole-v1/20250726_223945/episode_01750.pkl
03:11:03 AM - INFO - Episode 1751: Reward=  28.0, Length= 28, Loss=1.0839, Memory=87.55
03:11:05 AM - INFO - Episode 1752: Reward=  26.0, Length= 26, Loss=1.0839, Memory=87.60
03:11:05 AM - INFO - Step  776: train/policy_loss = 0.453037
03:11:05 AM - INFO - Step  776: train/reward_loss = 0.003141
03:11:05 AM - INFO - Step  776: train/value_loss = 1.130654
03:11:05 AM - INFO - Step  776: total_loss = 1.586831
03:11:06 AM - INFO - Episode 1753: Reward=  14.0, Length= 14, Loss=1.5868, Memory=87.65
03:11:07 AM - INFO - Episode 1754: Reward=  11.0, Length= 11, Loss=1.5868, Memory=87.70
03:11:07 AM - INFO - Step  777: train/policy_loss = 0.402390
03:11:07 AM - INFO - Step  777: train/reward_loss = 0.003159
03:11:07 AM - INFO - Step  777: train/value_loss = 0.825957
03:11:07 AM - INFO - Step  777: total_loss = 1.231506
03:11:08 AM - INFO - Episode 1755: Reward=  10.0, Length= 10, Loss=1.2315, Memory=87.75
03:11:09 AM - INFO - Episode 1756: Reward=  25.0, Length= 25, Loss=1.2315, Memory=87.80
03:11:10 AM - INFO - Step  778: train/policy_loss = 0.435898
03:11:10 AM - INFO - Step  778: train/reward_loss = 0.002073
03:11:10 AM - INFO - Step  778: train/value_loss = 0.554308
03:11:10 AM - INFO - Step  778: total_loss = 0.992279
03:11:11 AM - INFO - Episode 1757: Reward=  14.0, Length= 14, Loss=0.9923, Memory=87.85
03:11:12 AM - INFO - Episode 1758: Reward=  19.0, Length= 19, Loss=0.9923, Memory=87.90
03:11:12 AM - INFO - Step  779: train/policy_loss = 0.441363
03:11:12 AM - INFO - Step  779: train/reward_loss = 0.002107
03:11:12 AM - INFO - Step  779: train/value_loss = 0.534351
03:11:12 AM - INFO - Step  779: total_loss = 0.977821
03:11:13 AM - INFO - Episode 1759: Reward=  10.0, Length= 10, Loss=0.9778, Memory=87.95
03:11:14 AM - INFO - Episode 1760: Reward=  10.0, Length= 10, Loss=0.9778, Memory=88.00
03:11:14 AM - INFO - Step  780: train/policy_loss = 0.441716
03:11:14 AM - INFO - Step  780: train/reward_loss = 0.003362
03:11:14 AM - INFO - Step  780: train/value_loss = 1.301954
03:11:14 AM - INFO - Step  780: total_loss = 1.747032
03:11:15 AM - INFO - Episode 1761: Reward=  10.0, Length= 10, Loss=1.7470, Memory=88.05
03:11:15 AM - INFO - Progress: 88.0% | 0.89 it/s | ETA: 04:29
03:11:15 AM - INFO - Episode 1762: Reward=  11.0, Length= 11, Loss=1.7470, Memory=88.10
03:11:16 AM - INFO - Step  781: train/policy_loss = 0.477965
03:11:16 AM - INFO - Step  781: train/reward_loss = 0.002226
03:11:16 AM - INFO - Step  781: train/value_loss = 0.752788
03:11:16 AM - INFO - Step  781: total_loss = 1.232979
03:11:17 AM - INFO - Episode 1763: Reward=  26.0, Length= 26, Loss=1.2330, Memory=88.15
03:11:19 AM - INFO - Episode 1764: Reward=  18.0, Length= 18, Loss=1.2330, Memory=88.20
03:11:19 AM - INFO - Step  782: train/policy_loss = 0.467577
03:11:19 AM - INFO - Step  782: train/reward_loss = 0.002748
03:11:19 AM - INFO - Step  782: train/value_loss = 0.810279
03:11:19 AM - INFO - Step  782: total_loss = 1.280604
03:11:21 AM - INFO - Episode 1765: Reward=  25.0, Length= 25, Loss=1.2806, Memory=88.25
03:11:21 AM - INFO - Episode 1766: Reward=  10.0, Length= 10, Loss=1.2806, Memory=88.30
03:11:22 AM - INFO - Step  783: train/policy_loss = 0.445000
03:11:22 AM - INFO - Step  783: train/reward_loss = 0.002635
03:11:22 AM - INFO - Step  783: train/value_loss = 1.384986
03:11:22 AM - INFO - Step  783: total_loss = 1.832621
03:11:23 AM - INFO - Episode 1767: Reward=  22.0, Length= 22, Loss=1.8326, Memory=88.35
03:11:25 AM - INFO - Episode 1768: Reward=  18.0, Length= 18, Loss=1.8326, Memory=88.40
03:11:25 AM - INFO - Step  784: train/policy_loss = 0.470374
03:11:25 AM - INFO - Step  784: train/reward_loss = 0.003203
03:11:25 AM - INFO - Step  784: train/value_loss = 0.791790
03:11:25 AM - INFO - Step  784: total_loss = 1.265367
03:11:26 AM - INFO - Episode 1769: Reward=  10.0, Length= 10, Loss=1.2654, Memory=88.45
03:11:27 AM - INFO - Episode 1770: Reward=  22.0, Length= 22, Loss=1.2654, Memory=88.50
03:11:27 AM - INFO - Step  785: train/policy_loss = 0.437072
03:11:27 AM - INFO - Step  785: train/reward_loss = 0.002210
03:11:27 AM - INFO - Step  785: train/value_loss = 0.661091
03:11:27 AM - INFO - Step  785: total_loss = 1.100373
03:11:29 AM - INFO - Episode 1771: Reward=  27.0, Length= 27, Loss=1.1004, Memory=88.55
03:11:30 AM - INFO - Episode 1772: Reward=  18.0, Length= 18, Loss=1.1004, Memory=88.60
03:11:31 AM - INFO - Step  786: train/policy_loss = 0.433022
03:11:31 AM - INFO - Step  786: train/reward_loss = 0.003080
03:11:31 AM - INFO - Step  786: train/value_loss = 1.048257
03:11:31 AM - INFO - Step  786: total_loss = 1.484360
03:11:33 AM - INFO - Episode 1773: Reward=  26.0, Length= 26, Loss=1.4844, Memory=88.65
03:11:34 AM - INFO - Episode 1774: Reward=  28.0, Length= 28, Loss=1.4844, Memory=88.70
03:11:35 AM - INFO - Step  787: train/policy_loss = 0.467866
03:11:35 AM - INFO - Step  787: train/reward_loss = 0.002977
03:11:35 AM - INFO - Step  787: train/value_loss = 1.138421
03:11:35 AM - INFO - Step  787: total_loss = 1.609263
03:11:36 AM - INFO - Episode 1775: Reward=  27.0, Length= 27, Loss=1.6093, Memory=88.75
03:11:40 AM - INFO - Episode 1776: Reward=  52.0, Length= 52, Loss=1.6093, Memory=88.80
03:11:40 AM - INFO - Step  788: train/policy_loss = 0.439656
03:11:40 AM - INFO - Step  788: train/reward_loss = 0.002979
03:11:40 AM - INFO - Step  788: train/value_loss = 0.715313
03:11:40 AM - INFO - Step  788: total_loss = 1.157948
03:11:43 AM - INFO - Episode 1777: Reward=  43.0, Length= 43, Loss=1.1579, Memory=88.85
03:11:44 AM - INFO - Episode 1778: Reward=  10.0, Length= 10, Loss=1.1579, Memory=88.90
03:11:44 AM - INFO - Step  789: train/policy_loss = 0.452254
03:11:44 AM - INFO - Step  789: train/reward_loss = 0.002389
03:11:44 AM - INFO - Step  789: train/value_loss = 0.853885
03:11:44 AM - INFO - Step  789: total_loss = 1.308528
03:11:46 AM - INFO - Episode 1779: Reward=  24.0, Length= 24, Loss=1.3085, Memory=88.95
03:11:50 AM - INFO - Episode 1780: Reward=  64.0, Length= 64, Loss=1.3085, Memory=89.00
03:11:50 AM - INFO - Step  790: train/policy_loss = 0.464743
03:11:50 AM - INFO - Step  790: train/reward_loss = 0.002635
03:11:50 AM - INFO - Step  790: train/value_loss = 0.630402
03:11:50 AM - INFO - Step  790: total_loss = 1.097780
03:11:51 AM - INFO - Episode 1781: Reward=  10.0, Length= 10, Loss=1.0978, Memory=89.05
03:11:51 AM - INFO - Progress: 89.0% | 0.37 it/s | ETA: 10:00
03:11:53 AM - INFO - Episode 1782: Reward=  22.0, Length= 22, Loss=1.0978, Memory=89.10
03:11:53 AM - INFO - Step  791: train/policy_loss = 0.460402
03:11:53 AM - INFO - Step  791: train/reward_loss = 0.002799
03:11:53 AM - INFO - Step  791: train/value_loss = 0.909016
03:11:53 AM - INFO - Step  791: total_loss = 1.372217
03:11:53 AM - INFO - Episode 1783: Reward=   9.0, Length=  9, Loss=1.3722, Memory=89.15
03:11:54 AM - INFO - Episode 1784: Reward=  14.0, Length= 14, Loss=1.3722, Memory=89.20
03:11:55 AM - INFO - Step  792: train/policy_loss = 0.437080
03:11:55 AM - INFO - Step  792: train/reward_loss = 0.002408
03:11:55 AM - INFO - Step  792: train/value_loss = 0.946385
03:11:55 AM - INFO - Step  792: total_loss = 1.385874
03:11:55 AM - INFO - Episode 1785: Reward=   9.0, Length=  9, Loss=1.3859, Memory=89.25
03:11:57 AM - INFO - Episode 1786: Reward=  22.0, Length= 22, Loss=1.3859, Memory=89.30
03:11:57 AM - INFO - Step  793: train/policy_loss = 0.461749
03:11:57 AM - INFO - Step  793: train/reward_loss = 0.002286
03:11:57 AM - INFO - Step  793: train/value_loss = 1.060287
03:11:57 AM - INFO - Step  793: total_loss = 1.524322
03:11:59 AM - INFO - Episode 1787: Reward=  24.0, Length= 24, Loss=1.5243, Memory=89.35
03:12:00 AM - INFO - Episode 1788: Reward=  10.0, Length= 10, Loss=1.5243, Memory=89.40
03:12:00 AM - INFO - Step  794: train/policy_loss = 0.465887
03:12:00 AM - INFO - Step  794: train/reward_loss = 0.002978
03:12:00 AM - INFO - Step  794: train/value_loss = 0.999244
03:12:00 AM - INFO - Step  794: total_loss = 1.468110
03:12:01 AM - INFO - Episode 1789: Reward=  10.0, Length= 10, Loss=1.4681, Memory=89.45
03:12:02 AM - INFO - Episode 1790: Reward=  26.0, Length= 26, Loss=1.4681, Memory=89.50
03:12:03 AM - INFO - Step  795: train/policy_loss = 0.403381
03:12:03 AM - INFO - Step  795: train/reward_loss = 0.003033
03:12:03 AM - INFO - Step  795: train/value_loss = 0.845522
03:12:03 AM - INFO - Step  795: total_loss = 1.251936
03:12:05 AM - INFO - Episode 1791: Reward=  30.0, Length= 30, Loss=1.2519, Memory=89.55
03:12:06 AM - INFO - Episode 1792: Reward=  15.0, Length= 15, Loss=1.2519, Memory=89.60
03:12:06 AM - INFO - Step  796: train/policy_loss = 0.447125
03:12:06 AM - INFO - Step  796: train/reward_loss = 0.002544
03:12:06 AM - INFO - Step  796: train/value_loss = 0.973109
03:12:06 AM - INFO - Step  796: total_loss = 1.422779
03:12:07 AM - INFO - Episode 1793: Reward=  13.0, Length= 13, Loss=1.4228, Memory=89.65
03:12:08 AM - INFO - Episode 1794: Reward=  14.0, Length= 14, Loss=1.4228, Memory=89.70
03:12:08 AM - INFO - Step  797: train/policy_loss = 0.432378
03:12:08 AM - INFO - Step  797: train/reward_loss = 0.002446
03:12:08 AM - INFO - Step  797: train/value_loss = 0.792215
03:12:08 AM - INFO - Step  797: total_loss = 1.227039
03:12:09 AM - INFO - Episode 1795: Reward=  12.0, Length= 12, Loss=1.2270, Memory=89.75
03:12:11 AM - INFO - Episode 1796: Reward=  37.0, Length= 37, Loss=1.2270, Memory=89.80
03:12:12 AM - INFO - Step  798: train/policy_loss = 0.438692
03:12:12 AM - INFO - Step  798: train/reward_loss = 0.002611
03:12:12 AM - INFO - Step  798: train/value_loss = 1.063341
03:12:12 AM - INFO - Step  798: total_loss = 1.504644
03:12:14 AM - INFO - Episode 1797: Reward=  32.0, Length= 32, Loss=1.5046, Memory=89.85
03:12:15 AM - INFO - Episode 1798: Reward=  18.0, Length= 18, Loss=1.5046, Memory=89.90
03:12:16 AM - INFO - Step  799: train/policy_loss = 0.429972
03:12:16 AM - INFO - Step  799: train/reward_loss = 0.002032
03:12:16 AM - INFO - Step  799: train/value_loss = 0.850093
03:12:16 AM - INFO - Step  799: total_loss = 1.282097
03:12:17 AM - INFO - Episode 1799: Reward=  26.0, Length= 26, Loss=1.2821, Memory=89.95
03:12:18 AM - INFO - Episode 1800: Reward=  11.0, Length= 11, Loss=1.2821, Memory=90.00
03:12:18 AM - INFO - Step  800: train/policy_loss = 0.409972
03:12:18 AM - INFO - Step  800: train/reward_loss = 0.001982
03:12:18 AM - INFO - Step  800: train/value_loss = 0.827145
03:12:18 AM - INFO - Step  800: total_loss = 1.239100
03:12:18 AM - INFO - Checkpoint saved to checkpoints/CartPole-v1/20250726_223945/episode_01800.pkl
03:12:21 AM - INFO - Episode 1801: Reward=  43.0, Length= 43, Loss=1.2391, Memory=90.05
03:12:21 AM - INFO - Progress: 90.0% | 0.65 it/s | ETA: 05:09
03:12:23 AM - INFO - Episode 1802: Reward=  27.0, Length= 27, Loss=1.2391, Memory=90.10
03:12:23 AM - INFO - Step  801: train/policy_loss = 0.483419
03:12:23 AM - INFO - Step  801: train/reward_loss = 0.002276
03:12:23 AM - INFO - Step  801: train/value_loss = 0.581529
03:12:23 AM - INFO - Step  801: total_loss = 1.067223
03:12:25 AM - INFO - Episode 1803: Reward=  18.0, Length= 18, Loss=1.0672, Memory=90.15
03:12:25 AM - INFO - Episode 1804: Reward=  11.0, Length= 11, Loss=1.0672, Memory=90.20
03:12:26 AM - INFO - Step  802: train/policy_loss = 0.416641
03:12:26 AM - INFO - Step  802: train/reward_loss = 0.002972
03:12:26 AM - INFO - Step  802: train/value_loss = 0.944456
03:12:26 AM - INFO - Step  802: total_loss = 1.364069
03:12:26 AM - INFO - Episode 1805: Reward=  10.0, Length= 10, Loss=1.3641, Memory=90.25
03:12:27 AM - INFO - Episode 1806: Reward=  12.0, Length= 12, Loss=1.3641, Memory=90.30
03:12:28 AM - INFO - Step  803: train/policy_loss = 0.435925
03:12:28 AM - INFO - Step  803: train/reward_loss = 0.002927
03:12:28 AM - INFO - Step  803: train/value_loss = 0.846867
03:12:28 AM - INFO - Step  803: total_loss = 1.285718
03:12:29 AM - INFO - Episode 1807: Reward=  21.0, Length= 21, Loss=1.2857, Memory=90.35
03:12:30 AM - INFO - Episode 1808: Reward=  10.0, Length= 10, Loss=1.2857, Memory=90.40
03:12:30 AM - INFO - Step  804: train/policy_loss = 0.418149
03:12:30 AM - INFO - Step  804: train/reward_loss = 0.003405
03:12:30 AM - INFO - Step  804: train/value_loss = 0.527823
03:12:30 AM - INFO - Step  804: total_loss = 0.949377
03:12:31 AM - INFO - Episode 1809: Reward=  16.0, Length= 16, Loss=0.9494, Memory=90.45
03:12:33 AM - INFO - Episode 1810: Reward=  34.0, Length= 34, Loss=0.9494, Memory=90.50
03:12:34 AM - INFO - Step  805: train/policy_loss = 0.420477
03:12:34 AM - INFO - Step  805: train/reward_loss = 0.004611
03:12:34 AM - INFO - Step  805: train/value_loss = 0.906999
03:12:34 AM - INFO - Step  805: total_loss = 1.332087
03:12:35 AM - INFO - Episode 1811: Reward=  17.0, Length= 17, Loss=1.3321, Memory=90.55
03:12:37 AM - INFO - Episode 1812: Reward=  32.0, Length= 32, Loss=1.3321, Memory=90.60
03:12:37 AM - INFO - Step  806: train/policy_loss = 0.482098
03:12:37 AM - INFO - Step  806: train/reward_loss = 0.005044
03:12:37 AM - INFO - Step  806: train/value_loss = 0.931652
03:12:37 AM - INFO - Step  806: total_loss = 1.418794
03:12:38 AM - INFO - Episode 1813: Reward=  12.0, Length= 12, Loss=1.4188, Memory=90.65
03:12:39 AM - INFO - Episode 1814: Reward=  10.0, Length= 10, Loss=1.4188, Memory=90.70
03:12:39 AM - INFO - Step  807: train/policy_loss = 0.434227
03:12:39 AM - INFO - Step  807: train/reward_loss = 0.003383
03:12:39 AM - INFO - Step  807: train/value_loss = 0.786454
03:12:39 AM - INFO - Step  807: total_loss = 1.224065
03:12:40 AM - INFO - Episode 1815: Reward=  10.0, Length= 10, Loss=1.2241, Memory=90.75
03:12:42 AM - INFO - Episode 1816: Reward=  24.0, Length= 24, Loss=1.2241, Memory=90.80
03:12:42 AM - INFO - Step  808: train/policy_loss = 0.449586
03:12:42 AM - INFO - Step  808: train/reward_loss = 0.002872
03:12:42 AM - INFO - Step  808: train/value_loss = 1.264938
03:12:42 AM - INFO - Step  808: total_loss = 1.717396
03:12:43 AM - INFO - Episode 1817: Reward=  14.0, Length= 14, Loss=1.7174, Memory=90.85
03:12:44 AM - INFO - Episode 1818: Reward=  22.0, Length= 22, Loss=1.7174, Memory=90.90
03:12:45 AM - INFO - Step  809: train/policy_loss = 0.418331
03:12:45 AM - INFO - Step  809: train/reward_loss = 0.002155
03:12:45 AM - INFO - Step  809: train/value_loss = 0.650532
03:12:45 AM - INFO - Step  809: total_loss = 1.071018
03:12:46 AM - INFO - Episode 1819: Reward=  12.0, Length= 12, Loss=1.0710, Memory=90.95
03:12:46 AM - INFO - Episode 1820: Reward=  11.0, Length= 11, Loss=1.0710, Memory=91.00
03:12:47 AM - INFO - Step  810: train/policy_loss = 0.446514
03:12:47 AM - INFO - Step  810: train/reward_loss = 0.001895
03:12:47 AM - INFO - Step  810: train/value_loss = 0.779842
03:12:47 AM - INFO - Step  810: total_loss = 1.228251
03:12:48 AM - INFO - Episode 1821: Reward=  18.0, Length= 18, Loss=1.2283, Memory=91.05
03:12:48 AM - INFO - Progress: 91.0% | 0.82 it/s | ETA: 03:39
03:12:49 AM - INFO - Episode 1822: Reward=  10.0, Length= 10, Loss=1.2283, Memory=91.10
03:12:49 AM - INFO - Step  811: train/policy_loss = 0.428031
03:12:49 AM - INFO - Step  811: train/reward_loss = 0.003291
03:12:49 AM - INFO - Step  811: train/value_loss = 0.538958
03:12:49 AM - INFO - Step  811: total_loss = 0.970280
03:12:51 AM - INFO - Episode 1823: Reward=  23.0, Length= 23, Loss=0.9703, Memory=91.15
03:12:51 AM - INFO - Episode 1824: Reward=  10.0, Length= 10, Loss=0.9703, Memory=91.20
03:12:52 AM - INFO - Step  812: train/policy_loss = 0.477761
03:12:52 AM - INFO - Step  812: train/reward_loss = 0.003941
03:12:52 AM - INFO - Step  812: train/value_loss = 0.973123
03:12:52 AM - INFO - Step  812: total_loss = 1.454826
03:12:54 AM - INFO - Episode 1825: Reward=  32.0, Length= 32, Loss=1.4548, Memory=91.25
03:12:55 AM - INFO - Episode 1826: Reward=  16.0, Length= 16, Loss=1.4548, Memory=91.30
03:12:55 AM - INFO - Step  813: train/policy_loss = 0.485747
03:12:55 AM - INFO - Step  813: train/reward_loss = 0.003859
03:12:55 AM - INFO - Step  813: train/value_loss = 1.317676
03:12:55 AM - INFO - Step  813: total_loss = 1.807283
03:12:56 AM - INFO - Episode 1827: Reward=  18.0, Length= 18, Loss=1.8073, Memory=91.35
03:12:58 AM - INFO - Episode 1828: Reward=  18.0, Length= 18, Loss=1.8073, Memory=91.40
03:12:58 AM - INFO - Step  814: train/policy_loss = 0.414453
03:12:58 AM - INFO - Step  814: train/reward_loss = 0.003396
03:12:58 AM - INFO - Step  814: train/value_loss = 0.821001
03:12:58 AM - INFO - Step  814: total_loss = 1.238851
03:12:59 AM - INFO - Episode 1829: Reward=  10.0, Length= 10, Loss=1.2389, Memory=91.45
03:13:00 AM - INFO - Episode 1830: Reward=  24.0, Length= 24, Loss=1.2389, Memory=91.50
03:13:01 AM - INFO - Step  815: train/policy_loss = 0.463127
03:13:01 AM - INFO - Step  815: train/reward_loss = 0.003294
03:13:01 AM - INFO - Step  815: train/value_loss = 0.783730
03:13:01 AM - INFO - Step  815: total_loss = 1.250150
03:13:02 AM - INFO - Episode 1831: Reward=  17.0, Length= 17, Loss=1.2501, Memory=91.55
03:13:03 AM - INFO - Episode 1832: Reward=  10.0, Length= 10, Loss=1.2501, Memory=91.60
03:13:03 AM - INFO - Step  816: train/policy_loss = 0.459374
03:13:03 AM - INFO - Step  816: train/reward_loss = 0.003031
03:13:03 AM - INFO - Step  816: train/value_loss = 0.806099
03:13:03 AM - INFO - Step  816: total_loss = 1.268504
03:13:04 AM - INFO - Episode 1833: Reward=  10.0, Length= 10, Loss=1.2685, Memory=91.65
03:13:05 AM - INFO - Episode 1834: Reward=  20.0, Length= 20, Loss=1.2685, Memory=91.70
03:13:05 AM - INFO - Step  817: train/policy_loss = 0.447316
03:13:05 AM - INFO - Step  817: train/reward_loss = 0.002744
03:13:05 AM - INFO - Step  817: train/value_loss = 0.930220
03:13:05 AM - INFO - Step  817: total_loss = 1.380280
03:13:06 AM - INFO - Episode 1835: Reward=  16.0, Length= 16, Loss=1.3803, Memory=91.75
03:13:07 AM - INFO - Episode 1836: Reward=  11.0, Length= 11, Loss=1.3803, Memory=91.80
03:13:07 AM - INFO - Step  818: train/policy_loss = 0.518810
03:13:07 AM - INFO - Step  818: train/reward_loss = 0.003022
03:13:07 AM - INFO - Step  818: train/value_loss = 1.284910
03:13:07 AM - INFO - Step  818: total_loss = 1.806741
03:13:08 AM - INFO - Episode 1837: Reward=  10.0, Length= 10, Loss=1.8067, Memory=91.85
03:13:09 AM - INFO - Episode 1838: Reward=  10.0, Length= 10, Loss=1.8067, Memory=91.90
03:13:09 AM - INFO - Step  819: train/policy_loss = 0.483131
03:13:09 AM - INFO - Step  819: train/reward_loss = 0.002865
03:13:09 AM - INFO - Step  819: train/value_loss = 0.841020
03:13:09 AM - INFO - Step  819: total_loss = 1.327016
03:13:10 AM - INFO - Episode 1839: Reward=  10.0, Length= 10, Loss=1.3270, Memory=91.95
03:13:11 AM - INFO - Episode 1840: Reward=  24.0, Length= 24, Loss=1.3270, Memory=92.00
03:13:12 AM - INFO - Step  820: train/policy_loss = 0.451381
03:13:12 AM - INFO - Step  820: train/reward_loss = 0.003485
03:13:12 AM - INFO - Step  820: train/value_loss = 0.968751
03:13:12 AM - INFO - Step  820: total_loss = 1.423617
03:13:13 AM - INFO - Episode 1841: Reward=  10.0, Length= 10, Loss=1.4236, Memory=92.05
03:13:13 AM - INFO - Progress: 92.0% | 0.81 it/s | ETA: 03:17
03:13:13 AM - INFO - Episode 1842: Reward=  10.0, Length= 10, Loss=1.4236, Memory=92.10
03:13:14 AM - INFO - Step  821: train/policy_loss = 0.497538
03:13:14 AM - INFO - Step  821: train/reward_loss = 0.002497
03:13:14 AM - INFO - Step  821: train/value_loss = 0.972614
03:13:14 AM - INFO - Step  821: total_loss = 1.472648
03:13:15 AM - INFO - Episode 1843: Reward=  14.0, Length= 14, Loss=1.4726, Memory=92.15
03:13:15 AM - INFO - Episode 1844: Reward=  10.0, Length= 10, Loss=1.4726, Memory=92.20
03:13:15 AM - INFO - Step  822: train/policy_loss = 0.449970
03:13:15 AM - INFO - Step  822: train/reward_loss = 0.002448
03:13:15 AM - INFO - Step  822: train/value_loss = 0.524904
03:13:15 AM - INFO - Step  822: total_loss = 0.977322
03:13:17 AM - INFO - Episode 1845: Reward=  18.0, Length= 18, Loss=0.9773, Memory=92.25
03:13:18 AM - INFO - Episode 1846: Reward=  11.0, Length= 11, Loss=0.9773, Memory=92.30
03:13:18 AM - INFO - Step  823: train/policy_loss = 0.437817
03:13:18 AM - INFO - Step  823: train/reward_loss = 0.003521
03:13:18 AM - INFO - Step  823: train/value_loss = 0.691712
03:13:18 AM - INFO - Step  823: total_loss = 1.133050
03:13:19 AM - INFO - Episode 1847: Reward=  23.0, Length= 23, Loss=1.1331, Memory=92.35
03:13:20 AM - INFO - Episode 1848: Reward=  10.0, Length= 10, Loss=1.1331, Memory=92.40
03:13:20 AM - INFO - Step  824: train/policy_loss = 0.448010
03:13:20 AM - INFO - Step  824: train/reward_loss = 0.002735
03:13:20 AM - INFO - Step  824: train/value_loss = 1.136657
03:13:20 AM - INFO - Step  824: total_loss = 1.587402
03:13:22 AM - INFO - Episode 1849: Reward=  18.0, Length= 18, Loss=1.5874, Memory=92.45
03:13:23 AM - INFO - Episode 1850: Reward=  18.0, Length= 18, Loss=1.5874, Memory=92.50
03:13:23 AM - INFO - Step  825: train/policy_loss = 0.416034
03:13:23 AM - INFO - Step  825: train/reward_loss = 0.003492
03:13:23 AM - INFO - Step  825: train/value_loss = 0.935843
03:13:23 AM - INFO - Step  825: total_loss = 1.355369
03:13:23 AM - INFO - Checkpoint saved to checkpoints/CartPole-v1/20250726_223945/episode_01850.pkl
03:13:25 AM - INFO - Episode 1851: Reward=  20.0, Length= 20, Loss=1.3554, Memory=92.55
03:13:26 AM - INFO - Episode 1852: Reward=  14.0, Length= 14, Loss=1.3554, Memory=92.60
03:13:26 AM - INFO - Step  826: train/policy_loss = 0.428255
03:13:26 AM - INFO - Step  826: train/reward_loss = 0.005609
03:13:26 AM - INFO - Step  826: train/value_loss = 1.268841
03:13:26 AM - INFO - Step  826: total_loss = 1.702706
03:13:28 AM - INFO - Episode 1853: Reward=  24.0, Length= 24, Loss=1.7027, Memory=92.65
03:13:28 AM - INFO - Episode 1854: Reward=  14.0, Length= 14, Loss=1.7027, Memory=92.70
03:13:29 AM - INFO - Step  827: train/policy_loss = 0.427240
03:13:29 AM - INFO - Step  827: train/reward_loss = 0.003026
03:13:29 AM - INFO - Step  827: train/value_loss = 0.677934
03:13:29 AM - INFO - Step  827: total_loss = 1.108200
03:13:30 AM - INFO - Episode 1855: Reward=  25.0, Length= 25, Loss=1.1082, Memory=92.75
03:13:32 AM - INFO - Episode 1856: Reward=  20.0, Length= 20, Loss=1.1082, Memory=92.80
03:13:32 AM - INFO - Step  828: train/policy_loss = 0.439262
03:13:32 AM - INFO - Step  828: train/reward_loss = 0.002168
03:13:32 AM - INFO - Step  828: train/value_loss = 0.836795
03:13:32 AM - INFO - Step  828: total_loss = 1.278225
03:13:34 AM - INFO - Episode 1857: Reward=  22.0, Length= 22, Loss=1.2782, Memory=92.85
03:13:35 AM - INFO - Episode 1858: Reward=  24.0, Length= 24, Loss=1.2782, Memory=92.90
03:13:36 AM - INFO - Step  829: train/policy_loss = 0.412999
03:13:36 AM - INFO - Step  829: train/reward_loss = 0.003722
03:13:36 AM - INFO - Step  829: train/value_loss = 1.078207
03:13:36 AM - INFO - Step  829: total_loss = 1.494928
03:13:37 AM - INFO - Episode 1859: Reward=  18.0, Length= 18, Loss=1.4949, Memory=92.95
03:13:38 AM - INFO - Episode 1860: Reward=  18.0, Length= 18, Loss=1.4949, Memory=93.00
03:13:38 AM - INFO - Step  830: train/policy_loss = 0.387923
03:13:38 AM - INFO - Step  830: train/reward_loss = 0.002659
03:13:38 AM - INFO - Step  830: train/value_loss = 1.381985
03:13:38 AM - INFO - Step  830: total_loss = 1.772567
03:13:40 AM - INFO - Episode 1861: Reward=  22.0, Length= 22, Loss=1.7726, Memory=93.05
03:13:40 AM - INFO - Progress: 93.0% | 0.66 it/s | ETA: 03:33
03:13:42 AM - INFO - Episode 1862: Reward=  28.0, Length= 28, Loss=1.7726, Memory=93.10
03:13:42 AM - INFO - Step  831: train/policy_loss = 0.411367
03:13:42 AM - INFO - Step  831: train/reward_loss = 0.002714
03:13:42 AM - INFO - Step  831: train/value_loss = 1.077915
03:13:42 AM - INFO - Step  831: total_loss = 1.491996
03:13:47 AM - INFO - Episode 1863: Reward=  67.0, Length= 67, Loss=1.4920, Memory=93.15
03:13:48 AM - INFO - Episode 1864: Reward=  18.0, Length= 18, Loss=1.4920, Memory=93.20
03:13:48 AM - INFO - Step  832: train/policy_loss = 0.424804
03:13:48 AM - INFO - Step  832: train/reward_loss = 0.002692
03:13:48 AM - INFO - Step  832: train/value_loss = 1.244487
03:13:48 AM - INFO - Step  832: total_loss = 1.671984
03:13:49 AM - INFO - Episode 1865: Reward=  20.0, Length= 20, Loss=1.6720, Memory=93.25
03:13:50 AM - INFO - Episode 1866: Reward=  10.0, Length= 10, Loss=1.6720, Memory=93.30
03:13:50 AM - INFO - Step  833: train/policy_loss = 0.391946
03:13:50 AM - INFO - Step  833: train/reward_loss = 0.003533
03:13:50 AM - INFO - Step  833: train/value_loss = 0.881601
03:13:50 AM - INFO - Step  833: total_loss = 1.277079
03:13:51 AM - INFO - Episode 1867: Reward=  13.0, Length= 13, Loss=1.2771, Memory=93.35
03:13:53 AM - INFO - Episode 1868: Reward=  30.0, Length= 30, Loss=1.2771, Memory=93.40
03:13:54 AM - INFO - Step  834: train/policy_loss = 0.411195
03:13:54 AM - INFO - Step  834: train/reward_loss = 0.007292
03:13:54 AM - INFO - Step  834: train/value_loss = 1.401984
03:13:54 AM - INFO - Step  834: total_loss = 1.820471
03:13:55 AM - INFO - Episode 1869: Reward=  16.0, Length= 16, Loss=1.8205, Memory=93.45
03:13:57 AM - INFO - Episode 1870: Reward=  28.0, Length= 28, Loss=1.8205, Memory=93.50
03:13:57 AM - INFO - Step  835: train/policy_loss = 0.448847
03:13:57 AM - INFO - Step  835: train/reward_loss = 0.005111
03:13:57 AM - INFO - Step  835: train/value_loss = 0.745063
03:13:57 AM - INFO - Step  835: total_loss = 1.199021
03:13:58 AM - INFO - Episode 1871: Reward=  14.0, Length= 14, Loss=1.1990, Memory=93.55
03:13:59 AM - INFO - Episode 1872: Reward=  20.0, Length= 20, Loss=1.1990, Memory=93.60
03:14:00 AM - INFO - Step  836: train/policy_loss = 0.449011
03:14:00 AM - INFO - Step  836: train/reward_loss = 0.002757
03:14:00 AM - INFO - Step  836: train/value_loss = 0.963879
03:14:00 AM - INFO - Step  836: total_loss = 1.415647
03:14:02 AM - INFO - Episode 1873: Reward=  30.0, Length= 30, Loss=1.4156, Memory=93.65
03:14:03 AM - INFO - Episode 1874: Reward=  12.0, Length= 12, Loss=1.4156, Memory=93.70
03:14:03 AM - INFO - Step  837: train/policy_loss = 0.441293
03:14:03 AM - INFO - Step  837: train/reward_loss = 0.003227
03:14:03 AM - INFO - Step  837: train/value_loss = 1.459464
03:14:03 AM - INFO - Step  837: total_loss = 1.903984
03:14:05 AM - INFO - Episode 1875: Reward=  28.0, Length= 28, Loss=1.9040, Memory=93.75
03:14:06 AM - INFO - Episode 1876: Reward=  20.0, Length= 20, Loss=1.9040, Memory=93.80
03:14:06 AM - INFO - Step  838: train/policy_loss = 0.499346
03:14:06 AM - INFO - Step  838: train/reward_loss = 0.003416
03:14:06 AM - INFO - Step  838: train/value_loss = 1.045528
03:14:06 AM - INFO - Step  838: total_loss = 1.548290
03:14:07 AM - INFO - Episode 1877: Reward=  12.0, Length= 12, Loss=1.5483, Memory=93.85
03:14:09 AM - INFO - Episode 1878: Reward=  30.0, Length= 30, Loss=1.5483, Memory=93.90
03:14:10 AM - INFO - Step  839: train/policy_loss = 0.448538
03:14:10 AM - INFO - Step  839: train/reward_loss = 0.002663
03:14:10 AM - INFO - Step  839: train/value_loss = 0.933790
03:14:10 AM - INFO - Step  839: total_loss = 1.384991
03:14:11 AM - INFO - Episode 1879: Reward=  17.0, Length= 17, Loss=1.3850, Memory=93.95
03:14:12 AM - INFO - Episode 1880: Reward=  12.0, Length= 12, Loss=1.3850, Memory=94.00
03:14:12 AM - INFO - Step  840: train/policy_loss = 0.434343
03:14:12 AM - INFO - Step  840: train/reward_loss = 0.002977
03:14:12 AM - INFO - Step  840: train/value_loss = 0.992313
03:14:12 AM - INFO - Step  840: total_loss = 1.429632
03:14:13 AM - INFO - Episode 1881: Reward=  10.0, Length= 10, Loss=1.4296, Memory=94.05
03:14:13 AM - INFO - Progress: 94.0% | 0.71 it/s | ETA: 02:50
03:14:14 AM - INFO - Episode 1882: Reward=  27.0, Length= 27, Loss=1.4296, Memory=94.10
03:14:15 AM - INFO - Step  841: train/policy_loss = 0.479857
03:14:15 AM - INFO - Step  841: train/reward_loss = 0.003078
03:14:15 AM - INFO - Step  841: train/value_loss = 0.941138
03:14:15 AM - INFO - Step  841: total_loss = 1.424073
03:14:17 AM - INFO - Episode 1883: Reward=  33.0, Length= 33, Loss=1.4241, Memory=94.15
03:14:18 AM - INFO - Episode 1884: Reward=  14.0, Length= 14, Loss=1.4241, Memory=94.20
03:14:18 AM - INFO - Step  842: train/policy_loss = 0.459900
03:14:18 AM - INFO - Step  842: train/reward_loss = 0.003851
03:14:18 AM - INFO - Step  842: train/value_loss = 1.026205
03:14:18 AM - INFO - Step  842: total_loss = 1.489957
03:14:21 AM - INFO - Episode 1885: Reward=  46.0, Length= 46, Loss=1.4900, Memory=94.25
03:14:22 AM - INFO - Episode 1886: Reward=  14.0, Length= 14, Loss=1.4900, Memory=94.30
03:14:23 AM - INFO - Step  843: train/policy_loss = 0.405253
03:14:23 AM - INFO - Step  843: train/reward_loss = 0.004499
03:14:23 AM - INFO - Step  843: train/value_loss = 1.287311
03:14:23 AM - INFO - Step  843: total_loss = 1.697064
03:14:24 AM - INFO - Episode 1887: Reward=  16.0, Length= 16, Loss=1.6971, Memory=94.35
03:14:25 AM - INFO - Episode 1888: Reward=  14.0, Length= 14, Loss=1.6971, Memory=94.40
03:14:25 AM - INFO - Step  844: train/policy_loss = 0.462751
03:14:25 AM - INFO - Step  844: train/reward_loss = 0.006554
03:14:25 AM - INFO - Step  844: train/value_loss = 1.128055
03:14:25 AM - INFO - Step  844: total_loss = 1.597360
03:14:26 AM - INFO - Episode 1889: Reward=  20.0, Length= 20, Loss=1.5974, Memory=94.45
03:14:27 AM - INFO - Episode 1890: Reward=  12.0, Length= 12, Loss=1.5974, Memory=94.50
03:14:27 AM - INFO - Step  845: train/policy_loss = 0.462575
03:14:27 AM - INFO - Step  845: train/reward_loss = 0.002932
03:14:27 AM - INFO - Step  845: train/value_loss = 0.732388
03:14:27 AM - INFO - Step  845: total_loss = 1.197896
03:14:29 AM - INFO - Episode 1891: Reward=  27.0, Length= 27, Loss=1.1979, Memory=94.55
03:14:32 AM - INFO - Episode 1892: Reward=  37.0, Length= 37, Loss=1.1979, Memory=94.60
03:14:32 AM - INFO - Step  846: train/policy_loss = 0.484803
03:14:32 AM - INFO - Step  846: train/reward_loss = 0.003708
03:14:32 AM - INFO - Step  846: train/value_loss = 1.193347
03:14:32 AM - INFO - Step  846: total_loss = 1.681858
03:14:33 AM - INFO - Episode 1893: Reward=  12.0, Length= 12, Loss=1.6819, Memory=94.65
03:14:34 AM - INFO - Episode 1894: Reward=  20.0, Length= 20, Loss=1.6819, Memory=94.70
03:14:35 AM - INFO - Step  847: train/policy_loss = 0.434557
03:14:35 AM - INFO - Step  847: train/reward_loss = 0.004262
03:14:35 AM - INFO - Step  847: train/value_loss = 1.416527
03:14:35 AM - INFO - Step  847: total_loss = 1.855346
03:14:37 AM - INFO - Episode 1895: Reward=  34.0, Length= 34, Loss=1.8553, Memory=94.75
03:14:38 AM - INFO - Episode 1896: Reward=  10.0, Length= 10, Loss=1.8553, Memory=94.80
03:14:38 AM - INFO - Step  848: train/policy_loss = 0.440150
03:14:38 AM - INFO - Step  848: train/reward_loss = 0.003757
03:14:38 AM - INFO - Step  848: train/value_loss = 1.086839
03:14:38 AM - INFO - Step  848: total_loss = 1.530746
03:14:39 AM - INFO - Episode 1897: Reward=  18.0, Length= 18, Loss=1.5307, Memory=94.85
03:14:40 AM - INFO - Episode 1898: Reward=  11.0, Length= 11, Loss=1.5307, Memory=94.90
03:14:40 AM - INFO - Step  849: train/policy_loss = 0.407194
03:14:40 AM - INFO - Step  849: train/reward_loss = 0.004851
03:14:40 AM - INFO - Step  849: train/value_loss = 1.288109
03:14:40 AM - INFO - Step  849: total_loss = 1.700153
03:14:42 AM - INFO - Episode 1899: Reward=  24.0, Length= 24, Loss=1.7002, Memory=94.95
03:14:42 AM - INFO - Episode 1900: Reward=  10.0, Length= 10, Loss=1.7002, Memory=95.00
03:14:43 AM - INFO - Step  850: train/policy_loss = 0.460247
03:14:43 AM - INFO - Step  850: train/reward_loss = 0.003863
03:14:43 AM - INFO - Step  850: train/value_loss = 1.306404
03:14:43 AM - INFO - Step  850: total_loss = 1.770514
03:14:43 AM - INFO - Checkpoint saved to checkpoints/CartPole-v1/20250726_223945/episode_01900.pkl
03:14:47 AM - INFO - Episode 1901: Reward=  64.0, Length= 64, Loss=1.7705, Memory=95.05
03:14:47 AM - INFO - Progress: 95.0% | 0.76 it/s | ETA: 02:12
03:14:49 AM - INFO - Episode 1902: Reward=  22.0, Length= 22, Loss=1.7705, Memory=95.10
03:14:49 AM - INFO - Step  851: train/policy_loss = 0.493769
03:14:49 AM - INFO - Step  851: train/reward_loss = 0.003830
03:14:49 AM - INFO - Step  851: train/value_loss = 0.754650
03:14:49 AM - INFO - Step  851: total_loss = 1.252249
03:14:51 AM - INFO - Episode 1903: Reward=  31.0, Length= 31, Loss=1.2522, Memory=95.15
03:14:53 AM - INFO - Episode 1904: Reward=  37.0, Length= 37, Loss=1.2522, Memory=95.20
03:14:54 AM - INFO - Step  852: train/policy_loss = 0.434350
03:14:54 AM - INFO - Step  852: train/reward_loss = 0.006106
03:14:54 AM - INFO - Step  852: train/value_loss = 0.819486
03:14:54 AM - INFO - Step  852: total_loss = 1.259942
03:14:55 AM - INFO - Episode 1905: Reward=  12.0, Length= 12, Loss=1.2599, Memory=95.25
03:14:58 AM - INFO - Episode 1906: Reward=  48.0, Length= 48, Loss=1.2599, Memory=95.30
03:14:58 AM - INFO - Step  853: train/policy_loss = 0.442986
03:14:58 AM - INFO - Step  853: train/reward_loss = 0.006982
03:14:58 AM - INFO - Step  853: train/value_loss = 1.396746
03:14:58 AM - INFO - Step  853: total_loss = 1.846714
03:15:00 AM - INFO - Episode 1907: Reward=  28.0, Length= 28, Loss=1.8467, Memory=95.35
03:15:02 AM - INFO - Episode 1908: Reward=  33.0, Length= 33, Loss=1.8467, Memory=95.40
03:15:02 AM - INFO - Step  854: train/policy_loss = 0.411780
03:15:02 AM - INFO - Step  854: train/reward_loss = 0.004017
03:15:02 AM - INFO - Step  854: train/value_loss = 0.659596
03:15:02 AM - INFO - Step  854: total_loss = 1.075393
03:15:05 AM - INFO - Episode 1909: Reward=  33.0, Length= 33, Loss=1.0754, Memory=95.45
03:15:07 AM - INFO - Episode 1910: Reward=  37.0, Length= 37, Loss=1.0754, Memory=95.50
03:15:07 AM - INFO - Step  855: train/policy_loss = 0.439890
03:15:07 AM - INFO - Step  855: train/reward_loss = 0.003778
03:15:07 AM - INFO - Step  855: train/value_loss = 0.899527
03:15:07 AM - INFO - Step  855: total_loss = 1.343195
03:15:09 AM - INFO - Episode 1911: Reward=  27.0, Length= 27, Loss=1.3432, Memory=95.55
03:15:15 AM - INFO - Episode 1912: Reward=  84.0, Length= 84, Loss=1.3432, Memory=95.60
03:15:15 AM - INFO - Step  856: train/policy_loss = 0.462430
03:15:15 AM - INFO - Step  856: train/reward_loss = 0.003739
03:15:15 AM - INFO - Step  856: train/value_loss = 0.889357
03:15:15 AM - INFO - Step  856: total_loss = 1.355526
03:15:17 AM - INFO - Episode 1913: Reward=  25.0, Length= 25, Loss=1.3555, Memory=95.65
03:15:18 AM - INFO - Episode 1914: Reward=  24.0, Length= 24, Loss=1.3555, Memory=95.70
03:15:19 AM - INFO - Step  857: train/policy_loss = 0.459235
03:15:19 AM - INFO - Step  857: train/reward_loss = 0.003402
03:15:19 AM - INFO - Step  857: train/value_loss = 0.586413
03:15:19 AM - INFO - Step  857: total_loss = 1.049050
03:15:22 AM - INFO - Episode 1915: Reward=  45.0, Length= 45, Loss=1.0491, Memory=95.75
03:15:25 AM - INFO - Episode 1916: Reward=  59.0, Length= 59, Loss=1.0491, Memory=95.80
03:15:26 AM - INFO - Step  858: train/policy_loss = 0.513537
03:15:26 AM - INFO - Step  858: train/reward_loss = 0.003516
03:15:26 AM - INFO - Step  858: train/value_loss = 1.009265
03:15:26 AM - INFO - Step  858: total_loss = 1.526317
03:15:28 AM - INFO - Episode 1917: Reward=  27.0, Length= 27, Loss=1.5263, Memory=95.85
03:15:29 AM - INFO - Episode 1918: Reward=  27.0, Length= 27, Loss=1.5263, Memory=95.90
03:15:30 AM - INFO - Step  859: train/policy_loss = 0.405806
03:15:30 AM - INFO - Step  859: train/reward_loss = 0.003922
03:15:30 AM - INFO - Step  859: train/value_loss = 0.978311
03:15:30 AM - INFO - Step  859: total_loss = 1.388039
03:15:39 AM - INFO - Episode 1919: Reward= 144.0, Length=144, Loss=1.3880, Memory=95.95
03:15:41 AM - INFO - Episode 1920: Reward=  27.0, Length= 27, Loss=1.3880, Memory=96.00
03:15:41 AM - INFO - Step  860: train/policy_loss = 0.453549
03:15:41 AM - INFO - Step  860: train/reward_loss = 0.004753
03:15:41 AM - INFO - Step  860: train/value_loss = 0.867808
03:15:41 AM - INFO - Step  860: total_loss = 1.326110
03:15:43 AM - INFO - Episode 1921: Reward=  33.0, Length= 33, Loss=1.3261, Memory=96.05
03:15:43 AM - INFO - Progress: 96.0% | 0.26 it/s | ETA: 05:10
03:15:44 AM - INFO - Episode 1922: Reward=  14.0, Length= 14, Loss=1.3261, Memory=96.10
03:15:45 AM - INFO - Step  861: train/policy_loss = 0.374174
03:15:45 AM - INFO - Step  861: train/reward_loss = 0.005857
03:15:45 AM - INFO - Step  861: train/value_loss = 1.047594
03:15:45 AM - INFO - Step  861: total_loss = 1.427625
03:15:45 AM - INFO - Episode 1923: Reward=   9.0, Length=  9, Loss=1.4276, Memory=96.15
03:15:48 AM - INFO - Episode 1924: Reward=  34.0, Length= 34, Loss=1.4276, Memory=96.20
03:15:48 AM - INFO - Step  862: train/policy_loss = 0.461282
03:15:48 AM - INFO - Step  862: train/reward_loss = 0.003983
03:15:48 AM - INFO - Step  862: train/value_loss = 1.011958
03:15:48 AM - INFO - Step  862: total_loss = 1.477222
03:15:50 AM - INFO - Episode 1925: Reward=  24.0, Length= 24, Loss=1.4772, Memory=96.25
03:15:50 AM - INFO - Episode 1926: Reward=  11.0, Length= 11, Loss=1.4772, Memory=96.30
03:15:51 AM - INFO - Step  863: train/policy_loss = 0.447832
03:15:51 AM - INFO - Step  863: train/reward_loss = 0.002787
03:15:51 AM - INFO - Step  863: train/value_loss = 1.338728
03:15:51 AM - INFO - Step  863: total_loss = 1.789347
03:15:51 AM - INFO - Episode 1927: Reward=  11.0, Length= 11, Loss=1.7893, Memory=96.35
03:15:53 AM - INFO - Episode 1928: Reward=  26.0, Length= 26, Loss=1.7893, Memory=96.40
03:15:53 AM - INFO - Step  864: train/policy_loss = 0.473655
03:15:53 AM - INFO - Step  864: train/reward_loss = 0.003010
03:15:53 AM - INFO - Step  864: train/value_loss = 0.664630
03:15:53 AM - INFO - Step  864: total_loss = 1.141295
03:15:55 AM - INFO - Episode 1929: Reward=  24.0, Length= 24, Loss=1.1413, Memory=96.45
03:15:56 AM - INFO - Episode 1930: Reward=  10.0, Length= 10, Loss=1.1413, Memory=96.50
03:15:56 AM - INFO - Step  865: train/policy_loss = 0.443958
03:15:56 AM - INFO - Step  865: train/reward_loss = 0.003179
03:15:56 AM - INFO - Step  865: train/value_loss = 0.717671
03:15:56 AM - INFO - Step  865: total_loss = 1.164808
03:15:58 AM - INFO - Episode 1931: Reward=  21.0, Length= 21, Loss=1.1648, Memory=96.55
03:16:00 AM - INFO - Episode 1932: Reward=  30.0, Length= 30, Loss=1.1648, Memory=96.60
03:16:00 AM - INFO - Step  866: train/policy_loss = 0.441122
03:16:00 AM - INFO - Step  866: train/reward_loss = 0.004056
03:16:00 AM - INFO - Step  866: train/value_loss = 0.669657
03:16:00 AM - INFO - Step  866: total_loss = 1.114835
03:16:01 AM - INFO - Episode 1933: Reward=  12.0, Length= 12, Loss=1.1148, Memory=96.65
03:16:02 AM - INFO - Episode 1934: Reward=  10.0, Length= 10, Loss=1.1148, Memory=96.70
03:16:02 AM - INFO - Step  867: train/policy_loss = 0.460295
03:16:02 AM - INFO - Step  867: train/reward_loss = 0.003605
03:16:02 AM - INFO - Step  867: train/value_loss = 0.803231
03:16:02 AM - INFO - Step  867: total_loss = 1.267132
03:16:03 AM - INFO - Episode 1935: Reward=  10.0, Length= 10, Loss=1.2671, Memory=96.75
03:16:05 AM - INFO - Episode 1936: Reward=  38.0, Length= 38, Loss=1.2671, Memory=96.80
03:16:05 AM - INFO - Step  868: train/policy_loss = 0.437886
03:16:05 AM - INFO - Step  868: train/reward_loss = 0.004109
03:16:05 AM - INFO - Step  868: train/value_loss = 1.301454
03:16:05 AM - INFO - Step  868: total_loss = 1.743450
03:16:07 AM - INFO - Episode 1937: Reward=  19.0, Length= 19, Loss=1.7434, Memory=96.85
03:16:08 AM - INFO - Episode 1938: Reward=  26.0, Length= 26, Loss=1.7434, Memory=96.90
03:16:09 AM - INFO - Step  869: train/policy_loss = 0.443112
03:16:09 AM - INFO - Step  869: train/reward_loss = 0.003596
03:16:09 AM - INFO - Step  869: train/value_loss = 0.779159
03:16:09 AM - INFO - Step  869: total_loss = 1.225867
03:16:09 AM - INFO - Episode 1939: Reward=  10.0, Length= 10, Loss=1.2259, Memory=96.95
03:16:12 AM - INFO - Episode 1940: Reward=  46.0, Length= 46, Loss=1.2259, Memory=97.00
03:16:13 AM - INFO - Step  870: train/policy_loss = 0.459586
03:16:13 AM - INFO - Step  870: train/reward_loss = 0.003988
03:16:13 AM - INFO - Step  870: train/value_loss = 0.886057
03:16:13 AM - INFO - Step  870: total_loss = 1.349632
03:16:15 AM - INFO - Episode 1941: Reward=  28.0, Length= 28, Loss=1.3496, Memory=97.05
03:16:15 AM - INFO - Progress: 97.0% | 0.50 it/s | ETA: 01:59
03:16:15 AM - INFO - Episode 1942: Reward=  11.0, Length= 11, Loss=1.3496, Memory=97.10
03:16:16 AM - INFO - Step  871: train/policy_loss = 0.432478
03:16:16 AM - INFO - Step  871: train/reward_loss = 0.003496
03:16:16 AM - INFO - Step  871: train/value_loss = 0.636604
03:16:16 AM - INFO - Step  871: total_loss = 1.072578
03:16:18 AM - INFO - Episode 1943: Reward=  33.0, Length= 33, Loss=1.0726, Memory=97.15
03:16:20 AM - INFO - Episode 1944: Reward=  34.0, Length= 34, Loss=1.0726, Memory=97.20
03:16:21 AM - INFO - Step  872: train/policy_loss = 0.392872
03:16:21 AM - INFO - Step  872: train/reward_loss = 0.003629
03:16:21 AM - INFO - Step  872: train/value_loss = 1.135605
03:16:21 AM - INFO - Step  872: total_loss = 1.532106
03:16:22 AM - INFO - Episode 1945: Reward=  14.0, Length= 14, Loss=1.5321, Memory=97.25
03:16:22 AM - INFO - Episode 1946: Reward=  12.0, Length= 12, Loss=1.5321, Memory=97.30
03:16:23 AM - INFO - Step  873: train/policy_loss = 0.438900
03:16:23 AM - INFO - Step  873: train/reward_loss = 0.003256
03:16:23 AM - INFO - Step  873: train/value_loss = 0.782622
03:16:23 AM - INFO - Step  873: total_loss = 1.224779
03:16:24 AM - INFO - Episode 1947: Reward=  19.0, Length= 19, Loss=1.2248, Memory=97.35
03:16:25 AM - INFO - Episode 1948: Reward=  10.0, Length= 10, Loss=1.2248, Memory=97.40
03:16:25 AM - INFO - Step  874: train/policy_loss = 0.396458
03:16:25 AM - INFO - Step  874: train/reward_loss = 0.002902
03:16:25 AM - INFO - Step  874: train/value_loss = 0.842462
03:16:25 AM - INFO - Step  874: total_loss = 1.241821
03:16:27 AM - INFO - Episode 1949: Reward=  26.0, Length= 26, Loss=1.2418, Memory=97.45
03:16:28 AM - INFO - Episode 1950: Reward=  13.0, Length= 13, Loss=1.2418, Memory=97.50
03:16:28 AM - INFO - Step  875: train/policy_loss = 0.400713
03:16:28 AM - INFO - Step  875: train/reward_loss = 0.002419
03:16:28 AM - INFO - Step  875: train/value_loss = 1.019591
03:16:28 AM - INFO - Step  875: total_loss = 1.422723
03:16:28 AM - INFO - Checkpoint saved to checkpoints/CartPole-v1/20250726_223945/episode_01950.pkl
03:16:30 AM - INFO - Episode 1951: Reward=  30.0, Length= 30, Loss=1.4227, Memory=97.55
03:16:32 AM - INFO - Episode 1952: Reward=  26.0, Length= 26, Loss=1.4227, Memory=97.60
03:16:32 AM - INFO - Step  876: train/policy_loss = 0.461648
03:16:32 AM - INFO - Step  876: train/reward_loss = 0.002714
03:16:32 AM - INFO - Step  876: train/value_loss = 0.968265
03:16:32 AM - INFO - Step  876: total_loss = 1.432627
03:16:33 AM - INFO - Episode 1953: Reward=  10.0, Length= 10, Loss=1.4326, Memory=97.65
03:16:34 AM - INFO - Episode 1954: Reward=  12.0, Length= 12, Loss=1.4326, Memory=97.70
03:16:34 AM - INFO - Step  877: train/policy_loss = 0.477675
03:16:34 AM - INFO - Step  877: train/reward_loss = 0.002982
03:16:34 AM - INFO - Step  877: train/value_loss = 0.810143
03:16:34 AM - INFO - Step  877: total_loss = 1.290799
03:16:36 AM - INFO - Episode 1955: Reward=  36.0, Length= 36, Loss=1.2908, Memory=97.75
03:16:37 AM - INFO - Episode 1956: Reward=   9.0, Length=  9, Loss=1.2908, Memory=97.80
03:16:37 AM - INFO - Step  878: train/policy_loss = 0.442163
03:16:37 AM - INFO - Step  878: train/reward_loss = 0.001898
03:16:37 AM - INFO - Step  878: train/value_loss = 0.597012
03:16:37 AM - INFO - Step  878: total_loss = 1.041073
03:16:38 AM - INFO - Episode 1957: Reward=  16.0, Length= 16, Loss=1.0411, Memory=97.85
03:16:40 AM - INFO - Episode 1958: Reward=  20.0, Length= 20, Loss=1.0411, Memory=97.90
03:16:40 AM - INFO - Step  879: train/policy_loss = 0.432513
03:16:40 AM - INFO - Step  879: train/reward_loss = 0.001421
03:16:40 AM - INFO - Step  879: train/value_loss = 0.675352
03:16:40 AM - INFO - Step  879: total_loss = 1.109285
03:16:42 AM - INFO - Episode 1959: Reward=  22.0, Length= 22, Loss=1.1093, Memory=97.95
03:16:42 AM - INFO - Episode 1960: Reward=  10.0, Length= 10, Loss=1.1093, Memory=98.00
03:16:43 AM - INFO - Step  880: train/policy_loss = 0.419771
03:16:43 AM - INFO - Step  880: train/reward_loss = 0.001353
03:16:43 AM - INFO - Step  880: train/value_loss = 0.948444
03:16:43 AM - INFO - Step  880: total_loss = 1.369568
03:16:44 AM - INFO - Episode 1961: Reward=  28.0, Length= 28, Loss=1.3696, Memory=98.05
03:16:44 AM - INFO - Progress: 98.0% | 0.76 it/s | ETA: 00:52
03:16:47 AM - INFO - Episode 1962: Reward=  40.0, Length= 40, Loss=1.3696, Memory=98.10
03:16:47 AM - INFO - Step  881: train/policy_loss = 0.442823
03:16:47 AM - INFO - Step  881: train/reward_loss = 0.002292
03:16:47 AM - INFO - Step  881: train/value_loss = 1.117189
03:16:47 AM - INFO - Step  881: total_loss = 1.562305
03:16:53 AM - INFO - Episode 1963: Reward=  92.0, Length= 92, Loss=1.5623, Memory=98.15
03:16:55 AM - INFO - Episode 1964: Reward=  27.0, Length= 27, Loss=1.5623, Memory=98.20
03:16:56 AM - INFO - Step  882: train/policy_loss = 0.395686
03:16:56 AM - INFO - Step  882: train/reward_loss = 0.003042
03:16:56 AM - INFO - Step  882: train/value_loss = 1.080834
03:16:56 AM - INFO - Step  882: total_loss = 1.479562
03:17:28 AM - INFO - Episode 1965: Reward= 500.0, Length=500, Loss=1.4796, Memory=98.25
03:17:31 AM - INFO - Episode 1966: Reward=  41.0, Length= 41, Loss=1.4796, Memory=98.30
03:17:31 AM - INFO - Step  883: train/policy_loss = 0.470693
03:17:31 AM - INFO - Step  883: train/reward_loss = 0.003045
03:17:31 AM - INFO - Step  883: train/value_loss = 0.839211
03:17:31 AM - INFO - Step  883: total_loss = 1.312949
03:17:35 AM - INFO - Episode 1967: Reward=  67.0, Length= 67, Loss=1.3129, Memory=98.35
03:17:37 AM - INFO - Episode 1968: Reward=  21.0, Length= 21, Loss=1.3129, Memory=98.40
03:17:37 AM - INFO - Step  884: train/policy_loss = 0.431297
03:17:37 AM - INFO - Step  884: train/reward_loss = 0.003107
03:17:37 AM - INFO - Step  884: train/value_loss = 0.908110
03:17:37 AM - INFO - Step  884: total_loss = 1.342514
03:17:41 AM - INFO - Episode 1969: Reward=  65.0, Length= 65, Loss=1.3425, Memory=98.45
03:17:43 AM - INFO - Episode 1970: Reward=  28.0, Length= 28, Loss=1.3425, Memory=98.50
03:17:43 AM - INFO - Step  885: train/policy_loss = 0.431340
03:17:43 AM - INFO - Step  885: train/reward_loss = 0.003899
03:17:43 AM - INFO - Step  885: train/value_loss = 0.949549
03:17:43 AM - INFO - Step  885: total_loss = 1.384788
03:17:44 AM - INFO - Episode 1971: Reward=  13.0, Length= 13, Loss=1.3848, Memory=98.55
03:17:45 AM - INFO - Episode 1972: Reward=  13.0, Length= 13, Loss=1.3848, Memory=98.60
03:17:45 AM - INFO - Step  886: train/policy_loss = 0.421472
03:17:45 AM - INFO - Step  886: train/reward_loss = 0.003312
03:17:45 AM - INFO - Step  886: train/value_loss = 0.593233
03:17:45 AM - INFO - Step  886: total_loss = 1.018018
03:17:47 AM - INFO - Episode 1973: Reward=  22.0, Length= 22, Loss=1.0180, Memory=98.65
03:17:49 AM - INFO - Episode 1974: Reward=  30.0, Length= 30, Loss=1.0180, Memory=98.70
03:17:49 AM - INFO - Step  887: train/policy_loss = 0.437640
03:17:49 AM - INFO - Step  887: train/reward_loss = 0.003122
03:17:49 AM - INFO - Step  887: train/value_loss = 0.933101
03:17:49 AM - INFO - Step  887: total_loss = 1.373863
03:17:50 AM - INFO - Episode 1975: Reward=  14.0, Length= 14, Loss=1.3739, Memory=98.75
03:17:51 AM - INFO - Episode 1976: Reward=  12.0, Length= 12, Loss=1.3739, Memory=98.80
03:17:52 AM - INFO - Step  888: train/policy_loss = 0.437544
03:17:52 AM - INFO - Step  888: train/reward_loss = 0.002318
03:17:52 AM - INFO - Step  888: train/value_loss = 0.959555
03:17:52 AM - INFO - Step  888: total_loss = 1.399418
03:17:53 AM - INFO - Episode 1977: Reward=  16.0, Length= 16, Loss=1.3994, Memory=98.85
03:17:53 AM - INFO - Episode 1978: Reward=  12.0, Length= 12, Loss=1.3994, Memory=98.90
03:17:54 AM - INFO - Step  889: train/policy_loss = 0.435893
03:17:54 AM - INFO - Step  889: train/reward_loss = 0.002501
03:17:54 AM - INFO - Step  889: train/value_loss = 0.719035
03:17:54 AM - INFO - Step  889: total_loss = 1.157430
03:17:55 AM - INFO - Episode 1979: Reward=  16.0, Length= 16, Loss=1.1574, Memory=98.95
03:18:27 AM - INFO - Episode 1980: Reward= 500.0, Length=500, Loss=1.1574, Memory=99.00
03:18:27 AM - INFO - Step  890: train/policy_loss = 0.442595
03:18:27 AM - INFO - Step  890: train/reward_loss = 0.002297
03:18:27 AM - INFO - Step  890: train/value_loss = 0.887490
03:18:27 AM - INFO - Step  890: total_loss = 1.332382
03:18:40 AM - INFO - Episode 1981: Reward= 197.0, Length=197, Loss=1.3324, Memory=99.05
03:18:40 AM - INFO - Progress: 99.0% | 0.09 it/s | ETA: 03:33
03:18:44 AM - INFO - Episode 1982: Reward=  56.0, Length= 56, Loss=1.3324, Memory=99.10
03:18:44 AM - INFO - Step  891: train/policy_loss = 0.449356
03:18:44 AM - INFO - Step  891: train/reward_loss = 0.002953
03:18:44 AM - INFO - Step  891: train/value_loss = 1.133095
03:18:44 AM - INFO - Step  891: total_loss = 1.585404
03:19:00 AM - INFO - Episode 1983: Reward= 239.0, Length=239, Loss=1.5854, Memory=99.15
03:19:03 AM - INFO - Episode 1984: Reward=  58.0, Length= 58, Loss=1.5854, Memory=99.20
03:19:04 AM - INFO - Step  892: train/policy_loss = 0.440534
03:19:04 AM - INFO - Step  892: train/reward_loss = 0.002280
03:19:04 AM - INFO - Step  892: train/value_loss = 0.728244
03:19:04 AM - INFO - Step  892: total_loss = 1.171059
03:19:10 AM - INFO - Episode 1985: Reward= 101.0, Length=101, Loss=1.1711, Memory=99.25
03:19:42 AM - INFO - Episode 1986: Reward= 500.0, Length=500, Loss=1.1711, Memory=99.30
03:19:43 AM - INFO - Step  893: train/policy_loss = 0.409676
03:19:43 AM - INFO - Step  893: train/reward_loss = 0.002238
03:19:43 AM - INFO - Step  893: train/value_loss = 0.766441
03:19:43 AM - INFO - Step  893: total_loss = 1.178355
03:19:49 AM - INFO - Episode 1987: Reward=  96.0, Length= 96, Loss=1.1784, Memory=99.35
03:19:55 AM - INFO - Episode 1988: Reward=  90.0, Length= 90, Loss=1.1784, Memory=99.40
03:19:55 AM - INFO - Step  894: train/policy_loss = 0.404921
03:19:55 AM - INFO - Step  894: train/reward_loss = 0.001984
03:19:55 AM - INFO - Step  894: train/value_loss = 0.551419
03:19:55 AM - INFO - Step  894: total_loss = 0.958325
03:20:01 AM - INFO - Episode 1989: Reward=  82.0, Length= 82, Loss=0.9583, Memory=99.45
03:20:08 AM - INFO - Episode 1990: Reward= 119.0, Length=119, Loss=0.9583, Memory=99.50
03:20:09 AM - INFO - Step  895: train/policy_loss = 0.470005
03:20:09 AM - INFO - Step  895: train/reward_loss = 0.002030
03:20:09 AM - INFO - Step  895: train/value_loss = 0.680525
03:20:09 AM - INFO - Step  895: total_loss = 1.152560
03:20:28 AM - INFO - Episode 1991: Reward= 305.0, Length=305, Loss=1.1526, Memory=99.55
03:20:35 AM - INFO - Episode 1992: Reward=  96.0, Length= 96, Loss=1.1526, Memory=99.60
03:20:35 AM - INFO - Step  896: train/policy_loss = 0.402130
03:20:35 AM - INFO - Step  896: train/reward_loss = 0.003032
03:20:35 AM - INFO - Step  896: train/value_loss = 1.080532
03:20:35 AM - INFO - Step  896: total_loss = 1.485694
03:20:41 AM - INFO - Episode 1993: Reward= 101.0, Length=101, Loss=1.4857, Memory=99.65
03:20:56 AM - INFO - Episode 1994: Reward= 221.0, Length=221, Loss=1.4857, Memory=99.70
03:20:56 AM - INFO - Step  897: train/policy_loss = 0.468708
03:20:56 AM - INFO - Step  897: train/reward_loss = 0.002136
03:20:56 AM - INFO - Step  897: train/value_loss = 0.634611
03:20:56 AM - INFO - Step  897: total_loss = 1.105455
03:21:28 AM - INFO - Episode 1995: Reward= 500.0, Length=500, Loss=1.1055, Memory=99.75
03:21:35 AM - INFO - Episode 1996: Reward= 101.0, Length=101, Loss=1.1055, Memory=99.80
03:21:35 AM - INFO - Step  898: train/policy_loss = 0.398170
03:21:35 AM - INFO - Step  898: train/reward_loss = 0.002370
03:21:35 AM - INFO - Step  898: train/value_loss = 0.745127
03:21:35 AM - INFO - Step  898: total_loss = 1.145667
03:22:08 AM - INFO - Episode 1997: Reward= 500.0, Length=500, Loss=1.1457, Memory=99.85
03:22:14 AM - INFO - Episode 1998: Reward=  98.0, Length= 98, Loss=1.1457, Memory=99.90
03:22:14 AM - INFO - Step  899: train/policy_loss = 0.416166
03:22:14 AM - INFO - Step  899: train/reward_loss = 0.001852
03:22:14 AM - INFO - Step  899: train/value_loss = 1.155827
03:22:14 AM - INFO - Step  899: total_loss = 1.573844
03:22:14 AM - INFO - Updating target network at training step 900
03:22:14 AM - INFO - Target network update completed
03:22:22 AM - INFO - Episode 1999: Reward= 115.0, Length=115, Loss=1.5738, Memory=99.95
03:22:25 AM - INFO - Episode 2000: Reward=  48.0, Length= 48, Loss=1.5738, Memory=100.00
03:22:25 AM - INFO - Step  900: train/policy_loss = 0.439679
03:22:25 AM - INFO - Step  900: train/reward_loss = 0.002805
03:22:25 AM - INFO - Step  900: train/value_loss = 0.783471
03:22:25 AM - INFO - Step  900: total_loss = 1.225955
03:22:25 AM - INFO - Progress: 100.0% | 0.08 it/s | ETA: 00:13
03:22:25 AM - INFO - Checkpoint saved to checkpoints/CartPole-v1/20250726_223945/episode_02000.pkl
03:22:26 AM - INFO - Training completed in 4:42:41.036740.
03:22:26 AM - INFO - 
Starting inference.
03:22:26 AM - INFO - Loading agent from: checkpoints/CartPole-v1/20250726_223945/episode_02000.pkl
03:22:26 AM - INFO - Initializing CuMind agent.
03:22:26 AM - INFO - Using device: TFRT_CPU_0
03:22:26 AM - INFO - Creating CuMindNetwork with observation shape (4,) and action space size 2
03:22:26 AM - INFO - Initializing CuMindNetwork with representation_network=ResNet, dynamics_network=MLPWithEmbedding, prediction_network=MLPDual
03:22:26 AM - INFO - Setting up AdamW optimizer with learning rate 0.001 and weight decay 0.0001
03:22:26 AM - INFO - Initializing new optimizer state.
03:22:26 AM - INFO - Initializing target prediction network.
03:22:26 AM - INFO - Initializing MCTS.
03:22:26 AM - INFO - Agent initialization complete.
03:22:26 AM - INFO - Checkpoint loaded from checkpoints/CartPole-v1/20250726_223945/episode_02000.pkl
03:22:26 AM - INFO - Loading agent state from dictionary.
03:22:26 AM - INFO - Updating target prediction network after loading state.
03:22:26 AM - INFO - Agent state loaded successfully.
03:22:32 AM - INFO - Inference Episode 1: Total Reward = 84.0
03:23:07 AM - INFO - Inference Episode 2: Total Reward = 500.0
03:23:43 AM - INFO - Inference Episode 3: Total Reward = 500.0
03:24:18 AM - INFO - Inference Episode 4: Total Reward = 500.0
03:24:54 AM - INFO - Inference Episode 5: Total Reward = 500.0
03:25:29 AM - INFO - Inference Episode 6: Total Reward = 500.0
03:26:05 AM - INFO - Inference Episode 7: Total Reward = 500.0
03:26:40 AM - INFO - Inference Episode 8: Total Reward = 500.0
03:27:16 AM - INFO - Inference Episode 9: Total Reward = 500.0
03:27:51 AM - INFO - Inference Episode 10: Total Reward = 500.0
03:28:27 AM - INFO - Inference Episode 11: Total Reward = 500.0
03:29:02 AM - INFO - Inference Episode 12: Total Reward = 500.0
03:29:38 AM - INFO - Inference Episode 13: Total Reward = 500.0
03:30:14 AM - INFO - Inference Episode 14: Total Reward = 500.0
03:30:49 AM - INFO - Inference Episode 15: Total Reward = 500.0
03:31:25 AM - INFO - Inference Episode 16: Total Reward = 500.0
03:31:36 AM - INFO - Inference Episode 17: Total Reward = 156.0
03:32:11 AM - INFO - Inference Episode 18: Total Reward = 500.0
03:32:47 AM - INFO - Inference Episode 19: Total Reward = 500.0
03:33:22 AM - INFO - Inference Episode 20: Total Reward = 500.0
03:33:58 AM - INFO - Inference Episode 21: Total Reward = 500.0
03:34:07 AM - INFO - Inference Episode 22: Total Reward = 134.0
03:34:43 AM - INFO - Inference Episode 23: Total Reward = 500.0
03:35:18 AM - INFO - Inference Episode 24: Total Reward = 500.0
03:35:54 AM - INFO - Inference Episode 25: Total Reward = 500.0
03:36:29 AM - INFO - Inference Episode 26: Total Reward = 500.0
03:37:05 AM - INFO - Inference Episode 27: Total Reward = 500.0
03:37:40 AM - INFO - Inference Episode 28: Total Reward = 500.0
03:38:16 AM - INFO - Inference Episode 29: Total Reward = 500.0
03:38:51 AM - INFO - Inference Episode 30: Total Reward = 500.0
03:39:27 AM - INFO - Inference Episode 31: Total Reward = 500.0
03:40:02 AM - INFO - Inference Episode 32: Total Reward = 500.0
03:40:38 AM - INFO - Inference Episode 33: Total Reward = 500.0
03:41:13 AM - INFO - Inference Episode 34: Total Reward = 500.0
03:41:49 AM - INFO - Inference Episode 35: Total Reward = 500.0
03:41:57 AM - INFO - Inference Episode 36: Total Reward = 112.0
03:42:32 AM - INFO - Inference Episode 37: Total Reward = 500.0
03:43:08 AM - INFO - Inference Episode 38: Total Reward = 500.0
03:43:43 AM - INFO - Inference Episode 39: Total Reward = 500.0
03:44:19 AM - INFO - Inference Episode 40: Total Reward = 500.0
03:44:55 AM - INFO - Inference Episode 41: Total Reward = 500.0
03:45:03 AM - INFO - Inference Episode 42: Total Reward = 120.0
03:45:39 AM - INFO - Inference Episode 43: Total Reward = 500.0
03:46:14 AM - INFO - Inference Episode 44: Total Reward = 500.0
03:46:49 AM - INFO - Inference Episode 45: Total Reward = 500.0
03:47:25 AM - INFO - Inference Episode 46: Total Reward = 500.0
03:48:00 AM - INFO - Inference Episode 47: Total Reward = 500.0
03:48:36 AM - INFO - Inference Episode 48: Total Reward = 500.0
03:49:12 AM - INFO - Inference Episode 49: Total Reward = 500.0
03:49:47 AM - INFO - Inference Episode 50: Total Reward = 500.0
03:50:23 AM - INFO - Inference Episode 51: Total Reward = 500.0
03:50:58 AM - INFO - Inference Episode 52: Total Reward = 500.0
03:51:34 AM - INFO - Inference Episode 53: Total Reward = 500.0
03:52:09 AM - INFO - Inference Episode 54: Total Reward = 500.0
03:52:45 AM - INFO - Inference Episode 55: Total Reward = 500.0
03:53:21 AM - INFO - Inference Episode 56: Total Reward = 500.0
03:53:56 AM - INFO - Inference Episode 57: Total Reward = 500.0
03:54:32 AM - INFO - Inference Episode 58: Total Reward = 500.0
03:55:07 AM - INFO - Inference Episode 59: Total Reward = 500.0
03:55:43 AM - INFO - Inference Episode 60: Total Reward = 500.0
03:56:19 AM - INFO - Inference Episode 61: Total Reward = 500.0
03:56:54 AM - INFO - Inference Episode 62: Total Reward = 500.0
03:57:30 AM - INFO - Inference Episode 63: Total Reward = 500.0
03:58:05 AM - INFO - Inference Episode 64: Total Reward = 500.0
03:58:41 AM - INFO - Inference Episode 65: Total Reward = 500.0
03:59:16 AM - INFO - Inference Episode 66: Total Reward = 500.0
03:59:25 AM - INFO - Inference Episode 67: Total Reward = 124.0
04:00:01 AM - INFO - Inference Episode 68: Total Reward = 500.0
04:00:36 AM - INFO - Inference Episode 69: Total Reward = 500.0
04:01:12 AM - INFO - Inference Episode 70: Total Reward = 500.0
04:01:19 AM - INFO - Inference Episode 71: Total Reward = 106.0
04:01:29 AM - INFO - Inference Episode 72: Total Reward = 134.0
04:02:04 AM - INFO - Inference Episode 73: Total Reward = 500.0
04:02:40 AM - INFO - Inference Episode 74: Total Reward = 500.0
04:03:15 AM - INFO - Inference Episode 75: Total Reward = 500.0
04:03:51 AM - INFO - Inference Episode 76: Total Reward = 500.0
04:04:26 AM - INFO - Inference Episode 77: Total Reward = 500.0
04:05:02 AM - INFO - Inference Episode 78: Total Reward = 500.0
04:05:37 AM - INFO - Inference Episode 79: Total Reward = 500.0
04:06:13 AM - INFO - Inference Episode 80: Total Reward = 500.0
04:06:48 AM - INFO - Inference Episode 81: Total Reward = 500.0
04:07:24 AM - INFO - Inference Episode 82: Total Reward = 500.0
04:08:00 AM - INFO - Inference Episode 83: Total Reward = 500.0
04:08:35 AM - INFO - Inference Episode 84: Total Reward = 500.0
04:09:11 AM - INFO - Inference Episode 85: Total Reward = 500.0
04:09:46 AM - INFO - Inference Episode 86: Total Reward = 500.0
04:10:22 AM - INFO - Inference Episode 87: Total Reward = 500.0
04:10:57 AM - INFO - Inference Episode 88: Total Reward = 500.0
04:11:33 AM - INFO - Inference Episode 89: Total Reward = 500.0
04:12:08 AM - INFO - Inference Episode 90: Total Reward = 500.0
04:12:44 AM - INFO - Inference Episode 91: Total Reward = 500.0
04:13:19 AM - INFO - Inference Episode 92: Total Reward = 500.0
04:13:55 AM - INFO - Inference Episode 93: Total Reward = 500.0
04:14:30 AM - INFO - Inference Episode 94: Total Reward = 500.0
04:15:06 AM - INFO - Inference Episode 95: Total Reward = 500.0
04:15:41 AM - INFO - Inference Episode 96: Total Reward = 500.0
04:16:17 AM - INFO - Inference Episode 97: Total Reward = 500.0
04:16:53 AM - INFO - Inference Episode 98: Total Reward = 500.0
04:17:28 AM - INFO - Inference Episode 99: Total Reward = 500.0
04:18:03 AM - INFO - Inference Episode 100: Total Reward = 500.0
04:18:39 AM - INFO - Inference Episode 101: Total Reward = 500.0
04:19:14 AM - INFO - Inference Episode 102: Total Reward = 500.0
04:19:50 AM - INFO - Inference Episode 103: Total Reward = 500.0
04:20:00 AM - INFO - Inference Episode 104: Total Reward = 138.0
04:20:35 AM - INFO - Inference Episode 105: Total Reward = 500.0
04:21:10 AM - INFO - Inference Episode 106: Total Reward = 500.0
04:21:46 AM - INFO - Inference Episode 107: Total Reward = 500.0
04:22:21 AM - INFO - Inference Episode 108: Total Reward = 500.0
04:22:57 AM - INFO - Inference Episode 109: Total Reward = 500.0
04:23:32 AM - INFO - Inference Episode 110: Total Reward = 500.0
04:24:08 AM - INFO - Inference Episode 111: Total Reward = 500.0
04:24:43 AM - INFO - Inference Episode 112: Total Reward = 500.0
04:25:19 AM - INFO - Inference Episode 113: Total Reward = 500.0
04:25:54 AM - INFO - Inference Episode 114: Total Reward = 500.0
04:26:30 AM - INFO - Inference Episode 115: Total Reward = 500.0
04:27:06 AM - INFO - Inference Episode 116: Total Reward = 500.0
04:27:41 AM - INFO - Inference Episode 117: Total Reward = 500.0
04:28:17 AM - INFO - Inference Episode 118: Total Reward = 500.0
04:28:52 AM - INFO - Inference Episode 119: Total Reward = 500.0
04:29:28 AM - INFO - Inference Episode 120: Total Reward = 500.0
04:30:03 AM - INFO - Inference Episode 121: Total Reward = 500.0
04:30:38 AM - INFO - Inference Episode 122: Total Reward = 500.0
04:31:13 AM - INFO - Inference Episode 123: Total Reward = 500.0
04:31:49 AM - INFO - Inference Episode 124: Total Reward = 500.0
04:32:25 AM - INFO - Inference Episode 125: Total Reward = 500.0
04:33:00 AM - INFO - Inference Episode 126: Total Reward = 500.0
04:33:36 AM - INFO - Inference Episode 127: Total Reward = 500.0
04:33:42 AM - INFO - Inference Episode 128: Total Reward = 84.0
04:34:18 AM - INFO - Inference Episode 129: Total Reward = 500.0
04:34:53 AM - INFO - Inference Episode 130: Total Reward = 500.0
04:35:29 AM - INFO - Inference Episode 131: Total Reward = 500.0
04:36:04 AM - INFO - Inference Episode 132: Total Reward = 500.0
04:36:40 AM - INFO - Inference Episode 133: Total Reward = 500.0
04:36:47 AM - INFO - Inference Episode 134: Total Reward = 102.0
04:37:23 AM - INFO - Inference Episode 135: Total Reward = 500.0
04:37:58 AM - INFO - Inference Episode 136: Total Reward = 500.0
04:38:33 AM - INFO - Inference Episode 137: Total Reward = 500.0
04:39:09 AM - INFO - Inference Episode 138: Total Reward = 500.0
04:39:45 AM - INFO - Inference Episode 139: Total Reward = 500.0
04:39:51 AM - INFO - Inference Episode 140: Total Reward = 86.0
04:39:57 AM - INFO - Inference Episode 141: Total Reward = 88.0
04:40:33 AM - INFO - Inference Episode 142: Total Reward = 500.0
04:41:08 AM - INFO - Inference Episode 143: Total Reward = 500.0
04:41:44 AM - INFO - Inference Episode 144: Total Reward = 500.0
04:42:20 AM - INFO - Inference Episode 145: Total Reward = 500.0
04:42:55 AM - INFO - Inference Episode 146: Total Reward = 500.0
04:43:31 AM - INFO - Inference Episode 147: Total Reward = 500.0
04:44:07 AM - INFO - Inference Episode 148: Total Reward = 500.0
04:44:42 AM - INFO - Inference Episode 149: Total Reward = 500.0
04:45:18 AM - INFO - Inference Episode 150: Total Reward = 500.0
04:45:53 AM - INFO - Inference Episode 151: Total Reward = 500.0
04:46:28 AM - INFO - Inference Episode 152: Total Reward = 500.0
04:47:04 AM - INFO - Inference Episode 153: Total Reward = 500.0
04:47:39 AM - INFO - Inference Episode 154: Total Reward = 500.0
04:48:15 AM - INFO - Inference Episode 155: Total Reward = 500.0
04:48:51 AM - INFO - Inference Episode 156: Total Reward = 500.0
04:48:57 AM - INFO - Inference Episode 157: Total Reward = 90.0
04:49:33 AM - INFO - Inference Episode 158: Total Reward = 500.0
04:50:08 AM - INFO - Inference Episode 159: Total Reward = 500.0
04:50:44 AM - INFO - Inference Episode 160: Total Reward = 500.0
04:51:20 AM - INFO - Inference Episode 161: Total Reward = 500.0
04:51:32 AM - INFO - Inference Episode 162: Total Reward = 174.0
04:51:38 AM - INFO - Inference Episode 163: Total Reward = 84.0
04:52:14 AM - INFO - Inference Episode 164: Total Reward = 500.0
04:52:49 AM - INFO - Inference Episode 165: Total Reward = 500.0
04:53:25 AM - INFO - Inference Episode 166: Total Reward = 500.0
04:54:00 AM - INFO - Inference Episode 167: Total Reward = 500.0
04:54:05 AM - INFO - Inference Episode 168: Total Reward = 74.0
04:54:41 AM - INFO - Inference Episode 169: Total Reward = 500.0
04:55:16 AM - INFO - Inference Episode 170: Total Reward = 500.0
04:55:52 AM - INFO - Inference Episode 171: Total Reward = 500.0
04:55:59 AM - INFO - Inference Episode 172: Total Reward = 104.0
04:56:35 AM - INFO - Inference Episode 173: Total Reward = 500.0
04:57:10 AM - INFO - Inference Episode 174: Total Reward = 500.0
04:57:45 AM - INFO - Inference Episode 175: Total Reward = 500.0
04:58:21 AM - INFO - Inference Episode 176: Total Reward = 500.0
04:58:56 AM - INFO - Inference Episode 177: Total Reward = 500.0
04:59:32 AM - INFO - Inference Episode 178: Total Reward = 500.0
05:00:07 AM - INFO - Inference Episode 179: Total Reward = 500.0
05:00:42 AM - INFO - Inference Episode 180: Total Reward = 500.0
05:01:18 AM - INFO - Inference Episode 181: Total Reward = 500.0
05:01:53 AM - INFO - Inference Episode 182: Total Reward = 500.0
05:02:29 AM - INFO - Inference Episode 183: Total Reward = 500.0
05:03:05 AM - INFO - Inference Episode 184: Total Reward = 500.0
05:03:40 AM - INFO - Inference Episode 185: Total Reward = 500.0
05:04:16 AM - INFO - Inference Episode 186: Total Reward = 500.0
05:04:51 AM - INFO - Inference Episode 187: Total Reward = 500.0
05:05:26 AM - INFO - Inference Episode 188: Total Reward = 500.0
05:06:02 AM - INFO - Inference Episode 189: Total Reward = 500.0
05:06:38 AM - INFO - Inference Episode 190: Total Reward = 500.0
05:07:13 AM - INFO - Inference Episode 191: Total Reward = 500.0
05:07:49 AM - INFO - Inference Episode 192: Total Reward = 500.0
05:08:24 AM - INFO - Inference Episode 193: Total Reward = 500.0
05:08:59 AM - INFO - Inference Episode 194: Total Reward = 500.0
05:09:35 AM - INFO - Inference Episode 195: Total Reward = 500.0
05:10:10 AM - INFO - Inference Episode 196: Total Reward = 500.0
05:10:46 AM - INFO - Inference Episode 197: Total Reward = 500.0
05:11:21 AM - INFO - Inference Episode 198: Total Reward = 500.0
05:11:57 AM - INFO - Inference Episode 199: Total Reward = 500.0
05:12:32 AM - INFO - Inference Episode 200: Total Reward = 500.0
05:13:08 AM - INFO - Inference Episode 201: Total Reward = 500.0
05:13:43 AM - INFO - Inference Episode 202: Total Reward = 500.0
05:13:50 AM - INFO - Inference Episode 203: Total Reward = 86.0
05:14:25 AM - INFO - Inference Episode 204: Total Reward = 500.0
05:15:01 AM - INFO - Inference Episode 205: Total Reward = 500.0
05:15:37 AM - INFO - Inference Episode 206: Total Reward = 500.0
05:16:12 AM - INFO - Inference Episode 207: Total Reward = 500.0
05:16:48 AM - INFO - Inference Episode 208: Total Reward = 500.0
05:17:23 AM - INFO - Inference Episode 209: Total Reward = 500.0
05:17:59 AM - INFO - Inference Episode 210: Total Reward = 500.0
05:18:34 AM - INFO - Inference Episode 211: Total Reward = 500.0
05:19:10 AM - INFO - Inference Episode 212: Total Reward = 500.0
05:19:45 AM - INFO - Inference Episode 213: Total Reward = 500.0
05:20:21 AM - INFO - Inference Episode 214: Total Reward = 500.0
05:20:56 AM - INFO - Inference Episode 215: Total Reward = 500.0
05:21:32 AM - INFO - Inference Episode 216: Total Reward = 500.0
05:22:08 AM - INFO - Inference Episode 217: Total Reward = 500.0
05:22:43 AM - INFO - Inference Episode 218: Total Reward = 500.0
05:23:19 AM - INFO - Inference Episode 219: Total Reward = 500.0
05:23:54 AM - INFO - Inference Episode 220: Total Reward = 500.0
05:24:30 AM - INFO - Inference Episode 221: Total Reward = 500.0
05:25:06 AM - INFO - Inference Episode 222: Total Reward = 500.0
05:25:41 AM - INFO - Inference Episode 223: Total Reward = 500.0
05:26:16 AM - INFO - Inference Episode 224: Total Reward = 500.0
05:26:52 AM - INFO - Inference Episode 225: Total Reward = 500.0
05:27:27 AM - INFO - Inference Episode 226: Total Reward = 500.0
05:28:03 AM - INFO - Inference Episode 227: Total Reward = 500.0
05:28:38 AM - INFO - Inference Episode 228: Total Reward = 500.0
05:29:14 AM - INFO - Inference Episode 229: Total Reward = 500.0
05:29:49 AM - INFO - Inference Episode 230: Total Reward = 500.0
05:30:25 AM - INFO - Inference Episode 231: Total Reward = 500.0
05:31:01 AM - INFO - Inference Episode 232: Total Reward = 500.0
05:31:36 AM - INFO - Inference Episode 233: Total Reward = 500.0
05:32:12 AM - INFO - Inference Episode 234: Total Reward = 500.0
05:32:26 AM - INFO - Inference Episode 235: Total Reward = 194.0
05:33:01 AM - INFO - Inference Episode 236: Total Reward = 500.0
05:33:37 AM - INFO - Inference Episode 237: Total Reward = 500.0
05:34:12 AM - INFO - Inference Episode 238: Total Reward = 500.0
05:34:48 AM - INFO - Inference Episode 239: Total Reward = 500.0
05:35:23 AM - INFO - Inference Episode 240: Total Reward = 500.0
05:35:31 AM - INFO - Inference Episode 241: Total Reward = 110.0
05:36:07 AM - INFO - Inference Episode 242: Total Reward = 500.0
05:36:42 AM - INFO - Inference Episode 243: Total Reward = 500.0
05:37:18 AM - INFO - Inference Episode 244: Total Reward = 500.0
05:37:54 AM - INFO - Inference Episode 245: Total Reward = 500.0
05:38:29 AM - INFO - Inference Episode 246: Total Reward = 500.0
05:39:05 AM - INFO - Inference Episode 247: Total Reward = 500.0
05:39:40 AM - INFO - Inference Episode 248: Total Reward = 500.0
05:40:16 AM - INFO - Inference Episode 249: Total Reward = 500.0
05:40:51 AM - INFO - Inference Episode 250: Total Reward = 500.0
05:41:27 AM - INFO - Inference Episode 251: Total Reward = 500.0
05:42:02 AM - INFO - Inference Episode 252: Total Reward = 500.0
05:42:38 AM - INFO - Inference Episode 253: Total Reward = 500.0
05:43:13 AM - INFO - Inference Episode 254: Total Reward = 500.0
05:43:48 AM - INFO - Inference Episode 255: Total Reward = 500.0
05:44:23 AM - INFO - Inference Episode 256: Total Reward = 500.0
05:44:59 AM - INFO - Inference Episode 257: Total Reward = 500.0
05:45:34 AM - INFO - Inference Episode 258: Total Reward = 500.0
05:45:40 AM - INFO - Inference Episode 259: Total Reward = 86.0
05:46:16 AM - INFO - Inference Episode 260: Total Reward = 500.0
05:46:51 AM - INFO - Inference Episode 261: Total Reward = 500.0
05:47:27 AM - INFO - Inference Episode 262: Total Reward = 500.0
05:48:02 AM - INFO - Inference Episode 263: Total Reward = 500.0
05:48:38 AM - INFO - Inference Episode 264: Total Reward = 500.0
05:48:46 AM - INFO - Inference Episode 265: Total Reward = 112.0
05:49:21 AM - INFO - Inference Episode 266: Total Reward = 500.0
05:49:56 AM - INFO - Inference Episode 267: Total Reward = 500.0
05:50:32 AM - INFO - Inference Episode 268: Total Reward = 500.0
05:51:07 AM - INFO - Inference Episode 269: Total Reward = 500.0
05:51:43 AM - INFO - Inference Episode 270: Total Reward = 500.0
05:52:18 AM - INFO - Inference Episode 271: Total Reward = 500.0
05:52:54 AM - INFO - Inference Episode 272: Total Reward = 500.0
05:53:29 AM - INFO - Inference Episode 273: Total Reward = 500.0
05:54:05 AM - INFO - Inference Episode 274: Total Reward = 500.0
05:54:40 AM - INFO - Inference Episode 275: Total Reward = 500.0
05:55:16 AM - INFO - Inference Episode 276: Total Reward = 500.0
05:55:51 AM - INFO - Inference Episode 277: Total Reward = 500.0
05:56:26 AM - INFO - Inference Episode 278: Total Reward = 500.0
05:57:01 AM - INFO - Inference Episode 279: Total Reward = 500.0
05:57:08 AM - INFO - Inference Episode 280: Total Reward = 90.0
05:57:43 AM - INFO - Inference Episode 281: Total Reward = 500.0
05:58:19 AM - INFO - Inference Episode 282: Total Reward = 500.0
05:58:54 AM - INFO - Inference Episode 283: Total Reward = 500.0
05:59:30 AM - INFO - Inference Episode 284: Total Reward = 500.0
06:00:05 AM - INFO - Inference Episode 285: Total Reward = 500.0
06:00:10 AM - INFO - Inference Episode 286: Total Reward = 72.0
06:00:46 AM - INFO - Inference Episode 287: Total Reward = 500.0
06:01:21 AM - INFO - Inference Episode 288: Total Reward = 500.0
06:01:56 AM - INFO - Inference Episode 289: Total Reward = 500.0
06:02:04 AM - INFO - Inference Episode 290: Total Reward = 110.0
06:02:39 AM - INFO - Inference Episode 291: Total Reward = 500.0
06:03:15 AM - INFO - Inference Episode 292: Total Reward = 500.0
06:03:50 AM - INFO - Inference Episode 293: Total Reward = 500.0
06:04:25 AM - INFO - Inference Episode 294: Total Reward = 500.0
06:05:01 AM - INFO - Inference Episode 295: Total Reward = 500.0
06:05:36 AM - INFO - Inference Episode 296: Total Reward = 500.0
06:06:12 AM - INFO - Inference Episode 297: Total Reward = 500.0
06:06:47 AM - INFO - Inference Episode 298: Total Reward = 500.0
06:07:23 AM - INFO - Inference Episode 299: Total Reward = 500.0
06:07:58 AM - INFO - Inference Episode 300: Total Reward = 500.0
06:08:33 AM - INFO - Inference Episode 301: Total Reward = 500.0
06:09:09 AM - INFO - Inference Episode 302: Total Reward = 500.0
06:09:44 AM - INFO - Inference Episode 303: Total Reward = 500.0
06:10:20 AM - INFO - Inference Episode 304: Total Reward = 500.0
06:10:55 AM - INFO - Inference Episode 305: Total Reward = 500.0
06:11:31 AM - INFO - Inference Episode 306: Total Reward = 500.0
06:12:06 AM - INFO - Inference Episode 307: Total Reward = 500.0
06:12:42 AM - INFO - Inference Episode 308: Total Reward = 500.0
06:13:17 AM - INFO - Inference Episode 309: Total Reward = 500.0
06:13:53 AM - INFO - Inference Episode 310: Total Reward = 500.0
06:14:28 AM - INFO - Inference Episode 311: Total Reward = 500.0
06:15:04 AM - INFO - Inference Episode 312: Total Reward = 500.0
06:15:39 AM - INFO - Inference Episode 313: Total Reward = 500.0
06:16:15 AM - INFO - Inference Episode 314: Total Reward = 500.0
06:16:51 AM - INFO - Inference Episode 315: Total Reward = 500.0
06:17:26 AM - INFO - Inference Episode 316: Total Reward = 500.0
06:18:01 AM - INFO - Inference Episode 317: Total Reward = 500.0
06:18:08 AM - INFO - Inference Episode 318: Total Reward = 98.0
06:18:43 AM - INFO - Inference Episode 319: Total Reward = 500.0
06:19:19 AM - INFO - Inference Episode 320: Total Reward = 500.0
06:19:54 AM - INFO - Inference Episode 321: Total Reward = 500.0
06:20:30 AM - INFO - Inference Episode 322: Total Reward = 500.0
06:20:43 AM - INFO - Inference Episode 323: Total Reward = 186.0
06:20:48 AM - INFO - Inference Episode 324: Total Reward = 74.0
06:20:57 AM - INFO - Inference Episode 325: Total Reward = 124.0
06:21:32 AM - INFO - Inference Episode 326: Total Reward = 500.0
06:22:08 AM - INFO - Inference Episode 327: Total Reward = 500.0
06:22:18 AM - INFO - Inference Episode 328: Total Reward = 140.0
06:22:53 AM - INFO - Inference Episode 329: Total Reward = 500.0
06:23:28 AM - INFO - Inference Episode 330: Total Reward = 500.0
06:24:04 AM - INFO - Inference Episode 331: Total Reward = 500.0
06:24:40 AM - INFO - Inference Episode 332: Total Reward = 500.0
06:25:15 AM - INFO - Inference Episode 333: Total Reward = 500.0
06:25:50 AM - INFO - Inference Episode 334: Total Reward = 500.0
06:26:26 AM - INFO - Inference Episode 335: Total Reward = 500.0
06:27:01 AM - INFO - Inference Episode 336: Total Reward = 500.0
06:27:36 AM - INFO - Inference Episode 337: Total Reward = 500.0
06:28:12 AM - INFO - Inference Episode 338: Total Reward = 500.0
06:28:47 AM - INFO - Inference Episode 339: Total Reward = 500.0
06:29:23 AM - INFO - Inference Episode 340: Total Reward = 500.0
06:29:58 AM - INFO - Inference Episode 341: Total Reward = 500.0
06:30:34 AM - INFO - Inference Episode 342: Total Reward = 500.0
06:31:09 AM - INFO - Inference Episode 343: Total Reward = 500.0
06:31:44 AM - INFO - Inference Episode 344: Total Reward = 500.0
06:32:19 AM - INFO - Inference Episode 345: Total Reward = 500.0
06:32:55 AM - INFO - Inference Episode 346: Total Reward = 500.0
06:33:30 AM - INFO - Inference Episode 347: Total Reward = 500.0
06:34:06 AM - INFO - Inference Episode 348: Total Reward = 500.0
06:34:41 AM - INFO - Inference Episode 349: Total Reward = 500.0
06:35:17 AM - INFO - Inference Episode 350: Total Reward = 500.0
06:35:52 AM - INFO - Inference Episode 351: Total Reward = 500.0
06:36:28 AM - INFO - Inference Episode 352: Total Reward = 500.0
06:37:03 AM - INFO - Inference Episode 353: Total Reward = 500.0
06:37:39 AM - INFO - Inference Episode 354: Total Reward = 500.0
06:38:14 AM - INFO - Inference Episode 355: Total Reward = 500.0
06:38:50 AM - INFO - Inference Episode 356: Total Reward = 500.0
06:39:25 AM - INFO - Inference Episode 357: Total Reward = 500.0
06:40:01 AM - INFO - Inference Episode 358: Total Reward = 500.0
06:40:36 AM - INFO - Inference Episode 359: Total Reward = 500.0
06:41:11 AM - INFO - Inference Episode 360: Total Reward = 500.0
06:41:47 AM - INFO - Inference Episode 361: Total Reward = 500.0
06:42:22 AM - INFO - Inference Episode 362: Total Reward = 500.0
06:42:58 AM - INFO - Inference Episode 363: Total Reward = 500.0
06:43:33 AM - INFO - Inference Episode 364: Total Reward = 500.0
06:44:09 AM - INFO - Inference Episode 365: Total Reward = 500.0
06:44:16 AM - INFO - Inference Episode 366: Total Reward = 102.0
06:44:52 AM - INFO - Inference Episode 367: Total Reward = 500.0
06:45:27 AM - INFO - Inference Episode 368: Total Reward = 500.0
06:46:03 AM - INFO - Inference Episode 369: Total Reward = 500.0
06:46:38 AM - INFO - Inference Episode 370: Total Reward = 500.0
06:47:14 AM - INFO - Inference Episode 371: Total Reward = 500.0
06:47:49 AM - INFO - Inference Episode 372: Total Reward = 500.0
06:48:24 AM - INFO - Inference Episode 373: Total Reward = 500.0
06:49:00 AM - INFO - Inference Episode 374: Total Reward = 500.0
06:49:35 AM - INFO - Inference Episode 375: Total Reward = 500.0
06:50:11 AM - INFO - Inference Episode 376: Total Reward = 500.0
06:50:46 AM - INFO - Inference Episode 377: Total Reward = 500.0
06:50:52 AM - INFO - Inference Episode 378: Total Reward = 82.0
06:51:27 AM - INFO - Inference Episode 379: Total Reward = 500.0
06:52:03 AM - INFO - Inference Episode 380: Total Reward = 500.0
06:52:38 AM - INFO - Inference Episode 381: Total Reward = 500.0
06:53:14 AM - INFO - Inference Episode 382: Total Reward = 500.0
06:53:49 AM - INFO - Inference Episode 383: Total Reward = 500.0
06:54:24 AM - INFO - Inference Episode 384: Total Reward = 500.0
06:55:00 AM - INFO - Inference Episode 385: Total Reward = 500.0
06:55:36 AM - INFO - Inference Episode 386: Total Reward = 500.0
06:56:11 AM - INFO - Inference Episode 387: Total Reward = 500.0
06:56:46 AM - INFO - Inference Episode 388: Total Reward = 500.0
06:57:22 AM - INFO - Inference Episode 389: Total Reward = 500.0
06:57:57 AM - INFO - Inference Episode 390: Total Reward = 500.0
06:58:33 AM - INFO - Inference Episode 391: Total Reward = 500.0
06:59:08 AM - INFO - Inference Episode 392: Total Reward = 500.0
06:59:44 AM - INFO - Inference Episode 393: Total Reward = 500.0
07:00:19 AM - INFO - Inference Episode 394: Total Reward = 500.0
07:00:54 AM - INFO - Inference Episode 395: Total Reward = 500.0
07:01:29 AM - INFO - Inference Episode 396: Total Reward = 500.0
07:01:37 AM - INFO - Inference Episode 397: Total Reward = 106.0
07:01:45 AM - INFO - Inference Episode 398: Total Reward = 112.0
07:02:20 AM - INFO - Inference Episode 399: Total Reward = 500.0
07:02:56 AM - INFO - Inference Episode 400: Total Reward = 500.0
07:03:32 AM - INFO - Inference Episode 401: Total Reward = 500.0
07:04:08 AM - INFO - Inference Episode 402: Total Reward = 500.0
07:04:43 AM - INFO - Inference Episode 403: Total Reward = 500.0
07:05:19 AM - INFO - Inference Episode 404: Total Reward = 500.0
07:05:54 AM - INFO - Inference Episode 405: Total Reward = 500.0
07:06:29 AM - INFO - Inference Episode 406: Total Reward = 500.0
07:07:05 AM - INFO - Inference Episode 407: Total Reward = 500.0
07:07:41 AM - INFO - Inference Episode 408: Total Reward = 500.0
07:08:16 AM - INFO - Inference Episode 409: Total Reward = 500.0
07:08:52 AM - INFO - Inference Episode 410: Total Reward = 500.0
07:09:27 AM - INFO - Inference Episode 411: Total Reward = 500.0
07:10:02 AM - INFO - Inference Episode 412: Total Reward = 500.0
07:10:38 AM - INFO - Inference Episode 413: Total Reward = 500.0
07:11:14 AM - INFO - Inference Episode 414: Total Reward = 500.0
07:11:49 AM - INFO - Inference Episode 415: Total Reward = 500.0
07:12:24 AM - INFO - Inference Episode 416: Total Reward = 500.0
07:13:00 AM - INFO - Inference Episode 417: Total Reward = 500.0
07:13:36 AM - INFO - Inference Episode 418: Total Reward = 500.0
07:14:11 AM - INFO - Inference Episode 419: Total Reward = 500.0
07:14:47 AM - INFO - Inference Episode 420: Total Reward = 500.0
07:14:56 AM - INFO - Inference Episode 421: Total Reward = 130.0
07:15:32 AM - INFO - Inference Episode 422: Total Reward = 500.0
07:16:07 AM - INFO - Inference Episode 423: Total Reward = 500.0
07:16:42 AM - INFO - Inference Episode 424: Total Reward = 500.0
07:17:18 AM - INFO - Inference Episode 425: Total Reward = 500.0
07:17:53 AM - INFO - Inference Episode 426: Total Reward = 500.0
07:18:29 AM - INFO - Inference Episode 427: Total Reward = 500.0
07:19:05 AM - INFO - Inference Episode 428: Total Reward = 500.0
07:19:40 AM - INFO - Inference Episode 429: Total Reward = 500.0
07:20:15 AM - INFO - Inference Episode 430: Total Reward = 500.0
07:20:51 AM - INFO - Inference Episode 431: Total Reward = 500.0
07:20:58 AM - INFO - Inference Episode 432: Total Reward = 94.0
07:21:33 AM - INFO - Inference Episode 433: Total Reward = 500.0
07:22:09 AM - INFO - Inference Episode 434: Total Reward = 500.0
07:22:44 AM - INFO - Inference Episode 435: Total Reward = 500.0
07:23:19 AM - INFO - Inference Episode 436: Total Reward = 500.0
07:23:55 AM - INFO - Inference Episode 437: Total Reward = 500.0
07:24:31 AM - INFO - Inference Episode 438: Total Reward = 500.0
07:25:06 AM - INFO - Inference Episode 439: Total Reward = 500.0
07:25:42 AM - INFO - Inference Episode 440: Total Reward = 500.0
07:26:17 AM - INFO - Inference Episode 441: Total Reward = 500.0
07:26:52 AM - INFO - Inference Episode 442: Total Reward = 500.0
07:27:28 AM - INFO - Inference Episode 443: Total Reward = 500.0
07:28:03 AM - INFO - Inference Episode 444: Total Reward = 500.0
07:28:39 AM - INFO - Inference Episode 445: Total Reward = 500.0
07:29:14 AM - INFO - Inference Episode 446: Total Reward = 500.0
07:29:50 AM - INFO - Inference Episode 447: Total Reward = 500.0
07:30:25 AM - INFO - Inference Episode 448: Total Reward = 500.0
07:31:01 AM - INFO - Inference Episode 449: Total Reward = 500.0
07:31:09 AM - INFO - Inference Episode 450: Total Reward = 116.0
07:31:45 AM - INFO - Inference Episode 451: Total Reward = 500.0
07:31:52 AM - INFO - Inference Episode 452: Total Reward = 100.0
07:32:27 AM - INFO - Inference Episode 453: Total Reward = 500.0
07:33:03 AM - INFO - Inference Episode 454: Total Reward = 500.0
07:33:38 AM - INFO - Inference Episode 455: Total Reward = 500.0
07:34:14 AM - INFO - Inference Episode 456: Total Reward = 500.0
07:34:49 AM - INFO - Inference Episode 457: Total Reward = 500.0
07:35:25 AM - INFO - Inference Episode 458: Total Reward = 500.0
07:36:00 AM - INFO - Inference Episode 459: Total Reward = 500.0
07:36:36 AM - INFO - Inference Episode 460: Total Reward = 500.0
07:37:11 AM - INFO - Inference Episode 461: Total Reward = 500.0
07:37:47 AM - INFO - Inference Episode 462: Total Reward = 500.0
07:38:22 AM - INFO - Inference Episode 463: Total Reward = 500.0
07:38:58 AM - INFO - Inference Episode 464: Total Reward = 500.0
07:39:33 AM - INFO - Inference Episode 465: Total Reward = 500.0
07:40:09 AM - INFO - Inference Episode 466: Total Reward = 500.0
07:40:44 AM - INFO - Inference Episode 467: Total Reward = 500.0
07:40:50 AM - INFO - Inference Episode 468: Total Reward = 90.0
07:41:25 AM - INFO - Inference Episode 469: Total Reward = 500.0
07:42:01 AM - INFO - Inference Episode 470: Total Reward = 500.0
07:42:37 AM - INFO - Inference Episode 471: Total Reward = 500.0
07:43:12 AM - INFO - Inference Episode 472: Total Reward = 500.0
07:43:48 AM - INFO - Inference Episode 473: Total Reward = 500.0
07:44:23 AM - INFO - Inference Episode 474: Total Reward = 500.0
07:44:59 AM - INFO - Inference Episode 475: Total Reward = 500.0
07:45:34 AM - INFO - Inference Episode 476: Total Reward = 500.0
07:46:10 AM - INFO - Inference Episode 477: Total Reward = 500.0
07:46:16 AM - INFO - Inference Episode 478: Total Reward = 84.0
07:46:52 AM - INFO - Inference Episode 479: Total Reward = 500.0
07:47:27 AM - INFO - Inference Episode 480: Total Reward = 500.0
07:48:03 AM - INFO - Inference Episode 481: Total Reward = 500.0
07:48:39 AM - INFO - Inference Episode 482: Total Reward = 500.0
07:49:14 AM - INFO - Inference Episode 483: Total Reward = 500.0
07:49:20 AM - INFO - Inference Episode 484: Total Reward = 80.0
07:49:55 AM - INFO - Inference Episode 485: Total Reward = 500.0
07:50:30 AM - INFO - Inference Episode 486: Total Reward = 500.0
07:51:06 AM - INFO - Inference Episode 487: Total Reward = 500.0
07:51:41 AM - INFO - Inference Episode 488: Total Reward = 500.0
07:52:17 AM - INFO - Inference Episode 489: Total Reward = 500.0
07:52:52 AM - INFO - Inference Episode 490: Total Reward = 500.0
07:52:59 AM - INFO - Inference Episode 491: Total Reward = 88.0
07:53:34 AM - INFO - Inference Episode 492: Total Reward = 500.0
07:54:09 AM - INFO - Inference Episode 493: Total Reward = 500.0
07:54:45 AM - INFO - Inference Episode 494: Total Reward = 500.0
07:55:21 AM - INFO - Inference Episode 495: Total Reward = 500.0
07:55:56 AM - INFO - Inference Episode 496: Total Reward = 500.0
07:56:32 AM - INFO - Inference Episode 497: Total Reward = 500.0
07:57:07 AM - INFO - Inference Episode 498: Total Reward = 500.0
07:57:43 AM - INFO - Inference Episode 499: Total Reward = 500.0
07:58:18 AM - INFO - Inference Episode 500: Total Reward = 500.0
07:58:19 AM - INFO - Logging Session ran for 9:18:34.028561.
07:58:19 AM - INFO - Closing logger handlers and shutting down logging system.
