11:06:02 PM - INFO - Logger level set to DEBUG
11:06:02 PM - INFO - PRNG initialized with seed: 42
11:06:02 PM - INFO - Config location: configuration.json
11:06:02 PM - INFO - Configuration validated and loaded successfully.
11:06:02 PM - INFO - Initializing CuMind agent.
11:06:02 PM - INFO - Using device: TFRT_CPU_0
11:06:02 PM - INFO - Creating CuMindNetwork with observation shape (4,) and action space size 2
11:06:02 PM - DEBUG - Initializing VectorEncoder with input dim 4, hidden dim 128, and 2 blocks.
11:06:02 PM - INFO - Initializing CuMindNetwork with representation_network=ResNet, dynamics_network=MLPWithEmbedding, prediction_network=MLPDual
11:06:02 PM - INFO - Setting up AdamW optimizer with learning rate 0.001 and weight decay 0.0001
11:06:02 PM - INFO - Initializing new optimizer state.
11:06:02 PM - INFO - Initializing target prediction network.
11:06:02 PM - INFO - Initializing MCTS.
11:06:02 PM - INFO - Agent initialization complete.
11:06:02 PM - INFO - Initializing memory buffer with capacity 1000.
11:06:02 PM - INFO - Initializing PrioritizedMemoryBuffer with capacity 1000, alpha=0.6, epsilon=1e-06, beta=0.4.
11:06:02 PM - INFO - Initializing trainer for environment: CartPole-v1
11:06:02 PM - INFO - Checkpoints will be saved to checkpoints/CartPole-v1/20250720_230602
11:06:02 PM - INFO - Initializing SelfPlay runner.
11:06:04 PM - DEBUG - Adding sample to PrioritizedMemoryBuffer with max priority. Current size: 0.
11:06:04 PM - INFO - Episode   1: Reward=  19.0, Length= 19, Loss=0.0000, Memory=0.10
11:06:04 PM - INFO - Progress: 0.0% | 0.00 it/s | ETA: ?
11:06:06 PM - DEBUG - Adding sample to PrioritizedMemoryBuffer with max priority. Current size: 1.
11:06:06 PM - INFO - Episode   2: Reward=  26.0, Length= 26, Loss=0.0000, Memory=0.20
11:06:06 PM - WARNING - Buffer not ready for training, skipping step.
11:06:08 PM - DEBUG - Adding sample to PrioritizedMemoryBuffer with max priority. Current size: 2.
11:06:08 PM - INFO - Episode   3: Reward=  40.0, Length= 40, Loss=0.0000, Memory=0.30
11:06:09 PM - DEBUG - Adding sample to PrioritizedMemoryBuffer with max priority. Current size: 3.
11:06:09 PM - INFO - Episode   4: Reward=  14.0, Length= 14, Loss=0.0000, Memory=0.40
11:06:09 PM - WARNING - Buffer not ready for training, skipping step.
11:06:10 PM - DEBUG - Adding sample to PrioritizedMemoryBuffer with max priority. Current size: 4.
11:06:10 PM - INFO - Episode   5: Reward=  16.0, Length= 16, Loss=0.0000, Memory=0.50
11:06:11 PM - DEBUG - Adding sample to PrioritizedMemoryBuffer with max priority. Current size: 5.
11:06:11 PM - INFO - Episode   6: Reward=  10.0, Length= 10, Loss=0.0000, Memory=0.60
11:06:11 PM - WARNING - Buffer not ready for training, skipping step.
11:06:13 PM - DEBUG - Adding sample to PrioritizedMemoryBuffer with max priority. Current size: 6.
11:06:13 PM - INFO - Episode   7: Reward=  24.0, Length= 24, Loss=0.0000, Memory=0.70
11:06:14 PM - DEBUG - Adding sample to PrioritizedMemoryBuffer with max priority. Current size: 7.
11:06:14 PM - INFO - Episode   8: Reward=  24.0, Length= 24, Loss=0.0000, Memory=0.80
11:06:14 PM - WARNING - Buffer not ready for training, skipping step.
11:06:15 PM - DEBUG - Adding sample to PrioritizedMemoryBuffer with max priority. Current size: 8.
11:06:15 PM - INFO - Episode   9: Reward=  14.0, Length= 14, Loss=0.0000, Memory=0.90
11:06:16 PM - DEBUG - Adding sample to PrioritizedMemoryBuffer with max priority. Current size: 9.
11:06:16 PM - INFO - Episode  10: Reward=  11.0, Length= 11, Loss=0.0000, Memory=1.00
11:06:16 PM - WARNING - Buffer not ready for training, skipping step.
11:06:17 PM - DEBUG - Adding sample to PrioritizedMemoryBuffer with max priority. Current size: 10.
11:06:17 PM - INFO - Episode  11: Reward=  13.0, Length= 13, Loss=0.0000, Memory=1.10
11:06:18 PM - DEBUG - Adding sample to PrioritizedMemoryBuffer with max priority. Current size: 11.
11:06:18 PM - INFO - Episode  12: Reward=  15.0, Length= 15, Loss=0.0000, Memory=1.20
11:06:18 PM - WARNING - Buffer not ready for training, skipping step.
11:06:19 PM - DEBUG - Adding sample to PrioritizedMemoryBuffer with max priority. Current size: 12.
11:06:19 PM - INFO - Episode  13: Reward=  15.0, Length= 15, Loss=0.0000, Memory=1.30
11:06:20 PM - DEBUG - Adding sample to PrioritizedMemoryBuffer with max priority. Current size: 13.
11:06:20 PM - INFO - Episode  14: Reward=  18.0, Length= 18, Loss=0.0000, Memory=1.40
11:06:20 PM - WARNING - Buffer not ready for training, skipping step.
11:06:22 PM - DEBUG - Adding sample to PrioritizedMemoryBuffer with max priority. Current size: 14.
11:06:22 PM - INFO - Episode  15: Reward=  32.0, Length= 32, Loss=0.0000, Memory=1.50
11:06:25 PM - DEBUG - Adding sample to PrioritizedMemoryBuffer with max priority. Current size: 15.
11:06:25 PM - INFO - Episode  16: Reward=  55.0, Length= 55, Loss=0.0000, Memory=1.60
11:06:25 PM - WARNING - Buffer not ready for training, skipping step.
11:06:28 PM - DEBUG - Adding sample to PrioritizedMemoryBuffer with max priority. Current size: 16.
11:06:28 PM - INFO - Episode  17: Reward=  38.0, Length= 38, Loss=0.0000, Memory=1.70
11:06:29 PM - DEBUG - Adding sample to PrioritizedMemoryBuffer with max priority. Current size: 17.
11:06:29 PM - INFO - Episode  18: Reward=  18.0, Length= 18, Loss=0.0000, Memory=1.80
11:06:29 PM - WARNING - Buffer not ready for training, skipping step.
11:06:31 PM - DEBUG - Adding sample to PrioritizedMemoryBuffer with max priority. Current size: 18.
11:06:31 PM - INFO - Episode  19: Reward=  24.0, Length= 24, Loss=0.0000, Memory=1.90
11:06:33 PM - DEBUG - Adding sample to PrioritizedMemoryBuffer with max priority. Current size: 19.
11:06:33 PM - INFO - Episode  20: Reward=  45.0, Length= 45, Loss=0.0000, Memory=2.00
11:06:33 PM - WARNING - Buffer not ready for training, skipping step.
11:06:34 PM - DEBUG - Adding sample to PrioritizedMemoryBuffer with max priority. Current size: 20.
11:06:34 PM - INFO - Episode  21: Reward=  11.0, Length= 11, Loss=0.0000, Memory=2.10
11:06:34 PM - INFO - Progress: 1.0% | 0.48 it/s | ETA: 1:08:59
11:06:35 PM - DEBUG - Adding sample to PrioritizedMemoryBuffer with max priority. Current size: 21.
11:06:35 PM - INFO - Episode  22: Reward=  16.0, Length= 16, Loss=0.0000, Memory=2.20
11:06:35 PM - WARNING - Buffer not ready for training, skipping step.
11:06:37 PM - DEBUG - Adding sample to PrioritizedMemoryBuffer with max priority. Current size: 22.
11:06:37 PM - INFO - Episode  23: Reward=  25.0, Length= 25, Loss=0.0000, Memory=2.30
11:06:38 PM - DEBUG - Adding sample to PrioritizedMemoryBuffer with max priority. Current size: 23.
11:06:38 PM - INFO - Episode  24: Reward=  14.0, Length= 14, Loss=0.0000, Memory=2.40
11:06:38 PM - WARNING - Buffer not ready for training, skipping step.
11:06:39 PM - DEBUG - Adding sample to PrioritizedMemoryBuffer with max priority. Current size: 24.
11:06:39 PM - INFO - Episode  25: Reward=  16.0, Length= 16, Loss=0.0000, Memory=2.50
11:06:40 PM - DEBUG - Adding sample to PrioritizedMemoryBuffer with max priority. Current size: 25.
11:06:40 PM - INFO - Episode  26: Reward=  15.0, Length= 15, Loss=0.0000, Memory=2.60
11:06:40 PM - WARNING - Buffer not ready for training, skipping step.
11:06:40 PM - DEBUG - Adding sample to PrioritizedMemoryBuffer with max priority. Current size: 26.
11:06:40 PM - INFO - Episode  27: Reward=   9.0, Length=  9, Loss=0.0000, Memory=2.70
11:06:41 PM - DEBUG - Adding sample to PrioritizedMemoryBuffer with max priority. Current size: 27.
11:06:41 PM - INFO - Episode  28: Reward=  14.0, Length= 14, Loss=0.0000, Memory=2.80
11:06:41 PM - WARNING - Buffer not ready for training, skipping step.
11:06:42 PM - DEBUG - Adding sample to PrioritizedMemoryBuffer with max priority. Current size: 28.
11:06:42 PM - INFO - Episode  29: Reward=  19.0, Length= 19, Loss=0.0000, Memory=2.90
11:06:43 PM - DEBUG - Adding sample to PrioritizedMemoryBuffer with max priority. Current size: 29.
11:06:43 PM - INFO - Episode  30: Reward=  12.0, Length= 12, Loss=0.0000, Memory=3.00
11:06:43 PM - WARNING - Buffer not ready for training, skipping step.
11:06:45 PM - DEBUG - Adding sample to PrioritizedMemoryBuffer with max priority. Current size: 30.
11:06:45 PM - INFO - Episode  31: Reward=  21.0, Length= 21, Loss=0.0000, Memory=3.10
11:06:46 PM - DEBUG - Adding sample to PrioritizedMemoryBuffer with max priority. Current size: 31.
11:06:46 PM - INFO - Episode  32: Reward=  20.0, Length= 20, Loss=0.0000, Memory=3.20
11:06:46 PM - WARNING - Buffer not ready for training, skipping step.
11:06:48 PM - DEBUG - Adding sample to PrioritizedMemoryBuffer with max priority. Current size: 32.
11:06:48 PM - INFO - Episode  33: Reward=  26.0, Length= 26, Loss=0.0000, Memory=3.30
11:06:48 PM - DEBUG - Adding sample to PrioritizedMemoryBuffer with max priority. Current size: 33.
11:06:48 PM - INFO - Episode  34: Reward=  11.0, Length= 11, Loss=0.0000, Memory=3.40
11:06:48 PM - WARNING - Buffer not ready for training, skipping step.
11:06:49 PM - DEBUG - Adding sample to PrioritizedMemoryBuffer with max priority. Current size: 34.
11:06:49 PM - INFO - Episode  35: Reward=  17.0, Length= 17, Loss=0.0000, Memory=3.50
11:06:50 PM - DEBUG - Adding sample to PrioritizedMemoryBuffer with max priority. Current size: 35.
11:06:50 PM - INFO - Episode  36: Reward=  13.0, Length= 13, Loss=0.0000, Memory=3.60
11:06:50 PM - WARNING - Buffer not ready for training, skipping step.
11:06:51 PM - DEBUG - Adding sample to PrioritizedMemoryBuffer with max priority. Current size: 36.
11:06:51 PM - INFO - Episode  37: Reward=  14.0, Length= 14, Loss=0.0000, Memory=3.70
11:06:52 PM - DEBUG - Adding sample to PrioritizedMemoryBuffer with max priority. Current size: 37.
11:06:52 PM - INFO - Episode  38: Reward=  18.0, Length= 18, Loss=0.0000, Memory=3.80
11:06:52 PM - WARNING - Buffer not ready for training, skipping step.
11:06:54 PM - DEBUG - Adding sample to PrioritizedMemoryBuffer with max priority. Current size: 38.
11:06:54 PM - INFO - Episode  39: Reward=  19.0, Length= 19, Loss=0.0000, Memory=3.90
11:06:54 PM - DEBUG - Adding sample to PrioritizedMemoryBuffer with max priority. Current size: 39.
11:06:54 PM - INFO - Episode  40: Reward=  11.0, Length= 11, Loss=0.0000, Memory=4.00
11:06:54 PM - WARNING - Buffer not ready for training, skipping step.
11:06:55 PM - DEBUG - Adding sample to PrioritizedMemoryBuffer with max priority. Current size: 40.
11:06:55 PM - INFO - Episode  41: Reward=  11.0, Length= 11, Loss=0.0000, Memory=4.10
11:06:55 PM - INFO - Progress: 2.0% | 1.00 it/s | ETA: 32:38
11:06:57 PM - DEBUG - Adding sample to PrioritizedMemoryBuffer with max priority. Current size: 41.
11:06:57 PM - INFO - Episode  42: Reward=  30.0, Length= 30, Loss=0.0000, Memory=4.20
11:06:57 PM - WARNING - Buffer not ready for training, skipping step.
11:06:58 PM - DEBUG - Adding sample to PrioritizedMemoryBuffer with max priority. Current size: 42.
11:06:58 PM - INFO - Episode  43: Reward=  15.0, Length= 15, Loss=0.0000, Memory=4.30
11:07:00 PM - DEBUG - Adding sample to PrioritizedMemoryBuffer with max priority. Current size: 43.
11:07:00 PM - INFO - Episode  44: Reward=  22.0, Length= 22, Loss=0.0000, Memory=4.40
11:07:00 PM - WARNING - Buffer not ready for training, skipping step.
11:07:01 PM - DEBUG - Adding sample to PrioritizedMemoryBuffer with max priority. Current size: 44.
11:07:01 PM - INFO - Episode  45: Reward=  16.0, Length= 16, Loss=0.0000, Memory=4.50
11:07:02 PM - DEBUG - Adding sample to PrioritizedMemoryBuffer with max priority. Current size: 45.
11:07:02 PM - INFO - Episode  46: Reward=  19.0, Length= 19, Loss=0.0000, Memory=4.60
11:07:02 PM - WARNING - Buffer not ready for training, skipping step.
11:07:03 PM - DEBUG - Adding sample to PrioritizedMemoryBuffer with max priority. Current size: 46.
11:07:03 PM - INFO - Episode  47: Reward=  17.0, Length= 17, Loss=0.0000, Memory=4.70
11:07:05 PM - DEBUG - Adding sample to PrioritizedMemoryBuffer with max priority. Current size: 47.
11:07:05 PM - INFO - Episode  48: Reward=  29.0, Length= 29, Loss=0.0000, Memory=4.80
11:07:05 PM - WARNING - Buffer not ready for training, skipping step.
11:07:06 PM - DEBUG - Adding sample to PrioritizedMemoryBuffer with max priority. Current size: 48.
11:07:06 PM - INFO - Episode  49: Reward=  12.0, Length= 12, Loss=0.0000, Memory=4.90
11:07:07 PM - DEBUG - Adding sample to PrioritizedMemoryBuffer with max priority. Current size: 49.
11:07:07 PM - INFO - Episode  50: Reward=  26.0, Length= 26, Loss=0.0000, Memory=5.00
11:07:07 PM - WARNING - Buffer not ready for training, skipping step.
11:07:07 PM - DEBUG - Saving agent state.
11:07:07 PM - INFO - Checkpoint saved to checkpoints/CartPole-v1/20250720_230602/episode_00050.pkl
11:07:10 PM - DEBUG - Adding sample to PrioritizedMemoryBuffer with max priority. Current size: 50.
11:07:10 PM - INFO - Episode  51: Reward=  47.0, Length= 47, Loss=0.0000, Memory=5.10
11:07:13 PM - DEBUG - Adding sample to PrioritizedMemoryBuffer with max priority. Current size: 51.
11:07:13 PM - INFO - Episode  52: Reward=  32.0, Length= 32, Loss=0.0000, Memory=5.20
11:07:13 PM - WARNING - Buffer not ready for training, skipping step.
11:07:15 PM - DEBUG - Adding sample to PrioritizedMemoryBuffer with max priority. Current size: 52.
11:07:15 PM - INFO - Episode  53: Reward=  33.0, Length= 33, Loss=0.0000, Memory=5.30
11:07:18 PM - DEBUG - Adding sample to PrioritizedMemoryBuffer with max priority. Current size: 53.
11:07:18 PM - INFO - Episode  54: Reward=  46.0, Length= 46, Loss=0.0000, Memory=5.40
11:07:18 PM - WARNING - Buffer not ready for training, skipping step.
11:07:19 PM - DEBUG - Adding sample to PrioritizedMemoryBuffer with max priority. Current size: 54.
11:07:19 PM - INFO - Episode  55: Reward=  24.0, Length= 24, Loss=0.0000, Memory=5.50
11:07:20 PM - DEBUG - Adding sample to PrioritizedMemoryBuffer with max priority. Current size: 55.
11:07:20 PM - INFO - Episode  56: Reward=   9.0, Length=  9, Loss=0.0000, Memory=5.60
11:07:20 PM - WARNING - Buffer not ready for training, skipping step.
11:07:21 PM - DEBUG - Adding sample to PrioritizedMemoryBuffer with max priority. Current size: 56.
11:07:21 PM - INFO - Episode  57: Reward=  10.0, Length= 10, Loss=0.0000, Memory=5.70
11:07:22 PM - DEBUG - Adding sample to PrioritizedMemoryBuffer with max priority. Current size: 57.
11:07:22 PM - INFO - Episode  58: Reward=  10.0, Length= 10, Loss=0.0000, Memory=5.80
11:07:22 PM - WARNING - Buffer not ready for training, skipping step.
11:07:24 PM - DEBUG - Adding sample to PrioritizedMemoryBuffer with max priority. Current size: 58.
11:07:24 PM - INFO - Episode  59: Reward=  23.0, Length= 23, Loss=0.0000, Memory=5.90
11:07:26 PM - DEBUG - Adding sample to PrioritizedMemoryBuffer with max priority. Current size: 59.
11:07:26 PM - INFO - Episode  60: Reward=  22.0, Length= 22, Loss=0.0000, Memory=6.00
11:07:26 PM - WARNING - Buffer not ready for training, skipping step.
11:07:30 PM - DEBUG - Adding sample to PrioritizedMemoryBuffer with max priority. Current size: 60.
11:07:30 PM - INFO - Episode  61: Reward=  65.0, Length= 65, Loss=0.0000, Memory=6.10
11:07:30 PM - INFO - Progress: 3.0% | 0.65 it/s | ETA: 49:23
11:07:32 PM - DEBUG - Adding sample to PrioritizedMemoryBuffer with max priority. Current size: 61.
11:07:32 PM - INFO - Episode  62: Reward=  31.0, Length= 31, Loss=0.0000, Memory=6.20
11:07:32 PM - WARNING - Buffer not ready for training, skipping step.
11:07:33 PM - DEBUG - Adding sample to PrioritizedMemoryBuffer with max priority. Current size: 62.
11:07:33 PM - INFO - Episode  63: Reward=  13.0, Length= 13, Loss=0.0000, Memory=6.30
11:07:34 PM - DEBUG - Adding sample to PrioritizedMemoryBuffer with max priority. Current size: 63.
11:07:34 PM - INFO - Episode  64: Reward=  16.0, Length= 16, Loss=0.0000, Memory=6.40
11:07:34 PM - WARNING - Buffer not ready for training, skipping step.
11:07:35 PM - DEBUG - Adding sample to PrioritizedMemoryBuffer with max priority. Current size: 64.
11:07:35 PM - INFO - Episode  65: Reward=  14.0, Length= 14, Loss=0.0000, Memory=6.50
11:07:35 PM - DEBUG - Adding sample to PrioritizedMemoryBuffer with max priority. Current size: 65.
11:07:35 PM - INFO - Episode  66: Reward=   9.0, Length=  9, Loss=0.0000, Memory=6.60
11:07:35 PM - WARNING - Buffer not ready for training, skipping step.
11:07:36 PM - DEBUG - Adding sample to PrioritizedMemoryBuffer with max priority. Current size: 66.
11:07:36 PM - INFO - Episode  67: Reward=  11.0, Length= 11, Loss=0.0000, Memory=6.70
11:07:37 PM - DEBUG - Adding sample to PrioritizedMemoryBuffer with max priority. Current size: 67.
11:07:37 PM - INFO - Episode  68: Reward=  17.0, Length= 17, Loss=0.0000, Memory=6.80
11:07:37 PM - WARNING - Buffer not ready for training, skipping step.
11:07:38 PM - DEBUG - Adding sample to PrioritizedMemoryBuffer with max priority. Current size: 68.
11:07:38 PM - INFO - Episode  69: Reward=  12.0, Length= 12, Loss=0.0000, Memory=6.90
11:07:41 PM - DEBUG - Adding sample to PrioritizedMemoryBuffer with max priority. Current size: 69.
11:07:41 PM - INFO - Episode  70: Reward=  50.0, Length= 50, Loss=0.0000, Memory=7.00
11:07:41 PM - WARNING - Buffer not ready for training, skipping step.
11:07:42 PM - DEBUG - Adding sample to PrioritizedMemoryBuffer with max priority. Current size: 70.
11:07:42 PM - INFO - Episode  71: Reward=  14.0, Length= 14, Loss=0.0000, Memory=7.10
11:07:43 PM - DEBUG - Adding sample to PrioritizedMemoryBuffer with max priority. Current size: 71.
11:07:43 PM - INFO - Episode  72: Reward=  14.0, Length= 14, Loss=0.0000, Memory=7.20
11:07:43 PM - WARNING - Buffer not ready for training, skipping step.
11:07:44 PM - DEBUG - Adding sample to PrioritizedMemoryBuffer with max priority. Current size: 72.
11:07:44 PM - INFO - Episode  73: Reward=  20.0, Length= 20, Loss=0.0000, Memory=7.30
11:07:45 PM - DEBUG - Adding sample to PrioritizedMemoryBuffer with max priority. Current size: 73.
11:07:45 PM - INFO - Episode  74: Reward=  16.0, Length= 16, Loss=0.0000, Memory=7.40
11:07:45 PM - WARNING - Buffer not ready for training, skipping step.
11:07:49 PM - DEBUG - Adding sample to PrioritizedMemoryBuffer with max priority. Current size: 74.
11:07:49 PM - INFO - Episode  75: Reward=  57.0, Length= 57, Loss=0.0000, Memory=7.50
11:07:49 PM - DEBUG - Adding sample to PrioritizedMemoryBuffer with max priority. Current size: 75.
11:07:49 PM - INFO - Episode  76: Reward=  13.0, Length= 13, Loss=0.0000, Memory=7.60
11:07:49 PM - WARNING - Buffer not ready for training, skipping step.
11:07:50 PM - DEBUG - Adding sample to PrioritizedMemoryBuffer with max priority. Current size: 76.
11:07:50 PM - INFO - Episode  77: Reward=   8.0, Length=  8, Loss=0.0000, Memory=7.70
11:07:51 PM - DEBUG - Adding sample to PrioritizedMemoryBuffer with max priority. Current size: 77.
11:07:51 PM - INFO - Episode  78: Reward=  21.0, Length= 21, Loss=0.0000, Memory=7.80
11:07:51 PM - WARNING - Buffer not ready for training, skipping step.
11:07:53 PM - DEBUG - Adding sample to PrioritizedMemoryBuffer with max priority. Current size: 78.
11:07:53 PM - INFO - Episode  79: Reward=  29.0, Length= 29, Loss=0.0000, Memory=7.90
11:07:54 PM - DEBUG - Adding sample to PrioritizedMemoryBuffer with max priority. Current size: 79.
11:07:54 PM - INFO - Episode  80: Reward=  17.0, Length= 17, Loss=0.0000, Memory=8.00
11:07:54 PM - WARNING - Buffer not ready for training, skipping step.
11:07:55 PM - DEBUG - Adding sample to PrioritizedMemoryBuffer with max priority. Current size: 80.
11:07:55 PM - INFO - Episode  81: Reward=  19.0, Length= 19, Loss=0.0000, Memory=8.10
11:07:55 PM - INFO - Progress: 4.0% | 0.74 it/s | ETA: 43:06
11:07:59 PM - DEBUG - Adding sample to PrioritizedMemoryBuffer with max priority. Current size: 81.
11:07:59 PM - INFO - Episode  82: Reward=  55.0, Length= 55, Loss=0.0000, Memory=8.20
11:07:59 PM - WARNING - Buffer not ready for training, skipping step.
11:08:01 PM - DEBUG - Adding sample to PrioritizedMemoryBuffer with max priority. Current size: 82.
11:08:01 PM - INFO - Episode  83: Reward=  32.0, Length= 32, Loss=0.0000, Memory=8.30
11:08:01 PM - DEBUG - Adding sample to PrioritizedMemoryBuffer with max priority. Current size: 83.
11:08:01 PM - INFO - Episode  84: Reward=  11.0, Length= 11, Loss=0.0000, Memory=8.40
11:08:01 PM - WARNING - Buffer not ready for training, skipping step.
11:08:03 PM - DEBUG - Adding sample to PrioritizedMemoryBuffer with max priority. Current size: 84.
11:08:03 PM - INFO - Episode  85: Reward=  20.0, Length= 20, Loss=0.0000, Memory=8.50
11:08:04 PM - DEBUG - Adding sample to PrioritizedMemoryBuffer with max priority. Current size: 85.
11:08:04 PM - INFO - Episode  86: Reward=  28.0, Length= 28, Loss=0.0000, Memory=8.60
11:08:04 PM - WARNING - Buffer not ready for training, skipping step.
11:08:05 PM - DEBUG - Adding sample to PrioritizedMemoryBuffer with max priority. Current size: 86.
11:08:05 PM - INFO - Episode  87: Reward=  16.0, Length= 16, Loss=0.0000, Memory=8.70
11:08:07 PM - DEBUG - Adding sample to PrioritizedMemoryBuffer with max priority. Current size: 87.
11:08:07 PM - INFO - Episode  88: Reward=  25.0, Length= 25, Loss=0.0000, Memory=8.80
11:08:07 PM - WARNING - Buffer not ready for training, skipping step.
11:08:08 PM - DEBUG - Adding sample to PrioritizedMemoryBuffer with max priority. Current size: 88.
11:08:08 PM - INFO - Episode  89: Reward=  17.0, Length= 17, Loss=0.0000, Memory=8.90
11:08:10 PM - DEBUG - Adding sample to PrioritizedMemoryBuffer with max priority. Current size: 89.
11:08:10 PM - INFO - Episode  90: Reward=  23.0, Length= 23, Loss=0.0000, Memory=9.00
11:08:10 PM - WARNING - Buffer not ready for training, skipping step.
11:08:11 PM - DEBUG - Adding sample to PrioritizedMemoryBuffer with max priority. Current size: 90.
11:08:11 PM - INFO - Episode  91: Reward=  14.0, Length= 14, Loss=0.0000, Memory=9.10
11:08:12 PM - DEBUG - Adding sample to PrioritizedMemoryBuffer with max priority. Current size: 91.
11:08:12 PM - INFO - Episode  92: Reward=  27.0, Length= 27, Loss=0.0000, Memory=9.20
11:08:12 PM - WARNING - Buffer not ready for training, skipping step.
11:08:13 PM - DEBUG - Adding sample to PrioritizedMemoryBuffer with max priority. Current size: 92.
11:08:13 PM - INFO - Episode  93: Reward=  17.0, Length= 17, Loss=0.0000, Memory=9.30
11:08:15 PM - DEBUG - Adding sample to PrioritizedMemoryBuffer with max priority. Current size: 93.
11:08:15 PM - INFO - Episode  94: Reward=  16.0, Length= 16, Loss=0.0000, Memory=9.40
11:08:15 PM - WARNING - Buffer not ready for training, skipping step.
11:08:15 PM - DEBUG - Adding sample to PrioritizedMemoryBuffer with max priority. Current size: 94.
11:08:15 PM - INFO - Episode  95: Reward=  13.0, Length= 13, Loss=0.0000, Memory=9.50
11:08:17 PM - DEBUG - Adding sample to PrioritizedMemoryBuffer with max priority. Current size: 95.
11:08:17 PM - INFO - Episode  96: Reward=  27.0, Length= 27, Loss=0.0000, Memory=9.60
11:08:17 PM - WARNING - Buffer not ready for training, skipping step.
11:08:18 PM - DEBUG - Adding sample to PrioritizedMemoryBuffer with max priority. Current size: 96.
11:08:18 PM - INFO - Episode  97: Reward=  12.0, Length= 12, Loss=0.0000, Memory=9.70
11:08:20 PM - DEBUG - Adding sample to PrioritizedMemoryBuffer with max priority. Current size: 97.
11:08:20 PM - INFO - Episode  98: Reward=  38.0, Length= 38, Loss=0.0000, Memory=9.80
11:08:20 PM - WARNING - Buffer not ready for training, skipping step.
11:08:22 PM - DEBUG - Adding sample to PrioritizedMemoryBuffer with max priority. Current size: 98.
11:08:22 PM - INFO - Episode  99: Reward=  20.0, Length= 20, Loss=0.0000, Memory=9.90
11:08:23 PM - DEBUG - Adding sample to PrioritizedMemoryBuffer with max priority. Current size: 99.
11:08:23 PM - INFO - Episode 100: Reward=  23.0, Length= 23, Loss=0.0000, Memory=10.00
11:08:23 PM - DEBUG - Starting training step 0...
11:08:23 PM - DEBUG - Sampling 64 samples from PrioritizedMemoryBuffer.
11:08:24 PM - DEBUG - Recurrent inference with hidden state shape: (64, 128) and action shape: (64,)
11:08:24 PM - DEBUG - Recurrent inference with hidden state shape: (64, 128) and action shape: (64,)
11:08:24 PM - DEBUG - Recurrent inference with hidden state shape: (64, 128) and action shape: (64,)
11:08:24 PM - DEBUG - Recurrent inference with hidden state shape: (64, 128) and action shape: (64,)
11:08:24 PM - DEBUG - Recurrent inference with hidden state shape: (64, 128) and action shape: (64,)
11:08:25 PM - DEBUG - Training step 0 complete.
11:08:25 PM - INFO - Step    0: train/policy_loss = 0.696718
11:08:25 PM - INFO - Step    0: train/reward_loss = 1.263781
11:08:25 PM - INFO - Step    0: train/value_loss = 97.357971
11:08:25 PM - INFO - Step    0: total_loss = 99.318466
11:08:25 PM - DEBUG - Saving agent state.
11:08:25 PM - INFO - Checkpoint saved to checkpoints/CartPole-v1/20250720_230602/episode_00100.pkl
11:08:26 PM - DEBUG - Adding sample to PrioritizedMemoryBuffer with max priority. Current size: 100.
11:08:26 PM - INFO - Episode 101: Reward=  13.0, Length= 13, Loss=99.3185, Memory=10.10
11:08:26 PM - INFO - Progress: 5.0% | 0.47 it/s | ETA: 1:08:05
11:08:27 PM - DEBUG - Adding sample to PrioritizedMemoryBuffer with max priority. Current size: 101.
11:08:27 PM - INFO - Episode 102: Reward=  12.0, Length= 12, Loss=99.3185, Memory=10.20
11:08:27 PM - DEBUG - Starting training step 1...
11:08:27 PM - DEBUG - Sampling 64 samples from PrioritizedMemoryBuffer.
11:08:27 PM - DEBUG - Recurrent inference with hidden state shape: (64, 128) and action shape: (64,)
11:08:27 PM - DEBUG - Recurrent inference with hidden state shape: (64, 128) and action shape: (64,)
11:08:27 PM - DEBUG - Recurrent inference with hidden state shape: (64, 128) and action shape: (64,)
11:08:27 PM - DEBUG - Recurrent inference with hidden state shape: (64, 128) and action shape: (64,)
11:08:27 PM - DEBUG - Recurrent inference with hidden state shape: (64, 128) and action shape: (64,)
11:08:27 PM - DEBUG - Training step 1 complete.
11:08:27 PM - INFO - Step    1: train/policy_loss = 0.705407
11:08:27 PM - INFO - Step    1: train/reward_loss = 1.460040
11:08:27 PM - INFO - Step    1: train/value_loss = 81.512543
11:08:27 PM - INFO - Step    1: total_loss = 83.677986
11:08:28 PM - DEBUG - Adding sample to PrioritizedMemoryBuffer with max priority. Current size: 102.
11:08:28 PM - INFO - Episode 103: Reward=  12.0, Length= 12, Loss=83.6780, Memory=10.30
11:08:29 PM - DEBUG - Adding sample to PrioritizedMemoryBuffer with max priority. Current size: 103.
11:08:29 PM - INFO - Episode 104: Reward=  18.0, Length= 18, Loss=83.6780, Memory=10.40
11:08:29 PM - DEBUG - Starting training step 2...
11:08:29 PM - DEBUG - Sampling 64 samples from PrioritizedMemoryBuffer.
11:08:29 PM - DEBUG - Recurrent inference with hidden state shape: (64, 128) and action shape: (64,)
11:08:30 PM - DEBUG - Recurrent inference with hidden state shape: (64, 128) and action shape: (64,)
11:08:30 PM - DEBUG - Recurrent inference with hidden state shape: (64, 128) and action shape: (64,)
11:08:30 PM - DEBUG - Recurrent inference with hidden state shape: (64, 128) and action shape: (64,)
11:08:30 PM - DEBUG - Recurrent inference with hidden state shape: (64, 128) and action shape: (64,)
11:08:30 PM - DEBUG - Training step 2 complete.
11:08:30 PM - INFO - Step    2: train/policy_loss = 0.718365
11:08:30 PM - INFO - Step    2: train/reward_loss = 1.777387
11:08:30 PM - INFO - Step    2: train/value_loss = 62.880009
11:08:30 PM - INFO - Step    2: total_loss = 65.375763
11:08:31 PM - DEBUG - Adding sample to PrioritizedMemoryBuffer with max priority. Current size: 104.
11:08:31 PM - INFO - Episode 105: Reward=  15.0, Length= 15, Loss=65.3758, Memory=10.50
11:08:32 PM - DEBUG - Adding sample to PrioritizedMemoryBuffer with max priority. Current size: 105.
11:08:32 PM - INFO - Episode 106: Reward=  17.0, Length= 17, Loss=65.3758, Memory=10.60
11:08:32 PM - DEBUG - Starting training step 3...
11:08:32 PM - DEBUG - Sampling 64 samples from PrioritizedMemoryBuffer.
11:08:32 PM - DEBUG - Recurrent inference with hidden state shape: (64, 128) and action shape: (64,)
11:08:32 PM - DEBUG - Recurrent inference with hidden state shape: (64, 128) and action shape: (64,)
11:08:32 PM - DEBUG - Recurrent inference with hidden state shape: (64, 128) and action shape: (64,)
11:08:32 PM - DEBUG - Recurrent inference with hidden state shape: (64, 128) and action shape: (64,)
11:08:32 PM - DEBUG - Recurrent inference with hidden state shape: (64, 128) and action shape: (64,)
11:08:32 PM - DEBUG - Training step 3 complete.
11:08:32 PM - INFO - Step    3: train/policy_loss = 0.727632
11:08:32 PM - INFO - Step    3: train/reward_loss = 1.738988
11:08:32 PM - INFO - Step    3: train/value_loss = 64.704086
11:08:32 PM - INFO - Step    3: total_loss = 67.170708
11:08:33 PM - DEBUG - Adding sample to PrioritizedMemoryBuffer with max priority. Current size: 106.
11:08:33 PM - INFO - Episode 107: Reward=   9.0, Length=  9, Loss=67.1707, Memory=10.70
11:08:34 PM - DEBUG - Adding sample to PrioritizedMemoryBuffer with max priority. Current size: 107.
11:08:34 PM - INFO - Episode 108: Reward=  10.0, Length= 10, Loss=67.1707, Memory=10.80
11:08:34 PM - DEBUG - Starting training step 4...
11:08:34 PM - DEBUG - Sampling 64 samples from PrioritizedMemoryBuffer.
11:08:34 PM - DEBUG - Recurrent inference with hidden state shape: (64, 128) and action shape: (64,)
11:08:34 PM - DEBUG - Recurrent inference with hidden state shape: (64, 128) and action shape: (64,)
11:08:34 PM - DEBUG - Recurrent inference with hidden state shape: (64, 128) and action shape: (64,)
11:08:34 PM - DEBUG - Recurrent inference with hidden state shape: (64, 128) and action shape: (64,)
11:08:34 PM - DEBUG - Recurrent inference with hidden state shape: (64, 128) and action shape: (64,)
11:08:34 PM - DEBUG - Training step 4 complete.
11:08:34 PM - INFO - Step    4: train/policy_loss = 0.700988
11:08:34 PM - INFO - Step    4: train/reward_loss = 1.002838
11:08:34 PM - INFO - Step    4: train/value_loss = 53.661320
11:08:34 PM - INFO - Step    4: total_loss = 55.365147
11:08:35 PM - DEBUG - Adding sample to PrioritizedMemoryBuffer with max priority. Current size: 108.
11:08:35 PM - INFO - Episode 109: Reward=  10.0, Length= 10, Loss=55.3651, Memory=10.90
11:08:35 PM - DEBUG - Adding sample to PrioritizedMemoryBuffer with max priority. Current size: 109.
11:08:35 PM - INFO - Episode 110: Reward=  10.0, Length= 10, Loss=55.3651, Memory=11.00
11:08:35 PM - DEBUG - Starting training step 5...
11:08:35 PM - DEBUG - Sampling 64 samples from PrioritizedMemoryBuffer.
11:08:35 PM - DEBUG - Recurrent inference with hidden state shape: (64, 128) and action shape: (64,)
11:08:35 PM - DEBUG - Recurrent inference with hidden state shape: (64, 128) and action shape: (64,)
11:08:35 PM - DEBUG - Recurrent inference with hidden state shape: (64, 128) and action shape: (64,)
11:08:35 PM - DEBUG - Recurrent inference with hidden state shape: (64, 128) and action shape: (64,)
11:08:35 PM - DEBUG - Recurrent inference with hidden state shape: (64, 128) and action shape: (64,)
11:08:35 PM - DEBUG - Training step 5 complete.
11:08:35 PM - INFO - Step    5: train/policy_loss = 0.705607
11:08:35 PM - INFO - Step    5: train/reward_loss = 1.539544
11:08:35 PM - INFO - Step    5: train/value_loss = 51.672573
11:08:35 PM - INFO - Step    5: total_loss = 53.917725
11:08:36 PM - DEBUG - Adding sample to PrioritizedMemoryBuffer with max priority. Current size: 110.
11:08:36 PM - INFO - Episode 111: Reward=  10.0, Length= 10, Loss=53.9177, Memory=11.10
11:08:37 PM - DEBUG - Adding sample to PrioritizedMemoryBuffer with max priority. Current size: 111.
11:08:37 PM - INFO - Episode 112: Reward=   9.0, Length=  9, Loss=53.9177, Memory=11.20
11:08:37 PM - DEBUG - Starting training step 6...
11:08:37 PM - DEBUG - Sampling 64 samples from PrioritizedMemoryBuffer.
11:08:37 PM - DEBUG - Recurrent inference with hidden state shape: (64, 128) and action shape: (64,)
11:08:37 PM - DEBUG - Recurrent inference with hidden state shape: (64, 128) and action shape: (64,)
11:08:37 PM - DEBUG - Recurrent inference with hidden state shape: (64, 128) and action shape: (64,)
11:08:37 PM - DEBUG - Recurrent inference with hidden state shape: (64, 128) and action shape: (64,)
11:08:37 PM - DEBUG - Recurrent inference with hidden state shape: (64, 128) and action shape: (64,)
11:08:37 PM - DEBUG - Training step 6 complete.
11:08:37 PM - INFO - Step    6: train/policy_loss = 0.714192
11:08:37 PM - INFO - Step    6: train/reward_loss = 1.559574
11:08:37 PM - INFO - Step    6: train/value_loss = 50.864681
11:08:37 PM - INFO - Step    6: total_loss = 53.138447
11:08:38 PM - DEBUG - Adding sample to PrioritizedMemoryBuffer with max priority. Current size: 112.
11:08:38 PM - INFO - Episode 113: Reward=  17.0, Length= 17, Loss=53.1384, Memory=11.30
11:08:39 PM - DEBUG - Adding sample to PrioritizedMemoryBuffer with max priority. Current size: 113.
11:08:39 PM - INFO - Episode 114: Reward=   9.0, Length=  9, Loss=53.1384, Memory=11.40
11:08:39 PM - DEBUG - Starting training step 7...
11:08:39 PM - DEBUG - Sampling 64 samples from PrioritizedMemoryBuffer.
11:08:39 PM - DEBUG - Recurrent inference with hidden state shape: (64, 128) and action shape: (64,)
11:08:39 PM - DEBUG - Recurrent inference with hidden state shape: (64, 128) and action shape: (64,)
11:08:39 PM - DEBUG - Recurrent inference with hidden state shape: (64, 128) and action shape: (64,)
11:08:39 PM - DEBUG - Recurrent inference with hidden state shape: (64, 128) and action shape: (64,)
11:08:39 PM - DEBUG - Recurrent inference with hidden state shape: (64, 128) and action shape: (64,)
11:08:39 PM - DEBUG - Training step 7 complete.
11:08:39 PM - INFO - Step    7: train/policy_loss = 0.725642
11:08:39 PM - INFO - Step    7: train/reward_loss = 1.275257
11:08:39 PM - INFO - Step    7: train/value_loss = 48.728134
11:08:39 PM - INFO - Step    7: total_loss = 50.729034
11:08:40 PM - DEBUG - Adding sample to PrioritizedMemoryBuffer with max priority. Current size: 114.
11:08:40 PM - INFO - Episode 115: Reward=   9.0, Length=  9, Loss=50.7290, Memory=11.50
11:08:40 PM - DEBUG - Adding sample to PrioritizedMemoryBuffer with max priority. Current size: 115.
11:08:40 PM - INFO - Episode 116: Reward=  10.0, Length= 10, Loss=50.7290, Memory=11.60
11:08:40 PM - DEBUG - Starting training step 8...
11:08:40 PM - DEBUG - Sampling 64 samples from PrioritizedMemoryBuffer.
11:08:40 PM - DEBUG - Recurrent inference with hidden state shape: (64, 128) and action shape: (64,)
11:08:40 PM - DEBUG - Recurrent inference with hidden state shape: (64, 128) and action shape: (64,)
11:08:40 PM - DEBUG - Recurrent inference with hidden state shape: (64, 128) and action shape: (64,)
11:08:40 PM - DEBUG - Recurrent inference with hidden state shape: (64, 128) and action shape: (64,)
11:08:40 PM - DEBUG - Recurrent inference with hidden state shape: (64, 128) and action shape: (64,)
11:08:41 PM - DEBUG - Training step 8 complete.
11:08:41 PM - INFO - Step    8: train/policy_loss = 0.754067
11:08:41 PM - INFO - Step    8: train/reward_loss = 0.975580
11:08:41 PM - INFO - Step    8: train/value_loss = 43.448029
11:08:41 PM - INFO - Step    8: total_loss = 45.177673
11:08:41 PM - DEBUG - Adding sample to PrioritizedMemoryBuffer with max priority. Current size: 116.
11:08:41 PM - INFO - Episode 117: Reward=   9.0, Length=  9, Loss=45.1777, Memory=11.70
11:08:42 PM - DEBUG - Adding sample to PrioritizedMemoryBuffer with max priority. Current size: 117.
11:08:42 PM - INFO - Episode 118: Reward=  14.0, Length= 14, Loss=45.1777, Memory=11.80
11:08:42 PM - DEBUG - Starting training step 9...
11:08:42 PM - DEBUG - Sampling 64 samples from PrioritizedMemoryBuffer.
11:08:42 PM - DEBUG - Recurrent inference with hidden state shape: (64, 128) and action shape: (64,)
11:08:42 PM - DEBUG - Recurrent inference with hidden state shape: (64, 128) and action shape: (64,)
11:08:42 PM - DEBUG - Recurrent inference with hidden state shape: (64, 128) and action shape: (64,)
11:08:42 PM - DEBUG - Recurrent inference with hidden state shape: (64, 128) and action shape: (64,)
11:08:42 PM - DEBUG - Recurrent inference with hidden state shape: (64, 128) and action shape: (64,)
11:08:42 PM - DEBUG - Training step 9 complete.
11:08:42 PM - INFO - Step    9: train/policy_loss = 0.764733
11:08:42 PM - INFO - Step    9: train/reward_loss = 0.690573
11:08:42 PM - INFO - Step    9: train/value_loss = 41.054142
11:08:42 PM - INFO - Step    9: total_loss = 42.509449
11:08:43 PM - DEBUG - Adding sample to PrioritizedMemoryBuffer with max priority. Current size: 118.
11:08:43 PM - INFO - Episode 119: Reward=  12.0, Length= 12, Loss=42.5094, Memory=11.90
11:08:44 PM - DEBUG - Adding sample to PrioritizedMemoryBuffer with max priority. Current size: 119.
11:08:44 PM - INFO - Episode 120: Reward=  10.0, Length= 10, Loss=42.5094, Memory=12.00
11:08:44 PM - DEBUG - Starting training step 10...
11:08:44 PM - DEBUG - Sampling 64 samples from PrioritizedMemoryBuffer.
11:08:44 PM - DEBUG - Recurrent inference with hidden state shape: (64, 128) and action shape: (64,)
11:08:44 PM - DEBUG - Recurrent inference with hidden state shape: (64, 128) and action shape: (64,)
11:08:44 PM - DEBUG - Recurrent inference with hidden state shape: (64, 128) and action shape: (64,)
11:08:44 PM - DEBUG - Recurrent inference with hidden state shape: (64, 128) and action shape: (64,)
11:08:44 PM - DEBUG - Recurrent inference with hidden state shape: (64, 128) and action shape: (64,)
11:08:44 PM - DEBUG - Training step 10 complete.
11:08:44 PM - INFO - Step   10: train/policy_loss = 0.763585
11:08:44 PM - INFO - Step   10: train/reward_loss = 0.568935
11:08:44 PM - INFO - Step   10: train/value_loss = 39.500416
11:08:44 PM - INFO - Step   10: total_loss = 40.832935
11:08:45 PM - DEBUG - Adding sample to PrioritizedMemoryBuffer with max priority. Current size: 120.
11:08:45 PM - INFO - Episode 121: Reward=   9.0, Length=  9, Loss=40.8329, Memory=12.10
11:08:45 PM - INFO - Progress: 6.0% | 1.11 it/s | ETA: 28:12
11:08:45 PM - DEBUG - Adding sample to PrioritizedMemoryBuffer with max priority. Current size: 121.
11:08:45 PM - INFO - Episode 122: Reward=  12.0, Length= 12, Loss=40.8329, Memory=12.20
11:08:45 PM - DEBUG - Starting training step 11...
11:08:45 PM - DEBUG - Sampling 64 samples from PrioritizedMemoryBuffer.
11:08:46 PM - DEBUG - Recurrent inference with hidden state shape: (64, 128) and action shape: (64,)
11:08:46 PM - DEBUG - Recurrent inference with hidden state shape: (64, 128) and action shape: (64,)
11:08:46 PM - DEBUG - Recurrent inference with hidden state shape: (64, 128) and action shape: (64,)
11:08:46 PM - DEBUG - Recurrent inference with hidden state shape: (64, 128) and action shape: (64,)
11:08:46 PM - DEBUG - Recurrent inference with hidden state shape: (64, 128) and action shape: (64,)
11:08:46 PM - DEBUG - Training step 11 complete.
11:08:46 PM - INFO - Step   11: train/policy_loss = 0.771580
11:08:46 PM - INFO - Step   11: train/reward_loss = 0.735368
11:08:46 PM - INFO - Step   11: train/value_loss = 34.822010
11:08:46 PM - INFO - Step   11: total_loss = 36.328957
11:08:47 PM - DEBUG - Adding sample to PrioritizedMemoryBuffer with max priority. Current size: 122.
11:08:47 PM - INFO - Episode 123: Reward=  15.0, Length= 15, Loss=36.3290, Memory=12.30
11:08:47 PM - DEBUG - Adding sample to PrioritizedMemoryBuffer with max priority. Current size: 123.
11:08:47 PM - INFO - Episode 124: Reward=   9.0, Length=  9, Loss=36.3290, Memory=12.40
11:08:47 PM - DEBUG - Starting training step 12...
11:08:47 PM - DEBUG - Sampling 64 samples from PrioritizedMemoryBuffer.
11:08:47 PM - DEBUG - Recurrent inference with hidden state shape: (64, 128) and action shape: (64,)
11:08:47 PM - DEBUG - Recurrent inference with hidden state shape: (64, 128) and action shape: (64,)
11:08:47 PM - DEBUG - Recurrent inference with hidden state shape: (64, 128) and action shape: (64,)
11:08:47 PM - DEBUG - Recurrent inference with hidden state shape: (64, 128) and action shape: (64,)
11:08:47 PM - DEBUG - Recurrent inference with hidden state shape: (64, 128) and action shape: (64,)
11:08:48 PM - DEBUG - Training step 12 complete.
11:08:48 PM - INFO - Step   12: train/policy_loss = 0.733935
11:08:48 PM - INFO - Step   12: train/reward_loss = 0.882373
11:08:48 PM - INFO - Step   12: train/value_loss = 33.040268
11:08:48 PM - INFO - Step   12: total_loss = 34.656578
11:08:48 PM - DEBUG - Adding sample to PrioritizedMemoryBuffer with max priority. Current size: 124.
11:08:48 PM - INFO - Episode 125: Reward=  10.0, Length= 10, Loss=34.6566, Memory=12.50
11:08:49 PM - DEBUG - Adding sample to PrioritizedMemoryBuffer with max priority. Current size: 125.
11:08:49 PM - INFO - Episode 126: Reward=  10.0, Length= 10, Loss=34.6566, Memory=12.60
11:08:49 PM - DEBUG - Starting training step 13...
11:08:49 PM - DEBUG - Sampling 64 samples from PrioritizedMemoryBuffer.
11:08:49 PM - DEBUG - Recurrent inference with hidden state shape: (64, 128) and action shape: (64,)
11:08:49 PM - DEBUG - Recurrent inference with hidden state shape: (64, 128) and action shape: (64,)
11:08:49 PM - DEBUG - Recurrent inference with hidden state shape: (64, 128) and action shape: (64,)
11:08:49 PM - DEBUG - Recurrent inference with hidden state shape: (64, 128) and action shape: (64,)
11:08:49 PM - DEBUG - Recurrent inference with hidden state shape: (64, 128) and action shape: (64,)
11:08:49 PM - DEBUG - Training step 13 complete.
11:08:49 PM - INFO - Step   13: train/policy_loss = 0.699208
11:08:49 PM - INFO - Step   13: train/reward_loss = 0.865423
11:08:49 PM - INFO - Step   13: train/value_loss = 31.390554
11:08:49 PM - INFO - Step   13: total_loss = 32.955185
11:08:50 PM - DEBUG - Adding sample to PrioritizedMemoryBuffer with max priority. Current size: 126.
11:08:50 PM - INFO - Episode 127: Reward=  10.0, Length= 10, Loss=32.9552, Memory=12.70
11:08:50 PM - DEBUG - Adding sample to PrioritizedMemoryBuffer with max priority. Current size: 127.
11:08:50 PM - INFO - Episode 128: Reward=   9.0, Length=  9, Loss=32.9552, Memory=12.80
11:08:50 PM - DEBUG - Starting training step 14...
11:08:50 PM - DEBUG - Sampling 64 samples from PrioritizedMemoryBuffer.
11:08:51 PM - DEBUG - Recurrent inference with hidden state shape: (64, 128) and action shape: (64,)
11:08:51 PM - DEBUG - Recurrent inference with hidden state shape: (64, 128) and action shape: (64,)
11:08:51 PM - DEBUG - Recurrent inference with hidden state shape: (64, 128) and action shape: (64,)
11:08:51 PM - DEBUG - Recurrent inference with hidden state shape: (64, 128) and action shape: (64,)
11:08:51 PM - DEBUG - Recurrent inference with hidden state shape: (64, 128) and action shape: (64,)
11:08:51 PM - DEBUG - Training step 14 complete.
11:08:51 PM - INFO - Step   14: train/policy_loss = 0.699819
11:08:51 PM - INFO - Step   14: train/reward_loss = 0.732100
11:08:51 PM - INFO - Step   14: train/value_loss = 29.096167
11:08:51 PM - INFO - Step   14: total_loss = 30.528086
11:08:51 PM - DEBUG - Adding sample to PrioritizedMemoryBuffer with max priority. Current size: 128.
11:08:51 PM - INFO - Episode 129: Reward=   8.0, Length=  8, Loss=30.5281, Memory=12.90
11:08:52 PM - DEBUG - Adding sample to PrioritizedMemoryBuffer with max priority. Current size: 129.
11:08:52 PM - INFO - Episode 130: Reward=   8.0, Length=  8, Loss=30.5281, Memory=13.00
11:08:52 PM - DEBUG - Starting training step 15...
11:08:52 PM - DEBUG - Sampling 64 samples from PrioritizedMemoryBuffer.
11:08:52 PM - DEBUG - Recurrent inference with hidden state shape: (64, 128) and action shape: (64,)
11:08:52 PM - DEBUG - Recurrent inference with hidden state shape: (64, 128) and action shape: (64,)
11:08:52 PM - DEBUG - Recurrent inference with hidden state shape: (64, 128) and action shape: (64,)
11:08:52 PM - DEBUG - Recurrent inference with hidden state shape: (64, 128) and action shape: (64,)
11:08:52 PM - DEBUG - Recurrent inference with hidden state shape: (64, 128) and action shape: (64,)
11:08:52 PM - DEBUG - Training step 15 complete.
11:08:52 PM - INFO - Step   15: train/policy_loss = 0.699824
11:08:52 PM - INFO - Step   15: train/reward_loss = 0.587222
11:08:52 PM - INFO - Step   15: train/value_loss = 27.652895
11:08:52 PM - INFO - Step   15: total_loss = 28.939939
11:08:53 PM - DEBUG - Adding sample to PrioritizedMemoryBuffer with max priority. Current size: 130.
11:08:53 PM - INFO - Episode 131: Reward=   8.0, Length=  8, Loss=28.9399, Memory=13.10
11:08:53 PM - DEBUG - Adding sample to PrioritizedMemoryBuffer with max priority. Current size: 131.
11:08:53 PM - INFO - Episode 132: Reward=  10.0, Length= 10, Loss=28.9399, Memory=13.20
11:08:53 PM - DEBUG - Starting training step 16...
11:08:53 PM - DEBUG - Sampling 64 samples from PrioritizedMemoryBuffer.
11:08:53 PM - DEBUG - Recurrent inference with hidden state shape: (64, 128) and action shape: (64,)
11:08:53 PM - DEBUG - Recurrent inference with hidden state shape: (64, 128) and action shape: (64,)
11:08:53 PM - DEBUG - Recurrent inference with hidden state shape: (64, 128) and action shape: (64,)
11:08:53 PM - DEBUG - Recurrent inference with hidden state shape: (64, 128) and action shape: (64,)
11:08:53 PM - DEBUG - Recurrent inference with hidden state shape: (64, 128) and action shape: (64,)
11:08:53 PM - DEBUG - Training step 16 complete.
11:08:53 PM - INFO - Step   16: train/policy_loss = 0.694735
11:08:53 PM - INFO - Step   16: train/reward_loss = 0.469483
11:08:53 PM - INFO - Step   16: train/value_loss = 26.842615
11:08:53 PM - INFO - Step   16: total_loss = 28.006832
11:08:55 PM - DEBUG - Adding sample to PrioritizedMemoryBuffer with max priority. Current size: 132.
11:08:55 PM - INFO - Episode 133: Reward=  17.0, Length= 17, Loss=28.0068, Memory=13.30
11:08:55 PM - DEBUG - Adding sample to PrioritizedMemoryBuffer with max priority. Current size: 133.
11:08:55 PM - INFO - Episode 134: Reward=   9.0, Length=  9, Loss=28.0068, Memory=13.40
11:08:55 PM - DEBUG - Starting training step 17...
11:08:55 PM - DEBUG - Sampling 64 samples from PrioritizedMemoryBuffer.
11:08:55 PM - DEBUG - Recurrent inference with hidden state shape: (64, 128) and action shape: (64,)
11:08:55 PM - DEBUG - Recurrent inference with hidden state shape: (64, 128) and action shape: (64,)
11:08:55 PM - DEBUG - Recurrent inference with hidden state shape: (64, 128) and action shape: (64,)
11:08:55 PM - DEBUG - Recurrent inference with hidden state shape: (64, 128) and action shape: (64,)
11:08:55 PM - DEBUG - Recurrent inference with hidden state shape: (64, 128) and action shape: (64,)
11:08:55 PM - DEBUG - Training step 17 complete.
11:08:55 PM - INFO - Step   17: train/policy_loss = 0.693235
11:08:55 PM - INFO - Step   17: train/reward_loss = 0.422144
11:08:55 PM - INFO - Step   17: train/value_loss = 23.783079
11:08:55 PM - INFO - Step   17: total_loss = 24.898458
11:08:57 PM - DEBUG - Adding sample to PrioritizedMemoryBuffer with max priority. Current size: 134.
11:08:57 PM - INFO - Episode 135: Reward=  20.0, Length= 20, Loss=24.8985, Memory=13.50
11:09:00 PM - DEBUG - Adding sample to PrioritizedMemoryBuffer with max priority. Current size: 135.
11:09:00 PM - INFO - Episode 136: Reward=  40.0, Length= 40, Loss=24.8985, Memory=13.60
11:09:00 PM - DEBUG - Starting training step 18...
11:09:00 PM - DEBUG - Sampling 64 samples from PrioritizedMemoryBuffer.
11:09:00 PM - DEBUG - Recurrent inference with hidden state shape: (64, 128) and action shape: (64,)
11:09:00 PM - DEBUG - Recurrent inference with hidden state shape: (64, 128) and action shape: (64,)
11:09:00 PM - DEBUG - Recurrent inference with hidden state shape: (64, 128) and action shape: (64,)
11:09:00 PM - DEBUG - Recurrent inference with hidden state shape: (64, 128) and action shape: (64,)
11:09:00 PM - DEBUG - Recurrent inference with hidden state shape: (64, 128) and action shape: (64,)
11:09:00 PM - DEBUG - Training step 18 complete.
11:09:00 PM - INFO - Step   18: train/policy_loss = 0.701824
11:09:00 PM - INFO - Step   18: train/reward_loss = 0.405358
11:09:00 PM - INFO - Step   18: train/value_loss = 22.752638
11:09:00 PM - INFO - Step   18: total_loss = 23.859821
11:09:02 PM - DEBUG - Adding sample to PrioritizedMemoryBuffer with max priority. Current size: 136.
11:09:02 PM - INFO - Episode 137: Reward=  36.0, Length= 36, Loss=23.8598, Memory=13.70
11:09:03 PM - DEBUG - Adding sample to PrioritizedMemoryBuffer with max priority. Current size: 137.
11:09:03 PM - INFO - Episode 138: Reward=  16.0, Length= 16, Loss=23.8598, Memory=13.80
11:09:03 PM - DEBUG - Starting training step 19...
11:09:03 PM - DEBUG - Sampling 64 samples from PrioritizedMemoryBuffer.
11:09:03 PM - DEBUG - Recurrent inference with hidden state shape: (64, 128) and action shape: (64,)
11:09:03 PM - DEBUG - Recurrent inference with hidden state shape: (64, 128) and action shape: (64,)
11:09:03 PM - DEBUG - Recurrent inference with hidden state shape: (64, 128) and action shape: (64,)
11:09:03 PM - DEBUG - Recurrent inference with hidden state shape: (64, 128) and action shape: (64,)
11:09:03 PM - DEBUG - Recurrent inference with hidden state shape: (64, 128) and action shape: (64,)
11:09:04 PM - DEBUG - Training step 19 complete.
11:09:04 PM - INFO - Step   19: train/policy_loss = 0.708935
11:09:04 PM - INFO - Step   19: train/reward_loss = 0.380444
11:09:04 PM - INFO - Step   19: train/value_loss = 22.454193
11:09:04 PM - INFO - Step   19: total_loss = 23.543571
11:09:04 PM - DEBUG - Adding sample to PrioritizedMemoryBuffer with max priority. Current size: 138.
11:09:04 PM - INFO - Episode 139: Reward=  10.0, Length= 10, Loss=23.5436, Memory=13.90
11:09:05 PM - DEBUG - Adding sample to PrioritizedMemoryBuffer with max priority. Current size: 139.
11:09:05 PM - INFO - Episode 140: Reward=  13.0, Length= 13, Loss=23.5436, Memory=14.00
11:09:05 PM - DEBUG - Starting training step 20...
11:09:05 PM - DEBUG - Sampling 64 samples from PrioritizedMemoryBuffer.
11:09:05 PM - DEBUG - Recurrent inference with hidden state shape: (64, 128) and action shape: (64,)
11:09:05 PM - DEBUG - Recurrent inference with hidden state shape: (64, 128) and action shape: (64,)
11:09:05 PM - DEBUG - Recurrent inference with hidden state shape: (64, 128) and action shape: (64,)
11:09:05 PM - DEBUG - Recurrent inference with hidden state shape: (64, 128) and action shape: (64,)
11:09:05 PM - DEBUG - Recurrent inference with hidden state shape: (64, 128) and action shape: (64,)
11:09:05 PM - DEBUG - Training step 20 complete.
11:09:05 PM - INFO - Step   20: train/policy_loss = 0.700144
11:09:05 PM - INFO - Step   20: train/reward_loss = 0.364972
11:09:05 PM - INFO - Step   20: train/value_loss = 21.955215
11:09:05 PM - INFO - Step   20: total_loss = 23.020330
11:09:06 PM - DEBUG - Adding sample to PrioritizedMemoryBuffer with max priority. Current size: 140.
11:09:06 PM - INFO - Episode 141: Reward=  15.0, Length= 15, Loss=23.0203, Memory=14.10
11:09:06 PM - INFO - Progress: 7.0% | 0.78 it/s | ETA: 39:49
11:09:07 PM - DEBUG - Adding sample to PrioritizedMemoryBuffer with max priority. Current size: 141.
11:09:07 PM - INFO - Episode 142: Reward=  16.0, Length= 16, Loss=23.0203, Memory=14.20
11:09:07 PM - DEBUG - Starting training step 21...
11:09:07 PM - DEBUG - Sampling 64 samples from PrioritizedMemoryBuffer.
11:09:07 PM - DEBUG - Recurrent inference with hidden state shape: (64, 128) and action shape: (64,)
11:09:07 PM - DEBUG - Recurrent inference with hidden state shape: (64, 128) and action shape: (64,)
11:09:07 PM - DEBUG - Recurrent inference with hidden state shape: (64, 128) and action shape: (64,)
11:09:07 PM - DEBUG - Recurrent inference with hidden state shape: (64, 128) and action shape: (64,)
11:09:07 PM - DEBUG - Recurrent inference with hidden state shape: (64, 128) and action shape: (64,)
11:09:08 PM - DEBUG - Training step 21 complete.
11:09:08 PM - INFO - Step   21: train/policy_loss = 0.698645
11:09:08 PM - INFO - Step   21: train/reward_loss = 0.364043
11:09:08 PM - INFO - Step   21: train/value_loss = 20.296961
11:09:08 PM - INFO - Step   21: total_loss = 21.359648
11:09:09 PM - DEBUG - Adding sample to PrioritizedMemoryBuffer with max priority. Current size: 142.
11:09:09 PM - INFO - Episode 143: Reward=  23.0, Length= 23, Loss=21.3596, Memory=14.30
11:09:10 PM - DEBUG - Adding sample to PrioritizedMemoryBuffer with max priority. Current size: 143.
11:09:10 PM - INFO - Episode 144: Reward=  14.0, Length= 14, Loss=21.3596, Memory=14.40
11:09:10 PM - DEBUG - Starting training step 22...
11:09:10 PM - DEBUG - Sampling 64 samples from PrioritizedMemoryBuffer.
11:09:10 PM - DEBUG - Recurrent inference with hidden state shape: (64, 128) and action shape: (64,)
11:09:10 PM - DEBUG - Recurrent inference with hidden state shape: (64, 128) and action shape: (64,)
11:09:10 PM - DEBUG - Recurrent inference with hidden state shape: (64, 128) and action shape: (64,)
11:09:10 PM - DEBUG - Recurrent inference with hidden state shape: (64, 128) and action shape: (64,)
11:09:10 PM - DEBUG - Recurrent inference with hidden state shape: (64, 128) and action shape: (64,)
11:09:10 PM - DEBUG - Training step 22 complete.
11:09:10 PM - INFO - Step   22: train/policy_loss = 0.696065
11:09:10 PM - INFO - Step   22: train/reward_loss = 0.379369
11:09:10 PM - INFO - Step   22: train/value_loss = 18.440935
11:09:10 PM - INFO - Step   22: total_loss = 19.516371
11:09:11 PM - DEBUG - Adding sample to PrioritizedMemoryBuffer with max priority. Current size: 144.
11:09:11 PM - INFO - Episode 145: Reward=  13.0, Length= 13, Loss=19.5164, Memory=14.50
11:09:12 PM - DEBUG - Adding sample to PrioritizedMemoryBuffer with max priority. Current size: 145.
11:09:12 PM - INFO - Episode 146: Reward=  10.0, Length= 10, Loss=19.5164, Memory=14.60
11:09:12 PM - DEBUG - Starting training step 23...
11:09:12 PM - DEBUG - Sampling 64 samples from PrioritizedMemoryBuffer.
11:09:12 PM - DEBUG - Recurrent inference with hidden state shape: (64, 128) and action shape: (64,)
11:09:12 PM - DEBUG - Recurrent inference with hidden state shape: (64, 128) and action shape: (64,)
11:09:12 PM - DEBUG - Recurrent inference with hidden state shape: (64, 128) and action shape: (64,)
11:09:12 PM - DEBUG - Recurrent inference with hidden state shape: (64, 128) and action shape: (64,)
11:09:12 PM - DEBUG - Recurrent inference with hidden state shape: (64, 128) and action shape: (64,)
11:09:12 PM - DEBUG - Training step 23 complete.
11:09:12 PM - INFO - Step   23: train/policy_loss = 0.690298
11:09:12 PM - INFO - Step   23: train/reward_loss = 0.364845
11:09:12 PM - INFO - Step   23: train/value_loss = 17.338993
11:09:12 PM - INFO - Step   23: total_loss = 18.394136
11:09:13 PM - DEBUG - Adding sample to PrioritizedMemoryBuffer with max priority. Current size: 146.
11:09:13 PM - INFO - Episode 147: Reward=  20.0, Length= 20, Loss=18.3941, Memory=14.70
11:09:14 PM - DEBUG - Adding sample to PrioritizedMemoryBuffer with max priority. Current size: 147.
11:09:14 PM - INFO - Episode 148: Reward=  18.0, Length= 18, Loss=18.3941, Memory=14.80
11:09:14 PM - DEBUG - Starting training step 24...
11:09:14 PM - DEBUG - Sampling 64 samples from PrioritizedMemoryBuffer.
11:09:14 PM - DEBUG - Recurrent inference with hidden state shape: (64, 128) and action shape: (64,)
11:09:14 PM - DEBUG - Recurrent inference with hidden state shape: (64, 128) and action shape: (64,)
11:09:14 PM - DEBUG - Recurrent inference with hidden state shape: (64, 128) and action shape: (64,)
11:09:14 PM - DEBUG - Recurrent inference with hidden state shape: (64, 128) and action shape: (64,)
11:09:14 PM - DEBUG - Recurrent inference with hidden state shape: (64, 128) and action shape: (64,)
11:09:14 PM - DEBUG - Training step 24 complete.
11:09:14 PM - INFO - Step   24: train/policy_loss = 0.701006
11:09:14 PM - INFO - Step   24: train/reward_loss = 0.347798
11:09:14 PM - INFO - Step   24: train/value_loss = 16.837965
11:09:14 PM - INFO - Step   24: total_loss = 17.886770
11:09:15 PM - DEBUG - Adding sample to PrioritizedMemoryBuffer with max priority. Current size: 148.
11:09:15 PM - INFO - Episode 149: Reward=  12.0, Length= 12, Loss=17.8868, Memory=14.90
11:09:16 PM - DEBUG - Adding sample to PrioritizedMemoryBuffer with max priority. Current size: 149.
11:09:16 PM - INFO - Episode 150: Reward=  14.0, Length= 14, Loss=17.8868, Memory=15.00
11:09:16 PM - DEBUG - Starting training step 25...
11:09:16 PM - DEBUG - Sampling 64 samples from PrioritizedMemoryBuffer.
11:09:16 PM - DEBUG - Recurrent inference with hidden state shape: (64, 128) and action shape: (64,)
11:09:16 PM - DEBUG - Recurrent inference with hidden state shape: (64, 128) and action shape: (64,)
11:09:16 PM - DEBUG - Recurrent inference with hidden state shape: (64, 128) and action shape: (64,)
11:09:16 PM - DEBUG - Recurrent inference with hidden state shape: (64, 128) and action shape: (64,)
11:09:16 PM - DEBUG - Recurrent inference with hidden state shape: (64, 128) and action shape: (64,)
11:09:16 PM - DEBUG - Training step 25 complete.
11:09:16 PM - INFO - Step   25: train/policy_loss = 0.704558
11:09:16 PM - INFO - Step   25: train/reward_loss = 0.312655
11:09:16 PM - INFO - Step   25: train/value_loss = 16.039511
11:09:16 PM - INFO - Step   25: total_loss = 17.056723
11:09:16 PM - DEBUG - Saving agent state.
11:09:16 PM - INFO - Checkpoint saved to checkpoints/CartPole-v1/20250720_230602/episode_00150.pkl
11:09:18 PM - DEBUG - Adding sample to PrioritizedMemoryBuffer with max priority. Current size: 150.
11:09:18 PM - INFO - Episode 151: Reward=  18.0, Length= 18, Loss=17.0567, Memory=15.10
11:09:18 PM - DEBUG - Adding sample to PrioritizedMemoryBuffer with max priority. Current size: 151.
11:09:18 PM - INFO - Episode 152: Reward=  12.0, Length= 12, Loss=17.0567, Memory=15.20
11:09:18 PM - DEBUG - Starting training step 26...
11:09:18 PM - DEBUG - Sampling 64 samples from PrioritizedMemoryBuffer.
11:09:19 PM - DEBUG - Recurrent inference with hidden state shape: (64, 128) and action shape: (64,)
11:09:19 PM - DEBUG - Recurrent inference with hidden state shape: (64, 128) and action shape: (64,)
11:09:19 PM - DEBUG - Recurrent inference with hidden state shape: (64, 128) and action shape: (64,)
11:09:19 PM - DEBUG - Recurrent inference with hidden state shape: (64, 128) and action shape: (64,)
11:09:19 PM - DEBUG - Recurrent inference with hidden state shape: (64, 128) and action shape: (64,)
11:09:19 PM - DEBUG - Training step 26 complete.
11:09:19 PM - INFO - Step   26: train/policy_loss = 0.702285
11:09:19 PM - INFO - Step   26: train/reward_loss = 0.308075
11:09:19 PM - INFO - Step   26: train/value_loss = 15.041137
11:09:19 PM - INFO - Step   26: total_loss = 16.051498
11:09:22 PM - DEBUG - Adding sample to PrioritizedMemoryBuffer with max priority. Current size: 152.
11:09:22 PM - INFO - Episode 153: Reward=  49.0, Length= 49, Loss=16.0515, Memory=15.30
11:09:23 PM - DEBUG - Adding sample to PrioritizedMemoryBuffer with max priority. Current size: 153.
11:09:23 PM - INFO - Episode 154: Reward=  12.0, Length= 12, Loss=16.0515, Memory=15.40
11:09:23 PM - DEBUG - Starting training step 27...
11:09:23 PM - DEBUG - Sampling 64 samples from PrioritizedMemoryBuffer.
11:09:23 PM - DEBUG - Recurrent inference with hidden state shape: (64, 128) and action shape: (64,)
11:09:23 PM - DEBUG - Recurrent inference with hidden state shape: (64, 128) and action shape: (64,)
11:09:23 PM - DEBUG - Recurrent inference with hidden state shape: (64, 128) and action shape: (64,)
11:09:23 PM - DEBUG - Recurrent inference with hidden state shape: (64, 128) and action shape: (64,)
11:09:23 PM - DEBUG - Recurrent inference with hidden state shape: (64, 128) and action shape: (64,)
11:09:23 PM - DEBUG - Training step 27 complete.
11:09:23 PM - INFO - Step   27: train/policy_loss = 0.706024
11:09:23 PM - INFO - Step   27: train/reward_loss = 0.360264
11:09:23 PM - INFO - Step   27: train/value_loss = 14.221261
11:09:23 PM - INFO - Step   27: total_loss = 15.287549
11:09:24 PM - DEBUG - Adding sample to PrioritizedMemoryBuffer with max priority. Current size: 154.
11:09:24 PM - INFO - Episode 155: Reward=  15.0, Length= 15, Loss=15.2875, Memory=15.50
11:09:25 PM - DEBUG - Adding sample to PrioritizedMemoryBuffer with max priority. Current size: 155.
11:09:25 PM - INFO - Episode 156: Reward=  20.0, Length= 20, Loss=15.2875, Memory=15.60
11:09:25 PM - DEBUG - Starting training step 28...
11:09:25 PM - DEBUG - Sampling 64 samples from PrioritizedMemoryBuffer.
11:09:25 PM - DEBUG - Recurrent inference with hidden state shape: (64, 128) and action shape: (64,)
11:09:25 PM - DEBUG - Recurrent inference with hidden state shape: (64, 128) and action shape: (64,)
11:09:25 PM - DEBUG - Recurrent inference with hidden state shape: (64, 128) and action shape: (64,)
11:09:25 PM - DEBUG - Recurrent inference with hidden state shape: (64, 128) and action shape: (64,)
11:09:26 PM - DEBUG - Recurrent inference with hidden state shape: (64, 128) and action shape: (64,)
11:09:26 PM - DEBUG - Training step 28 complete.
11:09:26 PM - INFO - Step   28: train/policy_loss = 0.716785
11:09:26 PM - INFO - Step   28: train/reward_loss = 0.291877
11:09:26 PM - INFO - Step   28: train/value_loss = 13.410123
11:09:26 PM - INFO - Step   28: total_loss = 14.418784
11:09:27 PM - DEBUG - Adding sample to PrioritizedMemoryBuffer with max priority. Current size: 156.
11:09:27 PM - INFO - Episode 157: Reward=  27.0, Length= 27, Loss=14.4188, Memory=15.70
11:09:28 PM - DEBUG - Adding sample to PrioritizedMemoryBuffer with max priority. Current size: 157.
11:09:28 PM - INFO - Episode 158: Reward=  11.0, Length= 11, Loss=14.4188, Memory=15.80
11:09:28 PM - DEBUG - Starting training step 29...
11:09:28 PM - DEBUG - Sampling 64 samples from PrioritizedMemoryBuffer.
11:09:28 PM - DEBUG - Recurrent inference with hidden state shape: (64, 128) and action shape: (64,)
11:09:28 PM - DEBUG - Recurrent inference with hidden state shape: (64, 128) and action shape: (64,)
11:09:28 PM - DEBUG - Recurrent inference with hidden state shape: (64, 128) and action shape: (64,)
11:09:28 PM - DEBUG - Recurrent inference with hidden state shape: (64, 128) and action shape: (64,)
11:09:28 PM - DEBUG - Recurrent inference with hidden state shape: (64, 128) and action shape: (64,)
11:09:28 PM - DEBUG - Training step 29 complete.
11:09:28 PM - INFO - Step   29: train/policy_loss = 0.688338
11:09:28 PM - INFO - Step   29: train/reward_loss = 0.251927
11:09:28 PM - INFO - Step   29: train/value_loss = 12.996259
11:09:28 PM - INFO - Step   29: total_loss = 13.936524
11:09:30 PM - DEBUG - Adding sample to PrioritizedMemoryBuffer with max priority. Current size: 158.
11:09:30 PM - INFO - Episode 159: Reward=  21.0, Length= 21, Loss=13.9365, Memory=15.90
11:09:31 PM - DEBUG - Adding sample to PrioritizedMemoryBuffer with max priority. Current size: 159.
11:09:31 PM - INFO - Episode 160: Reward=  15.0, Length= 15, Loss=13.9365, Memory=16.00
11:09:31 PM - DEBUG - Starting training step 30...
11:09:31 PM - DEBUG - Sampling 64 samples from PrioritizedMemoryBuffer.
11:09:31 PM - DEBUG - Recurrent inference with hidden state shape: (64, 128) and action shape: (64,)
11:09:31 PM - DEBUG - Recurrent inference with hidden state shape: (64, 128) and action shape: (64,)
11:09:31 PM - DEBUG - Recurrent inference with hidden state shape: (64, 128) and action shape: (64,)
11:09:31 PM - DEBUG - Recurrent inference with hidden state shape: (64, 128) and action shape: (64,)
11:09:31 PM - DEBUG - Recurrent inference with hidden state shape: (64, 128) and action shape: (64,)
11:09:31 PM - DEBUG - Training step 30 complete.
11:09:31 PM - INFO - Step   30: train/policy_loss = 0.693909
11:09:31 PM - INFO - Step   30: train/reward_loss = 0.219840
11:09:31 PM - INFO - Step   30: train/value_loss = 12.355304
11:09:31 PM - INFO - Step   30: total_loss = 13.269053
11:09:32 PM - DEBUG - Adding sample to PrioritizedMemoryBuffer with max priority. Current size: 160.
11:09:32 PM - INFO - Episode 161: Reward=  18.0, Length= 18, Loss=13.2691, Memory=16.10
11:09:32 PM - INFO - Progress: 8.0% | 0.76 it/s | ETA: 40:36
11:09:33 PM - DEBUG - Adding sample to PrioritizedMemoryBuffer with max priority. Current size: 161.
11:09:33 PM - INFO - Episode 162: Reward=  19.0, Length= 19, Loss=13.2691, Memory=16.20
11:09:33 PM - DEBUG - Starting training step 31...
11:09:33 PM - DEBUG - Sampling 64 samples from PrioritizedMemoryBuffer.
11:09:34 PM - DEBUG - Recurrent inference with hidden state shape: (64, 128) and action shape: (64,)
11:09:34 PM - DEBUG - Recurrent inference with hidden state shape: (64, 128) and action shape: (64,)
11:09:34 PM - DEBUG - Recurrent inference with hidden state shape: (64, 128) and action shape: (64,)
11:09:34 PM - DEBUG - Recurrent inference with hidden state shape: (64, 128) and action shape: (64,)
11:09:34 PM - DEBUG - Recurrent inference with hidden state shape: (64, 128) and action shape: (64,)
11:09:34 PM - DEBUG - Training step 31 complete.
11:09:34 PM - INFO - Step   31: train/policy_loss = 0.694061
11:09:34 PM - INFO - Step   31: train/reward_loss = 0.221880
11:09:34 PM - INFO - Step   31: train/value_loss = 11.731736
11:09:34 PM - INFO - Step   31: total_loss = 12.647677
11:09:34 PM - DEBUG - Adding sample to PrioritizedMemoryBuffer with max priority. Current size: 162.
11:09:34 PM - INFO - Episode 163: Reward=  10.0, Length= 10, Loss=12.6477, Memory=16.30
11:09:36 PM - DEBUG - Adding sample to PrioritizedMemoryBuffer with max priority. Current size: 163.
11:09:36 PM - INFO - Episode 164: Reward=  28.0, Length= 28, Loss=12.6477, Memory=16.40
11:09:36 PM - DEBUG - Starting training step 32...
11:09:36 PM - DEBUG - Sampling 64 samples from PrioritizedMemoryBuffer.
11:09:36 PM - DEBUG - Recurrent inference with hidden state shape: (64, 128) and action shape: (64,)
11:09:36 PM - DEBUG - Recurrent inference with hidden state shape: (64, 128) and action shape: (64,)
11:09:36 PM - DEBUG - Recurrent inference with hidden state shape: (64, 128) and action shape: (64,)
11:09:37 PM - DEBUG - Recurrent inference with hidden state shape: (64, 128) and action shape: (64,)
11:09:37 PM - DEBUG - Recurrent inference with hidden state shape: (64, 128) and action shape: (64,)
11:09:37 PM - DEBUG - Training step 32 complete.
11:09:37 PM - INFO - Step   32: train/policy_loss = 0.699636
11:09:37 PM - INFO - Step   32: train/reward_loss = 0.244373
11:09:37 PM - INFO - Step   32: train/value_loss = 11.194996
11:09:37 PM - INFO - Step   32: total_loss = 12.139005
11:09:38 PM - DEBUG - Adding sample to PrioritizedMemoryBuffer with max priority. Current size: 164.
11:09:38 PM - INFO - Episode 165: Reward=  26.0, Length= 26, Loss=12.1390, Memory=16.50
11:09:40 PM - DEBUG - Adding sample to PrioritizedMemoryBuffer with max priority. Current size: 165.
11:09:40 PM - INFO - Episode 166: Reward=  22.0, Length= 22, Loss=12.1390, Memory=16.60
11:09:40 PM - DEBUG - Starting training step 33...
11:09:40 PM - DEBUG - Sampling 64 samples from PrioritizedMemoryBuffer.
11:09:40 PM - DEBUG - Recurrent inference with hidden state shape: (64, 128) and action shape: (64,)
11:09:40 PM - DEBUG - Recurrent inference with hidden state shape: (64, 128) and action shape: (64,)
11:09:40 PM - DEBUG - Recurrent inference with hidden state shape: (64, 128) and action shape: (64,)
11:09:40 PM - DEBUG - Recurrent inference with hidden state shape: (64, 128) and action shape: (64,)
11:09:40 PM - DEBUG - Recurrent inference with hidden state shape: (64, 128) and action shape: (64,)
11:09:40 PM - DEBUG - Training step 33 complete.
11:09:40 PM - INFO - Step   33: train/policy_loss = 0.700665
11:09:40 PM - INFO - Step   33: train/reward_loss = 0.248679
11:09:40 PM - INFO - Step   33: train/value_loss = 11.118104
11:09:40 PM - INFO - Step   33: total_loss = 12.067449
11:09:41 PM - DEBUG - Adding sample to PrioritizedMemoryBuffer with max priority. Current size: 166.
11:09:41 PM - INFO - Episode 167: Reward=  11.0, Length= 11, Loss=12.0674, Memory=16.70
11:09:42 PM - DEBUG - Adding sample to PrioritizedMemoryBuffer with max priority. Current size: 167.
11:09:42 PM - INFO - Episode 168: Reward=   9.0, Length=  9, Loss=12.0674, Memory=16.80
11:09:42 PM - DEBUG - Starting training step 34...
11:09:42 PM - DEBUG - Sampling 64 samples from PrioritizedMemoryBuffer.
11:09:42 PM - DEBUG - Recurrent inference with hidden state shape: (64, 128) and action shape: (64,)
11:09:42 PM - DEBUG - Recurrent inference with hidden state shape: (64, 128) and action shape: (64,)
11:09:42 PM - DEBUG - Recurrent inference with hidden state shape: (64, 128) and action shape: (64,)
11:09:42 PM - DEBUG - Recurrent inference with hidden state shape: (64, 128) and action shape: (64,)
11:09:42 PM - DEBUG - Recurrent inference with hidden state shape: (64, 128) and action shape: (64,)
11:09:42 PM - DEBUG - Training step 34 complete.
11:09:42 PM - INFO - Step   34: train/policy_loss = 0.696924
11:09:42 PM - INFO - Step   34: train/reward_loss = 0.245528
11:09:42 PM - INFO - Step   34: train/value_loss = 10.752776
11:09:42 PM - INFO - Step   34: total_loss = 11.695229
11:09:43 PM - DEBUG - Adding sample to PrioritizedMemoryBuffer with max priority. Current size: 168.
11:09:43 PM - INFO - Episode 169: Reward=  15.0, Length= 15, Loss=11.6952, Memory=16.90
11:09:44 PM - DEBUG - Adding sample to PrioritizedMemoryBuffer with max priority. Current size: 169.
11:09:44 PM - INFO - Episode 170: Reward=  16.0, Length= 16, Loss=11.6952, Memory=17.00
11:09:44 PM - DEBUG - Starting training step 35...
11:09:44 PM - DEBUG - Sampling 64 samples from PrioritizedMemoryBuffer.
11:09:44 PM - DEBUG - Recurrent inference with hidden state shape: (64, 128) and action shape: (64,)
11:09:44 PM - DEBUG - Recurrent inference with hidden state shape: (64, 128) and action shape: (64,)
11:09:44 PM - DEBUG - Recurrent inference with hidden state shape: (64, 128) and action shape: (64,)
11:09:44 PM - DEBUG - Recurrent inference with hidden state shape: (64, 128) and action shape: (64,)
11:09:44 PM - DEBUG - Recurrent inference with hidden state shape: (64, 128) and action shape: (64,)
11:09:44 PM - DEBUG - Training step 35 complete.
11:09:44 PM - INFO - Step   35: train/policy_loss = 0.702664
11:09:44 PM - INFO - Step   35: train/reward_loss = 0.212106
11:09:44 PM - INFO - Step   35: train/value_loss = 10.459176
11:09:44 PM - INFO - Step   35: total_loss = 11.373946
11:09:45 PM - DEBUG - Adding sample to PrioritizedMemoryBuffer with max priority. Current size: 170.
11:09:45 PM - INFO - Episode 171: Reward=  14.0, Length= 14, Loss=11.3739, Memory=17.10
11:09:46 PM - DEBUG - Adding sample to PrioritizedMemoryBuffer with max priority. Current size: 171.
11:09:46 PM - INFO - Episode 172: Reward=   9.0, Length=  9, Loss=11.3739, Memory=17.20
11:09:46 PM - DEBUG - Starting training step 36...
11:09:46 PM - DEBUG - Sampling 64 samples from PrioritizedMemoryBuffer.
11:09:46 PM - DEBUG - Recurrent inference with hidden state shape: (64, 128) and action shape: (64,)
11:09:46 PM - DEBUG - Recurrent inference with hidden state shape: (64, 128) and action shape: (64,)
11:09:46 PM - DEBUG - Recurrent inference with hidden state shape: (64, 128) and action shape: (64,)
11:09:46 PM - DEBUG - Recurrent inference with hidden state shape: (64, 128) and action shape: (64,)
11:09:46 PM - DEBUG - Recurrent inference with hidden state shape: (64, 128) and action shape: (64,)
11:09:46 PM - DEBUG - Training step 36 complete.
11:09:46 PM - INFO - Step   36: train/policy_loss = 0.704207
11:09:46 PM - INFO - Step   36: train/reward_loss = 0.181920
11:09:46 PM - INFO - Step   36: train/value_loss = 10.230029
11:09:46 PM - INFO - Step   36: total_loss = 11.116156
11:09:47 PM - DEBUG - Adding sample to PrioritizedMemoryBuffer with max priority. Current size: 172.
11:09:47 PM - INFO - Episode 173: Reward=  13.0, Length= 13, Loss=11.1162, Memory=17.30
11:09:49 PM - DEBUG - Adding sample to PrioritizedMemoryBuffer with max priority. Current size: 173.
11:09:49 PM - INFO - Episode 174: Reward=  10.0, Length= 10, Loss=11.1162, Memory=17.40
11:09:49 PM - DEBUG - Starting training step 37...
11:09:49 PM - DEBUG - Sampling 64 samples from PrioritizedMemoryBuffer.
11:09:49 PM - DEBUG - Recurrent inference with hidden state shape: (64, 128) and action shape: (64,)
11:09:49 PM - DEBUG - Recurrent inference with hidden state shape: (64, 128) and action shape: (64,)
11:09:49 PM - DEBUG - Recurrent inference with hidden state shape: (64, 128) and action shape: (64,)
11:09:49 PM - DEBUG - Recurrent inference with hidden state shape: (64, 128) and action shape: (64,)
11:09:49 PM - DEBUG - Recurrent inference with hidden state shape: (64, 128) and action shape: (64,)
11:09:49 PM - DEBUG - Training step 37 complete.
11:09:49 PM - INFO - Step   37: train/policy_loss = 0.700235
11:09:49 PM - INFO - Step   37: train/reward_loss = 0.180047
11:09:49 PM - INFO - Step   37: train/value_loss = 9.625811
11:09:49 PM - INFO - Step   37: total_loss = 10.506093
11:09:50 PM - DEBUG - Adding sample to PrioritizedMemoryBuffer with max priority. Current size: 174.
11:09:50 PM - INFO - Episode 175: Reward=   9.0, Length=  9, Loss=10.5061, Memory=17.50
11:09:51 PM - DEBUG - Adding sample to PrioritizedMemoryBuffer with max priority. Current size: 175.
11:09:51 PM - INFO - Episode 176: Reward=  15.0, Length= 15, Loss=10.5061, Memory=17.60
11:09:51 PM - DEBUG - Starting training step 38...
11:09:51 PM - DEBUG - Sampling 64 samples from PrioritizedMemoryBuffer.
11:09:51 PM - DEBUG - Recurrent inference with hidden state shape: (64, 128) and action shape: (64,)
11:09:51 PM - DEBUG - Recurrent inference with hidden state shape: (64, 128) and action shape: (64,)
11:09:51 PM - DEBUG - Recurrent inference with hidden state shape: (64, 128) and action shape: (64,)
11:09:51 PM - DEBUG - Recurrent inference with hidden state shape: (64, 128) and action shape: (64,)
11:09:51 PM - DEBUG - Recurrent inference with hidden state shape: (64, 128) and action shape: (64,)
11:09:51 PM - DEBUG - Training step 38 complete.
11:09:51 PM - INFO - Step   38: train/policy_loss = 0.701018
11:09:51 PM - INFO - Step   38: train/reward_loss = 0.190705
11:09:51 PM - INFO - Step   38: train/value_loss = 9.245091
11:09:51 PM - INFO - Step   38: total_loss = 10.136813
11:09:53 PM - DEBUG - Adding sample to PrioritizedMemoryBuffer with max priority. Current size: 176.
11:09:53 PM - INFO - Episode 177: Reward=  35.0, Length= 35, Loss=10.1368, Memory=17.70
11:09:54 PM - DEBUG - Adding sample to PrioritizedMemoryBuffer with max priority. Current size: 177.
11:09:54 PM - INFO - Episode 178: Reward=  16.0, Length= 16, Loss=10.1368, Memory=17.80
11:09:54 PM - DEBUG - Starting training step 39...
11:09:54 PM - DEBUG - Sampling 64 samples from PrioritizedMemoryBuffer.
11:09:55 PM - DEBUG - Recurrent inference with hidden state shape: (64, 128) and action shape: (64,)
11:09:55 PM - DEBUG - Recurrent inference with hidden state shape: (64, 128) and action shape: (64,)
11:09:55 PM - DEBUG - Recurrent inference with hidden state shape: (64, 128) and action shape: (64,)
11:09:55 PM - DEBUG - Recurrent inference with hidden state shape: (64, 128) and action shape: (64,)
11:09:55 PM - DEBUG - Recurrent inference with hidden state shape: (64, 128) and action shape: (64,)
11:09:55 PM - DEBUG - Training step 39 complete.
11:09:55 PM - INFO - Step   39: train/policy_loss = 0.701289
11:09:55 PM - INFO - Step   39: train/reward_loss = 0.187785
11:09:55 PM - INFO - Step   39: train/value_loss = 8.810119
11:09:55 PM - INFO - Step   39: total_loss = 9.699192
11:09:56 PM - DEBUG - Adding sample to PrioritizedMemoryBuffer with max priority. Current size: 178.
11:09:56 PM - INFO - Episode 179: Reward=  17.0, Length= 17, Loss=9.6992, Memory=17.90
11:09:57 PM - DEBUG - Adding sample to PrioritizedMemoryBuffer with max priority. Current size: 179.
11:09:57 PM - INFO - Episode 180: Reward=  14.0, Length= 14, Loss=9.6992, Memory=18.00
11:09:57 PM - DEBUG - Starting training step 40...
11:09:57 PM - DEBUG - Sampling 64 samples from PrioritizedMemoryBuffer.
11:09:57 PM - DEBUG - Recurrent inference with hidden state shape: (64, 128) and action shape: (64,)
11:09:57 PM - DEBUG - Recurrent inference with hidden state shape: (64, 128) and action shape: (64,)
11:09:57 PM - DEBUG - Recurrent inference with hidden state shape: (64, 128) and action shape: (64,)
11:09:57 PM - DEBUG - Recurrent inference with hidden state shape: (64, 128) and action shape: (64,)
11:09:57 PM - DEBUG - Recurrent inference with hidden state shape: (64, 128) and action shape: (64,)
11:09:57 PM - DEBUG - Training step 40 complete.
11:09:57 PM - INFO - Step   40: train/policy_loss = 0.696676
11:09:57 PM - INFO - Step   40: train/reward_loss = 0.173075
11:09:57 PM - INFO - Step   40: train/value_loss = 8.079412
11:09:57 PM - INFO - Step   40: total_loss = 8.949162
11:09:58 PM - DEBUG - Adding sample to PrioritizedMemoryBuffer with max priority. Current size: 180.
11:09:58 PM - INFO - Episode 181: Reward=  21.0, Length= 21, Loss=8.9492, Memory=18.10
11:09:58 PM - INFO - Progress: 9.0% | 0.77 it/s | ETA: 39:32
11:09:59 PM - DEBUG - Adding sample to PrioritizedMemoryBuffer with max priority. Current size: 181.
11:09:59 PM - INFO - Episode 182: Reward=  10.0, Length= 10, Loss=8.9492, Memory=18.20
11:09:59 PM - DEBUG - Starting training step 41...
11:09:59 PM - DEBUG - Sampling 64 samples from PrioritizedMemoryBuffer.
11:09:59 PM - DEBUG - Recurrent inference with hidden state shape: (64, 128) and action shape: (64,)
11:09:59 PM - DEBUG - Recurrent inference with hidden state shape: (64, 128) and action shape: (64,)
11:09:59 PM - DEBUG - Recurrent inference with hidden state shape: (64, 128) and action shape: (64,)
11:09:59 PM - DEBUG - Recurrent inference with hidden state shape: (64, 128) and action shape: (64,)
11:09:59 PM - DEBUG - Recurrent inference with hidden state shape: (64, 128) and action shape: (64,)
11:09:59 PM - DEBUG - Training step 41 complete.
11:09:59 PM - INFO - Step   41: train/policy_loss = 0.697155
11:09:59 PM - INFO - Step   41: train/reward_loss = 0.145634
11:09:59 PM - INFO - Step   41: train/value_loss = 7.621839
11:09:59 PM - INFO - Step   41: total_loss = 8.464627
11:10:00 PM - DEBUG - Adding sample to PrioritizedMemoryBuffer with max priority. Current size: 182.
11:10:00 PM - INFO - Episode 183: Reward=  14.0, Length= 14, Loss=8.4646, Memory=18.30
11:10:02 PM - DEBUG - Adding sample to PrioritizedMemoryBuffer with max priority. Current size: 183.
11:10:02 PM - INFO - Episode 184: Reward=  30.0, Length= 30, Loss=8.4646, Memory=18.40
11:10:02 PM - DEBUG - Starting training step 42...
11:10:02 PM - DEBUG - Sampling 64 samples from PrioritizedMemoryBuffer.
11:10:02 PM - DEBUG - Recurrent inference with hidden state shape: (64, 128) and action shape: (64,)
11:10:02 PM - DEBUG - Recurrent inference with hidden state shape: (64, 128) and action shape: (64,)
11:10:02 PM - DEBUG - Recurrent inference with hidden state shape: (64, 128) and action shape: (64,)
11:10:02 PM - DEBUG - Recurrent inference with hidden state shape: (64, 128) and action shape: (64,)
11:10:02 PM - DEBUG - Recurrent inference with hidden state shape: (64, 128) and action shape: (64,)
11:10:02 PM - DEBUG - Training step 42 complete.
11:10:02 PM - INFO - Step   42: train/policy_loss = 0.692161
11:10:02 PM - INFO - Step   42: train/reward_loss = 0.126443
11:10:02 PM - INFO - Step   42: train/value_loss = 7.058567
11:10:02 PM - INFO - Step   42: total_loss = 7.877171
11:10:03 PM - DEBUG - Adding sample to PrioritizedMemoryBuffer with max priority. Current size: 184.
11:10:03 PM - INFO - Episode 185: Reward=  12.0, Length= 12, Loss=7.8772, Memory=18.50
11:10:05 PM - DEBUG - Adding sample to PrioritizedMemoryBuffer with max priority. Current size: 185.
11:10:05 PM - INFO - Episode 186: Reward=  22.0, Length= 22, Loss=7.8772, Memory=18.60
11:10:05 PM - DEBUG - Starting training step 43...
11:10:05 PM - DEBUG - Sampling 64 samples from PrioritizedMemoryBuffer.
11:10:05 PM - DEBUG - Recurrent inference with hidden state shape: (64, 128) and action shape: (64,)
11:10:05 PM - DEBUG - Recurrent inference with hidden state shape: (64, 128) and action shape: (64,)
11:10:05 PM - DEBUG - Recurrent inference with hidden state shape: (64, 128) and action shape: (64,)
11:10:05 PM - DEBUG - Recurrent inference with hidden state shape: (64, 128) and action shape: (64,)
11:10:05 PM - DEBUG - Recurrent inference with hidden state shape: (64, 128) and action shape: (64,)
11:10:05 PM - DEBUG - Training step 43 complete.
11:10:05 PM - INFO - Step   43: train/policy_loss = 0.689042
11:10:05 PM - INFO - Step   43: train/reward_loss = 0.112108
11:10:05 PM - INFO - Step   43: train/value_loss = 6.448040
11:10:05 PM - INFO - Step   43: total_loss = 7.249190
11:10:06 PM - DEBUG - Adding sample to PrioritizedMemoryBuffer with max priority. Current size: 186.
11:10:06 PM - INFO - Episode 187: Reward=  10.0, Length= 10, Loss=7.2492, Memory=18.70
11:10:07 PM - DEBUG - Adding sample to PrioritizedMemoryBuffer with max priority. Current size: 187.
11:10:07 PM - INFO - Episode 188: Reward=  15.0, Length= 15, Loss=7.2492, Memory=18.80
11:10:07 PM - DEBUG - Starting training step 44...
11:10:07 PM - DEBUG - Sampling 64 samples from PrioritizedMemoryBuffer.
11:10:07 PM - DEBUG - Recurrent inference with hidden state shape: (64, 128) and action shape: (64,)
11:10:07 PM - DEBUG - Recurrent inference with hidden state shape: (64, 128) and action shape: (64,)
11:10:07 PM - DEBUG - Recurrent inference with hidden state shape: (64, 128) and action shape: (64,)
11:10:07 PM - DEBUG - Recurrent inference with hidden state shape: (64, 128) and action shape: (64,)
11:10:07 PM - DEBUG - Recurrent inference with hidden state shape: (64, 128) and action shape: (64,)
11:10:07 PM - DEBUG - Training step 44 complete.
11:10:07 PM - INFO - Step   44: train/policy_loss = 0.692746
11:10:07 PM - INFO - Step   44: train/reward_loss = 0.104188
11:10:07 PM - INFO - Step   44: train/value_loss = 5.814081
11:10:07 PM - INFO - Step   44: total_loss = 6.611015
11:10:08 PM - DEBUG - Adding sample to PrioritizedMemoryBuffer with max priority. Current size: 188.
11:10:08 PM - INFO - Episode 189: Reward=  14.0, Length= 14, Loss=6.6110, Memory=18.90
11:10:09 PM - DEBUG - Adding sample to PrioritizedMemoryBuffer with max priority. Current size: 189.
11:10:09 PM - INFO - Episode 190: Reward=  16.0, Length= 16, Loss=6.6110, Memory=19.00
11:10:09 PM - DEBUG - Starting training step 45...
11:10:09 PM - DEBUG - Sampling 64 samples from PrioritizedMemoryBuffer.
11:10:09 PM - DEBUG - Recurrent inference with hidden state shape: (64, 128) and action shape: (64,)
11:10:09 PM - DEBUG - Recurrent inference with hidden state shape: (64, 128) and action shape: (64,)
11:10:09 PM - DEBUG - Recurrent inference with hidden state shape: (64, 128) and action shape: (64,)
11:10:09 PM - DEBUG - Recurrent inference with hidden state shape: (64, 128) and action shape: (64,)
11:10:09 PM - DEBUG - Recurrent inference with hidden state shape: (64, 128) and action shape: (64,)
11:10:09 PM - DEBUG - Training step 45 complete.
11:10:09 PM - INFO - Step   45: train/policy_loss = 0.684251
11:10:09 PM - INFO - Step   45: train/reward_loss = 0.099496
11:10:09 PM - INFO - Step   45: train/value_loss = 5.011276
11:10:09 PM - INFO - Step   45: total_loss = 5.795023
11:10:10 PM - DEBUG - Adding sample to PrioritizedMemoryBuffer with max priority. Current size: 190.
11:10:10 PM - INFO - Episode 191: Reward=  13.0, Length= 13, Loss=5.7950, Memory=19.10
11:10:11 PM - DEBUG - Adding sample to PrioritizedMemoryBuffer with max priority. Current size: 191.
11:10:11 PM - INFO - Episode 192: Reward=  12.0, Length= 12, Loss=5.7950, Memory=19.20
11:10:11 PM - DEBUG - Starting training step 46...
11:10:11 PM - DEBUG - Sampling 64 samples from PrioritizedMemoryBuffer.
11:10:11 PM - DEBUG - Recurrent inference with hidden state shape: (64, 128) and action shape: (64,)
11:10:11 PM - DEBUG - Recurrent inference with hidden state shape: (64, 128) and action shape: (64,)
11:10:11 PM - DEBUG - Recurrent inference with hidden state shape: (64, 128) and action shape: (64,)
11:10:11 PM - DEBUG - Recurrent inference with hidden state shape: (64, 128) and action shape: (64,)
11:10:11 PM - DEBUG - Recurrent inference with hidden state shape: (64, 128) and action shape: (64,)
11:10:11 PM - DEBUG - Training step 46 complete.
11:10:11 PM - INFO - Step   46: train/policy_loss = 0.692364
11:10:11 PM - INFO - Step   46: train/reward_loss = 0.081850
11:10:11 PM - INFO - Step   46: train/value_loss = 4.451877
11:10:11 PM - INFO - Step   46: total_loss = 5.226090
11:10:13 PM - DEBUG - Adding sample to PrioritizedMemoryBuffer with max priority. Current size: 192.
11:10:13 PM - INFO - Episode 193: Reward=  27.0, Length= 27, Loss=5.2261, Memory=19.30
11:10:14 PM - DEBUG - Adding sample to PrioritizedMemoryBuffer with max priority. Current size: 193.
11:10:14 PM - INFO - Episode 194: Reward=  14.0, Length= 14, Loss=5.2261, Memory=19.40
11:10:14 PM - DEBUG - Starting training step 47...
11:10:14 PM - DEBUG - Sampling 64 samples from PrioritizedMemoryBuffer.
11:10:14 PM - DEBUG - Recurrent inference with hidden state shape: (64, 128) and action shape: (64,)
11:10:14 PM - DEBUG - Recurrent inference with hidden state shape: (64, 128) and action shape: (64,)
11:10:14 PM - DEBUG - Recurrent inference with hidden state shape: (64, 128) and action shape: (64,)
11:10:14 PM - DEBUG - Recurrent inference with hidden state shape: (64, 128) and action shape: (64,)
11:10:14 PM - DEBUG - Recurrent inference with hidden state shape: (64, 128) and action shape: (64,)
11:10:14 PM - DEBUG - Training step 47 complete.
11:10:14 PM - INFO - Step   47: train/policy_loss = 0.694680
11:10:14 PM - INFO - Step   47: train/reward_loss = 0.066157
11:10:14 PM - INFO - Step   47: train/value_loss = 3.882600
11:10:14 PM - INFO - Step   47: total_loss = 4.643437
11:10:15 PM - DEBUG - Adding sample to PrioritizedMemoryBuffer with max priority. Current size: 194.
11:10:15 PM - INFO - Episode 195: Reward=  15.0, Length= 15, Loss=4.6434, Memory=19.50
11:10:16 PM - DEBUG - Adding sample to PrioritizedMemoryBuffer with max priority. Current size: 195.
11:10:16 PM - INFO - Episode 196: Reward=  15.0, Length= 15, Loss=4.6434, Memory=19.60
11:10:16 PM - DEBUG - Starting training step 48...
11:10:16 PM - DEBUG - Sampling 64 samples from PrioritizedMemoryBuffer.
11:10:17 PM - DEBUG - Recurrent inference with hidden state shape: (64, 128) and action shape: (64,)
11:10:17 PM - DEBUG - Recurrent inference with hidden state shape: (64, 128) and action shape: (64,)
11:10:17 PM - DEBUG - Recurrent inference with hidden state shape: (64, 128) and action shape: (64,)
11:10:17 PM - DEBUG - Recurrent inference with hidden state shape: (64, 128) and action shape: (64,)
11:10:17 PM - DEBUG - Recurrent inference with hidden state shape: (64, 128) and action shape: (64,)
11:10:17 PM - DEBUG - Training step 48 complete.
11:10:17 PM - INFO - Step   48: train/policy_loss = 0.709247
11:10:17 PM - INFO - Step   48: train/reward_loss = 0.064297
11:10:17 PM - INFO - Step   48: train/value_loss = 3.455603
11:10:17 PM - INFO - Step   48: total_loss = 4.229147
11:10:18 PM - DEBUG - Adding sample to PrioritizedMemoryBuffer with max priority. Current size: 196.
11:10:18 PM - INFO - Episode 197: Reward=  13.0, Length= 13, Loss=4.2291, Memory=19.70
11:10:18 PM - DEBUG - Adding sample to PrioritizedMemoryBuffer with max priority. Current size: 197.
11:10:18 PM - INFO - Episode 198: Reward=  10.0, Length= 10, Loss=4.2291, Memory=19.80
11:10:18 PM - DEBUG - Starting training step 49...
11:10:18 PM - DEBUG - Sampling 64 samples from PrioritizedMemoryBuffer.
11:10:18 PM - DEBUG - Recurrent inference with hidden state shape: (64, 128) and action shape: (64,)
11:10:18 PM - DEBUG - Recurrent inference with hidden state shape: (64, 128) and action shape: (64,)
11:10:18 PM - DEBUG - Recurrent inference with hidden state shape: (64, 128) and action shape: (64,)
11:10:18 PM - DEBUG - Recurrent inference with hidden state shape: (64, 128) and action shape: (64,)
11:10:18 PM - DEBUG - Recurrent inference with hidden state shape: (64, 128) and action shape: (64,)
11:10:18 PM - DEBUG - Training step 49 complete.
11:10:18 PM - INFO - Step   49: train/policy_loss = 0.697791
11:10:18 PM - INFO - Step   49: train/reward_loss = 0.061465
11:10:18 PM - INFO - Step   49: train/value_loss = 2.937367
11:10:18 PM - INFO - Step   49: total_loss = 3.696623
11:10:19 PM - DEBUG - Adding sample to PrioritizedMemoryBuffer with max priority. Current size: 198.
11:10:19 PM - INFO - Episode 199: Reward=  11.0, Length= 11, Loss=3.6966, Memory=19.90
11:10:20 PM - DEBUG - Adding sample to PrioritizedMemoryBuffer with max priority. Current size: 199.
11:10:20 PM - INFO - Episode 200: Reward=   9.0, Length=  9, Loss=3.6966, Memory=20.00
11:10:20 PM - DEBUG - Starting training step 50...
11:10:20 PM - DEBUG - Sampling 64 samples from PrioritizedMemoryBuffer.
11:10:20 PM - DEBUG - Recurrent inference with hidden state shape: (64, 128) and action shape: (64,)
11:10:20 PM - DEBUG - Recurrent inference with hidden state shape: (64, 128) and action shape: (64,)
11:10:20 PM - DEBUG - Recurrent inference with hidden state shape: (64, 128) and action shape: (64,)
11:10:20 PM - DEBUG - Recurrent inference with hidden state shape: (64, 128) and action shape: (64,)
11:10:20 PM - DEBUG - Recurrent inference with hidden state shape: (64, 128) and action shape: (64,)
11:10:20 PM - DEBUG - Training step 50 complete.
11:10:20 PM - INFO - Step   50: train/policy_loss = 0.711605
11:10:20 PM - INFO - Step   50: train/reward_loss = 0.051693
11:10:20 PM - INFO - Step   50: train/value_loss = 2.348264
11:10:20 PM - INFO - Step   50: total_loss = 3.111561
11:10:20 PM - DEBUG - Saving agent state.
11:10:20 PM - INFO - Checkpoint saved to checkpoints/CartPole-v1/20250720_230602/episode_00200.pkl
11:10:21 PM - DEBUG - Adding sample to PrioritizedMemoryBuffer with max priority. Current size: 200.
11:10:21 PM - INFO - Episode 201: Reward=  18.0, Length= 18, Loss=3.1116, Memory=20.10
11:10:21 PM - INFO - Progress: 10.0% | 1.07 it/s | ETA: 28:05
11:10:22 PM - DEBUG - Adding sample to PrioritizedMemoryBuffer with max priority. Current size: 201.
11:10:22 PM - INFO - Episode 202: Reward=  15.0, Length= 15, Loss=3.1116, Memory=20.20
11:10:22 PM - DEBUG - Starting training step 51...
11:10:22 PM - DEBUG - Sampling 64 samples from PrioritizedMemoryBuffer.
11:10:22 PM - DEBUG - Recurrent inference with hidden state shape: (64, 128) and action shape: (64,)
11:10:23 PM - DEBUG - Recurrent inference with hidden state shape: (64, 128) and action shape: (64,)
11:10:23 PM - DEBUG - Recurrent inference with hidden state shape: (64, 128) and action shape: (64,)
11:10:23 PM - DEBUG - Recurrent inference with hidden state shape: (64, 128) and action shape: (64,)
11:10:23 PM - DEBUG - Recurrent inference with hidden state shape: (64, 128) and action shape: (64,)
11:10:23 PM - DEBUG - Training step 51 complete.
11:10:23 PM - INFO - Step   51: train/policy_loss = 0.693752
11:10:23 PM - INFO - Step   51: train/reward_loss = 0.049923
11:10:23 PM - INFO - Step   51: train/value_loss = 1.884183
11:10:23 PM - INFO - Step   51: total_loss = 2.627858
11:10:24 PM - DEBUG - Adding sample to PrioritizedMemoryBuffer with max priority. Current size: 202.
11:10:24 PM - INFO - Episode 203: Reward=  17.0, Length= 17, Loss=2.6279, Memory=20.30
11:10:25 PM - DEBUG - Adding sample to PrioritizedMemoryBuffer with max priority. Current size: 203.
11:10:25 PM - INFO - Episode 204: Reward=  15.0, Length= 15, Loss=2.6279, Memory=20.40
11:10:25 PM - DEBUG - Starting training step 52...
11:10:25 PM - DEBUG - Sampling 64 samples from PrioritizedMemoryBuffer.
11:10:25 PM - DEBUG - Recurrent inference with hidden state shape: (64, 128) and action shape: (64,)
11:10:25 PM - DEBUG - Recurrent inference with hidden state shape: (64, 128) and action shape: (64,)
11:10:25 PM - DEBUG - Recurrent inference with hidden state shape: (64, 128) and action shape: (64,)
11:10:25 PM - DEBUG - Recurrent inference with hidden state shape: (64, 128) and action shape: (64,)
11:10:25 PM - DEBUG - Recurrent inference with hidden state shape: (64, 128) and action shape: (64,)
11:10:25 PM - DEBUG - Training step 52 complete.
11:10:25 PM - INFO - Step   52: train/policy_loss = 0.694858
11:10:25 PM - INFO - Step   52: train/reward_loss = 0.042798
11:10:25 PM - INFO - Step   52: train/value_loss = 1.154354
11:10:25 PM - INFO - Step   52: total_loss = 1.892011
11:10:26 PM - DEBUG - Adding sample to PrioritizedMemoryBuffer with max priority. Current size: 204.
11:10:26 PM - INFO - Episode 205: Reward=   9.0, Length=  9, Loss=1.8920, Memory=20.50
11:10:26 PM - DEBUG - Adding sample to PrioritizedMemoryBuffer with max priority. Current size: 205.
11:10:26 PM - INFO - Episode 206: Reward=  10.0, Length= 10, Loss=1.8920, Memory=20.60
11:10:26 PM - DEBUG - Starting training step 53...
11:10:26 PM - DEBUG - Sampling 64 samples from PrioritizedMemoryBuffer.
11:10:27 PM - DEBUG - Recurrent inference with hidden state shape: (64, 128) and action shape: (64,)
11:10:27 PM - DEBUG - Recurrent inference with hidden state shape: (64, 128) and action shape: (64,)
11:10:27 PM - DEBUG - Recurrent inference with hidden state shape: (64, 128) and action shape: (64,)
11:10:27 PM - DEBUG - Recurrent inference with hidden state shape: (64, 128) and action shape: (64,)
11:10:27 PM - DEBUG - Recurrent inference with hidden state shape: (64, 128) and action shape: (64,)
11:10:27 PM - DEBUG - Training step 53 complete.
11:10:27 PM - INFO - Step   53: train/policy_loss = 0.695695
11:10:27 PM - INFO - Step   53: train/reward_loss = 0.038640
11:10:27 PM - INFO - Step   53: train/value_loss = 0.738685
11:10:27 PM - INFO - Step   53: total_loss = 1.473020
11:10:27 PM - DEBUG - Adding sample to PrioritizedMemoryBuffer with max priority. Current size: 206.
11:10:27 PM - INFO - Episode 207: Reward=  11.0, Length= 11, Loss=1.4730, Memory=20.70
11:10:28 PM - DEBUG - Adding sample to PrioritizedMemoryBuffer with max priority. Current size: 207.
11:10:28 PM - INFO - Episode 208: Reward=  11.0, Length= 11, Loss=1.4730, Memory=20.80
11:10:28 PM - DEBUG - Starting training step 54...
11:10:28 PM - DEBUG - Sampling 64 samples from PrioritizedMemoryBuffer.
11:10:28 PM - DEBUG - Recurrent inference with hidden state shape: (64, 128) and action shape: (64,)
11:10:28 PM - DEBUG - Recurrent inference with hidden state shape: (64, 128) and action shape: (64,)
11:10:28 PM - DEBUG - Recurrent inference with hidden state shape: (64, 128) and action shape: (64,)
11:10:28 PM - DEBUG - Recurrent inference with hidden state shape: (64, 128) and action shape: (64,)
11:10:28 PM - DEBUG - Recurrent inference with hidden state shape: (64, 128) and action shape: (64,)
11:10:28 PM - DEBUG - Training step 54 complete.
11:10:28 PM - INFO - Step   54: train/policy_loss = 0.705068
11:10:28 PM - INFO - Step   54: train/reward_loss = 0.037784
11:10:28 PM - INFO - Step   54: train/value_loss = 0.647258
11:10:28 PM - INFO - Step   54: total_loss = 1.390110
11:10:29 PM - DEBUG - Adding sample to PrioritizedMemoryBuffer with max priority. Current size: 208.
11:10:29 PM - INFO - Episode 209: Reward=   9.0, Length=  9, Loss=1.3901, Memory=20.90
11:10:30 PM - DEBUG - Adding sample to PrioritizedMemoryBuffer with max priority. Current size: 209.
11:10:30 PM - INFO - Episode 210: Reward=   9.0, Length=  9, Loss=1.3901, Memory=21.00
11:10:30 PM - DEBUG - Starting training step 55...
11:10:30 PM - DEBUG - Sampling 64 samples from PrioritizedMemoryBuffer.
11:10:30 PM - DEBUG - Recurrent inference with hidden state shape: (64, 128) and action shape: (64,)
11:10:30 PM - DEBUG - Recurrent inference with hidden state shape: (64, 128) and action shape: (64,)
11:10:30 PM - DEBUG - Recurrent inference with hidden state shape: (64, 128) and action shape: (64,)
11:10:30 PM - DEBUG - Recurrent inference with hidden state shape: (64, 128) and action shape: (64,)
11:10:30 PM - DEBUG - Recurrent inference with hidden state shape: (64, 128) and action shape: (64,)
11:10:30 PM - DEBUG - Training step 55 complete.
11:10:30 PM - INFO - Step   55: train/policy_loss = 0.700378
11:10:30 PM - INFO - Step   55: train/reward_loss = 0.030851
11:10:30 PM - INFO - Step   55: train/value_loss = 0.888508
11:10:30 PM - INFO - Step   55: total_loss = 1.619737
11:10:31 PM - DEBUG - Adding sample to PrioritizedMemoryBuffer with max priority. Current size: 210.
11:10:31 PM - INFO - Episode 211: Reward=  11.0, Length= 11, Loss=1.6197, Memory=21.10
11:10:31 PM - DEBUG - Adding sample to PrioritizedMemoryBuffer with max priority. Current size: 211.
11:10:31 PM - INFO - Episode 212: Reward=  10.0, Length= 10, Loss=1.6197, Memory=21.20
11:10:31 PM - DEBUG - Starting training step 56...
11:10:31 PM - DEBUG - Sampling 64 samples from PrioritizedMemoryBuffer.
11:10:31 PM - DEBUG - Recurrent inference with hidden state shape: (64, 128) and action shape: (64,)
11:10:31 PM - DEBUG - Recurrent inference with hidden state shape: (64, 128) and action shape: (64,)
11:10:31 PM - DEBUG - Recurrent inference with hidden state shape: (64, 128) and action shape: (64,)
11:10:31 PM - DEBUG - Recurrent inference with hidden state shape: (64, 128) and action shape: (64,)
11:10:31 PM - DEBUG - Recurrent inference with hidden state shape: (64, 128) and action shape: (64,)
11:10:31 PM - DEBUG - Training step 56 complete.
11:10:31 PM - INFO - Step   56: train/policy_loss = 0.693131
11:10:31 PM - INFO - Step   56: train/reward_loss = 0.026405
11:10:31 PM - INFO - Step   56: train/value_loss = 0.806585
11:10:31 PM - INFO - Step   56: total_loss = 1.526121
11:10:32 PM - DEBUG - Adding sample to PrioritizedMemoryBuffer with max priority. Current size: 212.
11:10:32 PM - INFO - Episode 213: Reward=  12.0, Length= 12, Loss=1.5261, Memory=21.30
11:10:34 PM - DEBUG - Adding sample to PrioritizedMemoryBuffer with max priority. Current size: 213.
11:10:34 PM - INFO - Episode 214: Reward=  28.0, Length= 28, Loss=1.5261, Memory=21.40
11:10:34 PM - DEBUG - Starting training step 57...
11:10:34 PM - DEBUG - Sampling 64 samples from PrioritizedMemoryBuffer.
11:10:34 PM - DEBUG - Recurrent inference with hidden state shape: (64, 128) and action shape: (64,)
11:10:34 PM - DEBUG - Recurrent inference with hidden state shape: (64, 128) and action shape: (64,)
11:10:35 PM - DEBUG - Recurrent inference with hidden state shape: (64, 128) and action shape: (64,)
11:10:35 PM - DEBUG - Recurrent inference with hidden state shape: (64, 128) and action shape: (64,)
11:10:35 PM - DEBUG - Recurrent inference with hidden state shape: (64, 128) and action shape: (64,)
11:10:35 PM - DEBUG - Training step 57 complete.
11:10:35 PM - INFO - Step   57: train/policy_loss = 0.696019
11:10:35 PM - INFO - Step   57: train/reward_loss = 0.024761
11:10:35 PM - INFO - Step   57: train/value_loss = 1.161896
11:10:35 PM - INFO - Step   57: total_loss = 1.882677
11:10:35 PM - DEBUG - Adding sample to PrioritizedMemoryBuffer with max priority. Current size: 214.
11:10:35 PM - INFO - Episode 215: Reward=  10.0, Length= 10, Loss=1.8827, Memory=21.50
11:10:36 PM - DEBUG - Adding sample to PrioritizedMemoryBuffer with max priority. Current size: 215.
11:10:36 PM - INFO - Episode 216: Reward=  10.0, Length= 10, Loss=1.8827, Memory=21.60
11:10:36 PM - DEBUG - Starting training step 58...
11:10:36 PM - DEBUG - Sampling 64 samples from PrioritizedMemoryBuffer.
11:10:36 PM - DEBUG - Recurrent inference with hidden state shape: (64, 128) and action shape: (64,)
11:10:36 PM - DEBUG - Recurrent inference with hidden state shape: (64, 128) and action shape: (64,)
11:10:36 PM - DEBUG - Recurrent inference with hidden state shape: (64, 128) and action shape: (64,)
11:10:36 PM - DEBUG - Recurrent inference with hidden state shape: (64, 128) and action shape: (64,)
11:10:36 PM - DEBUG - Recurrent inference with hidden state shape: (64, 128) and action shape: (64,)
11:10:36 PM - DEBUG - Training step 58 complete.
11:10:36 PM - INFO - Step   58: train/policy_loss = 0.711940
11:10:36 PM - INFO - Step   58: train/reward_loss = 0.023768
11:10:36 PM - INFO - Step   58: train/value_loss = 1.409157
11:10:36 PM - INFO - Step   58: total_loss = 2.144866
11:10:37 PM - DEBUG - Adding sample to PrioritizedMemoryBuffer with max priority. Current size: 216.
11:10:37 PM - INFO - Episode 217: Reward=  10.0, Length= 10, Loss=2.1449, Memory=21.70
11:10:38 PM - DEBUG - Adding sample to PrioritizedMemoryBuffer with max priority. Current size: 217.
11:10:38 PM - INFO - Episode 218: Reward=  12.0, Length= 12, Loss=2.1449, Memory=21.80
11:10:38 PM - DEBUG - Starting training step 59...
11:10:38 PM - DEBUG - Sampling 64 samples from PrioritizedMemoryBuffer.
11:10:38 PM - DEBUG - Recurrent inference with hidden state shape: (64, 128) and action shape: (64,)
11:10:38 PM - DEBUG - Recurrent inference with hidden state shape: (64, 128) and action shape: (64,)
11:10:38 PM - DEBUG - Recurrent inference with hidden state shape: (64, 128) and action shape: (64,)
11:10:38 PM - DEBUG - Recurrent inference with hidden state shape: (64, 128) and action shape: (64,)
11:10:38 PM - DEBUG - Recurrent inference with hidden state shape: (64, 128) and action shape: (64,)
11:10:38 PM - DEBUG - Training step 59 complete.
11:10:38 PM - INFO - Step   59: train/policy_loss = 0.695732
11:10:38 PM - INFO - Step   59: train/reward_loss = 0.022585
11:10:38 PM - INFO - Step   59: train/value_loss = 1.575189
11:10:38 PM - INFO - Step   59: total_loss = 2.293507
11:10:39 PM - DEBUG - Adding sample to PrioritizedMemoryBuffer with max priority. Current size: 218.
11:10:39 PM - INFO - Episode 219: Reward=  11.0, Length= 11, Loss=2.2935, Memory=21.90
11:10:39 PM - DEBUG - Adding sample to PrioritizedMemoryBuffer with max priority. Current size: 219.
11:10:39 PM - INFO - Episode 220: Reward=   9.0, Length=  9, Loss=2.2935, Memory=22.00
11:10:39 PM - DEBUG - Starting training step 60...
11:10:39 PM - DEBUG - Sampling 64 samples from PrioritizedMemoryBuffer.
11:10:39 PM - DEBUG - Recurrent inference with hidden state shape: (64, 128) and action shape: (64,)
11:10:39 PM - DEBUG - Recurrent inference with hidden state shape: (64, 128) and action shape: (64,)
11:10:39 PM - DEBUG - Recurrent inference with hidden state shape: (64, 128) and action shape: (64,)
11:10:39 PM - DEBUG - Recurrent inference with hidden state shape: (64, 128) and action shape: (64,)
11:10:39 PM - DEBUG - Recurrent inference with hidden state shape: (64, 128) and action shape: (64,)
11:10:40 PM - DEBUG - Training step 60 complete.
11:10:40 PM - INFO - Step   60: train/policy_loss = 0.697998
11:10:40 PM - INFO - Step   60: train/reward_loss = 0.032007
11:10:40 PM - INFO - Step   60: train/value_loss = 1.862169
11:10:40 PM - INFO - Step   60: total_loss = 2.592174
11:10:40 PM - DEBUG - Adding sample to PrioritizedMemoryBuffer with max priority. Current size: 220.
11:10:40 PM - INFO - Episode 221: Reward=  11.0, Length= 11, Loss=2.5922, Memory=22.10
11:10:40 PM - INFO - Progress: 11.0% | 1.15 it/s | ETA: 25:51
11:10:41 PM - DEBUG - Adding sample to PrioritizedMemoryBuffer with max priority. Current size: 221.
11:10:41 PM - INFO - Episode 222: Reward=  15.0, Length= 15, Loss=2.5922, Memory=22.20
11:10:41 PM - DEBUG - Starting training step 61...
11:10:41 PM - DEBUG - Sampling 64 samples from PrioritizedMemoryBuffer.
11:10:41 PM - DEBUG - Recurrent inference with hidden state shape: (64, 128) and action shape: (64,)
11:10:41 PM - DEBUG - Recurrent inference with hidden state shape: (64, 128) and action shape: (64,)
11:10:41 PM - DEBUG - Recurrent inference with hidden state shape: (64, 128) and action shape: (64,)
11:10:41 PM - DEBUG - Recurrent inference with hidden state shape: (64, 128) and action shape: (64,)
11:10:41 PM - DEBUG - Recurrent inference with hidden state shape: (64, 128) and action shape: (64,)
11:10:42 PM - DEBUG - Training step 61 complete.
11:10:42 PM - INFO - Step   61: train/policy_loss = 0.693103
11:10:42 PM - INFO - Step   61: train/reward_loss = 0.017993
11:10:42 PM - INFO - Step   61: train/value_loss = 1.799396
11:10:42 PM - INFO - Step   61: total_loss = 2.510492
11:10:42 PM - DEBUG - Adding sample to PrioritizedMemoryBuffer with max priority. Current size: 222.
11:10:42 PM - INFO - Episode 223: Reward=  12.0, Length= 12, Loss=2.5105, Memory=22.30
11:10:43 PM - DEBUG - Adding sample to PrioritizedMemoryBuffer with max priority. Current size: 223.
11:10:43 PM - INFO - Episode 224: Reward=   9.0, Length=  9, Loss=2.5105, Memory=22.40
11:10:43 PM - DEBUG - Starting training step 62...
11:10:43 PM - DEBUG - Sampling 64 samples from PrioritizedMemoryBuffer.
11:10:43 PM - DEBUG - Recurrent inference with hidden state shape: (64, 128) and action shape: (64,)
11:10:43 PM - DEBUG - Recurrent inference with hidden state shape: (64, 128) and action shape: (64,)
11:10:43 PM - DEBUG - Recurrent inference with hidden state shape: (64, 128) and action shape: (64,)
11:10:43 PM - DEBUG - Recurrent inference with hidden state shape: (64, 128) and action shape: (64,)
11:10:43 PM - DEBUG - Recurrent inference with hidden state shape: (64, 128) and action shape: (64,)
11:10:43 PM - DEBUG - Training step 62 complete.
11:10:43 PM - INFO - Step   62: train/policy_loss = 0.690428
11:10:43 PM - INFO - Step   62: train/reward_loss = 0.019057
11:10:43 PM - INFO - Step   62: train/value_loss = 1.727533
11:10:43 PM - INFO - Step   62: total_loss = 2.437018
11:10:44 PM - DEBUG - Adding sample to PrioritizedMemoryBuffer with max priority. Current size: 224.
11:10:44 PM - INFO - Episode 225: Reward=   9.0, Length=  9, Loss=2.4370, Memory=22.50
11:10:44 PM - DEBUG - Adding sample to PrioritizedMemoryBuffer with max priority. Current size: 225.
11:10:44 PM - INFO - Episode 226: Reward=  10.0, Length= 10, Loss=2.4370, Memory=22.60
11:10:44 PM - DEBUG - Starting training step 63...
11:10:44 PM - DEBUG - Sampling 64 samples from PrioritizedMemoryBuffer.
11:10:45 PM - DEBUG - Recurrent inference with hidden state shape: (64, 128) and action shape: (64,)
11:10:45 PM - DEBUG - Recurrent inference with hidden state shape: (64, 128) and action shape: (64,)
11:10:45 PM - DEBUG - Recurrent inference with hidden state shape: (64, 128) and action shape: (64,)
11:10:45 PM - DEBUG - Recurrent inference with hidden state shape: (64, 128) and action shape: (64,)
11:10:45 PM - DEBUG - Recurrent inference with hidden state shape: (64, 128) and action shape: (64,)
11:10:45 PM - DEBUG - Training step 63 complete.
11:10:45 PM - INFO - Step   63: train/policy_loss = 0.690703
11:10:45 PM - INFO - Step   63: train/reward_loss = 0.021302
11:10:45 PM - INFO - Step   63: train/value_loss = 1.730902
11:10:45 PM - INFO - Step   63: total_loss = 2.442907
11:10:46 PM - DEBUG - Adding sample to PrioritizedMemoryBuffer with max priority. Current size: 226.
11:10:46 PM - INFO - Episode 227: Reward=  21.0, Length= 21, Loss=2.4429, Memory=22.70
11:10:47 PM - DEBUG - Adding sample to PrioritizedMemoryBuffer with max priority. Current size: 227.
11:10:47 PM - INFO - Episode 228: Reward=  14.0, Length= 14, Loss=2.4429, Memory=22.80
11:10:47 PM - DEBUG - Starting training step 64...
11:10:47 PM - DEBUG - Sampling 64 samples from PrioritizedMemoryBuffer.
11:10:47 PM - DEBUG - Recurrent inference with hidden state shape: (64, 128) and action shape: (64,)
11:10:47 PM - DEBUG - Recurrent inference with hidden state shape: (64, 128) and action shape: (64,)
11:10:47 PM - DEBUG - Recurrent inference with hidden state shape: (64, 128) and action shape: (64,)
11:10:47 PM - DEBUG - Recurrent inference with hidden state shape: (64, 128) and action shape: (64,)
11:10:47 PM - DEBUG - Recurrent inference with hidden state shape: (64, 128) and action shape: (64,)
11:10:47 PM - DEBUG - Training step 64 complete.
11:10:47 PM - INFO - Step   64: train/policy_loss = 0.687756
11:10:47 PM - INFO - Step   64: train/reward_loss = 0.017504
11:10:47 PM - INFO - Step   64: train/value_loss = 1.296019
11:10:47 PM - INFO - Step   64: total_loss = 2.001279
11:10:49 PM - DEBUG - Adding sample to PrioritizedMemoryBuffer with max priority. Current size: 228.
11:10:49 PM - INFO - Episode 229: Reward=  23.0, Length= 23, Loss=2.0013, Memory=22.90
11:10:49 PM - DEBUG - Adding sample to PrioritizedMemoryBuffer with max priority. Current size: 229.
11:10:49 PM - INFO - Episode 230: Reward=  11.0, Length= 11, Loss=2.0013, Memory=23.00
11:10:49 PM - DEBUG - Starting training step 65...
11:10:49 PM - DEBUG - Sampling 64 samples from PrioritizedMemoryBuffer.
11:10:50 PM - DEBUG - Recurrent inference with hidden state shape: (64, 128) and action shape: (64,)
11:10:50 PM - DEBUG - Recurrent inference with hidden state shape: (64, 128) and action shape: (64,)
11:10:50 PM - DEBUG - Recurrent inference with hidden state shape: (64, 128) and action shape: (64,)
11:10:50 PM - DEBUG - Recurrent inference with hidden state shape: (64, 128) and action shape: (64,)
11:10:50 PM - DEBUG - Recurrent inference with hidden state shape: (64, 128) and action shape: (64,)
11:10:50 PM - DEBUG - Training step 65 complete.
11:10:50 PM - INFO - Step   65: train/policy_loss = 0.697357
11:10:50 PM - INFO - Step   65: train/reward_loss = 0.017465
11:10:50 PM - INFO - Step   65: train/value_loss = 1.025193
11:10:50 PM - INFO - Step   65: total_loss = 1.740016
11:10:50 PM - DEBUG - Adding sample to PrioritizedMemoryBuffer with max priority. Current size: 230.
11:10:50 PM - INFO - Episode 231: Reward=  12.0, Length= 12, Loss=1.7400, Memory=23.10
11:10:52 PM - DEBUG - Adding sample to PrioritizedMemoryBuffer with max priority. Current size: 231.
11:10:52 PM - INFO - Episode 232: Reward=  18.0, Length= 18, Loss=1.7400, Memory=23.20
11:10:52 PM - DEBUG - Starting training step 66...
11:10:52 PM - DEBUG - Sampling 64 samples from PrioritizedMemoryBuffer.
11:10:52 PM - DEBUG - Recurrent inference with hidden state shape: (64, 128) and action shape: (64,)
11:10:52 PM - DEBUG - Recurrent inference with hidden state shape: (64, 128) and action shape: (64,)
11:10:52 PM - DEBUG - Recurrent inference with hidden state shape: (64, 128) and action shape: (64,)
11:10:52 PM - DEBUG - Recurrent inference with hidden state shape: (64, 128) and action shape: (64,)
11:10:52 PM - DEBUG - Recurrent inference with hidden state shape: (64, 128) and action shape: (64,)
11:10:52 PM - DEBUG - Training step 66 complete.
11:10:52 PM - INFO - Step   66: train/policy_loss = 0.692768
11:10:52 PM - INFO - Step   66: train/reward_loss = 0.018298
11:10:52 PM - INFO - Step   66: train/value_loss = 1.060628
11:10:52 PM - INFO - Step   66: total_loss = 1.771693
11:10:53 PM - DEBUG - Adding sample to PrioritizedMemoryBuffer with max priority. Current size: 232.
11:10:53 PM - INFO - Episode 233: Reward=  12.0, Length= 12, Loss=1.7717, Memory=23.30
11:10:53 PM - DEBUG - Adding sample to PrioritizedMemoryBuffer with max priority. Current size: 233.
11:10:53 PM - INFO - Episode 234: Reward=   8.0, Length=  8, Loss=1.7717, Memory=23.40
11:10:53 PM - DEBUG - Starting training step 67...
11:10:53 PM - DEBUG - Sampling 64 samples from PrioritizedMemoryBuffer.
11:10:53 PM - DEBUG - Recurrent inference with hidden state shape: (64, 128) and action shape: (64,)
11:10:53 PM - DEBUG - Recurrent inference with hidden state shape: (64, 128) and action shape: (64,)
11:10:53 PM - DEBUG - Recurrent inference with hidden state shape: (64, 128) and action shape: (64,)
11:10:53 PM - DEBUG - Recurrent inference with hidden state shape: (64, 128) and action shape: (64,)
11:10:53 PM - DEBUG - Recurrent inference with hidden state shape: (64, 128) and action shape: (64,)
11:10:54 PM - DEBUG - Training step 67 complete.
11:10:54 PM - INFO - Step   67: train/policy_loss = 0.683379
11:10:54 PM - INFO - Step   67: train/reward_loss = 0.016505
11:10:54 PM - INFO - Step   67: train/value_loss = 1.076719
11:10:54 PM - INFO - Step   67: total_loss = 1.776603
11:10:54 PM - DEBUG - Adding sample to PrioritizedMemoryBuffer with max priority. Current size: 234.
11:10:54 PM - INFO - Episode 235: Reward=  11.0, Length= 11, Loss=1.7766, Memory=23.50
11:10:55 PM - DEBUG - Adding sample to PrioritizedMemoryBuffer with max priority. Current size: 235.
11:10:55 PM - INFO - Episode 236: Reward=  15.0, Length= 15, Loss=1.7766, Memory=23.60
11:10:55 PM - DEBUG - Starting training step 68...
11:10:55 PM - DEBUG - Sampling 64 samples from PrioritizedMemoryBuffer.
11:10:55 PM - DEBUG - Recurrent inference with hidden state shape: (64, 128) and action shape: (64,)
11:10:55 PM - DEBUG - Recurrent inference with hidden state shape: (64, 128) and action shape: (64,)
11:10:55 PM - DEBUG - Recurrent inference with hidden state shape: (64, 128) and action shape: (64,)
11:10:55 PM - DEBUG - Recurrent inference with hidden state shape: (64, 128) and action shape: (64,)
11:10:55 PM - DEBUG - Recurrent inference with hidden state shape: (64, 128) and action shape: (64,)
11:10:55 PM - DEBUG - Training step 68 complete.
11:10:55 PM - INFO - Step   68: train/policy_loss = 0.686572
11:10:55 PM - INFO - Step   68: train/reward_loss = 0.015001
11:10:55 PM - INFO - Step   68: train/value_loss = 1.060253
11:10:55 PM - INFO - Step   68: total_loss = 1.761825
11:10:57 PM - DEBUG - Adding sample to PrioritizedMemoryBuffer with max priority. Current size: 236.
11:10:57 PM - INFO - Episode 237: Reward=  24.0, Length= 24, Loss=1.7618, Memory=23.70
11:10:58 PM - DEBUG - Adding sample to PrioritizedMemoryBuffer with max priority. Current size: 237.
11:10:58 PM - INFO - Episode 238: Reward=  12.0, Length= 12, Loss=1.7618, Memory=23.80
11:10:58 PM - DEBUG - Starting training step 69...
11:10:58 PM - DEBUG - Sampling 64 samples from PrioritizedMemoryBuffer.
11:10:58 PM - DEBUG - Recurrent inference with hidden state shape: (64, 128) and action shape: (64,)
11:10:58 PM - DEBUG - Recurrent inference with hidden state shape: (64, 128) and action shape: (64,)
11:10:58 PM - DEBUG - Recurrent inference with hidden state shape: (64, 128) and action shape: (64,)
11:10:58 PM - DEBUG - Recurrent inference with hidden state shape: (64, 128) and action shape: (64,)
11:10:58 PM - DEBUG - Recurrent inference with hidden state shape: (64, 128) and action shape: (64,)
11:10:58 PM - DEBUG - Training step 69 complete.
11:10:58 PM - INFO - Step   69: train/policy_loss = 0.680711
11:10:58 PM - INFO - Step   69: train/reward_loss = 0.014686
11:10:58 PM - INFO - Step   69: train/value_loss = 0.828092
11:10:58 PM - INFO - Step   69: total_loss = 1.523490
11:10:59 PM - DEBUG - Adding sample to PrioritizedMemoryBuffer with max priority. Current size: 238.
11:10:59 PM - INFO - Episode 239: Reward=  17.0, Length= 17, Loss=1.5235, Memory=23.90
11:11:00 PM - DEBUG - Adding sample to PrioritizedMemoryBuffer with max priority. Current size: 239.
11:11:00 PM - INFO - Episode 240: Reward=  17.0, Length= 17, Loss=1.5235, Memory=24.00
11:11:00 PM - DEBUG - Starting training step 70...
11:11:00 PM - DEBUG - Sampling 64 samples from PrioritizedMemoryBuffer.
11:11:00 PM - DEBUG - Recurrent inference with hidden state shape: (64, 128) and action shape: (64,)
11:11:00 PM - DEBUG - Recurrent inference with hidden state shape: (64, 128) and action shape: (64,)
11:11:01 PM - DEBUG - Recurrent inference with hidden state shape: (64, 128) and action shape: (64,)
11:11:01 PM - DEBUG - Recurrent inference with hidden state shape: (64, 128) and action shape: (64,)
11:11:01 PM - DEBUG - Recurrent inference with hidden state shape: (64, 128) and action shape: (64,)
11:11:01 PM - DEBUG - Training step 70 complete.
11:11:01 PM - INFO - Step   70: train/policy_loss = 0.679511
11:11:01 PM - INFO - Step   70: train/reward_loss = 0.015166
11:11:01 PM - INFO - Step   70: train/value_loss = 0.721050
11:11:01 PM - INFO - Step   70: total_loss = 1.415727
11:11:01 PM - DEBUG - Adding sample to PrioritizedMemoryBuffer with max priority. Current size: 240.
11:11:01 PM - INFO - Episode 241: Reward=  11.0, Length= 11, Loss=1.4157, Memory=24.10
11:11:01 PM - INFO - Progress: 12.0% | 0.81 it/s | ETA: 36:10
11:11:03 PM - DEBUG - Adding sample to PrioritizedMemoryBuffer with max priority. Current size: 241.
11:11:03 PM - INFO - Episode 242: Reward=  19.0, Length= 19, Loss=1.4157, Memory=24.20
11:11:03 PM - DEBUG - Starting training step 71...
11:11:03 PM - DEBUG - Sampling 64 samples from PrioritizedMemoryBuffer.
11:11:03 PM - DEBUG - Recurrent inference with hidden state shape: (64, 128) and action shape: (64,)
11:11:03 PM - DEBUG - Recurrent inference with hidden state shape: (64, 128) and action shape: (64,)
11:11:03 PM - DEBUG - Recurrent inference with hidden state shape: (64, 128) and action shape: (64,)
11:11:03 PM - DEBUG - Recurrent inference with hidden state shape: (64, 128) and action shape: (64,)
11:11:03 PM - DEBUG - Recurrent inference with hidden state shape: (64, 128) and action shape: (64,)
11:11:03 PM - DEBUG - Training step 71 complete.
11:11:03 PM - INFO - Step   71: train/policy_loss = 0.688808
11:11:03 PM - INFO - Step   71: train/reward_loss = 0.014757
11:11:03 PM - INFO - Step   71: train/value_loss = 0.841548
11:11:03 PM - INFO - Step   71: total_loss = 1.545113
11:11:04 PM - DEBUG - Adding sample to PrioritizedMemoryBuffer with max priority. Current size: 242.
11:11:04 PM - INFO - Episode 243: Reward=  11.0, Length= 11, Loss=1.5451, Memory=24.30
11:11:04 PM - DEBUG - Adding sample to PrioritizedMemoryBuffer with max priority. Current size: 243.
11:11:04 PM - INFO - Episode 244: Reward=  12.0, Length= 12, Loss=1.5451, Memory=24.40
11:11:04 PM - DEBUG - Starting training step 72...
11:11:04 PM - DEBUG - Sampling 64 samples from PrioritizedMemoryBuffer.
11:11:05 PM - DEBUG - Recurrent inference with hidden state shape: (64, 128) and action shape: (64,)
11:11:05 PM - DEBUG - Recurrent inference with hidden state shape: (64, 128) and action shape: (64,)
11:11:05 PM - DEBUG - Recurrent inference with hidden state shape: (64, 128) and action shape: (64,)
11:11:05 PM - DEBUG - Recurrent inference with hidden state shape: (64, 128) and action shape: (64,)
11:11:05 PM - DEBUG - Recurrent inference with hidden state shape: (64, 128) and action shape: (64,)
11:11:05 PM - DEBUG - Training step 72 complete.
11:11:05 PM - INFO - Step   72: train/policy_loss = 0.682533
11:11:05 PM - INFO - Step   72: train/reward_loss = 0.014017
11:11:05 PM - INFO - Step   72: train/value_loss = 0.715850
11:11:05 PM - INFO - Step   72: total_loss = 1.412400
11:11:06 PM - DEBUG - Adding sample to PrioritizedMemoryBuffer with max priority. Current size: 244.
11:11:06 PM - INFO - Episode 245: Reward=  18.0, Length= 18, Loss=1.4124, Memory=24.50
11:11:07 PM - DEBUG - Adding sample to PrioritizedMemoryBuffer with max priority. Current size: 245.
11:11:07 PM - INFO - Episode 246: Reward=  14.0, Length= 14, Loss=1.4124, Memory=24.60
11:11:07 PM - DEBUG - Starting training step 73...
11:11:07 PM - DEBUG - Sampling 64 samples from PrioritizedMemoryBuffer.
11:11:07 PM - DEBUG - Recurrent inference with hidden state shape: (64, 128) and action shape: (64,)
11:11:07 PM - DEBUG - Recurrent inference with hidden state shape: (64, 128) and action shape: (64,)
11:11:07 PM - DEBUG - Recurrent inference with hidden state shape: (64, 128) and action shape: (64,)
11:11:07 PM - DEBUG - Recurrent inference with hidden state shape: (64, 128) and action shape: (64,)
11:11:07 PM - DEBUG - Recurrent inference with hidden state shape: (64, 128) and action shape: (64,)
11:11:08 PM - DEBUG - Training step 73 complete.
11:11:08 PM - INFO - Step   73: train/policy_loss = 0.678117
11:11:08 PM - INFO - Step   73: train/reward_loss = 0.016192
11:11:08 PM - INFO - Step   73: train/value_loss = 1.172726
11:11:08 PM - INFO - Step   73: total_loss = 1.867034
11:11:09 PM - DEBUG - Adding sample to PrioritizedMemoryBuffer with max priority. Current size: 246.
11:11:09 PM - INFO - Episode 247: Reward=  15.0, Length= 15, Loss=1.8670, Memory=24.70
11:11:09 PM - DEBUG - Adding sample to PrioritizedMemoryBuffer with max priority. Current size: 247.
11:11:09 PM - INFO - Episode 248: Reward=   9.0, Length=  9, Loss=1.8670, Memory=24.80
11:11:09 PM - DEBUG - Starting training step 74...
11:11:09 PM - DEBUG - Sampling 64 samples from PrioritizedMemoryBuffer.
11:11:09 PM - DEBUG - Recurrent inference with hidden state shape: (64, 128) and action shape: (64,)
11:11:09 PM - DEBUG - Recurrent inference with hidden state shape: (64, 128) and action shape: (64,)
11:11:09 PM - DEBUG - Recurrent inference with hidden state shape: (64, 128) and action shape: (64,)
11:11:09 PM - DEBUG - Recurrent inference with hidden state shape: (64, 128) and action shape: (64,)
11:11:09 PM - DEBUG - Recurrent inference with hidden state shape: (64, 128) and action shape: (64,)
11:11:09 PM - DEBUG - Training step 74 complete.
11:11:09 PM - INFO - Step   74: train/policy_loss = 0.692027
11:11:09 PM - INFO - Step   74: train/reward_loss = 0.015439
11:11:09 PM - INFO - Step   74: train/value_loss = 1.084796
11:11:09 PM - INFO - Step   74: total_loss = 1.792263
11:11:11 PM - DEBUG - Adding sample to PrioritizedMemoryBuffer with max priority. Current size: 248.
11:11:11 PM - INFO - Episode 249: Reward=  18.0, Length= 18, Loss=1.7923, Memory=24.90
11:11:12 PM - DEBUG - Adding sample to PrioritizedMemoryBuffer with max priority. Current size: 249.
11:11:12 PM - INFO - Episode 250: Reward=  21.0, Length= 21, Loss=1.7923, Memory=25.00
11:11:12 PM - DEBUG - Starting training step 75...
11:11:12 PM - DEBUG - Sampling 64 samples from PrioritizedMemoryBuffer.
11:11:12 PM - DEBUG - Recurrent inference with hidden state shape: (64, 128) and action shape: (64,)
11:11:12 PM - DEBUG - Recurrent inference with hidden state shape: (64, 128) and action shape: (64,)
11:11:12 PM - DEBUG - Recurrent inference with hidden state shape: (64, 128) and action shape: (64,)
11:11:12 PM - DEBUG - Recurrent inference with hidden state shape: (64, 128) and action shape: (64,)
11:11:12 PM - DEBUG - Recurrent inference with hidden state shape: (64, 128) and action shape: (64,)
11:11:12 PM - DEBUG - Training step 75 complete.
11:11:12 PM - INFO - Step   75: train/policy_loss = 0.681898
11:11:12 PM - INFO - Step   75: train/reward_loss = 0.014103
11:11:12 PM - INFO - Step   75: train/value_loss = 0.901654
11:11:12 PM - INFO - Step   75: total_loss = 1.597655
11:11:12 PM - DEBUG - Saving agent state.
11:11:12 PM - INFO - Checkpoint saved to checkpoints/CartPole-v1/20250720_230602/episode_00250.pkl
11:11:13 PM - DEBUG - Adding sample to PrioritizedMemoryBuffer with max priority. Current size: 250.
11:11:13 PM - INFO - Episode 251: Reward=  12.0, Length= 12, Loss=1.5977, Memory=25.10
11:11:14 PM - DEBUG - Adding sample to PrioritizedMemoryBuffer with max priority. Current size: 251.
11:11:14 PM - INFO - Episode 252: Reward=  20.0, Length= 20, Loss=1.5977, Memory=25.20
11:11:14 PM - DEBUG - Starting training step 76...
11:11:14 PM - DEBUG - Sampling 64 samples from PrioritizedMemoryBuffer.
11:11:14 PM - DEBUG - Recurrent inference with hidden state shape: (64, 128) and action shape: (64,)
11:11:15 PM - DEBUG - Recurrent inference with hidden state shape: (64, 128) and action shape: (64,)
11:11:15 PM - DEBUG - Recurrent inference with hidden state shape: (64, 128) and action shape: (64,)
11:11:15 PM - DEBUG - Recurrent inference with hidden state shape: (64, 128) and action shape: (64,)
11:11:15 PM - DEBUG - Recurrent inference with hidden state shape: (64, 128) and action shape: (64,)
11:11:15 PM - DEBUG - Training step 76 complete.
11:11:15 PM - INFO - Step   76: train/policy_loss = 0.682851
11:11:15 PM - INFO - Step   76: train/reward_loss = 0.013934
11:11:15 PM - INFO - Step   76: train/value_loss = 1.077505
11:11:15 PM - INFO - Step   76: total_loss = 1.774290
11:11:15 PM - DEBUG - Adding sample to PrioritizedMemoryBuffer with max priority. Current size: 252.
11:11:15 PM - INFO - Episode 253: Reward=   9.0, Length=  9, Loss=1.7743, Memory=25.30
11:11:16 PM - DEBUG - Adding sample to PrioritizedMemoryBuffer with max priority. Current size: 253.
11:11:16 PM - INFO - Episode 254: Reward=   9.0, Length=  9, Loss=1.7743, Memory=25.40
11:11:16 PM - DEBUG - Starting training step 77...
11:11:16 PM - DEBUG - Sampling 64 samples from PrioritizedMemoryBuffer.
11:11:16 PM - DEBUG - Recurrent inference with hidden state shape: (64, 128) and action shape: (64,)
11:11:16 PM - DEBUG - Recurrent inference with hidden state shape: (64, 128) and action shape: (64,)
11:11:16 PM - DEBUG - Recurrent inference with hidden state shape: (64, 128) and action shape: (64,)
11:11:16 PM - DEBUG - Recurrent inference with hidden state shape: (64, 128) and action shape: (64,)
11:11:16 PM - DEBUG - Recurrent inference with hidden state shape: (64, 128) and action shape: (64,)
11:11:16 PM - DEBUG - Training step 77 complete.
11:11:16 PM - INFO - Step   77: train/policy_loss = 0.668934
11:11:16 PM - INFO - Step   77: train/reward_loss = 0.014829
11:11:16 PM - INFO - Step   77: train/value_loss = 1.061662
11:11:16 PM - INFO - Step   77: total_loss = 1.745425
11:11:17 PM - DEBUG - Adding sample to PrioritizedMemoryBuffer with max priority. Current size: 254.
11:11:17 PM - INFO - Episode 255: Reward=  17.0, Length= 17, Loss=1.7454, Memory=25.50
11:11:20 PM - DEBUG - Adding sample to PrioritizedMemoryBuffer with max priority. Current size: 255.
11:11:20 PM - INFO - Episode 256: Reward=  37.0, Length= 37, Loss=1.7454, Memory=25.60
11:11:20 PM - DEBUG - Starting training step 78...
11:11:20 PM - DEBUG - Sampling 64 samples from PrioritizedMemoryBuffer.
11:11:20 PM - DEBUG - Recurrent inference with hidden state shape: (64, 128) and action shape: (64,)
11:11:20 PM - DEBUG - Recurrent inference with hidden state shape: (64, 128) and action shape: (64,)
11:11:20 PM - DEBUG - Recurrent inference with hidden state shape: (64, 128) and action shape: (64,)
11:11:20 PM - DEBUG - Recurrent inference with hidden state shape: (64, 128) and action shape: (64,)
11:11:20 PM - DEBUG - Recurrent inference with hidden state shape: (64, 128) and action shape: (64,)
11:11:20 PM - DEBUG - Training step 78 complete.
11:11:20 PM - INFO - Step   78: train/policy_loss = 0.672371
11:11:20 PM - INFO - Step   78: train/reward_loss = 0.013461
11:11:20 PM - INFO - Step   78: train/value_loss = 1.513010
11:11:20 PM - INFO - Step   78: total_loss = 2.198842
11:11:21 PM - DEBUG - Adding sample to PrioritizedMemoryBuffer with max priority. Current size: 256.
11:11:21 PM - INFO - Episode 257: Reward=  11.0, Length= 11, Loss=2.1988, Memory=25.70
11:11:22 PM - DEBUG - Adding sample to PrioritizedMemoryBuffer with max priority. Current size: 257.
11:11:22 PM - INFO - Episode 258: Reward=   9.0, Length=  9, Loss=2.1988, Memory=25.80
11:11:22 PM - DEBUG - Starting training step 79...
11:11:22 PM - DEBUG - Sampling 64 samples from PrioritizedMemoryBuffer.
11:11:22 PM - DEBUG - Recurrent inference with hidden state shape: (64, 128) and action shape: (64,)
11:11:22 PM - DEBUG - Recurrent inference with hidden state shape: (64, 128) and action shape: (64,)
11:11:22 PM - DEBUG - Recurrent inference with hidden state shape: (64, 128) and action shape: (64,)
11:11:22 PM - DEBUG - Recurrent inference with hidden state shape: (64, 128) and action shape: (64,)
11:11:22 PM - DEBUG - Recurrent inference with hidden state shape: (64, 128) and action shape: (64,)
11:11:22 PM - DEBUG - Training step 79 complete.
11:11:22 PM - INFO - Step   79: train/policy_loss = 0.668895
11:11:22 PM - INFO - Step   79: train/reward_loss = 0.010599
11:11:22 PM - INFO - Step   79: train/value_loss = 1.000527
11:11:22 PM - INFO - Step   79: total_loss = 1.680022
11:11:23 PM - DEBUG - Adding sample to PrioritizedMemoryBuffer with max priority. Current size: 258.
11:11:23 PM - INFO - Episode 259: Reward=  13.0, Length= 13, Loss=1.6800, Memory=25.90
11:11:24 PM - DEBUG - Adding sample to PrioritizedMemoryBuffer with max priority. Current size: 259.
11:11:24 PM - INFO - Episode 260: Reward=  14.0, Length= 14, Loss=1.6800, Memory=26.00
11:11:24 PM - DEBUG - Starting training step 80...
11:11:24 PM - DEBUG - Sampling 64 samples from PrioritizedMemoryBuffer.
11:11:24 PM - DEBUG - Recurrent inference with hidden state shape: (64, 128) and action shape: (64,)
11:11:24 PM - DEBUG - Recurrent inference with hidden state shape: (64, 128) and action shape: (64,)
11:11:24 PM - DEBUG - Recurrent inference with hidden state shape: (64, 128) and action shape: (64,)
11:11:24 PM - DEBUG - Recurrent inference with hidden state shape: (64, 128) and action shape: (64,)
11:11:24 PM - DEBUG - Recurrent inference with hidden state shape: (64, 128) and action shape: (64,)
11:11:24 PM - DEBUG - Training step 80 complete.
11:11:24 PM - INFO - Step   80: train/policy_loss = 0.663174
11:11:24 PM - INFO - Step   80: train/reward_loss = 0.010869
11:11:24 PM - INFO - Step   80: train/value_loss = 1.196124
11:11:24 PM - INFO - Step   80: total_loss = 1.870167
11:11:25 PM - DEBUG - Adding sample to PrioritizedMemoryBuffer with max priority. Current size: 260.
11:11:25 PM - INFO - Episode 261: Reward=  14.0, Length= 14, Loss=1.8702, Memory=26.10
11:11:25 PM - INFO - Progress: 13.0% | 0.87 it/s | ETA: 33:25
11:11:26 PM - DEBUG - Adding sample to PrioritizedMemoryBuffer with max priority. Current size: 261.
11:11:26 PM - INFO - Episode 262: Reward=  13.0, Length= 13, Loss=1.8702, Memory=26.20
11:11:26 PM - DEBUG - Starting training step 81...
11:11:26 PM - DEBUG - Sampling 64 samples from PrioritizedMemoryBuffer.
11:11:26 PM - DEBUG - Recurrent inference with hidden state shape: (64, 128) and action shape: (64,)
11:11:26 PM - DEBUG - Recurrent inference with hidden state shape: (64, 128) and action shape: (64,)
11:11:26 PM - DEBUG - Recurrent inference with hidden state shape: (64, 128) and action shape: (64,)
11:11:26 PM - DEBUG - Recurrent inference with hidden state shape: (64, 128) and action shape: (64,)
11:11:26 PM - DEBUG - Recurrent inference with hidden state shape: (64, 128) and action shape: (64,)
11:11:26 PM - DEBUG - Training step 81 complete.
11:11:26 PM - INFO - Step   81: train/policy_loss = 0.673845
11:11:26 PM - INFO - Step   81: train/reward_loss = 0.011574
11:11:26 PM - INFO - Step   81: train/value_loss = 1.408004
11:11:26 PM - INFO - Step   81: total_loss = 2.093423
11:11:27 PM - DEBUG - Adding sample to PrioritizedMemoryBuffer with max priority. Current size: 262.
11:11:27 PM - INFO - Episode 263: Reward=  10.0, Length= 10, Loss=2.0934, Memory=26.30
11:11:27 PM - DEBUG - Adding sample to PrioritizedMemoryBuffer with max priority. Current size: 263.
11:11:27 PM - INFO - Episode 264: Reward=   9.0, Length=  9, Loss=2.0934, Memory=26.40
11:11:27 PM - DEBUG - Starting training step 82...
11:11:27 PM - DEBUG - Sampling 64 samples from PrioritizedMemoryBuffer.
11:11:27 PM - DEBUG - Recurrent inference with hidden state shape: (64, 128) and action shape: (64,)
11:11:27 PM - DEBUG - Recurrent inference with hidden state shape: (64, 128) and action shape: (64,)
11:11:27 PM - DEBUG - Recurrent inference with hidden state shape: (64, 128) and action shape: (64,)
11:11:28 PM - DEBUG - Recurrent inference with hidden state shape: (64, 128) and action shape: (64,)
11:11:28 PM - DEBUG - Recurrent inference with hidden state shape: (64, 128) and action shape: (64,)
11:11:28 PM - DEBUG - Training step 82 complete.
11:11:28 PM - INFO - Step   82: train/policy_loss = 0.666870
11:11:28 PM - INFO - Step   82: train/reward_loss = 0.010023
11:11:28 PM - INFO - Step   82: train/value_loss = 1.162746
11:11:28 PM - INFO - Step   82: total_loss = 1.839639
11:11:28 PM - DEBUG - Adding sample to PrioritizedMemoryBuffer with max priority. Current size: 264.
11:11:28 PM - INFO - Episode 265: Reward=  10.0, Length= 10, Loss=1.8396, Memory=26.50
11:11:29 PM - DEBUG - Adding sample to PrioritizedMemoryBuffer with max priority. Current size: 265.
11:11:29 PM - INFO - Episode 266: Reward=   9.0, Length=  9, Loss=1.8396, Memory=26.60
11:11:29 PM - DEBUG - Starting training step 83...
11:11:29 PM - DEBUG - Sampling 64 samples from PrioritizedMemoryBuffer.
11:11:29 PM - DEBUG - Recurrent inference with hidden state shape: (64, 128) and action shape: (64,)
11:11:29 PM - DEBUG - Recurrent inference with hidden state shape: (64, 128) and action shape: (64,)
11:11:29 PM - DEBUG - Recurrent inference with hidden state shape: (64, 128) and action shape: (64,)
11:11:29 PM - DEBUG - Recurrent inference with hidden state shape: (64, 128) and action shape: (64,)
11:11:29 PM - DEBUG - Recurrent inference with hidden state shape: (64, 128) and action shape: (64,)
11:11:29 PM - DEBUG - Training step 83 complete.
11:11:29 PM - INFO - Step   83: train/policy_loss = 0.665684
11:11:29 PM - INFO - Step   83: train/reward_loss = 0.014160
11:11:29 PM - INFO - Step   83: train/value_loss = 1.963926
11:11:29 PM - INFO - Step   83: total_loss = 2.643771
11:11:30 PM - DEBUG - Adding sample to PrioritizedMemoryBuffer with max priority. Current size: 266.
11:11:30 PM - INFO - Episode 267: Reward=  12.0, Length= 12, Loss=2.6438, Memory=26.70
11:11:31 PM - DEBUG - Adding sample to PrioritizedMemoryBuffer with max priority. Current size: 267.
11:11:31 PM - INFO - Episode 268: Reward=  12.0, Length= 12, Loss=2.6438, Memory=26.80
11:11:31 PM - DEBUG - Starting training step 84...
11:11:31 PM - DEBUG - Sampling 64 samples from PrioritizedMemoryBuffer.
11:11:31 PM - DEBUG - Recurrent inference with hidden state shape: (64, 128) and action shape: (64,)
11:11:31 PM - DEBUG - Recurrent inference with hidden state shape: (64, 128) and action shape: (64,)
11:11:31 PM - DEBUG - Recurrent inference with hidden state shape: (64, 128) and action shape: (64,)
11:11:31 PM - DEBUG - Recurrent inference with hidden state shape: (64, 128) and action shape: (64,)
11:11:31 PM - DEBUG - Recurrent inference with hidden state shape: (64, 128) and action shape: (64,)
11:11:31 PM - DEBUG - Training step 84 complete.
11:11:31 PM - INFO - Step   84: train/policy_loss = 0.666847
11:11:31 PM - INFO - Step   84: train/reward_loss = 0.013806
11:11:31 PM - INFO - Step   84: train/value_loss = 1.693997
11:11:31 PM - INFO - Step   84: total_loss = 2.374650
11:11:32 PM - DEBUG - Adding sample to PrioritizedMemoryBuffer with max priority. Current size: 268.
11:11:32 PM - INFO - Episode 269: Reward=  19.0, Length= 19, Loss=2.3746, Memory=26.90
11:11:33 PM - DEBUG - Adding sample to PrioritizedMemoryBuffer with max priority. Current size: 269.
11:11:33 PM - INFO - Episode 270: Reward=   9.0, Length=  9, Loss=2.3746, Memory=27.00
11:11:33 PM - DEBUG - Starting training step 85...
11:11:33 PM - DEBUG - Sampling 64 samples from PrioritizedMemoryBuffer.
11:11:33 PM - DEBUG - Recurrent inference with hidden state shape: (64, 128) and action shape: (64,)
11:11:33 PM - DEBUG - Recurrent inference with hidden state shape: (64, 128) and action shape: (64,)
11:11:33 PM - DEBUG - Recurrent inference with hidden state shape: (64, 128) and action shape: (64,)
11:11:33 PM - DEBUG - Recurrent inference with hidden state shape: (64, 128) and action shape: (64,)
11:11:33 PM - DEBUG - Recurrent inference with hidden state shape: (64, 128) and action shape: (64,)
11:11:33 PM - DEBUG - Training step 85 complete.
11:11:33 PM - INFO - Step   85: train/policy_loss = 0.658360
11:11:33 PM - INFO - Step   85: train/reward_loss = 0.010675
11:11:33 PM - INFO - Step   85: train/value_loss = 1.322654
11:11:33 PM - INFO - Step   85: total_loss = 1.991689
11:11:34 PM - DEBUG - Adding sample to PrioritizedMemoryBuffer with max priority. Current size: 270.
11:11:34 PM - INFO - Episode 271: Reward=   8.0, Length=  8, Loss=1.9917, Memory=27.10
11:11:34 PM - DEBUG - Adding sample to PrioritizedMemoryBuffer with max priority. Current size: 271.
11:11:34 PM - INFO - Episode 272: Reward=   8.0, Length=  8, Loss=1.9917, Memory=27.20
11:11:34 PM - DEBUG - Starting training step 86...
11:11:34 PM - DEBUG - Sampling 64 samples from PrioritizedMemoryBuffer.
11:11:34 PM - DEBUG - Recurrent inference with hidden state shape: (64, 128) and action shape: (64,)
11:11:34 PM - DEBUG - Recurrent inference with hidden state shape: (64, 128) and action shape: (64,)
11:11:34 PM - DEBUG - Recurrent inference with hidden state shape: (64, 128) and action shape: (64,)
11:11:34 PM - DEBUG - Recurrent inference with hidden state shape: (64, 128) and action shape: (64,)
11:11:34 PM - DEBUG - Recurrent inference with hidden state shape: (64, 128) and action shape: (64,)
11:11:34 PM - DEBUG - Training step 86 complete.
11:11:34 PM - INFO - Step   86: train/policy_loss = 0.679153
11:11:34 PM - INFO - Step   86: train/reward_loss = 0.013899
11:11:34 PM - INFO - Step   86: train/value_loss = 1.625969
11:11:34 PM - INFO - Step   86: total_loss = 2.319021
11:11:35 PM - DEBUG - Adding sample to PrioritizedMemoryBuffer with max priority. Current size: 272.
11:11:35 PM - INFO - Episode 273: Reward=   9.0, Length=  9, Loss=2.3190, Memory=27.30
11:11:36 PM - DEBUG - Adding sample to PrioritizedMemoryBuffer with max priority. Current size: 273.
11:11:36 PM - INFO - Episode 274: Reward=  12.0, Length= 12, Loss=2.3190, Memory=27.40
11:11:36 PM - DEBUG - Starting training step 87...
11:11:36 PM - DEBUG - Sampling 64 samples from PrioritizedMemoryBuffer.
11:11:36 PM - DEBUG - Recurrent inference with hidden state shape: (64, 128) and action shape: (64,)
11:11:36 PM - DEBUG - Recurrent inference with hidden state shape: (64, 128) and action shape: (64,)
11:11:36 PM - DEBUG - Recurrent inference with hidden state shape: (64, 128) and action shape: (64,)
11:11:36 PM - DEBUG - Recurrent inference with hidden state shape: (64, 128) and action shape: (64,)
11:11:36 PM - DEBUG - Recurrent inference with hidden state shape: (64, 128) and action shape: (64,)
11:11:36 PM - DEBUG - Training step 87 complete.
11:11:36 PM - INFO - Step   87: train/policy_loss = 0.652457
11:11:36 PM - INFO - Step   87: train/reward_loss = 0.009877
11:11:36 PM - INFO - Step   87: train/value_loss = 0.924256
11:11:36 PM - INFO - Step   87: total_loss = 1.586589
11:11:37 PM - DEBUG - Adding sample to PrioritizedMemoryBuffer with max priority. Current size: 274.
11:11:37 PM - INFO - Episode 275: Reward=  10.0, Length= 10, Loss=1.5866, Memory=27.50
11:11:37 PM - DEBUG - Adding sample to PrioritizedMemoryBuffer with max priority. Current size: 275.
11:11:37 PM - INFO - Episode 276: Reward=  10.0, Length= 10, Loss=1.5866, Memory=27.60
11:11:37 PM - DEBUG - Starting training step 88...
11:11:37 PM - DEBUG - Sampling 64 samples from PrioritizedMemoryBuffer.
11:11:38 PM - DEBUG - Recurrent inference with hidden state shape: (64, 128) and action shape: (64,)
11:11:38 PM - DEBUG - Recurrent inference with hidden state shape: (64, 128) and action shape: (64,)
11:11:38 PM - DEBUG - Recurrent inference with hidden state shape: (64, 128) and action shape: (64,)
11:11:38 PM - DEBUG - Recurrent inference with hidden state shape: (64, 128) and action shape: (64,)
11:11:38 PM - DEBUG - Recurrent inference with hidden state shape: (64, 128) and action shape: (64,)
11:11:38 PM - DEBUG - Training step 88 complete.
11:11:38 PM - INFO - Step   88: train/policy_loss = 0.650810
11:11:38 PM - INFO - Step   88: train/reward_loss = 0.014974
11:11:38 PM - INFO - Step   88: train/value_loss = 1.654702
11:11:38 PM - INFO - Step   88: total_loss = 2.320485
11:11:38 PM - DEBUG - Adding sample to PrioritizedMemoryBuffer with max priority. Current size: 276.
11:11:38 PM - INFO - Episode 277: Reward=   8.0, Length=  8, Loss=2.3205, Memory=27.70
11:11:39 PM - DEBUG - Adding sample to PrioritizedMemoryBuffer with max priority. Current size: 277.
11:11:39 PM - INFO - Episode 278: Reward=  10.0, Length= 10, Loss=2.3205, Memory=27.80
11:11:39 PM - DEBUG - Starting training step 89...
11:11:39 PM - DEBUG - Sampling 64 samples from PrioritizedMemoryBuffer.
11:11:39 PM - DEBUG - Recurrent inference with hidden state shape: (64, 128) and action shape: (64,)
11:11:39 PM - DEBUG - Recurrent inference with hidden state shape: (64, 128) and action shape: (64,)
11:11:39 PM - DEBUG - Recurrent inference with hidden state shape: (64, 128) and action shape: (64,)
11:11:39 PM - DEBUG - Recurrent inference with hidden state shape: (64, 128) and action shape: (64,)
11:11:39 PM - DEBUG - Recurrent inference with hidden state shape: (64, 128) and action shape: (64,)
11:11:39 PM - DEBUG - Training step 89 complete.
11:11:39 PM - INFO - Step   89: train/policy_loss = 0.664786
11:11:39 PM - INFO - Step   89: train/reward_loss = 0.010089
11:11:39 PM - INFO - Step   89: train/value_loss = 1.214960
11:11:39 PM - INFO - Step   89: total_loss = 1.889835
11:11:40 PM - DEBUG - Adding sample to PrioritizedMemoryBuffer with max priority. Current size: 278.
11:11:40 PM - INFO - Episode 279: Reward=   8.0, Length=  8, Loss=1.8898, Memory=27.90
11:11:40 PM - DEBUG - Adding sample to PrioritizedMemoryBuffer with max priority. Current size: 279.
11:11:40 PM - INFO - Episode 280: Reward=  10.0, Length= 10, Loss=1.8898, Memory=28.00
11:11:40 PM - DEBUG - Starting training step 90...
11:11:40 PM - DEBUG - Sampling 64 samples from PrioritizedMemoryBuffer.
11:11:41 PM - DEBUG - Recurrent inference with hidden state shape: (64, 128) and action shape: (64,)
11:11:41 PM - DEBUG - Recurrent inference with hidden state shape: (64, 128) and action shape: (64,)
11:11:41 PM - DEBUG - Recurrent inference with hidden state shape: (64, 128) and action shape: (64,)
11:11:41 PM - DEBUG - Recurrent inference with hidden state shape: (64, 128) and action shape: (64,)
11:11:41 PM - DEBUG - Recurrent inference with hidden state shape: (64, 128) and action shape: (64,)
11:11:41 PM - DEBUG - Training step 90 complete.
11:11:41 PM - INFO - Step   90: train/policy_loss = 0.662580
11:11:41 PM - INFO - Step   90: train/reward_loss = 0.011056
11:11:41 PM - INFO - Step   90: train/value_loss = 1.790347
11:11:41 PM - INFO - Step   90: total_loss = 2.463982
11:11:41 PM - DEBUG - Adding sample to PrioritizedMemoryBuffer with max priority. Current size: 280.
11:11:41 PM - INFO - Episode 281: Reward=   9.0, Length=  9, Loss=2.4640, Memory=28.10
11:11:41 PM - INFO - Progress: 14.0% | 1.27 it/s | ETA: 22:31
11:11:42 PM - DEBUG - Adding sample to PrioritizedMemoryBuffer with max priority. Current size: 281.
11:11:42 PM - INFO - Episode 282: Reward=  12.0, Length= 12, Loss=2.4640, Memory=28.20
11:11:42 PM - DEBUG - Starting training step 91...
11:11:42 PM - DEBUG - Sampling 64 samples from PrioritizedMemoryBuffer.
11:11:42 PM - DEBUG - Recurrent inference with hidden state shape: (64, 128) and action shape: (64,)
11:11:42 PM - DEBUG - Recurrent inference with hidden state shape: (64, 128) and action shape: (64,)
11:11:42 PM - DEBUG - Recurrent inference with hidden state shape: (64, 128) and action shape: (64,)
11:11:42 PM - DEBUG - Recurrent inference with hidden state shape: (64, 128) and action shape: (64,)
11:11:42 PM - DEBUG - Recurrent inference with hidden state shape: (64, 128) and action shape: (64,)
11:11:42 PM - DEBUG - Training step 91 complete.
11:11:42 PM - INFO - Step   91: train/policy_loss = 0.651043
11:11:42 PM - INFO - Step   91: train/reward_loss = 0.008598
11:11:42 PM - INFO - Step   91: train/value_loss = 0.909206
11:11:42 PM - INFO - Step   91: total_loss = 1.568847
11:11:43 PM - DEBUG - Adding sample to PrioritizedMemoryBuffer with max priority. Current size: 282.
11:11:43 PM - INFO - Episode 283: Reward=  11.0, Length= 11, Loss=1.5688, Memory=28.30
11:11:44 PM - DEBUG - Adding sample to PrioritizedMemoryBuffer with max priority. Current size: 283.
11:11:44 PM - INFO - Episode 284: Reward=   9.0, Length=  9, Loss=1.5688, Memory=28.40
11:11:44 PM - DEBUG - Starting training step 92...
11:11:44 PM - DEBUG - Sampling 64 samples from PrioritizedMemoryBuffer.
11:11:44 PM - DEBUG - Recurrent inference with hidden state shape: (64, 128) and action shape: (64,)
11:11:44 PM - DEBUG - Recurrent inference with hidden state shape: (64, 128) and action shape: (64,)
11:11:44 PM - DEBUG - Recurrent inference with hidden state shape: (64, 128) and action shape: (64,)
11:11:44 PM - DEBUG - Recurrent inference with hidden state shape: (64, 128) and action shape: (64,)
11:11:44 PM - DEBUG - Recurrent inference with hidden state shape: (64, 128) and action shape: (64,)
11:11:44 PM - DEBUG - Training step 92 complete.
11:11:44 PM - INFO - Step   92: train/policy_loss = 0.657939
11:11:44 PM - INFO - Step   92: train/reward_loss = 0.013665
11:11:44 PM - INFO - Step   92: train/value_loss = 1.063868
11:11:44 PM - INFO - Step   92: total_loss = 1.735471
11:11:45 PM - DEBUG - Adding sample to PrioritizedMemoryBuffer with max priority. Current size: 284.
11:11:45 PM - INFO - Episode 285: Reward=  12.0, Length= 12, Loss=1.7355, Memory=28.50
11:11:45 PM - DEBUG - Adding sample to PrioritizedMemoryBuffer with max priority. Current size: 285.
11:11:45 PM - INFO - Episode 286: Reward=  10.0, Length= 10, Loss=1.7355, Memory=28.60
11:11:45 PM - DEBUG - Starting training step 93...
11:11:45 PM - DEBUG - Sampling 64 samples from PrioritizedMemoryBuffer.
11:11:45 PM - DEBUG - Recurrent inference with hidden state shape: (64, 128) and action shape: (64,)
11:11:45 PM - DEBUG - Recurrent inference with hidden state shape: (64, 128) and action shape: (64,)
11:11:45 PM - DEBUG - Recurrent inference with hidden state shape: (64, 128) and action shape: (64,)
11:11:45 PM - DEBUG - Recurrent inference with hidden state shape: (64, 128) and action shape: (64,)
11:11:45 PM - DEBUG - Recurrent inference with hidden state shape: (64, 128) and action shape: (64,)
11:11:46 PM - DEBUG - Training step 93 complete.
11:11:46 PM - INFO - Step   93: train/policy_loss = 0.650791
11:11:46 PM - INFO - Step   93: train/reward_loss = 0.013026
11:11:46 PM - INFO - Step   93: train/value_loss = 1.499974
11:11:46 PM - INFO - Step   93: total_loss = 2.163791
11:11:46 PM - DEBUG - Adding sample to PrioritizedMemoryBuffer with max priority. Current size: 286.
11:11:46 PM - INFO - Episode 287: Reward=  12.0, Length= 12, Loss=2.1638, Memory=28.70
11:11:47 PM - DEBUG - Adding sample to PrioritizedMemoryBuffer with max priority. Current size: 287.
11:11:47 PM - INFO - Episode 288: Reward=   9.0, Length=  9, Loss=2.1638, Memory=28.80
11:11:47 PM - DEBUG - Starting training step 94...
11:11:47 PM - DEBUG - Sampling 64 samples from PrioritizedMemoryBuffer.
11:11:47 PM - DEBUG - Recurrent inference with hidden state shape: (64, 128) and action shape: (64,)
11:11:47 PM - DEBUG - Recurrent inference with hidden state shape: (64, 128) and action shape: (64,)
11:11:47 PM - DEBUG - Recurrent inference with hidden state shape: (64, 128) and action shape: (64,)
11:11:47 PM - DEBUG - Recurrent inference with hidden state shape: (64, 128) and action shape: (64,)
11:11:47 PM - DEBUG - Recurrent inference with hidden state shape: (64, 128) and action shape: (64,)
11:11:47 PM - DEBUG - Training step 94 complete.
11:11:47 PM - INFO - Step   94: train/policy_loss = 0.655650
11:11:47 PM - INFO - Step   94: train/reward_loss = 0.009773
11:11:47 PM - INFO - Step   94: train/value_loss = 1.488378
11:11:47 PM - INFO - Step   94: total_loss = 2.153802
11:11:48 PM - DEBUG - Adding sample to PrioritizedMemoryBuffer with max priority. Current size: 288.
11:11:48 PM - INFO - Episode 289: Reward=  11.0, Length= 11, Loss=2.1538, Memory=28.90
11:11:49 PM - DEBUG - Adding sample to PrioritizedMemoryBuffer with max priority. Current size: 289.
11:11:49 PM - INFO - Episode 290: Reward=  12.0, Length= 12, Loss=2.1538, Memory=29.00
11:11:49 PM - DEBUG - Starting training step 95...
11:11:49 PM - DEBUG - Sampling 64 samples from PrioritizedMemoryBuffer.
11:11:49 PM - DEBUG - Recurrent inference with hidden state shape: (64, 128) and action shape: (64,)
11:11:49 PM - DEBUG - Recurrent inference with hidden state shape: (64, 128) and action shape: (64,)
11:11:49 PM - DEBUG - Recurrent inference with hidden state shape: (64, 128) and action shape: (64,)
11:11:49 PM - DEBUG - Recurrent inference with hidden state shape: (64, 128) and action shape: (64,)
11:11:49 PM - DEBUG - Recurrent inference with hidden state shape: (64, 128) and action shape: (64,)
11:11:49 PM - DEBUG - Training step 95 complete.
11:11:49 PM - INFO - Step   95: train/policy_loss = 0.670788
11:11:49 PM - INFO - Step   95: train/reward_loss = 0.008742
11:11:49 PM - INFO - Step   95: train/value_loss = 1.550811
11:11:49 PM - INFO - Step   95: total_loss = 2.230341
11:11:50 PM - DEBUG - Adding sample to PrioritizedMemoryBuffer with max priority. Current size: 290.
11:11:50 PM - INFO - Episode 291: Reward=  14.0, Length= 14, Loss=2.2303, Memory=29.10
11:11:50 PM - DEBUG - Adding sample to PrioritizedMemoryBuffer with max priority. Current size: 291.
11:11:50 PM - INFO - Episode 292: Reward=  10.0, Length= 10, Loss=2.2303, Memory=29.20
11:11:50 PM - DEBUG - Starting training step 96...
11:11:50 PM - DEBUG - Sampling 64 samples from PrioritizedMemoryBuffer.
11:11:51 PM - DEBUG - Recurrent inference with hidden state shape: (64, 128) and action shape: (64,)
11:11:51 PM - DEBUG - Recurrent inference with hidden state shape: (64, 128) and action shape: (64,)
11:11:51 PM - DEBUG - Recurrent inference with hidden state shape: (64, 128) and action shape: (64,)
11:11:51 PM - DEBUG - Recurrent inference with hidden state shape: (64, 128) and action shape: (64,)
11:11:51 PM - DEBUG - Recurrent inference with hidden state shape: (64, 128) and action shape: (64,)
11:11:51 PM - DEBUG - Training step 96 complete.
11:11:51 PM - INFO - Step   96: train/policy_loss = 0.639095
11:11:51 PM - INFO - Step   96: train/reward_loss = 0.010186
11:11:51 PM - INFO - Step   96: train/value_loss = 1.394968
11:11:51 PM - INFO - Step   96: total_loss = 2.044250
11:11:51 PM - DEBUG - Adding sample to PrioritizedMemoryBuffer with max priority. Current size: 292.
11:11:51 PM - INFO - Episode 293: Reward=   9.0, Length=  9, Loss=2.0442, Memory=29.30
11:11:55 PM - DEBUG - Adding sample to PrioritizedMemoryBuffer with max priority. Current size: 293.
11:11:55 PM - INFO - Episode 294: Reward=  55.0, Length= 55, Loss=2.0442, Memory=29.40
11:11:55 PM - DEBUG - Starting training step 97...
11:11:55 PM - DEBUG - Sampling 64 samples from PrioritizedMemoryBuffer.
11:11:55 PM - DEBUG - Recurrent inference with hidden state shape: (64, 128) and action shape: (64,)
11:11:55 PM - DEBUG - Recurrent inference with hidden state shape: (64, 128) and action shape: (64,)
11:11:55 PM - DEBUG - Recurrent inference with hidden state shape: (64, 128) and action shape: (64,)
11:11:55 PM - DEBUG - Recurrent inference with hidden state shape: (64, 128) and action shape: (64,)
11:11:55 PM - DEBUG - Recurrent inference with hidden state shape: (64, 128) and action shape: (64,)
11:11:55 PM - DEBUG - Training step 97 complete.
11:11:55 PM - INFO - Step   97: train/policy_loss = 0.645472
11:11:55 PM - INFO - Step   97: train/reward_loss = 0.009693
11:11:55 PM - INFO - Step   97: train/value_loss = 1.373372
11:11:55 PM - INFO - Step   97: total_loss = 2.028537
11:11:56 PM - DEBUG - Adding sample to PrioritizedMemoryBuffer with max priority. Current size: 294.
11:11:56 PM - INFO - Episode 295: Reward=  17.0, Length= 17, Loss=2.0285, Memory=29.50
11:11:57 PM - DEBUG - Adding sample to PrioritizedMemoryBuffer with max priority. Current size: 295.
11:11:57 PM - INFO - Episode 296: Reward=  11.0, Length= 11, Loss=2.0285, Memory=29.60
11:11:57 PM - DEBUG - Starting training step 98...
11:11:57 PM - DEBUG - Sampling 64 samples from PrioritizedMemoryBuffer.
11:11:57 PM - DEBUG - Recurrent inference with hidden state shape: (64, 128) and action shape: (64,)
11:11:57 PM - DEBUG - Recurrent inference with hidden state shape: (64, 128) and action shape: (64,)
11:11:57 PM - DEBUG - Recurrent inference with hidden state shape: (64, 128) and action shape: (64,)
11:11:57 PM - DEBUG - Recurrent inference with hidden state shape: (64, 128) and action shape: (64,)
11:11:57 PM - DEBUG - Recurrent inference with hidden state shape: (64, 128) and action shape: (64,)
11:11:57 PM - DEBUG - Training step 98 complete.
11:11:57 PM - INFO - Step   98: train/policy_loss = 0.627602
11:11:57 PM - INFO - Step   98: train/reward_loss = 0.007816
11:11:57 PM - INFO - Step   98: train/value_loss = 1.173698
11:11:57 PM - INFO - Step   98: total_loss = 1.809116
11:11:58 PM - DEBUG - Adding sample to PrioritizedMemoryBuffer with max priority. Current size: 296.
11:11:58 PM - INFO - Episode 297: Reward=  10.0, Length= 10, Loss=1.8091, Memory=29.70
11:11:59 PM - DEBUG - Adding sample to PrioritizedMemoryBuffer with max priority. Current size: 297.
11:11:59 PM - INFO - Episode 298: Reward=  11.0, Length= 11, Loss=1.8091, Memory=29.80
11:11:59 PM - DEBUG - Starting training step 99...
11:11:59 PM - DEBUG - Sampling 64 samples from PrioritizedMemoryBuffer.
11:11:59 PM - DEBUG - Recurrent inference with hidden state shape: (64, 128) and action shape: (64,)
11:11:59 PM - DEBUG - Recurrent inference with hidden state shape: (64, 128) and action shape: (64,)
11:11:59 PM - DEBUG - Recurrent inference with hidden state shape: (64, 128) and action shape: (64,)
11:11:59 PM - DEBUG - Recurrent inference with hidden state shape: (64, 128) and action shape: (64,)
11:11:59 PM - DEBUG - Recurrent inference with hidden state shape: (64, 128) and action shape: (64,)
11:11:59 PM - DEBUG - Training step 99 complete.
11:11:59 PM - INFO - Step   99: train/policy_loss = 0.672726
11:11:59 PM - INFO - Step   99: train/reward_loss = 0.008626
11:11:59 PM - INFO - Step   99: train/value_loss = 1.481749
11:11:59 PM - INFO - Step   99: total_loss = 2.163100
11:12:01 PM - DEBUG - Adding sample to PrioritizedMemoryBuffer with max priority. Current size: 298.
11:12:01 PM - INFO - Episode 299: Reward=  33.0, Length= 33, Loss=2.1631, Memory=29.90
11:12:02 PM - DEBUG - Adding sample to PrioritizedMemoryBuffer with max priority. Current size: 299.
11:12:02 PM - INFO - Episode 300: Reward=  11.0, Length= 11, Loss=2.1631, Memory=30.00
11:12:02 PM - DEBUG - Starting training step 100...
11:12:02 PM - DEBUG - Sampling 64 samples from PrioritizedMemoryBuffer.
11:12:02 PM - DEBUG - Recurrent inference with hidden state shape: (64, 128) and action shape: (64,)
11:12:02 PM - DEBUG - Recurrent inference with hidden state shape: (64, 128) and action shape: (64,)
11:12:02 PM - DEBUG - Recurrent inference with hidden state shape: (64, 128) and action shape: (64,)
11:12:02 PM - DEBUG - Recurrent inference with hidden state shape: (64, 128) and action shape: (64,)
11:12:02 PM - DEBUG - Recurrent inference with hidden state shape: (64, 128) and action shape: (64,)
11:12:02 PM - DEBUG - Training step 100 complete.
11:12:02 PM - INFO - Step  100: train/policy_loss = 0.634165
11:12:02 PM - INFO - Step  100: train/reward_loss = 0.009038
11:12:02 PM - INFO - Step  100: train/value_loss = 1.466660
11:12:02 PM - INFO - Step  100: total_loss = 2.109863
11:12:02 PM - DEBUG - Saving agent state.
11:12:02 PM - INFO - Checkpoint saved to checkpoints/CartPole-v1/20250720_230602/episode_00300.pkl
11:12:03 PM - DEBUG - Adding sample to PrioritizedMemoryBuffer with max priority. Current size: 300.
11:12:03 PM - INFO - Episode 301: Reward=   9.0, Length=  9, Loss=2.1099, Memory=30.10
11:12:03 PM - INFO - Progress: 15.0% | 0.76 it/s | ETA: 37:12
11:12:04 PM - DEBUG - Adding sample to PrioritizedMemoryBuffer with max priority. Current size: 301.
11:12:04 PM - INFO - Episode 302: Reward=  14.0, Length= 14, Loss=2.1099, Memory=30.20
11:12:04 PM - DEBUG - Starting training step 101...
11:12:04 PM - DEBUG - Sampling 64 samples from PrioritizedMemoryBuffer.
11:12:04 PM - DEBUG - Recurrent inference with hidden state shape: (64, 128) and action shape: (64,)
11:12:04 PM - DEBUG - Recurrent inference with hidden state shape: (64, 128) and action shape: (64,)
11:12:04 PM - DEBUG - Recurrent inference with hidden state shape: (64, 128) and action shape: (64,)
11:12:04 PM - DEBUG - Recurrent inference with hidden state shape: (64, 128) and action shape: (64,)
11:12:04 PM - DEBUG - Recurrent inference with hidden state shape: (64, 128) and action shape: (64,)
11:12:04 PM - DEBUG - Training step 101 complete.
11:12:04 PM - INFO - Step  101: train/policy_loss = 0.645060
11:12:04 PM - INFO - Step  101: train/reward_loss = 0.008269
11:12:04 PM - INFO - Step  101: train/value_loss = 1.602488
11:12:04 PM - INFO - Step  101: total_loss = 2.255817
11:12:05 PM - DEBUG - Adding sample to PrioritizedMemoryBuffer with max priority. Current size: 302.
11:12:05 PM - INFO - Episode 303: Reward=  11.0, Length= 11, Loss=2.2558, Memory=30.30
11:12:07 PM - DEBUG - Adding sample to PrioritizedMemoryBuffer with max priority. Current size: 303.
11:12:07 PM - INFO - Episode 304: Reward=  36.0, Length= 36, Loss=2.2558, Memory=30.40
11:12:07 PM - DEBUG - Starting training step 102...
11:12:07 PM - DEBUG - Sampling 64 samples from PrioritizedMemoryBuffer.
11:12:07 PM - DEBUG - Recurrent inference with hidden state shape: (64, 128) and action shape: (64,)
11:12:07 PM - DEBUG - Recurrent inference with hidden state shape: (64, 128) and action shape: (64,)
11:12:07 PM - DEBUG - Recurrent inference with hidden state shape: (64, 128) and action shape: (64,)
11:12:07 PM - DEBUG - Recurrent inference with hidden state shape: (64, 128) and action shape: (64,)
11:12:07 PM - DEBUG - Recurrent inference with hidden state shape: (64, 128) and action shape: (64,)
11:12:07 PM - DEBUG - Training step 102 complete.
11:12:07 PM - INFO - Step  102: train/policy_loss = 0.645697
11:12:07 PM - INFO - Step  102: train/reward_loss = 0.010858
11:12:07 PM - INFO - Step  102: train/value_loss = 1.201502
11:12:07 PM - INFO - Step  102: total_loss = 1.858058
11:12:08 PM - DEBUG - Adding sample to PrioritizedMemoryBuffer with max priority. Current size: 304.
11:12:08 PM - INFO - Episode 305: Reward=  10.0, Length= 10, Loss=1.8581, Memory=30.50
11:12:09 PM - DEBUG - Adding sample to PrioritizedMemoryBuffer with max priority. Current size: 305.
11:12:09 PM - INFO - Episode 306: Reward=   9.0, Length=  9, Loss=1.8581, Memory=30.60
11:12:09 PM - DEBUG - Starting training step 103...
11:12:09 PM - DEBUG - Sampling 64 samples from PrioritizedMemoryBuffer.
11:12:09 PM - DEBUG - Recurrent inference with hidden state shape: (64, 128) and action shape: (64,)
11:12:09 PM - DEBUG - Recurrent inference with hidden state shape: (64, 128) and action shape: (64,)
11:12:09 PM - DEBUG - Recurrent inference with hidden state shape: (64, 128) and action shape: (64,)
11:12:09 PM - DEBUG - Recurrent inference with hidden state shape: (64, 128) and action shape: (64,)
11:12:09 PM - DEBUG - Recurrent inference with hidden state shape: (64, 128) and action shape: (64,)
11:12:09 PM - DEBUG - Training step 103 complete.
11:12:09 PM - INFO - Step  103: train/policy_loss = 0.654027
11:12:09 PM - INFO - Step  103: train/reward_loss = 0.020640
11:12:09 PM - INFO - Step  103: train/value_loss = 2.114865
11:12:09 PM - INFO - Step  103: total_loss = 2.789532
11:12:10 PM - DEBUG - Adding sample to PrioritizedMemoryBuffer with max priority. Current size: 306.
11:12:10 PM - INFO - Episode 307: Reward=  11.0, Length= 11, Loss=2.7895, Memory=30.70
11:12:10 PM - DEBUG - Adding sample to PrioritizedMemoryBuffer with max priority. Current size: 307.
11:12:10 PM - INFO - Episode 308: Reward=   9.0, Length=  9, Loss=2.7895, Memory=30.80
11:12:10 PM - DEBUG - Starting training step 104...
11:12:10 PM - DEBUG - Sampling 64 samples from PrioritizedMemoryBuffer.
11:12:11 PM - DEBUG - Recurrent inference with hidden state shape: (64, 128) and action shape: (64,)
11:12:11 PM - DEBUG - Recurrent inference with hidden state shape: (64, 128) and action shape: (64,)
11:12:11 PM - DEBUG - Recurrent inference with hidden state shape: (64, 128) and action shape: (64,)
11:12:11 PM - DEBUG - Recurrent inference with hidden state shape: (64, 128) and action shape: (64,)
11:12:11 PM - DEBUG - Recurrent inference with hidden state shape: (64, 128) and action shape: (64,)
11:12:11 PM - DEBUG - Training step 104 complete.
11:12:11 PM - INFO - Step  104: train/policy_loss = 0.634487
11:12:11 PM - INFO - Step  104: train/reward_loss = 0.010579
11:12:11 PM - INFO - Step  104: train/value_loss = 1.035781
11:12:11 PM - INFO - Step  104: total_loss = 1.680846
11:12:11 PM - DEBUG - Adding sample to PrioritizedMemoryBuffer with max priority. Current size: 308.
11:12:11 PM - INFO - Episode 309: Reward=  10.0, Length= 10, Loss=1.6808, Memory=30.90
11:12:12 PM - DEBUG - Adding sample to PrioritizedMemoryBuffer with max priority. Current size: 309.
11:12:12 PM - INFO - Episode 310: Reward=   8.0, Length=  8, Loss=1.6808, Memory=31.00
11:12:12 PM - DEBUG - Starting training step 105...
11:12:12 PM - DEBUG - Sampling 64 samples from PrioritizedMemoryBuffer.
11:12:12 PM - DEBUG - Recurrent inference with hidden state shape: (64, 128) and action shape: (64,)
11:12:12 PM - DEBUG - Recurrent inference with hidden state shape: (64, 128) and action shape: (64,)
11:12:12 PM - DEBUG - Recurrent inference with hidden state shape: (64, 128) and action shape: (64,)
11:12:12 PM - DEBUG - Recurrent inference with hidden state shape: (64, 128) and action shape: (64,)
11:12:12 PM - DEBUG - Recurrent inference with hidden state shape: (64, 128) and action shape: (64,)
11:12:12 PM - DEBUG - Training step 105 complete.
11:12:12 PM - INFO - Step  105: train/policy_loss = 0.645685
11:12:12 PM - INFO - Step  105: train/reward_loss = 0.010347
11:12:12 PM - INFO - Step  105: train/value_loss = 1.976855
11:12:12 PM - INFO - Step  105: total_loss = 2.632887
11:12:13 PM - DEBUG - Adding sample to PrioritizedMemoryBuffer with max priority. Current size: 310.
11:12:13 PM - INFO - Episode 311: Reward=  11.0, Length= 11, Loss=2.6329, Memory=31.10
11:12:14 PM - DEBUG - Adding sample to PrioritizedMemoryBuffer with max priority. Current size: 311.
11:12:14 PM - INFO - Episode 312: Reward=  11.0, Length= 11, Loss=2.6329, Memory=31.20
11:12:14 PM - DEBUG - Starting training step 106...
11:12:14 PM - DEBUG - Sampling 64 samples from PrioritizedMemoryBuffer.
11:12:14 PM - DEBUG - Recurrent inference with hidden state shape: (64, 128) and action shape: (64,)
11:12:14 PM - DEBUG - Recurrent inference with hidden state shape: (64, 128) and action shape: (64,)
11:12:14 PM - DEBUG - Recurrent inference with hidden state shape: (64, 128) and action shape: (64,)
11:12:14 PM - DEBUG - Recurrent inference with hidden state shape: (64, 128) and action shape: (64,)
11:12:14 PM - DEBUG - Recurrent inference with hidden state shape: (64, 128) and action shape: (64,)
11:12:14 PM - DEBUG - Training step 106 complete.
11:12:14 PM - INFO - Step  106: train/policy_loss = 0.653118
11:12:14 PM - INFO - Step  106: train/reward_loss = 0.011503
11:12:14 PM - INFO - Step  106: train/value_loss = 1.583117
11:12:14 PM - INFO - Step  106: total_loss = 2.247739
11:12:15 PM - DEBUG - Adding sample to PrioritizedMemoryBuffer with max priority. Current size: 312.
11:12:15 PM - INFO - Episode 313: Reward=  12.0, Length= 12, Loss=2.2477, Memory=31.30
11:12:16 PM - DEBUG - Adding sample to PrioritizedMemoryBuffer with max priority. Current size: 313.
11:12:16 PM - INFO - Episode 314: Reward=  11.0, Length= 11, Loss=2.2477, Memory=31.40
11:12:16 PM - DEBUG - Starting training step 107...
11:12:16 PM - DEBUG - Sampling 64 samples from PrioritizedMemoryBuffer.
11:12:16 PM - DEBUG - Recurrent inference with hidden state shape: (64, 128) and action shape: (64,)
11:12:16 PM - DEBUG - Recurrent inference with hidden state shape: (64, 128) and action shape: (64,)
11:12:16 PM - DEBUG - Recurrent inference with hidden state shape: (64, 128) and action shape: (64,)
11:12:16 PM - DEBUG - Recurrent inference with hidden state shape: (64, 128) and action shape: (64,)
11:12:16 PM - DEBUG - Recurrent inference with hidden state shape: (64, 128) and action shape: (64,)
11:12:16 PM - DEBUG - Training step 107 complete.
11:12:16 PM - INFO - Step  107: train/policy_loss = 0.640799
11:12:16 PM - INFO - Step  107: train/reward_loss = 0.009310
11:12:16 PM - INFO - Step  107: train/value_loss = 1.048223
11:12:16 PM - INFO - Step  107: total_loss = 1.698332
11:12:17 PM - DEBUG - Adding sample to PrioritizedMemoryBuffer with max priority. Current size: 314.
11:12:17 PM - INFO - Episode 315: Reward=  14.0, Length= 14, Loss=1.6983, Memory=31.50
11:12:17 PM - DEBUG - Adding sample to PrioritizedMemoryBuffer with max priority. Current size: 315.
11:12:17 PM - INFO - Episode 316: Reward=   9.0, Length=  9, Loss=1.6983, Memory=31.60
11:12:17 PM - DEBUG - Starting training step 108...
11:12:17 PM - DEBUG - Sampling 64 samples from PrioritizedMemoryBuffer.
11:12:18 PM - DEBUG - Recurrent inference with hidden state shape: (64, 128) and action shape: (64,)
11:12:18 PM - DEBUG - Recurrent inference with hidden state shape: (64, 128) and action shape: (64,)
11:12:18 PM - DEBUG - Recurrent inference with hidden state shape: (64, 128) and action shape: (64,)
11:12:18 PM - DEBUG - Recurrent inference with hidden state shape: (64, 128) and action shape: (64,)
11:12:18 PM - DEBUG - Recurrent inference with hidden state shape: (64, 128) and action shape: (64,)
11:12:18 PM - DEBUG - Training step 108 complete.
11:12:18 PM - INFO - Step  108: train/policy_loss = 0.640576
11:12:18 PM - INFO - Step  108: train/reward_loss = 0.012238
11:12:18 PM - INFO - Step  108: train/value_loss = 1.977734
11:12:18 PM - INFO - Step  108: total_loss = 2.630547
11:12:18 PM - DEBUG - Adding sample to PrioritizedMemoryBuffer with max priority. Current size: 316.
11:12:18 PM - INFO - Episode 317: Reward=   9.0, Length=  9, Loss=2.6305, Memory=31.70
11:12:19 PM - DEBUG - Adding sample to PrioritizedMemoryBuffer with max priority. Current size: 317.
11:12:19 PM - INFO - Episode 318: Reward=   9.0, Length=  9, Loss=2.6305, Memory=31.80
11:12:19 PM - DEBUG - Starting training step 109...
11:12:19 PM - DEBUG - Sampling 64 samples from PrioritizedMemoryBuffer.
11:12:19 PM - DEBUG - Recurrent inference with hidden state shape: (64, 128) and action shape: (64,)
11:12:19 PM - DEBUG - Recurrent inference with hidden state shape: (64, 128) and action shape: (64,)
11:12:19 PM - DEBUG - Recurrent inference with hidden state shape: (64, 128) and action shape: (64,)
11:12:19 PM - DEBUG - Recurrent inference with hidden state shape: (64, 128) and action shape: (64,)
11:12:19 PM - DEBUG - Recurrent inference with hidden state shape: (64, 128) and action shape: (64,)
11:12:19 PM - DEBUG - Training step 109 complete.
11:12:19 PM - INFO - Step  109: train/policy_loss = 0.621512
11:12:19 PM - INFO - Step  109: train/reward_loss = 0.008038
11:12:19 PM - INFO - Step  109: train/value_loss = 1.465813
11:12:19 PM - INFO - Step  109: total_loss = 2.095363
11:12:20 PM - DEBUG - Adding sample to PrioritizedMemoryBuffer with max priority. Current size: 318.
11:12:20 PM - INFO - Episode 319: Reward=  11.0, Length= 11, Loss=2.0954, Memory=31.90
11:12:21 PM - DEBUG - Adding sample to PrioritizedMemoryBuffer with max priority. Current size: 319.
11:12:21 PM - INFO - Episode 320: Reward=  10.0, Length= 10, Loss=2.0954, Memory=32.00
11:12:21 PM - DEBUG - Starting training step 110...
11:12:21 PM - DEBUG - Sampling 64 samples from PrioritizedMemoryBuffer.
11:12:21 PM - DEBUG - Recurrent inference with hidden state shape: (64, 128) and action shape: (64,)
11:12:21 PM - DEBUG - Recurrent inference with hidden state shape: (64, 128) and action shape: (64,)
11:12:21 PM - DEBUG - Recurrent inference with hidden state shape: (64, 128) and action shape: (64,)
11:12:21 PM - DEBUG - Recurrent inference with hidden state shape: (64, 128) and action shape: (64,)
11:12:21 PM - DEBUG - Recurrent inference with hidden state shape: (64, 128) and action shape: (64,)
11:12:21 PM - DEBUG - Training step 110 complete.
11:12:21 PM - INFO - Step  110: train/policy_loss = 0.642204
11:12:21 PM - INFO - Step  110: train/reward_loss = 0.013731
11:12:21 PM - INFO - Step  110: train/value_loss = 1.109548
11:12:21 PM - INFO - Step  110: total_loss = 1.765483
11:12:22 PM - DEBUG - Adding sample to PrioritizedMemoryBuffer with max priority. Current size: 320.
11:12:22 PM - INFO - Episode 321: Reward=  11.0, Length= 11, Loss=1.7655, Memory=32.10
11:12:22 PM - INFO - Progress: 16.0% | 1.17 it/s | ETA: 23:57
11:12:22 PM - DEBUG - Adding sample to PrioritizedMemoryBuffer with max priority. Current size: 321.
11:12:22 PM - INFO - Episode 322: Reward=  10.0, Length= 10, Loss=1.7655, Memory=32.20
11:12:22 PM - DEBUG - Starting training step 111...
11:12:22 PM - DEBUG - Sampling 64 samples from PrioritizedMemoryBuffer.
11:12:23 PM - DEBUG - Recurrent inference with hidden state shape: (64, 128) and action shape: (64,)
11:12:23 PM - DEBUG - Recurrent inference with hidden state shape: (64, 128) and action shape: (64,)
11:12:23 PM - DEBUG - Recurrent inference with hidden state shape: (64, 128) and action shape: (64,)
11:12:23 PM - DEBUG - Recurrent inference with hidden state shape: (64, 128) and action shape: (64,)
11:12:23 PM - DEBUG - Recurrent inference with hidden state shape: (64, 128) and action shape: (64,)
11:12:23 PM - DEBUG - Training step 111 complete.
11:12:23 PM - INFO - Step  111: train/policy_loss = 0.651226
11:12:23 PM - INFO - Step  111: train/reward_loss = 0.016751
11:12:23 PM - INFO - Step  111: train/value_loss = 1.370298
11:12:23 PM - INFO - Step  111: total_loss = 2.038275
11:12:23 PM - DEBUG - Adding sample to PrioritizedMemoryBuffer with max priority. Current size: 322.
11:12:23 PM - INFO - Episode 323: Reward=  10.0, Length= 10, Loss=2.0383, Memory=32.30
11:12:24 PM - DEBUG - Adding sample to PrioritizedMemoryBuffer with max priority. Current size: 323.
11:12:24 PM - INFO - Episode 324: Reward=  12.0, Length= 12, Loss=2.0383, Memory=32.40
11:12:24 PM - DEBUG - Starting training step 112...
11:12:24 PM - DEBUG - Sampling 64 samples from PrioritizedMemoryBuffer.
11:12:24 PM - DEBUG - Recurrent inference with hidden state shape: (64, 128) and action shape: (64,)
11:12:24 PM - DEBUG - Recurrent inference with hidden state shape: (64, 128) and action shape: (64,)
11:12:24 PM - DEBUG - Recurrent inference with hidden state shape: (64, 128) and action shape: (64,)
11:12:24 PM - DEBUG - Recurrent inference with hidden state shape: (64, 128) and action shape: (64,)
11:12:24 PM - DEBUG - Recurrent inference with hidden state shape: (64, 128) and action shape: (64,)
11:12:24 PM - DEBUG - Training step 112 complete.
11:12:24 PM - INFO - Step  112: train/policy_loss = 0.654330
11:12:24 PM - INFO - Step  112: train/reward_loss = 0.014238
11:12:24 PM - INFO - Step  112: train/value_loss = 1.126693
11:12:24 PM - INFO - Step  112: total_loss = 1.795261
11:12:25 PM - DEBUG - Adding sample to PrioritizedMemoryBuffer with max priority. Current size: 324.
11:12:25 PM - INFO - Episode 325: Reward=  12.0, Length= 12, Loss=1.7953, Memory=32.50
11:12:26 PM - DEBUG - Adding sample to PrioritizedMemoryBuffer with max priority. Current size: 325.
11:12:26 PM - INFO - Episode 326: Reward=   9.0, Length=  9, Loss=1.7953, Memory=32.60
11:12:26 PM - DEBUG - Starting training step 113...
11:12:26 PM - DEBUG - Sampling 64 samples from PrioritizedMemoryBuffer.
11:12:26 PM - DEBUG - Recurrent inference with hidden state shape: (64, 128) and action shape: (64,)
11:12:26 PM - DEBUG - Recurrent inference with hidden state shape: (64, 128) and action shape: (64,)
11:12:26 PM - DEBUG - Recurrent inference with hidden state shape: (64, 128) and action shape: (64,)
11:12:26 PM - DEBUG - Recurrent inference with hidden state shape: (64, 128) and action shape: (64,)
11:12:26 PM - DEBUG - Recurrent inference with hidden state shape: (64, 128) and action shape: (64,)
11:12:26 PM - DEBUG - Training step 113 complete.
11:12:26 PM - INFO - Step  113: train/policy_loss = 0.631295
11:12:26 PM - INFO - Step  113: train/reward_loss = 0.010250
11:12:26 PM - INFO - Step  113: train/value_loss = 1.246054
11:12:26 PM - INFO - Step  113: total_loss = 1.887599
11:12:27 PM - DEBUG - Adding sample to PrioritizedMemoryBuffer with max priority. Current size: 326.
11:12:27 PM - INFO - Episode 327: Reward=  10.0, Length= 10, Loss=1.8876, Memory=32.70
11:12:27 PM - DEBUG - Adding sample to PrioritizedMemoryBuffer with max priority. Current size: 327.
11:12:27 PM - INFO - Episode 328: Reward=   9.0, Length=  9, Loss=1.8876, Memory=32.80
11:12:27 PM - DEBUG - Starting training step 114...
11:12:27 PM - DEBUG - Sampling 64 samples from PrioritizedMemoryBuffer.
11:12:27 PM - DEBUG - Recurrent inference with hidden state shape: (64, 128) and action shape: (64,)
11:12:27 PM - DEBUG - Recurrent inference with hidden state shape: (64, 128) and action shape: (64,)
11:12:27 PM - DEBUG - Recurrent inference with hidden state shape: (64, 128) and action shape: (64,)
11:12:27 PM - DEBUG - Recurrent inference with hidden state shape: (64, 128) and action shape: (64,)
11:12:27 PM - DEBUG - Recurrent inference with hidden state shape: (64, 128) and action shape: (64,)
11:12:27 PM - DEBUG - Training step 114 complete.
11:12:27 PM - INFO - Step  114: train/policy_loss = 0.653302
11:12:27 PM - INFO - Step  114: train/reward_loss = 0.009902
11:12:27 PM - INFO - Step  114: train/value_loss = 1.454453
11:12:27 PM - INFO - Step  114: total_loss = 2.117657
11:12:28 PM - DEBUG - Adding sample to PrioritizedMemoryBuffer with max priority. Current size: 328.
11:12:28 PM - INFO - Episode 329: Reward=   9.0, Length=  9, Loss=2.1177, Memory=32.90
11:12:29 PM - DEBUG - Adding sample to PrioritizedMemoryBuffer with max priority. Current size: 329.
11:12:29 PM - INFO - Episode 330: Reward=  12.0, Length= 12, Loss=2.1177, Memory=33.00
11:12:29 PM - DEBUG - Starting training step 115...
11:12:29 PM - DEBUG - Sampling 64 samples from PrioritizedMemoryBuffer.
11:12:29 PM - DEBUG - Recurrent inference with hidden state shape: (64, 128) and action shape: (64,)
11:12:29 PM - DEBUG - Recurrent inference with hidden state shape: (64, 128) and action shape: (64,)
11:12:29 PM - DEBUG - Recurrent inference with hidden state shape: (64, 128) and action shape: (64,)
11:12:29 PM - DEBUG - Recurrent inference with hidden state shape: (64, 128) and action shape: (64,)
11:12:29 PM - DEBUG - Recurrent inference with hidden state shape: (64, 128) and action shape: (64,)
11:12:29 PM - DEBUG - Training step 115 complete.
11:12:29 PM - INFO - Step  115: train/policy_loss = 0.620441
11:12:29 PM - INFO - Step  115: train/reward_loss = 0.009804
11:12:29 PM - INFO - Step  115: train/value_loss = 1.296034
11:12:29 PM - INFO - Step  115: total_loss = 1.926279
11:12:30 PM - DEBUG - Adding sample to PrioritizedMemoryBuffer with max priority. Current size: 330.
11:12:30 PM - INFO - Episode 331: Reward=   9.0, Length=  9, Loss=1.9263, Memory=33.10
11:12:31 PM - DEBUG - Adding sample to PrioritizedMemoryBuffer with max priority. Current size: 331.
11:12:31 PM - INFO - Episode 332: Reward=  18.0, Length= 18, Loss=1.9263, Memory=33.20
11:12:31 PM - DEBUG - Starting training step 116...
11:12:31 PM - DEBUG - Sampling 64 samples from PrioritizedMemoryBuffer.
11:12:31 PM - DEBUG - Recurrent inference with hidden state shape: (64, 128) and action shape: (64,)
11:12:31 PM - DEBUG - Recurrent inference with hidden state shape: (64, 128) and action shape: (64,)
11:12:31 PM - DEBUG - Recurrent inference with hidden state shape: (64, 128) and action shape: (64,)
11:12:31 PM - DEBUG - Recurrent inference with hidden state shape: (64, 128) and action shape: (64,)
11:12:31 PM - DEBUG - Recurrent inference with hidden state shape: (64, 128) and action shape: (64,)
11:12:31 PM - DEBUG - Training step 116 complete.
11:12:31 PM - INFO - Step  116: train/policy_loss = 0.637513
11:12:31 PM - INFO - Step  116: train/reward_loss = 0.008600
11:12:31 PM - INFO - Step  116: train/value_loss = 1.048663
11:12:31 PM - INFO - Step  116: total_loss = 1.694775
11:12:32 PM - DEBUG - Adding sample to PrioritizedMemoryBuffer with max priority. Current size: 332.
11:12:32 PM - INFO - Episode 333: Reward=  17.0, Length= 17, Loss=1.6948, Memory=33.30
11:12:34 PM - DEBUG - Adding sample to PrioritizedMemoryBuffer with max priority. Current size: 333.
11:12:34 PM - INFO - Episode 334: Reward=  33.0, Length= 33, Loss=1.6948, Memory=33.40
11:12:34 PM - DEBUG - Starting training step 117...
11:12:34 PM - DEBUG - Sampling 64 samples from PrioritizedMemoryBuffer.
11:12:34 PM - DEBUG - Recurrent inference with hidden state shape: (64, 128) and action shape: (64,)
11:12:34 PM - DEBUG - Recurrent inference with hidden state shape: (64, 128) and action shape: (64,)
11:12:35 PM - DEBUG - Recurrent inference with hidden state shape: (64, 128) and action shape: (64,)
11:12:35 PM - DEBUG - Recurrent inference with hidden state shape: (64, 128) and action shape: (64,)
11:12:35 PM - DEBUG - Recurrent inference with hidden state shape: (64, 128) and action shape: (64,)
11:12:35 PM - DEBUG - Training step 117 complete.
11:12:35 PM - INFO - Step  117: train/policy_loss = 0.635773
11:12:35 PM - INFO - Step  117: train/reward_loss = 0.008288
11:12:35 PM - INFO - Step  117: train/value_loss = 1.204475
11:12:35 PM - INFO - Step  117: total_loss = 1.848536
11:12:35 PM - DEBUG - Adding sample to PrioritizedMemoryBuffer with max priority. Current size: 334.
11:12:35 PM - INFO - Episode 335: Reward=  11.0, Length= 11, Loss=1.8485, Memory=33.50
11:12:36 PM - DEBUG - Adding sample to PrioritizedMemoryBuffer with max priority. Current size: 335.
11:12:36 PM - INFO - Episode 336: Reward=  10.0, Length= 10, Loss=1.8485, Memory=33.60
11:12:36 PM - DEBUG - Starting training step 118...
11:12:36 PM - DEBUG - Sampling 64 samples from PrioritizedMemoryBuffer.
11:12:36 PM - DEBUG - Recurrent inference with hidden state shape: (64, 128) and action shape: (64,)
11:12:36 PM - DEBUG - Recurrent inference with hidden state shape: (64, 128) and action shape: (64,)
11:12:36 PM - DEBUG - Recurrent inference with hidden state shape: (64, 128) and action shape: (64,)
11:12:36 PM - DEBUG - Recurrent inference with hidden state shape: (64, 128) and action shape: (64,)
11:12:36 PM - DEBUG - Recurrent inference with hidden state shape: (64, 128) and action shape: (64,)
11:12:36 PM - DEBUG - Training step 118 complete.
11:12:36 PM - INFO - Step  118: train/policy_loss = 0.646402
11:12:36 PM - INFO - Step  118: train/reward_loss = 0.010838
11:12:36 PM - INFO - Step  118: train/value_loss = 1.186784
11:12:36 PM - INFO - Step  118: total_loss = 1.844023
11:12:38 PM - DEBUG - Adding sample to PrioritizedMemoryBuffer with max priority. Current size: 336.
11:12:38 PM - INFO - Episode 337: Reward=  21.0, Length= 21, Loss=1.8440, Memory=33.70
11:12:39 PM - DEBUG - Adding sample to PrioritizedMemoryBuffer with max priority. Current size: 337.
11:12:39 PM - INFO - Episode 338: Reward=  13.0, Length= 13, Loss=1.8440, Memory=33.80
11:12:39 PM - DEBUG - Starting training step 119...
11:12:39 PM - DEBUG - Sampling 64 samples from PrioritizedMemoryBuffer.
11:12:39 PM - DEBUG - Recurrent inference with hidden state shape: (64, 128) and action shape: (64,)
11:12:39 PM - DEBUG - Recurrent inference with hidden state shape: (64, 128) and action shape: (64,)
11:12:39 PM - DEBUG - Recurrent inference with hidden state shape: (64, 128) and action shape: (64,)
11:12:39 PM - DEBUG - Recurrent inference with hidden state shape: (64, 128) and action shape: (64,)
11:12:39 PM - DEBUG - Recurrent inference with hidden state shape: (64, 128) and action shape: (64,)
11:12:39 PM - DEBUG - Training step 119 complete.
11:12:39 PM - INFO - Step  119: train/policy_loss = 0.636915
11:12:39 PM - INFO - Step  119: train/reward_loss = 0.014594
11:12:39 PM - INFO - Step  119: train/value_loss = 1.220301
11:12:39 PM - INFO - Step  119: total_loss = 1.871811
11:12:40 PM - DEBUG - Adding sample to PrioritizedMemoryBuffer with max priority. Current size: 338.
11:12:40 PM - INFO - Episode 339: Reward=   9.0, Length=  9, Loss=1.8718, Memory=33.90
11:12:40 PM - DEBUG - Adding sample to PrioritizedMemoryBuffer with max priority. Current size: 339.
11:12:40 PM - INFO - Episode 340: Reward=   9.0, Length=  9, Loss=1.8718, Memory=34.00
11:12:40 PM - DEBUG - Starting training step 120...
11:12:40 PM - DEBUG - Sampling 64 samples from PrioritizedMemoryBuffer.
11:12:40 PM - DEBUG - Recurrent inference with hidden state shape: (64, 128) and action shape: (64,)
11:12:40 PM - DEBUG - Recurrent inference with hidden state shape: (64, 128) and action shape: (64,)
11:12:41 PM - DEBUG - Recurrent inference with hidden state shape: (64, 128) and action shape: (64,)
11:12:41 PM - DEBUG - Recurrent inference with hidden state shape: (64, 128) and action shape: (64,)
11:12:41 PM - DEBUG - Recurrent inference with hidden state shape: (64, 128) and action shape: (64,)
11:12:41 PM - DEBUG - Training step 120 complete.
11:12:41 PM - INFO - Step  120: train/policy_loss = 0.663746
11:12:41 PM - INFO - Step  120: train/reward_loss = 0.013568
11:12:41 PM - INFO - Step  120: train/value_loss = 1.021389
11:12:41 PM - INFO - Step  120: total_loss = 1.698703
11:12:41 PM - DEBUG - Adding sample to PrioritizedMemoryBuffer with max priority. Current size: 340.
11:12:41 PM - INFO - Episode 341: Reward=  10.0, Length= 10, Loss=1.6987, Memory=34.10
11:12:41 PM - INFO - Progress: 17.0% | 0.99 it/s | ETA: 27:58
11:12:43 PM - DEBUG - Adding sample to PrioritizedMemoryBuffer with max priority. Current size: 341.
11:12:43 PM - INFO - Episode 342: Reward=  17.0, Length= 17, Loss=1.6987, Memory=34.20
11:12:43 PM - DEBUG - Starting training step 121...
11:12:43 PM - DEBUG - Sampling 64 samples from PrioritizedMemoryBuffer.
11:12:43 PM - DEBUG - Recurrent inference with hidden state shape: (64, 128) and action shape: (64,)
11:12:43 PM - DEBUG - Recurrent inference with hidden state shape: (64, 128) and action shape: (64,)
11:12:43 PM - DEBUG - Recurrent inference with hidden state shape: (64, 128) and action shape: (64,)
11:12:43 PM - DEBUG - Recurrent inference with hidden state shape: (64, 128) and action shape: (64,)
11:12:43 PM - DEBUG - Recurrent inference with hidden state shape: (64, 128) and action shape: (64,)
11:12:43 PM - DEBUG - Training step 121 complete.
11:12:43 PM - INFO - Step  121: train/policy_loss = 0.631713
11:12:43 PM - INFO - Step  121: train/reward_loss = 0.008281
11:12:43 PM - INFO - Step  121: train/value_loss = 1.135827
11:12:43 PM - INFO - Step  121: total_loss = 1.775820
11:12:44 PM - DEBUG - Adding sample to PrioritizedMemoryBuffer with max priority. Current size: 342.
11:12:44 PM - INFO - Episode 343: Reward=  10.0, Length= 10, Loss=1.7758, Memory=34.30
11:12:44 PM - DEBUG - Adding sample to PrioritizedMemoryBuffer with max priority. Current size: 343.
11:12:44 PM - INFO - Episode 344: Reward=  10.0, Length= 10, Loss=1.7758, Memory=34.40
11:12:44 PM - DEBUG - Starting training step 122...
11:12:44 PM - DEBUG - Sampling 64 samples from PrioritizedMemoryBuffer.
11:12:44 PM - DEBUG - Recurrent inference with hidden state shape: (64, 128) and action shape: (64,)
11:12:44 PM - DEBUG - Recurrent inference with hidden state shape: (64, 128) and action shape: (64,)
11:12:44 PM - DEBUG - Recurrent inference with hidden state shape: (64, 128) and action shape: (64,)
11:12:44 PM - DEBUG - Recurrent inference with hidden state shape: (64, 128) and action shape: (64,)
11:12:44 PM - DEBUG - Recurrent inference with hidden state shape: (64, 128) and action shape: (64,)
11:12:44 PM - DEBUG - Training step 122 complete.
11:12:44 PM - INFO - Step  122: train/policy_loss = 0.631758
11:12:44 PM - INFO - Step  122: train/reward_loss = 0.007853
11:12:44 PM - INFO - Step  122: train/value_loss = 1.046509
11:12:44 PM - INFO - Step  122: total_loss = 1.686121
11:12:45 PM - DEBUG - Adding sample to PrioritizedMemoryBuffer with max priority. Current size: 344.
11:12:45 PM - INFO - Episode 345: Reward=   8.0, Length=  8, Loss=1.6861, Memory=34.50
11:12:46 PM - DEBUG - Adding sample to PrioritizedMemoryBuffer with max priority. Current size: 345.
11:12:46 PM - INFO - Episode 346: Reward=  16.0, Length= 16, Loss=1.6861, Memory=34.60
11:12:46 PM - DEBUG - Starting training step 123...
11:12:46 PM - DEBUG - Sampling 64 samples from PrioritizedMemoryBuffer.
11:12:46 PM - DEBUG - Recurrent inference with hidden state shape: (64, 128) and action shape: (64,)
11:12:46 PM - DEBUG - Recurrent inference with hidden state shape: (64, 128) and action shape: (64,)
11:12:46 PM - DEBUG - Recurrent inference with hidden state shape: (64, 128) and action shape: (64,)
11:12:46 PM - DEBUG - Recurrent inference with hidden state shape: (64, 128) and action shape: (64,)
11:12:46 PM - DEBUG - Recurrent inference with hidden state shape: (64, 128) and action shape: (64,)
11:12:46 PM - DEBUG - Training step 123 complete.
11:12:46 PM - INFO - Step  123: train/policy_loss = 0.624034
11:12:46 PM - INFO - Step  123: train/reward_loss = 0.009378
11:12:46 PM - INFO - Step  123: train/value_loss = 1.000741
11:12:46 PM - INFO - Step  123: total_loss = 1.634154
11:12:47 PM - DEBUG - Adding sample to PrioritizedMemoryBuffer with max priority. Current size: 346.
11:12:47 PM - INFO - Episode 347: Reward=  11.0, Length= 11, Loss=1.6342, Memory=34.70
11:12:48 PM - DEBUG - Adding sample to PrioritizedMemoryBuffer with max priority. Current size: 347.
11:12:48 PM - INFO - Episode 348: Reward=  10.0, Length= 10, Loss=1.6342, Memory=34.80
11:12:48 PM - DEBUG - Starting training step 124...
11:12:48 PM - DEBUG - Sampling 64 samples from PrioritizedMemoryBuffer.
11:12:48 PM - DEBUG - Recurrent inference with hidden state shape: (64, 128) and action shape: (64,)
11:12:48 PM - DEBUG - Recurrent inference with hidden state shape: (64, 128) and action shape: (64,)
11:12:48 PM - DEBUG - Recurrent inference with hidden state shape: (64, 128) and action shape: (64,)
11:12:48 PM - DEBUG - Recurrent inference with hidden state shape: (64, 128) and action shape: (64,)
11:12:48 PM - DEBUG - Recurrent inference with hidden state shape: (64, 128) and action shape: (64,)
11:12:48 PM - DEBUG - Training step 124 complete.
11:12:48 PM - INFO - Step  124: train/policy_loss = 0.637701
11:12:48 PM - INFO - Step  124: train/reward_loss = 0.008353
11:12:48 PM - INFO - Step  124: train/value_loss = 1.153613
11:12:48 PM - INFO - Step  124: total_loss = 1.799667
11:12:49 PM - DEBUG - Adding sample to PrioritizedMemoryBuffer with max priority. Current size: 348.
11:12:49 PM - INFO - Episode 349: Reward=  14.0, Length= 14, Loss=1.7997, Memory=34.90
11:12:50 PM - DEBUG - Adding sample to PrioritizedMemoryBuffer with max priority. Current size: 349.
11:12:50 PM - INFO - Episode 350: Reward=  11.0, Length= 11, Loss=1.7997, Memory=35.00
11:12:50 PM - DEBUG - Starting training step 125...
11:12:50 PM - DEBUG - Sampling 64 samples from PrioritizedMemoryBuffer.
11:12:50 PM - DEBUG - Recurrent inference with hidden state shape: (64, 128) and action shape: (64,)
11:12:50 PM - DEBUG - Recurrent inference with hidden state shape: (64, 128) and action shape: (64,)
11:12:50 PM - DEBUG - Recurrent inference with hidden state shape: (64, 128) and action shape: (64,)
11:12:50 PM - DEBUG - Recurrent inference with hidden state shape: (64, 128) and action shape: (64,)
11:12:50 PM - DEBUG - Recurrent inference with hidden state shape: (64, 128) and action shape: (64,)
11:12:50 PM - DEBUG - Training step 125 complete.
11:12:50 PM - INFO - Step  125: train/policy_loss = 0.666283
11:12:50 PM - INFO - Step  125: train/reward_loss = 0.009718
11:12:50 PM - INFO - Step  125: train/value_loss = 1.128748
11:12:50 PM - INFO - Step  125: total_loss = 1.804748
11:12:50 PM - DEBUG - Saving agent state.
11:12:50 PM - INFO - Checkpoint saved to checkpoints/CartPole-v1/20250720_230602/episode_00350.pkl
11:12:51 PM - DEBUG - Adding sample to PrioritizedMemoryBuffer with max priority. Current size: 350.
11:12:51 PM - INFO - Episode 351: Reward=  11.0, Length= 11, Loss=1.8047, Memory=35.10
11:12:52 PM - DEBUG - Adding sample to PrioritizedMemoryBuffer with max priority. Current size: 351.
11:12:52 PM - INFO - Episode 352: Reward=  10.0, Length= 10, Loss=1.8047, Memory=35.20
11:12:52 PM - DEBUG - Starting training step 126...
11:12:52 PM - DEBUG - Sampling 64 samples from PrioritizedMemoryBuffer.
11:12:52 PM - DEBUG - Recurrent inference with hidden state shape: (64, 128) and action shape: (64,)
11:12:52 PM - DEBUG - Recurrent inference with hidden state shape: (64, 128) and action shape: (64,)
11:12:52 PM - DEBUG - Recurrent inference with hidden state shape: (64, 128) and action shape: (64,)
11:12:52 PM - DEBUG - Recurrent inference with hidden state shape: (64, 128) and action shape: (64,)
11:12:52 PM - DEBUG - Recurrent inference with hidden state shape: (64, 128) and action shape: (64,)
11:12:52 PM - DEBUG - Training step 126 complete.
11:12:52 PM - INFO - Step  126: train/policy_loss = 0.647117
11:12:52 PM - INFO - Step  126: train/reward_loss = 0.007912
11:12:52 PM - INFO - Step  126: train/value_loss = 1.445003
11:12:52 PM - INFO - Step  126: total_loss = 2.100033
11:12:53 PM - DEBUG - Adding sample to PrioritizedMemoryBuffer with max priority. Current size: 352.
11:12:53 PM - INFO - Episode 353: Reward=   9.0, Length=  9, Loss=2.1000, Memory=35.30
11:12:53 PM - DEBUG - Adding sample to PrioritizedMemoryBuffer with max priority. Current size: 353.
11:12:53 PM - INFO - Episode 354: Reward=   8.0, Length=  8, Loss=2.1000, Memory=35.40
11:12:53 PM - DEBUG - Starting training step 127...
11:12:53 PM - DEBUG - Sampling 64 samples from PrioritizedMemoryBuffer.
11:12:53 PM - DEBUG - Recurrent inference with hidden state shape: (64, 128) and action shape: (64,)
11:12:53 PM - DEBUG - Recurrent inference with hidden state shape: (64, 128) and action shape: (64,)
11:12:53 PM - DEBUG - Recurrent inference with hidden state shape: (64, 128) and action shape: (64,)
11:12:53 PM - DEBUG - Recurrent inference with hidden state shape: (64, 128) and action shape: (64,)
11:12:53 PM - DEBUG - Recurrent inference with hidden state shape: (64, 128) and action shape: (64,)
11:12:53 PM - DEBUG - Training step 127 complete.
11:12:53 PM - INFO - Step  127: train/policy_loss = 0.625902
11:12:53 PM - INFO - Step  127: train/reward_loss = 0.007082
11:12:53 PM - INFO - Step  127: train/value_loss = 1.169178
11:12:53 PM - INFO - Step  127: total_loss = 1.802162
11:12:54 PM - DEBUG - Adding sample to PrioritizedMemoryBuffer with max priority. Current size: 354.
11:12:54 PM - INFO - Episode 355: Reward=  10.0, Length= 10, Loss=1.8022, Memory=35.50
11:12:55 PM - DEBUG - Adding sample to PrioritizedMemoryBuffer with max priority. Current size: 355.
11:12:55 PM - INFO - Episode 356: Reward=   9.0, Length=  9, Loss=1.8022, Memory=35.60
11:12:55 PM - DEBUG - Starting training step 128...
11:12:55 PM - DEBUG - Sampling 64 samples from PrioritizedMemoryBuffer.
11:12:55 PM - DEBUG - Recurrent inference with hidden state shape: (64, 128) and action shape: (64,)
11:12:55 PM - DEBUG - Recurrent inference with hidden state shape: (64, 128) and action shape: (64,)
11:12:55 PM - DEBUG - Recurrent inference with hidden state shape: (64, 128) and action shape: (64,)
11:12:55 PM - DEBUG - Recurrent inference with hidden state shape: (64, 128) and action shape: (64,)
11:12:55 PM - DEBUG - Recurrent inference with hidden state shape: (64, 128) and action shape: (64,)
11:12:55 PM - DEBUG - Training step 128 complete.
11:12:55 PM - INFO - Step  128: train/policy_loss = 0.614684
11:12:55 PM - INFO - Step  128: train/reward_loss = 0.007818
11:12:55 PM - INFO - Step  128: train/value_loss = 1.088626
11:12:55 PM - INFO - Step  128: total_loss = 1.711128
11:12:56 PM - DEBUG - Adding sample to PrioritizedMemoryBuffer with max priority. Current size: 356.
11:12:56 PM - INFO - Episode 357: Reward=  10.0, Length= 10, Loss=1.7111, Memory=35.70
11:12:56 PM - DEBUG - Adding sample to PrioritizedMemoryBuffer with max priority. Current size: 357.
11:12:56 PM - INFO - Episode 358: Reward=  13.0, Length= 13, Loss=1.7111, Memory=35.80
11:12:56 PM - DEBUG - Starting training step 129...
11:12:56 PM - DEBUG - Sampling 64 samples from PrioritizedMemoryBuffer.
11:12:56 PM - DEBUG - Recurrent inference with hidden state shape: (64, 128) and action shape: (64,)
11:12:56 PM - DEBUG - Recurrent inference with hidden state shape: (64, 128) and action shape: (64,)
11:12:56 PM - DEBUG - Recurrent inference with hidden state shape: (64, 128) and action shape: (64,)
11:12:56 PM - DEBUG - Recurrent inference with hidden state shape: (64, 128) and action shape: (64,)
11:12:57 PM - DEBUG - Recurrent inference with hidden state shape: (64, 128) and action shape: (64,)
11:12:57 PM - DEBUG - Training step 129 complete.
11:12:57 PM - INFO - Step  129: train/policy_loss = 0.626033
11:12:57 PM - INFO - Step  129: train/reward_loss = 0.009453
11:12:57 PM - INFO - Step  129: train/value_loss = 1.482072
11:12:57 PM - INFO - Step  129: total_loss = 2.117557
11:12:57 PM - DEBUG - Adding sample to PrioritizedMemoryBuffer with max priority. Current size: 358.
11:12:57 PM - INFO - Episode 359: Reward=  11.0, Length= 11, Loss=2.1176, Memory=35.90
11:12:58 PM - DEBUG - Adding sample to PrioritizedMemoryBuffer with max priority. Current size: 359.
11:12:58 PM - INFO - Episode 360: Reward=  14.0, Length= 14, Loss=2.1176, Memory=36.00
11:12:58 PM - DEBUG - Starting training step 130...
11:12:58 PM - DEBUG - Sampling 64 samples from PrioritizedMemoryBuffer.
11:12:58 PM - DEBUG - Recurrent inference with hidden state shape: (64, 128) and action shape: (64,)
11:12:58 PM - DEBUG - Recurrent inference with hidden state shape: (64, 128) and action shape: (64,)
11:12:58 PM - DEBUG - Recurrent inference with hidden state shape: (64, 128) and action shape: (64,)
11:12:58 PM - DEBUG - Recurrent inference with hidden state shape: (64, 128) and action shape: (64,)
11:12:58 PM - DEBUG - Recurrent inference with hidden state shape: (64, 128) and action shape: (64,)
11:12:58 PM - DEBUG - Training step 130 complete.
11:12:58 PM - INFO - Step  130: train/policy_loss = 0.632006
11:12:58 PM - INFO - Step  130: train/reward_loss = 0.007773
11:12:58 PM - INFO - Step  130: train/value_loss = 1.345632
11:12:58 PM - INFO - Step  130: total_loss = 1.985411
11:12:59 PM - DEBUG - Adding sample to PrioritizedMemoryBuffer with max priority. Current size: 360.
11:12:59 PM - INFO - Episode 361: Reward=  11.0, Length= 11, Loss=1.9854, Memory=36.10
11:12:59 PM - INFO - Progress: 18.0% | 1.10 it/s | ETA: 24:53
11:13:02 PM - DEBUG - Adding sample to PrioritizedMemoryBuffer with max priority. Current size: 361.
11:13:02 PM - INFO - Episode 362: Reward=  42.0, Length= 42, Loss=1.9854, Memory=36.20
11:13:02 PM - DEBUG - Starting training step 131...
11:13:02 PM - DEBUG - Sampling 64 samples from PrioritizedMemoryBuffer.
11:13:02 PM - DEBUG - Recurrent inference with hidden state shape: (64, 128) and action shape: (64,)
11:13:02 PM - DEBUG - Recurrent inference with hidden state shape: (64, 128) and action shape: (64,)
11:13:02 PM - DEBUG - Recurrent inference with hidden state shape: (64, 128) and action shape: (64,)
11:13:02 PM - DEBUG - Recurrent inference with hidden state shape: (64, 128) and action shape: (64,)
11:13:02 PM - DEBUG - Recurrent inference with hidden state shape: (64, 128) and action shape: (64,)
11:13:02 PM - DEBUG - Training step 131 complete.
11:13:02 PM - INFO - Step  131: train/policy_loss = 0.649392
11:13:02 PM - INFO - Step  131: train/reward_loss = 0.006879
11:13:02 PM - INFO - Step  131: train/value_loss = 1.288418
11:13:02 PM - INFO - Step  131: total_loss = 1.944689
11:13:03 PM - DEBUG - Adding sample to PrioritizedMemoryBuffer with max priority. Current size: 362.
11:13:03 PM - INFO - Episode 363: Reward=  10.0, Length= 10, Loss=1.9447, Memory=36.30
11:13:03 PM - DEBUG - Adding sample to PrioritizedMemoryBuffer with max priority. Current size: 363.
11:13:03 PM - INFO - Episode 364: Reward=   9.0, Length=  9, Loss=1.9447, Memory=36.40
11:13:03 PM - DEBUG - Starting training step 132...
11:13:03 PM - DEBUG - Sampling 64 samples from PrioritizedMemoryBuffer.
11:13:03 PM - DEBUG - Recurrent inference with hidden state shape: (64, 128) and action shape: (64,)
11:13:03 PM - DEBUG - Recurrent inference with hidden state shape: (64, 128) and action shape: (64,)
11:13:03 PM - DEBUG - Recurrent inference with hidden state shape: (64, 128) and action shape: (64,)
11:13:03 PM - DEBUG - Recurrent inference with hidden state shape: (64, 128) and action shape: (64,)
11:13:03 PM - DEBUG - Recurrent inference with hidden state shape: (64, 128) and action shape: (64,)
11:13:04 PM - DEBUG - Training step 132 complete.
11:13:04 PM - INFO - Step  132: train/policy_loss = 0.643383
11:13:04 PM - INFO - Step  132: train/reward_loss = 0.006679
11:13:04 PM - INFO - Step  132: train/value_loss = 1.253084
11:13:04 PM - INFO - Step  132: total_loss = 1.903147
11:13:04 PM - DEBUG - Adding sample to PrioritizedMemoryBuffer with max priority. Current size: 364.
11:13:04 PM - INFO - Episode 365: Reward=  10.0, Length= 10, Loss=1.9031, Memory=36.50
11:13:05 PM - DEBUG - Adding sample to PrioritizedMemoryBuffer with max priority. Current size: 365.
11:13:05 PM - INFO - Episode 366: Reward=   9.0, Length=  9, Loss=1.9031, Memory=36.60
11:13:05 PM - DEBUG - Starting training step 133...
11:13:05 PM - DEBUG - Sampling 64 samples from PrioritizedMemoryBuffer.
11:13:05 PM - DEBUG - Recurrent inference with hidden state shape: (64, 128) and action shape: (64,)
11:13:05 PM - DEBUG - Recurrent inference with hidden state shape: (64, 128) and action shape: (64,)
11:13:05 PM - DEBUG - Recurrent inference with hidden state shape: (64, 128) and action shape: (64,)
11:13:05 PM - DEBUG - Recurrent inference with hidden state shape: (64, 128) and action shape: (64,)
11:13:05 PM - DEBUG - Recurrent inference with hidden state shape: (64, 128) and action shape: (64,)
11:13:05 PM - DEBUG - Training step 133 complete.
11:13:05 PM - INFO - Step  133: train/policy_loss = 0.606614
11:13:05 PM - INFO - Step  133: train/reward_loss = 0.006018
11:13:05 PM - INFO - Step  133: train/value_loss = 1.116488
11:13:05 PM - INFO - Step  133: total_loss = 1.729119
11:13:06 PM - DEBUG - Adding sample to PrioritizedMemoryBuffer with max priority. Current size: 366.
11:13:06 PM - INFO - Episode 367: Reward=  10.0, Length= 10, Loss=1.7291, Memory=36.70
11:13:06 PM - DEBUG - Adding sample to PrioritizedMemoryBuffer with max priority. Current size: 367.
11:13:06 PM - INFO - Episode 368: Reward=  10.0, Length= 10, Loss=1.7291, Memory=36.80
11:13:06 PM - DEBUG - Starting training step 134...
11:13:06 PM - DEBUG - Sampling 64 samples from PrioritizedMemoryBuffer.
11:13:06 PM - DEBUG - Recurrent inference with hidden state shape: (64, 128) and action shape: (64,)
11:13:06 PM - DEBUG - Recurrent inference with hidden state shape: (64, 128) and action shape: (64,)
11:13:06 PM - DEBUG - Recurrent inference with hidden state shape: (64, 128) and action shape: (64,)
11:13:06 PM - DEBUG - Recurrent inference with hidden state shape: (64, 128) and action shape: (64,)
11:13:07 PM - DEBUG - Recurrent inference with hidden state shape: (64, 128) and action shape: (64,)
11:13:07 PM - DEBUG - Training step 134 complete.
11:13:07 PM - INFO - Step  134: train/policy_loss = 0.600967
11:13:07 PM - INFO - Step  134: train/reward_loss = 0.006946
11:13:07 PM - INFO - Step  134: train/value_loss = 1.047689
11:13:07 PM - INFO - Step  134: total_loss = 1.655603
11:13:08 PM - DEBUG - Adding sample to PrioritizedMemoryBuffer with max priority. Current size: 368.
11:13:08 PM - INFO - Episode 369: Reward=  18.0, Length= 18, Loss=1.6556, Memory=36.90
11:13:09 PM - DEBUG - Adding sample to PrioritizedMemoryBuffer with max priority. Current size: 369.
11:13:09 PM - INFO - Episode 370: Reward=  17.0, Length= 17, Loss=1.6556, Memory=37.00
11:13:09 PM - DEBUG - Starting training step 135...
11:13:09 PM - DEBUG - Sampling 64 samples from PrioritizedMemoryBuffer.
11:13:09 PM - DEBUG - Recurrent inference with hidden state shape: (64, 128) and action shape: (64,)
11:13:09 PM - DEBUG - Recurrent inference with hidden state shape: (64, 128) and action shape: (64,)
11:13:09 PM - DEBUG - Recurrent inference with hidden state shape: (64, 128) and action shape: (64,)
11:13:09 PM - DEBUG - Recurrent inference with hidden state shape: (64, 128) and action shape: (64,)
11:13:09 PM - DEBUG - Recurrent inference with hidden state shape: (64, 128) and action shape: (64,)
11:13:09 PM - DEBUG - Training step 135 complete.
11:13:09 PM - INFO - Step  135: train/policy_loss = 0.600431
11:13:09 PM - INFO - Step  135: train/reward_loss = 0.007894
11:13:09 PM - INFO - Step  135: train/value_loss = 1.195378
11:13:09 PM - INFO - Step  135: total_loss = 1.803702
11:13:11 PM - DEBUG - Adding sample to PrioritizedMemoryBuffer with max priority. Current size: 370.
11:13:11 PM - INFO - Episode 371: Reward=  12.0, Length= 12, Loss=1.8037, Memory=37.10
11:13:13 PM - DEBUG - Adding sample to PrioritizedMemoryBuffer with max priority. Current size: 371.
11:13:13 PM - INFO - Episode 372: Reward=  22.0, Length= 22, Loss=1.8037, Memory=37.20
11:13:13 PM - DEBUG - Starting training step 136...
11:13:13 PM - DEBUG - Sampling 64 samples from PrioritizedMemoryBuffer.
11:13:13 PM - DEBUG - Recurrent inference with hidden state shape: (64, 128) and action shape: (64,)
11:13:13 PM - DEBUG - Recurrent inference with hidden state shape: (64, 128) and action shape: (64,)
11:13:13 PM - DEBUG - Recurrent inference with hidden state shape: (64, 128) and action shape: (64,)
11:13:13 PM - DEBUG - Recurrent inference with hidden state shape: (64, 128) and action shape: (64,)
11:13:13 PM - DEBUG - Recurrent inference with hidden state shape: (64, 128) and action shape: (64,)
11:13:13 PM - DEBUG - Training step 136 complete.
11:13:13 PM - INFO - Step  136: train/policy_loss = 0.605869
11:13:13 PM - INFO - Step  136: train/reward_loss = 0.006752
11:13:13 PM - INFO - Step  136: train/value_loss = 1.175964
11:13:13 PM - INFO - Step  136: total_loss = 1.788585
11:13:14 PM - DEBUG - Adding sample to PrioritizedMemoryBuffer with max priority. Current size: 372.
11:13:14 PM - INFO - Episode 373: Reward=  11.0, Length= 11, Loss=1.7886, Memory=37.30
11:13:14 PM - DEBUG - Adding sample to PrioritizedMemoryBuffer with max priority. Current size: 373.
11:13:14 PM - INFO - Episode 374: Reward=   9.0, Length=  9, Loss=1.7886, Memory=37.40
11:13:14 PM - DEBUG - Starting training step 137...
11:13:14 PM - DEBUG - Sampling 64 samples from PrioritizedMemoryBuffer.
11:13:14 PM - DEBUG - Recurrent inference with hidden state shape: (64, 128) and action shape: (64,)
11:13:14 PM - DEBUG - Recurrent inference with hidden state shape: (64, 128) and action shape: (64,)
11:13:14 PM - DEBUG - Recurrent inference with hidden state shape: (64, 128) and action shape: (64,)
11:13:14 PM - DEBUG - Recurrent inference with hidden state shape: (64, 128) and action shape: (64,)
11:13:14 PM - DEBUG - Recurrent inference with hidden state shape: (64, 128) and action shape: (64,)
11:13:14 PM - DEBUG - Training step 137 complete.
11:13:14 PM - INFO - Step  137: train/policy_loss = 0.652773
11:13:14 PM - INFO - Step  137: train/reward_loss = 0.006543
11:13:14 PM - INFO - Step  137: train/value_loss = 0.982887
11:13:14 PM - INFO - Step  137: total_loss = 1.642203
11:13:15 PM - DEBUG - Adding sample to PrioritizedMemoryBuffer with max priority. Current size: 374.
11:13:15 PM - INFO - Episode 375: Reward=  10.0, Length= 10, Loss=1.6422, Memory=37.50
11:13:16 PM - DEBUG - Adding sample to PrioritizedMemoryBuffer with max priority. Current size: 375.
11:13:16 PM - INFO - Episode 376: Reward=  14.0, Length= 14, Loss=1.6422, Memory=37.60
11:13:16 PM - DEBUG - Starting training step 138...
11:13:16 PM - DEBUG - Sampling 64 samples from PrioritizedMemoryBuffer.
11:13:16 PM - DEBUG - Recurrent inference with hidden state shape: (64, 128) and action shape: (64,)
11:13:16 PM - DEBUG - Recurrent inference with hidden state shape: (64, 128) and action shape: (64,)
11:13:16 PM - DEBUG - Recurrent inference with hidden state shape: (64, 128) and action shape: (64,)
11:13:16 PM - DEBUG - Recurrent inference with hidden state shape: (64, 128) and action shape: (64,)
11:13:16 PM - DEBUG - Recurrent inference with hidden state shape: (64, 128) and action shape: (64,)
11:13:16 PM - DEBUG - Training step 138 complete.
11:13:16 PM - INFO - Step  138: train/policy_loss = 0.614591
11:13:16 PM - INFO - Step  138: train/reward_loss = 0.006030
11:13:16 PM - INFO - Step  138: train/value_loss = 1.213125
11:13:16 PM - INFO - Step  138: total_loss = 1.833746
11:13:17 PM - DEBUG - Adding sample to PrioritizedMemoryBuffer with max priority. Current size: 376.
11:13:17 PM - INFO - Episode 377: Reward=   9.0, Length=  9, Loss=1.8337, Memory=37.70
11:13:18 PM - DEBUG - Adding sample to PrioritizedMemoryBuffer with max priority. Current size: 377.
11:13:18 PM - INFO - Episode 378: Reward=  10.0, Length= 10, Loss=1.8337, Memory=37.80
11:13:18 PM - DEBUG - Starting training step 139...
11:13:18 PM - DEBUG - Sampling 64 samples from PrioritizedMemoryBuffer.
11:13:18 PM - DEBUG - Recurrent inference with hidden state shape: (64, 128) and action shape: (64,)
11:13:18 PM - DEBUG - Recurrent inference with hidden state shape: (64, 128) and action shape: (64,)
11:13:18 PM - DEBUG - Recurrent inference with hidden state shape: (64, 128) and action shape: (64,)
11:13:18 PM - DEBUG - Recurrent inference with hidden state shape: (64, 128) and action shape: (64,)
11:13:18 PM - DEBUG - Recurrent inference with hidden state shape: (64, 128) and action shape: (64,)
11:13:18 PM - DEBUG - Training step 139 complete.
11:13:18 PM - INFO - Step  139: train/policy_loss = 0.593724
11:13:18 PM - INFO - Step  139: train/reward_loss = 0.006840
11:13:18 PM - INFO - Step  139: train/value_loss = 1.369492
11:13:18 PM - INFO - Step  139: total_loss = 1.970056
11:13:19 PM - DEBUG - Adding sample to PrioritizedMemoryBuffer with max priority. Current size: 378.
11:13:19 PM - INFO - Episode 379: Reward=  13.0, Length= 13, Loss=1.9701, Memory=37.90
11:13:20 PM - DEBUG - Adding sample to PrioritizedMemoryBuffer with max priority. Current size: 379.
11:13:20 PM - INFO - Episode 380: Reward=  13.0, Length= 13, Loss=1.9701, Memory=38.00
11:13:20 PM - DEBUG - Starting training step 140...
11:13:20 PM - DEBUG - Sampling 64 samples from PrioritizedMemoryBuffer.
11:13:20 PM - DEBUG - Recurrent inference with hidden state shape: (64, 128) and action shape: (64,)
11:13:20 PM - DEBUG - Recurrent inference with hidden state shape: (64, 128) and action shape: (64,)
11:13:20 PM - DEBUG - Recurrent inference with hidden state shape: (64, 128) and action shape: (64,)
11:13:20 PM - DEBUG - Recurrent inference with hidden state shape: (64, 128) and action shape: (64,)
11:13:20 PM - DEBUG - Recurrent inference with hidden state shape: (64, 128) and action shape: (64,)
11:13:20 PM - DEBUG - Training step 140 complete.
11:13:20 PM - INFO - Step  140: train/policy_loss = 0.625995
11:13:20 PM - INFO - Step  140: train/reward_loss = 0.005336
11:13:20 PM - INFO - Step  140: train/value_loss = 1.136650
11:13:20 PM - INFO - Step  140: total_loss = 1.767982
11:13:21 PM - DEBUG - Adding sample to PrioritizedMemoryBuffer with max priority. Current size: 380.
11:13:21 PM - INFO - Episode 381: Reward=  11.0, Length= 11, Loss=1.7680, Memory=38.10
11:13:21 PM - INFO - Progress: 19.0% | 1.00 it/s | ETA: 26:59
11:13:22 PM - DEBUG - Adding sample to PrioritizedMemoryBuffer with max priority. Current size: 381.
11:13:22 PM - INFO - Episode 382: Reward=  11.0, Length= 11, Loss=1.7680, Memory=38.20
11:13:22 PM - DEBUG - Starting training step 141...
11:13:22 PM - DEBUG - Sampling 64 samples from PrioritizedMemoryBuffer.
11:13:22 PM - DEBUG - Recurrent inference with hidden state shape: (64, 128) and action shape: (64,)
11:13:22 PM - DEBUG - Recurrent inference with hidden state shape: (64, 128) and action shape: (64,)
11:13:22 PM - DEBUG - Recurrent inference with hidden state shape: (64, 128) and action shape: (64,)
11:13:22 PM - DEBUG - Recurrent inference with hidden state shape: (64, 128) and action shape: (64,)
11:13:22 PM - DEBUG - Recurrent inference with hidden state shape: (64, 128) and action shape: (64,)
11:13:22 PM - DEBUG - Training step 141 complete.
11:13:22 PM - INFO - Step  141: train/policy_loss = 0.623946
11:13:22 PM - INFO - Step  141: train/reward_loss = 0.006347
11:13:22 PM - INFO - Step  141: train/value_loss = 1.084174
11:13:22 PM - INFO - Step  141: total_loss = 1.714466
11:13:23 PM - DEBUG - Adding sample to PrioritizedMemoryBuffer with max priority. Current size: 382.
11:13:23 PM - INFO - Episode 383: Reward=  12.0, Length= 12, Loss=1.7145, Memory=38.30
11:13:24 PM - DEBUG - Adding sample to PrioritizedMemoryBuffer with max priority. Current size: 383.
11:13:24 PM - INFO - Episode 384: Reward=  19.0, Length= 19, Loss=1.7145, Memory=38.40
11:13:24 PM - DEBUG - Starting training step 142...
11:13:24 PM - DEBUG - Sampling 64 samples from PrioritizedMemoryBuffer.
11:13:24 PM - DEBUG - Recurrent inference with hidden state shape: (64, 128) and action shape: (64,)
11:13:24 PM - DEBUG - Recurrent inference with hidden state shape: (64, 128) and action shape: (64,)
11:13:24 PM - DEBUG - Recurrent inference with hidden state shape: (64, 128) and action shape: (64,)
11:13:24 PM - DEBUG - Recurrent inference with hidden state shape: (64, 128) and action shape: (64,)
11:13:24 PM - DEBUG - Recurrent inference with hidden state shape: (64, 128) and action shape: (64,)
11:13:24 PM - DEBUG - Training step 142 complete.
11:13:24 PM - INFO - Step  142: train/policy_loss = 0.613176
11:13:24 PM - INFO - Step  142: train/reward_loss = 0.006997
11:13:24 PM - INFO - Step  142: train/value_loss = 1.095889
11:13:24 PM - INFO - Step  142: total_loss = 1.716062
11:13:25 PM - DEBUG - Adding sample to PrioritizedMemoryBuffer with max priority. Current size: 384.
11:13:25 PM - INFO - Episode 385: Reward=  12.0, Length= 12, Loss=1.7161, Memory=38.50
11:13:26 PM - DEBUG - Adding sample to PrioritizedMemoryBuffer with max priority. Current size: 385.
11:13:26 PM - INFO - Episode 386: Reward=  12.0, Length= 12, Loss=1.7161, Memory=38.60
11:13:26 PM - DEBUG - Starting training step 143...
11:13:26 PM - DEBUG - Sampling 64 samples from PrioritizedMemoryBuffer.
11:13:26 PM - DEBUG - Recurrent inference with hidden state shape: (64, 128) and action shape: (64,)
11:13:26 PM - DEBUG - Recurrent inference with hidden state shape: (64, 128) and action shape: (64,)
11:13:26 PM - DEBUG - Recurrent inference with hidden state shape: (64, 128) and action shape: (64,)
11:13:26 PM - DEBUG - Recurrent inference with hidden state shape: (64, 128) and action shape: (64,)
11:13:26 PM - DEBUG - Recurrent inference with hidden state shape: (64, 128) and action shape: (64,)
11:13:26 PM - DEBUG - Training step 143 complete.
11:13:26 PM - INFO - Step  143: train/policy_loss = 0.612062
11:13:26 PM - INFO - Step  143: train/reward_loss = 0.006105
11:13:26 PM - INFO - Step  143: train/value_loss = 1.016581
11:13:26 PM - INFO - Step  143: total_loss = 1.634748
11:13:27 PM - DEBUG - Adding sample to PrioritizedMemoryBuffer with max priority. Current size: 386.
11:13:27 PM - INFO - Episode 387: Reward=   9.0, Length=  9, Loss=1.6347, Memory=38.70
11:13:27 PM - DEBUG - Adding sample to PrioritizedMemoryBuffer with max priority. Current size: 387.
11:13:27 PM - INFO - Episode 388: Reward=  11.0, Length= 11, Loss=1.6347, Memory=38.80
11:13:27 PM - DEBUG - Starting training step 144...
11:13:27 PM - DEBUG - Sampling 64 samples from PrioritizedMemoryBuffer.
11:13:28 PM - DEBUG - Recurrent inference with hidden state shape: (64, 128) and action shape: (64,)
11:13:28 PM - DEBUG - Recurrent inference with hidden state shape: (64, 128) and action shape: (64,)
11:13:28 PM - DEBUG - Recurrent inference with hidden state shape: (64, 128) and action shape: (64,)
11:13:28 PM - DEBUG - Recurrent inference with hidden state shape: (64, 128) and action shape: (64,)
11:13:28 PM - DEBUG - Recurrent inference with hidden state shape: (64, 128) and action shape: (64,)
11:13:28 PM - DEBUG - Training step 144 complete.
11:13:28 PM - INFO - Step  144: train/policy_loss = 0.633248
11:13:28 PM - INFO - Step  144: train/reward_loss = 0.007288
11:13:28 PM - INFO - Step  144: train/value_loss = 1.207760
11:13:28 PM - INFO - Step  144: total_loss = 1.848296
11:13:28 PM - DEBUG - Adding sample to PrioritizedMemoryBuffer with max priority. Current size: 388.
11:13:28 PM - INFO - Episode 389: Reward=  10.0, Length= 10, Loss=1.8483, Memory=38.90
11:13:29 PM - DEBUG - Adding sample to PrioritizedMemoryBuffer with max priority. Current size: 389.
11:13:29 PM - INFO - Episode 390: Reward=   9.0, Length=  9, Loss=1.8483, Memory=39.00
11:13:29 PM - DEBUG - Starting training step 145...
11:13:29 PM - DEBUG - Sampling 64 samples from PrioritizedMemoryBuffer.
11:13:29 PM - DEBUG - Recurrent inference with hidden state shape: (64, 128) and action shape: (64,)
11:13:29 PM - DEBUG - Recurrent inference with hidden state shape: (64, 128) and action shape: (64,)
11:13:29 PM - DEBUG - Recurrent inference with hidden state shape: (64, 128) and action shape: (64,)
11:13:29 PM - DEBUG - Recurrent inference with hidden state shape: (64, 128) and action shape: (64,)
11:13:29 PM - DEBUG - Recurrent inference with hidden state shape: (64, 128) and action shape: (64,)
11:13:29 PM - DEBUG - Training step 145 complete.
11:13:29 PM - INFO - Step  145: train/policy_loss = 0.597228
11:13:29 PM - INFO - Step  145: train/reward_loss = 0.008168
11:13:29 PM - INFO - Step  145: train/value_loss = 1.122966
11:13:29 PM - INFO - Step  145: total_loss = 1.728362
11:13:30 PM - DEBUG - Adding sample to PrioritizedMemoryBuffer with max priority. Current size: 390.
11:13:30 PM - INFO - Episode 391: Reward=  15.0, Length= 15, Loss=1.7284, Memory=39.10
11:13:31 PM - DEBUG - Adding sample to PrioritizedMemoryBuffer with max priority. Current size: 391.
11:13:31 PM - INFO - Episode 392: Reward=  11.0, Length= 11, Loss=1.7284, Memory=39.20
11:13:31 PM - DEBUG - Starting training step 146...
11:13:31 PM - DEBUG - Sampling 64 samples from PrioritizedMemoryBuffer.
11:13:31 PM - DEBUG - Recurrent inference with hidden state shape: (64, 128) and action shape: (64,)
11:13:31 PM - DEBUG - Recurrent inference with hidden state shape: (64, 128) and action shape: (64,)
11:13:31 PM - DEBUG - Recurrent inference with hidden state shape: (64, 128) and action shape: (64,)
11:13:31 PM - DEBUG - Recurrent inference with hidden state shape: (64, 128) and action shape: (64,)
11:13:31 PM - DEBUG - Recurrent inference with hidden state shape: (64, 128) and action shape: (64,)
11:13:31 PM - DEBUG - Training step 146 complete.
11:13:31 PM - INFO - Step  146: train/policy_loss = 0.610860
11:13:31 PM - INFO - Step  146: train/reward_loss = 0.008581
11:13:31 PM - INFO - Step  146: train/value_loss = 1.171239
11:13:31 PM - INFO - Step  146: total_loss = 1.790679
11:13:32 PM - DEBUG - Adding sample to PrioritizedMemoryBuffer with max priority. Current size: 392.
11:13:32 PM - INFO - Episode 393: Reward=  14.0, Length= 14, Loss=1.7907, Memory=39.30
11:13:33 PM - DEBUG - Adding sample to PrioritizedMemoryBuffer with max priority. Current size: 393.
11:13:33 PM - INFO - Episode 394: Reward=   9.0, Length=  9, Loss=1.7907, Memory=39.40
11:13:33 PM - DEBUG - Starting training step 147...
11:13:33 PM - DEBUG - Sampling 64 samples from PrioritizedMemoryBuffer.
11:13:33 PM - DEBUG - Recurrent inference with hidden state shape: (64, 128) and action shape: (64,)
11:13:33 PM - DEBUG - Recurrent inference with hidden state shape: (64, 128) and action shape: (64,)
11:13:33 PM - DEBUG - Recurrent inference with hidden state shape: (64, 128) and action shape: (64,)
11:13:33 PM - DEBUG - Recurrent inference with hidden state shape: (64, 128) and action shape: (64,)
11:13:33 PM - DEBUG - Recurrent inference with hidden state shape: (64, 128) and action shape: (64,)
11:13:33 PM - DEBUG - Training step 147 complete.
11:13:33 PM - INFO - Step  147: train/policy_loss = 0.594311
11:13:33 PM - INFO - Step  147: train/reward_loss = 0.006721
11:13:33 PM - INFO - Step  147: train/value_loss = 1.157761
11:13:33 PM - INFO - Step  147: total_loss = 1.758793
11:13:34 PM - DEBUG - Adding sample to PrioritizedMemoryBuffer with max priority. Current size: 394.
11:13:34 PM - INFO - Episode 395: Reward=   9.0, Length=  9, Loss=1.7588, Memory=39.50
11:13:35 PM - DEBUG - Adding sample to PrioritizedMemoryBuffer with max priority. Current size: 395.
11:13:35 PM - INFO - Episode 396: Reward=  15.0, Length= 15, Loss=1.7588, Memory=39.60
11:13:35 PM - DEBUG - Starting training step 148...
11:13:35 PM - DEBUG - Sampling 64 samples from PrioritizedMemoryBuffer.
11:13:35 PM - DEBUG - Recurrent inference with hidden state shape: (64, 128) and action shape: (64,)
11:13:35 PM - DEBUG - Recurrent inference with hidden state shape: (64, 128) and action shape: (64,)
11:13:35 PM - DEBUG - Recurrent inference with hidden state shape: (64, 128) and action shape: (64,)
11:13:35 PM - DEBUG - Recurrent inference with hidden state shape: (64, 128) and action shape: (64,)
11:13:35 PM - DEBUG - Recurrent inference with hidden state shape: (64, 128) and action shape: (64,)
11:13:35 PM - DEBUG - Training step 148 complete.
11:13:35 PM - INFO - Step  148: train/policy_loss = 0.615900
11:13:35 PM - INFO - Step  148: train/reward_loss = 0.008242
11:13:35 PM - INFO - Step  148: train/value_loss = 1.109027
11:13:35 PM - INFO - Step  148: total_loss = 1.733169
11:13:36 PM - DEBUG - Adding sample to PrioritizedMemoryBuffer with max priority. Current size: 396.
11:13:36 PM - INFO - Episode 397: Reward=   9.0, Length=  9, Loss=1.7332, Memory=39.70
11:13:37 PM - DEBUG - Adding sample to PrioritizedMemoryBuffer with max priority. Current size: 397.
11:13:37 PM - INFO - Episode 398: Reward=  13.0, Length= 13, Loss=1.7332, Memory=39.80
11:13:37 PM - DEBUG - Starting training step 149...
11:13:37 PM - DEBUG - Sampling 64 samples from PrioritizedMemoryBuffer.
11:13:37 PM - DEBUG - Recurrent inference with hidden state shape: (64, 128) and action shape: (64,)
11:13:37 PM - DEBUG - Recurrent inference with hidden state shape: (64, 128) and action shape: (64,)
11:13:37 PM - DEBUG - Recurrent inference with hidden state shape: (64, 128) and action shape: (64,)
11:13:37 PM - DEBUG - Recurrent inference with hidden state shape: (64, 128) and action shape: (64,)
11:13:37 PM - DEBUG - Recurrent inference with hidden state shape: (64, 128) and action shape: (64,)
11:13:37 PM - DEBUG - Training step 149 complete.
11:13:37 PM - INFO - Step  149: train/policy_loss = 0.654634
11:13:37 PM - INFO - Step  149: train/reward_loss = 0.007593
11:13:37 PM - INFO - Step  149: train/value_loss = 1.130522
11:13:37 PM - INFO - Step  149: total_loss = 1.792748
11:13:37 PM - DEBUG - Adding sample to PrioritizedMemoryBuffer with max priority. Current size: 398.
11:13:37 PM - INFO - Episode 399: Reward=  10.0, Length= 10, Loss=1.7927, Memory=39.90
11:13:38 PM - DEBUG - Adding sample to PrioritizedMemoryBuffer with max priority. Current size: 399.
11:13:38 PM - INFO - Episode 400: Reward=   9.0, Length=  9, Loss=1.7927, Memory=40.00
11:13:38 PM - DEBUG - Starting training step 150...
11:13:38 PM - DEBUG - Sampling 64 samples from PrioritizedMemoryBuffer.
11:13:38 PM - DEBUG - Recurrent inference with hidden state shape: (64, 128) and action shape: (64,)
11:13:38 PM - DEBUG - Recurrent inference with hidden state shape: (64, 128) and action shape: (64,)
11:13:38 PM - DEBUG - Recurrent inference with hidden state shape: (64, 128) and action shape: (64,)
11:13:38 PM - DEBUG - Recurrent inference with hidden state shape: (64, 128) and action shape: (64,)
11:13:38 PM - DEBUG - Recurrent inference with hidden state shape: (64, 128) and action shape: (64,)
11:13:38 PM - DEBUG - Training step 150 complete.
11:13:38 PM - INFO - Step  150: train/policy_loss = 0.624108
11:13:38 PM - INFO - Step  150: train/reward_loss = 0.006414
11:13:38 PM - INFO - Step  150: train/value_loss = 1.123260
11:13:38 PM - INFO - Step  150: total_loss = 1.753782
11:13:38 PM - DEBUG - Saving agent state.
11:13:38 PM - INFO - Checkpoint saved to checkpoints/CartPole-v1/20250720_230602/episode_00400.pkl
11:13:39 PM - DEBUG - Adding sample to PrioritizedMemoryBuffer with max priority. Current size: 400.
11:13:39 PM - INFO - Episode 401: Reward=  12.0, Length= 12, Loss=1.7538, Memory=40.10
11:13:39 PM - INFO - Progress: 20.0% | 1.16 it/s | ETA: 23:01
11:13:40 PM - DEBUG - Adding sample to PrioritizedMemoryBuffer with max priority. Current size: 401.
11:13:40 PM - INFO - Episode 402: Reward=   9.0, Length=  9, Loss=1.7538, Memory=40.20
11:13:40 PM - DEBUG - Starting training step 151...
11:13:40 PM - DEBUG - Sampling 64 samples from PrioritizedMemoryBuffer.
11:13:40 PM - DEBUG - Recurrent inference with hidden state shape: (64, 128) and action shape: (64,)
11:13:40 PM - DEBUG - Recurrent inference with hidden state shape: (64, 128) and action shape: (64,)
11:13:40 PM - DEBUG - Recurrent inference with hidden state shape: (64, 128) and action shape: (64,)
11:13:40 PM - DEBUG - Recurrent inference with hidden state shape: (64, 128) and action shape: (64,)
11:13:40 PM - DEBUG - Recurrent inference with hidden state shape: (64, 128) and action shape: (64,)
11:13:40 PM - DEBUG - Training step 151 complete.
11:13:40 PM - INFO - Step  151: train/policy_loss = 0.640839
11:13:40 PM - INFO - Step  151: train/reward_loss = 0.006449
11:13:40 PM - INFO - Step  151: train/value_loss = 1.092436
11:13:40 PM - INFO - Step  151: total_loss = 1.739724
11:13:41 PM - DEBUG - Adding sample to PrioritizedMemoryBuffer with max priority. Current size: 402.
11:13:41 PM - INFO - Episode 403: Reward=  10.0, Length= 10, Loss=1.7397, Memory=40.30
11:13:42 PM - DEBUG - Adding sample to PrioritizedMemoryBuffer with max priority. Current size: 403.
11:13:42 PM - INFO - Episode 404: Reward=  12.0, Length= 12, Loss=1.7397, Memory=40.40
11:13:42 PM - DEBUG - Starting training step 152...
11:13:42 PM - DEBUG - Sampling 64 samples from PrioritizedMemoryBuffer.
11:13:42 PM - DEBUG - Recurrent inference with hidden state shape: (64, 128) and action shape: (64,)
11:13:42 PM - DEBUG - Recurrent inference with hidden state shape: (64, 128) and action shape: (64,)
11:13:42 PM - DEBUG - Recurrent inference with hidden state shape: (64, 128) and action shape: (64,)
11:13:42 PM - DEBUG - Recurrent inference with hidden state shape: (64, 128) and action shape: (64,)
11:13:42 PM - DEBUG - Recurrent inference with hidden state shape: (64, 128) and action shape: (64,)
11:13:42 PM - DEBUG - Training step 152 complete.
11:13:42 PM - INFO - Step  152: train/policy_loss = 0.594699
11:13:42 PM - INFO - Step  152: train/reward_loss = 0.006560
11:13:42 PM - INFO - Step  152: train/value_loss = 1.238763
11:13:42 PM - INFO - Step  152: total_loss = 1.840023
11:13:43 PM - DEBUG - Adding sample to PrioritizedMemoryBuffer with max priority. Current size: 404.
11:13:43 PM - INFO - Episode 405: Reward=  10.0, Length= 10, Loss=1.8400, Memory=40.50
11:13:44 PM - DEBUG - Adding sample to PrioritizedMemoryBuffer with max priority. Current size: 405.
11:13:44 PM - INFO - Episode 406: Reward=  13.0, Length= 13, Loss=1.8400, Memory=40.60
11:13:44 PM - DEBUG - Starting training step 153...
11:13:44 PM - DEBUG - Sampling 64 samples from PrioritizedMemoryBuffer.
11:13:44 PM - DEBUG - Recurrent inference with hidden state shape: (64, 128) and action shape: (64,)
11:13:44 PM - DEBUG - Recurrent inference with hidden state shape: (64, 128) and action shape: (64,)
11:13:44 PM - DEBUG - Recurrent inference with hidden state shape: (64, 128) and action shape: (64,)
11:13:44 PM - DEBUG - Recurrent inference with hidden state shape: (64, 128) and action shape: (64,)
11:13:44 PM - DEBUG - Recurrent inference with hidden state shape: (64, 128) and action shape: (64,)
11:13:44 PM - DEBUG - Training step 153 complete.
11:13:44 PM - INFO - Step  153: train/policy_loss = 0.590097
11:13:44 PM - INFO - Step  153: train/reward_loss = 0.013596
11:13:44 PM - INFO - Step  153: train/value_loss = 1.692067
11:13:44 PM - INFO - Step  153: total_loss = 2.295759
11:13:45 PM - DEBUG - Adding sample to PrioritizedMemoryBuffer with max priority. Current size: 406.
11:13:45 PM - INFO - Episode 407: Reward=  12.0, Length= 12, Loss=2.2958, Memory=40.70
11:13:46 PM - DEBUG - Adding sample to PrioritizedMemoryBuffer with max priority. Current size: 407.
11:13:46 PM - INFO - Episode 408: Reward=  13.0, Length= 13, Loss=2.2958, Memory=40.80
11:13:46 PM - DEBUG - Starting training step 154...
11:13:46 PM - DEBUG - Sampling 64 samples from PrioritizedMemoryBuffer.
11:13:46 PM - DEBUG - Recurrent inference with hidden state shape: (64, 128) and action shape: (64,)
11:13:46 PM - DEBUG - Recurrent inference with hidden state shape: (64, 128) and action shape: (64,)
11:13:46 PM - DEBUG - Recurrent inference with hidden state shape: (64, 128) and action shape: (64,)
11:13:46 PM - DEBUG - Recurrent inference with hidden state shape: (64, 128) and action shape: (64,)
11:13:46 PM - DEBUG - Recurrent inference with hidden state shape: (64, 128) and action shape: (64,)
11:13:46 PM - DEBUG - Training step 154 complete.
11:13:46 PM - INFO - Step  154: train/policy_loss = 0.618910
11:13:46 PM - INFO - Step  154: train/reward_loss = 0.007906
11:13:46 PM - INFO - Step  154: train/value_loss = 1.223791
11:13:46 PM - INFO - Step  154: total_loss = 1.850607
11:13:48 PM - DEBUG - Adding sample to PrioritizedMemoryBuffer with max priority. Current size: 408.
11:13:48 PM - INFO - Episode 409: Reward=  26.0, Length= 26, Loss=1.8506, Memory=40.90
11:13:48 PM - DEBUG - Adding sample to PrioritizedMemoryBuffer with max priority. Current size: 409.
11:13:48 PM - INFO - Episode 410: Reward=  10.0, Length= 10, Loss=1.8506, Memory=41.00
11:13:48 PM - DEBUG - Starting training step 155...
11:13:48 PM - DEBUG - Sampling 64 samples from PrioritizedMemoryBuffer.
11:13:48 PM - DEBUG - Recurrent inference with hidden state shape: (64, 128) and action shape: (64,)
11:13:48 PM - DEBUG - Recurrent inference with hidden state shape: (64, 128) and action shape: (64,)
11:13:49 PM - DEBUG - Recurrent inference with hidden state shape: (64, 128) and action shape: (64,)
11:13:49 PM - DEBUG - Recurrent inference with hidden state shape: (64, 128) and action shape: (64,)
11:13:49 PM - DEBUG - Recurrent inference with hidden state shape: (64, 128) and action shape: (64,)
11:13:49 PM - DEBUG - Training step 155 complete.
11:13:49 PM - INFO - Step  155: train/policy_loss = 0.616091
11:13:49 PM - INFO - Step  155: train/reward_loss = 0.008048
11:13:49 PM - INFO - Step  155: train/value_loss = 0.883539
11:13:49 PM - INFO - Step  155: total_loss = 1.507679
11:13:49 PM - DEBUG - Adding sample to PrioritizedMemoryBuffer with max priority. Current size: 410.
11:13:49 PM - INFO - Episode 411: Reward=  10.0, Length= 10, Loss=1.5077, Memory=41.10
11:13:50 PM - DEBUG - Adding sample to PrioritizedMemoryBuffer with max priority. Current size: 411.
11:13:50 PM - INFO - Episode 412: Reward=  11.0, Length= 11, Loss=1.5077, Memory=41.20
11:13:50 PM - DEBUG - Starting training step 156...
11:13:50 PM - DEBUG - Sampling 64 samples from PrioritizedMemoryBuffer.
11:13:50 PM - DEBUG - Recurrent inference with hidden state shape: (64, 128) and action shape: (64,)
11:13:50 PM - DEBUG - Recurrent inference with hidden state shape: (64, 128) and action shape: (64,)
11:13:50 PM - DEBUG - Recurrent inference with hidden state shape: (64, 128) and action shape: (64,)
11:13:50 PM - DEBUG - Recurrent inference with hidden state shape: (64, 128) and action shape: (64,)
11:13:50 PM - DEBUG - Recurrent inference with hidden state shape: (64, 128) and action shape: (64,)
11:13:50 PM - DEBUG - Training step 156 complete.
11:13:50 PM - INFO - Step  156: train/policy_loss = 0.608943
11:13:50 PM - INFO - Step  156: train/reward_loss = 0.008156
11:13:50 PM - INFO - Step  156: train/value_loss = 1.134308
11:13:50 PM - INFO - Step  156: total_loss = 1.751408
11:13:51 PM - DEBUG - Adding sample to PrioritizedMemoryBuffer with max priority. Current size: 412.
11:13:51 PM - INFO - Episode 413: Reward=  15.0, Length= 15, Loss=1.7514, Memory=41.30
11:13:52 PM - DEBUG - Adding sample to PrioritizedMemoryBuffer with max priority. Current size: 413.
11:13:52 PM - INFO - Episode 414: Reward=  14.0, Length= 14, Loss=1.7514, Memory=41.40
11:13:52 PM - DEBUG - Starting training step 157...
11:13:52 PM - DEBUG - Sampling 64 samples from PrioritizedMemoryBuffer.
11:13:52 PM - DEBUG - Recurrent inference with hidden state shape: (64, 128) and action shape: (64,)
11:13:52 PM - DEBUG - Recurrent inference with hidden state shape: (64, 128) and action shape: (64,)
11:13:52 PM - DEBUG - Recurrent inference with hidden state shape: (64, 128) and action shape: (64,)
11:13:52 PM - DEBUG - Recurrent inference with hidden state shape: (64, 128) and action shape: (64,)
11:13:52 PM - DEBUG - Recurrent inference with hidden state shape: (64, 128) and action shape: (64,)
11:13:52 PM - DEBUG - Training step 157 complete.
11:13:52 PM - INFO - Step  157: train/policy_loss = 0.623937
11:13:52 PM - INFO - Step  157: train/reward_loss = 0.008648
11:13:52 PM - INFO - Step  157: train/value_loss = 1.077580
11:13:52 PM - INFO - Step  157: total_loss = 1.710165
11:13:53 PM - DEBUG - Adding sample to PrioritizedMemoryBuffer with max priority. Current size: 414.
11:13:53 PM - INFO - Episode 415: Reward=  15.0, Length= 15, Loss=1.7102, Memory=41.50
11:13:54 PM - DEBUG - Adding sample to PrioritizedMemoryBuffer with max priority. Current size: 415.
11:13:54 PM - INFO - Episode 416: Reward=  11.0, Length= 11, Loss=1.7102, Memory=41.60
11:13:54 PM - DEBUG - Starting training step 158...
11:13:54 PM - DEBUG - Sampling 64 samples from PrioritizedMemoryBuffer.
11:13:54 PM - DEBUG - Recurrent inference with hidden state shape: (64, 128) and action shape: (64,)
11:13:54 PM - DEBUG - Recurrent inference with hidden state shape: (64, 128) and action shape: (64,)
11:13:54 PM - DEBUG - Recurrent inference with hidden state shape: (64, 128) and action shape: (64,)
11:13:54 PM - DEBUG - Recurrent inference with hidden state shape: (64, 128) and action shape: (64,)
11:13:54 PM - DEBUG - Recurrent inference with hidden state shape: (64, 128) and action shape: (64,)
11:13:54 PM - DEBUG - Training step 158 complete.
11:13:54 PM - INFO - Step  158: train/policy_loss = 0.617746
11:13:54 PM - INFO - Step  158: train/reward_loss = 0.006453
11:13:54 PM - INFO - Step  158: train/value_loss = 1.223505
11:13:54 PM - INFO - Step  158: total_loss = 1.847705
11:13:55 PM - DEBUG - Adding sample to PrioritizedMemoryBuffer with max priority. Current size: 416.
11:13:55 PM - INFO - Episode 417: Reward=   8.0, Length=  8, Loss=1.8477, Memory=41.70
11:13:56 PM - DEBUG - Adding sample to PrioritizedMemoryBuffer with max priority. Current size: 417.
11:13:56 PM - INFO - Episode 418: Reward=   9.0, Length=  9, Loss=1.8477, Memory=41.80
11:13:56 PM - DEBUG - Starting training step 159...
11:13:56 PM - DEBUG - Sampling 64 samples from PrioritizedMemoryBuffer.
11:13:56 PM - DEBUG - Recurrent inference with hidden state shape: (64, 128) and action shape: (64,)
11:13:56 PM - DEBUG - Recurrent inference with hidden state shape: (64, 128) and action shape: (64,)
11:13:56 PM - DEBUG - Recurrent inference with hidden state shape: (64, 128) and action shape: (64,)
11:13:56 PM - DEBUG - Recurrent inference with hidden state shape: (64, 128) and action shape: (64,)
11:13:56 PM - DEBUG - Recurrent inference with hidden state shape: (64, 128) and action shape: (64,)
11:13:56 PM - DEBUG - Training step 159 complete.
11:13:56 PM - INFO - Step  159: train/policy_loss = 0.607423
11:13:56 PM - INFO - Step  159: train/reward_loss = 0.006678
11:13:56 PM - INFO - Step  159: train/value_loss = 1.233295
11:13:56 PM - INFO - Step  159: total_loss = 1.847396
11:13:57 PM - DEBUG - Adding sample to PrioritizedMemoryBuffer with max priority. Current size: 418.
11:13:57 PM - INFO - Episode 419: Reward=  11.0, Length= 11, Loss=1.8474, Memory=41.90
11:13:57 PM - DEBUG - Adding sample to PrioritizedMemoryBuffer with max priority. Current size: 419.
11:13:57 PM - INFO - Episode 420: Reward=  10.0, Length= 10, Loss=1.8474, Memory=42.00
11:13:57 PM - DEBUG - Starting training step 160...
11:13:57 PM - DEBUG - Sampling 64 samples from PrioritizedMemoryBuffer.
11:13:57 PM - DEBUG - Recurrent inference with hidden state shape: (64, 128) and action shape: (64,)
11:13:57 PM - DEBUG - Recurrent inference with hidden state shape: (64, 128) and action shape: (64,)
11:13:57 PM - DEBUG - Recurrent inference with hidden state shape: (64, 128) and action shape: (64,)
11:13:57 PM - DEBUG - Recurrent inference with hidden state shape: (64, 128) and action shape: (64,)
11:13:57 PM - DEBUG - Recurrent inference with hidden state shape: (64, 128) and action shape: (64,)
11:13:58 PM - DEBUG - Training step 160 complete.
11:13:58 PM - INFO - Step  160: train/policy_loss = 0.625622
11:13:58 PM - INFO - Step  160: train/reward_loss = 0.006940
11:13:58 PM - INFO - Step  160: train/value_loss = 1.358418
11:13:58 PM - INFO - Step  160: total_loss = 1.990979
11:13:58 PM - DEBUG - Adding sample to PrioritizedMemoryBuffer with max priority. Current size: 420.
11:13:58 PM - INFO - Episode 421: Reward=  11.0, Length= 11, Loss=1.9910, Memory=42.10
11:13:58 PM - INFO - Progress: 21.0% | 1.17 it/s | ETA: 22:24
11:13:59 PM - DEBUG - Adding sample to PrioritizedMemoryBuffer with max priority. Current size: 421.
11:13:59 PM - INFO - Episode 422: Reward=   9.0, Length=  9, Loss=1.9910, Memory=42.20
11:13:59 PM - DEBUG - Starting training step 161...
11:13:59 PM - DEBUG - Sampling 64 samples from PrioritizedMemoryBuffer.
11:13:59 PM - DEBUG - Recurrent inference with hidden state shape: (64, 128) and action shape: (64,)
11:13:59 PM - DEBUG - Recurrent inference with hidden state shape: (64, 128) and action shape: (64,)
11:13:59 PM - DEBUG - Recurrent inference with hidden state shape: (64, 128) and action shape: (64,)
11:13:59 PM - DEBUG - Recurrent inference with hidden state shape: (64, 128) and action shape: (64,)
11:13:59 PM - DEBUG - Recurrent inference with hidden state shape: (64, 128) and action shape: (64,)
11:13:59 PM - DEBUG - Training step 161 complete.
11:13:59 PM - INFO - Step  161: train/policy_loss = 0.620882
11:13:59 PM - INFO - Step  161: train/reward_loss = 0.008263
11:13:59 PM - INFO - Step  161: train/value_loss = 1.725839
11:13:59 PM - INFO - Step  161: total_loss = 2.354985
11:14:00 PM - DEBUG - Adding sample to PrioritizedMemoryBuffer with max priority. Current size: 422.
11:14:00 PM - INFO - Episode 423: Reward=  14.0, Length= 14, Loss=2.3550, Memory=42.30
11:14:01 PM - DEBUG - Adding sample to PrioritizedMemoryBuffer with max priority. Current size: 423.
11:14:01 PM - INFO - Episode 424: Reward=  10.0, Length= 10, Loss=2.3550, Memory=42.40
11:14:01 PM - DEBUG - Starting training step 162...
11:14:01 PM - DEBUG - Sampling 64 samples from PrioritizedMemoryBuffer.
11:14:01 PM - DEBUG - Recurrent inference with hidden state shape: (64, 128) and action shape: (64,)
11:14:01 PM - DEBUG - Recurrent inference with hidden state shape: (64, 128) and action shape: (64,)
11:14:01 PM - DEBUG - Recurrent inference with hidden state shape: (64, 128) and action shape: (64,)
11:14:01 PM - DEBUG - Recurrent inference with hidden state shape: (64, 128) and action shape: (64,)
11:14:01 PM - DEBUG - Recurrent inference with hidden state shape: (64, 128) and action shape: (64,)
11:14:01 PM - DEBUG - Training step 162 complete.
11:14:01 PM - INFO - Step  162: train/policy_loss = 0.606623
11:14:01 PM - INFO - Step  162: train/reward_loss = 0.006713
11:14:01 PM - INFO - Step  162: train/value_loss = 1.035986
11:14:01 PM - INFO - Step  162: total_loss = 1.649321
11:14:02 PM - DEBUG - Adding sample to PrioritizedMemoryBuffer with max priority. Current size: 424.
11:14:02 PM - INFO - Episode 425: Reward=  12.0, Length= 12, Loss=1.6493, Memory=42.50
11:14:03 PM - DEBUG - Adding sample to PrioritizedMemoryBuffer with max priority. Current size: 425.
11:14:03 PM - INFO - Episode 426: Reward=  14.0, Length= 14, Loss=1.6493, Memory=42.60
11:14:03 PM - DEBUG - Starting training step 163...
11:14:03 PM - DEBUG - Sampling 64 samples from PrioritizedMemoryBuffer.
11:14:03 PM - DEBUG - Recurrent inference with hidden state shape: (64, 128) and action shape: (64,)
11:14:03 PM - DEBUG - Recurrent inference with hidden state shape: (64, 128) and action shape: (64,)
11:14:03 PM - DEBUG - Recurrent inference with hidden state shape: (64, 128) and action shape: (64,)
11:14:03 PM - DEBUG - Recurrent inference with hidden state shape: (64, 128) and action shape: (64,)
11:14:03 PM - DEBUG - Recurrent inference with hidden state shape: (64, 128) and action shape: (64,)
11:14:03 PM - DEBUG - Training step 163 complete.
11:14:03 PM - INFO - Step  163: train/policy_loss = 0.621794
11:14:03 PM - INFO - Step  163: train/reward_loss = 0.009712
11:14:03 PM - INFO - Step  163: train/value_loss = 1.126952
11:14:03 PM - INFO - Step  163: total_loss = 1.758458
11:14:04 PM - DEBUG - Adding sample to PrioritizedMemoryBuffer with max priority. Current size: 426.
11:14:04 PM - INFO - Episode 427: Reward=  10.0, Length= 10, Loss=1.7585, Memory=42.70
11:14:04 PM - DEBUG - Adding sample to PrioritizedMemoryBuffer with max priority. Current size: 427.
11:14:04 PM - INFO - Episode 428: Reward=  11.0, Length= 11, Loss=1.7585, Memory=42.80
11:14:04 PM - DEBUG - Starting training step 164...
11:14:04 PM - DEBUG - Sampling 64 samples from PrioritizedMemoryBuffer.
11:14:05 PM - DEBUG - Recurrent inference with hidden state shape: (64, 128) and action shape: (64,)
11:14:05 PM - DEBUG - Recurrent inference with hidden state shape: (64, 128) and action shape: (64,)
11:14:05 PM - DEBUG - Recurrent inference with hidden state shape: (64, 128) and action shape: (64,)
11:14:05 PM - DEBUG - Recurrent inference with hidden state shape: (64, 128) and action shape: (64,)
11:14:05 PM - DEBUG - Recurrent inference with hidden state shape: (64, 128) and action shape: (64,)
11:14:05 PM - DEBUG - Training step 164 complete.
11:14:05 PM - INFO - Step  164: train/policy_loss = 0.614269
11:14:05 PM - INFO - Step  164: train/reward_loss = 0.008226
11:14:05 PM - INFO - Step  164: train/value_loss = 1.510520
11:14:05 PM - INFO - Step  164: total_loss = 2.133016
11:14:05 PM - DEBUG - Adding sample to PrioritizedMemoryBuffer with max priority. Current size: 428.
11:14:05 PM - INFO - Episode 429: Reward=  10.0, Length= 10, Loss=2.1330, Memory=42.90
11:14:06 PM - DEBUG - Adding sample to PrioritizedMemoryBuffer with max priority. Current size: 429.
11:14:06 PM - INFO - Episode 430: Reward=  16.0, Length= 16, Loss=2.1330, Memory=43.00
11:14:06 PM - DEBUG - Starting training step 165...
11:14:06 PM - DEBUG - Sampling 64 samples from PrioritizedMemoryBuffer.
11:14:06 PM - DEBUG - Recurrent inference with hidden state shape: (64, 128) and action shape: (64,)
11:14:06 PM - DEBUG - Recurrent inference with hidden state shape: (64, 128) and action shape: (64,)
11:14:06 PM - DEBUG - Recurrent inference with hidden state shape: (64, 128) and action shape: (64,)
11:14:07 PM - DEBUG - Recurrent inference with hidden state shape: (64, 128) and action shape: (64,)
11:14:07 PM - DEBUG - Recurrent inference with hidden state shape: (64, 128) and action shape: (64,)
11:14:07 PM - DEBUG - Training step 165 complete.
11:14:07 PM - INFO - Step  165: train/policy_loss = 0.619277
11:14:07 PM - INFO - Step  165: train/reward_loss = 0.007169
11:14:07 PM - INFO - Step  165: train/value_loss = 1.123340
11:14:07 PM - INFO - Step  165: total_loss = 1.749787
11:14:07 PM - DEBUG - Adding sample to PrioritizedMemoryBuffer with max priority. Current size: 430.
11:14:07 PM - INFO - Episode 431: Reward=   9.0, Length=  9, Loss=1.7498, Memory=43.10
11:14:08 PM - DEBUG - Adding sample to PrioritizedMemoryBuffer with max priority. Current size: 431.
11:14:08 PM - INFO - Episode 432: Reward=   9.0, Length=  9, Loss=1.7498, Memory=43.20
11:14:08 PM - DEBUG - Starting training step 166...
11:14:08 PM - DEBUG - Sampling 64 samples from PrioritizedMemoryBuffer.
11:14:08 PM - DEBUG - Recurrent inference with hidden state shape: (64, 128) and action shape: (64,)
11:14:08 PM - DEBUG - Recurrent inference with hidden state shape: (64, 128) and action shape: (64,)
11:14:08 PM - DEBUG - Recurrent inference with hidden state shape: (64, 128) and action shape: (64,)
11:14:08 PM - DEBUG - Recurrent inference with hidden state shape: (64, 128) and action shape: (64,)
11:14:08 PM - DEBUG - Recurrent inference with hidden state shape: (64, 128) and action shape: (64,)
11:14:08 PM - DEBUG - Training step 166 complete.
11:14:08 PM - INFO - Step  166: train/policy_loss = 0.616598
11:14:08 PM - INFO - Step  166: train/reward_loss = 0.006620
11:14:08 PM - INFO - Step  166: train/value_loss = 1.225010
11:14:08 PM - INFO - Step  166: total_loss = 1.848228
11:14:09 PM - DEBUG - Adding sample to PrioritizedMemoryBuffer with max priority. Current size: 432.
11:14:09 PM - INFO - Episode 433: Reward=  11.0, Length= 11, Loss=1.8482, Memory=43.30
11:14:09 PM - DEBUG - Adding sample to PrioritizedMemoryBuffer with max priority. Current size: 433.
11:14:09 PM - INFO - Episode 434: Reward=   9.0, Length=  9, Loss=1.8482, Memory=43.40
11:14:09 PM - DEBUG - Starting training step 167...
11:14:09 PM - DEBUG - Sampling 64 samples from PrioritizedMemoryBuffer.
11:14:09 PM - DEBUG - Recurrent inference with hidden state shape: (64, 128) and action shape: (64,)
11:14:10 PM - DEBUG - Recurrent inference with hidden state shape: (64, 128) and action shape: (64,)
11:14:10 PM - DEBUG - Recurrent inference with hidden state shape: (64, 128) and action shape: (64,)
11:14:10 PM - DEBUG - Recurrent inference with hidden state shape: (64, 128) and action shape: (64,)
11:14:10 PM - DEBUG - Recurrent inference with hidden state shape: (64, 128) and action shape: (64,)
11:14:10 PM - DEBUG - Training step 167 complete.
11:14:10 PM - INFO - Step  167: train/policy_loss = 0.617395
11:14:10 PM - INFO - Step  167: train/reward_loss = 0.007021
11:14:10 PM - INFO - Step  167: train/value_loss = 1.221253
11:14:10 PM - INFO - Step  167: total_loss = 1.845669
11:14:11 PM - DEBUG - Adding sample to PrioritizedMemoryBuffer with max priority. Current size: 434.
11:14:11 PM - INFO - Episode 435: Reward=  10.0, Length= 10, Loss=1.8457, Memory=43.50
11:14:11 PM - DEBUG - Adding sample to PrioritizedMemoryBuffer with max priority. Current size: 435.
11:14:11 PM - INFO - Episode 436: Reward=  11.0, Length= 11, Loss=1.8457, Memory=43.60
11:14:11 PM - DEBUG - Starting training step 168...
11:14:11 PM - DEBUG - Sampling 64 samples from PrioritizedMemoryBuffer.
11:14:11 PM - DEBUG - Recurrent inference with hidden state shape: (64, 128) and action shape: (64,)
11:14:11 PM - DEBUG - Recurrent inference with hidden state shape: (64, 128) and action shape: (64,)
11:14:12 PM - DEBUG - Recurrent inference with hidden state shape: (64, 128) and action shape: (64,)
11:14:12 PM - DEBUG - Recurrent inference with hidden state shape: (64, 128) and action shape: (64,)
11:14:12 PM - DEBUG - Recurrent inference with hidden state shape: (64, 128) and action shape: (64,)
11:14:12 PM - DEBUG - Training step 168 complete.
11:14:12 PM - INFO - Step  168: train/policy_loss = 0.611385
11:14:12 PM - INFO - Step  168: train/reward_loss = 0.005891
11:14:12 PM - INFO - Step  168: train/value_loss = 1.025526
11:14:12 PM - INFO - Step  168: total_loss = 1.642802
11:14:12 PM - DEBUG - Adding sample to PrioritizedMemoryBuffer with max priority. Current size: 436.
11:14:12 PM - INFO - Episode 437: Reward=  10.0, Length= 10, Loss=1.6428, Memory=43.70
11:14:13 PM - DEBUG - Adding sample to PrioritizedMemoryBuffer with max priority. Current size: 437.
11:14:13 PM - INFO - Episode 438: Reward=  12.0, Length= 12, Loss=1.6428, Memory=43.80
11:14:13 PM - DEBUG - Starting training step 169...
11:14:13 PM - DEBUG - Sampling 64 samples from PrioritizedMemoryBuffer.
11:14:13 PM - DEBUG - Recurrent inference with hidden state shape: (64, 128) and action shape: (64,)
11:14:13 PM - DEBUG - Recurrent inference with hidden state shape: (64, 128) and action shape: (64,)
11:14:13 PM - DEBUG - Recurrent inference with hidden state shape: (64, 128) and action shape: (64,)
11:14:13 PM - DEBUG - Recurrent inference with hidden state shape: (64, 128) and action shape: (64,)
11:14:13 PM - DEBUG - Recurrent inference with hidden state shape: (64, 128) and action shape: (64,)
11:14:13 PM - DEBUG - Training step 169 complete.
11:14:13 PM - INFO - Step  169: train/policy_loss = 0.584781
11:14:13 PM - INFO - Step  169: train/reward_loss = 0.005529
11:14:13 PM - INFO - Step  169: train/value_loss = 1.373922
11:14:13 PM - INFO - Step  169: total_loss = 1.964231
11:14:14 PM - DEBUG - Adding sample to PrioritizedMemoryBuffer with max priority. Current size: 438.
11:14:14 PM - INFO - Episode 439: Reward=   9.0, Length=  9, Loss=1.9642, Memory=43.90
11:14:15 PM - DEBUG - Adding sample to PrioritizedMemoryBuffer with max priority. Current size: 439.
11:14:15 PM - INFO - Episode 440: Reward=  10.0, Length= 10, Loss=1.9642, Memory=44.00
11:14:15 PM - DEBUG - Starting training step 170...
11:14:15 PM - DEBUG - Sampling 64 samples from PrioritizedMemoryBuffer.
11:14:15 PM - DEBUG - Recurrent inference with hidden state shape: (64, 128) and action shape: (64,)
11:14:15 PM - DEBUG - Recurrent inference with hidden state shape: (64, 128) and action shape: (64,)
11:14:15 PM - DEBUG - Recurrent inference with hidden state shape: (64, 128) and action shape: (64,)
11:14:15 PM - DEBUG - Recurrent inference with hidden state shape: (64, 128) and action shape: (64,)
11:14:15 PM - DEBUG - Recurrent inference with hidden state shape: (64, 128) and action shape: (64,)
11:14:15 PM - DEBUG - Training step 170 complete.
11:14:15 PM - INFO - Step  170: train/policy_loss = 0.606643
11:14:15 PM - INFO - Step  170: train/reward_loss = 0.005342
11:14:15 PM - INFO - Step  170: train/value_loss = 0.935114
11:14:15 PM - INFO - Step  170: total_loss = 1.547098
11:14:16 PM - DEBUG - Adding sample to PrioritizedMemoryBuffer with max priority. Current size: 440.
11:14:16 PM - INFO - Episode 441: Reward=  10.0, Length= 10, Loss=1.5471, Memory=44.10
11:14:16 PM - INFO - Progress: 22.0% | 1.17 it/s | ETA: 22:11
11:14:16 PM - DEBUG - Adding sample to PrioritizedMemoryBuffer with max priority. Current size: 441.
11:14:16 PM - INFO - Episode 442: Reward=   9.0, Length=  9, Loss=1.5471, Memory=44.20
11:14:16 PM - DEBUG - Starting training step 171...
11:14:16 PM - DEBUG - Sampling 64 samples from PrioritizedMemoryBuffer.
11:14:16 PM - DEBUG - Recurrent inference with hidden state shape: (64, 128) and action shape: (64,)
11:14:16 PM - DEBUG - Recurrent inference with hidden state shape: (64, 128) and action shape: (64,)
11:14:16 PM - DEBUG - Recurrent inference with hidden state shape: (64, 128) and action shape: (64,)
11:14:16 PM - DEBUG - Recurrent inference with hidden state shape: (64, 128) and action shape: (64,)
11:14:16 PM - DEBUG - Recurrent inference with hidden state shape: (64, 128) and action shape: (64,)
11:14:16 PM - DEBUG - Training step 171 complete.
11:14:16 PM - INFO - Step  171: train/policy_loss = 0.601928
11:14:16 PM - INFO - Step  171: train/reward_loss = 0.005802
11:14:16 PM - INFO - Step  171: train/value_loss = 1.204250
11:14:16 PM - INFO - Step  171: total_loss = 1.811980
11:14:17 PM - DEBUG - Adding sample to PrioritizedMemoryBuffer with max priority. Current size: 442.
11:14:17 PM - INFO - Episode 443: Reward=  10.0, Length= 10, Loss=1.8120, Memory=44.30
11:14:18 PM - DEBUG - Adding sample to PrioritizedMemoryBuffer with max priority. Current size: 443.
11:14:18 PM - INFO - Episode 444: Reward=  15.0, Length= 15, Loss=1.8120, Memory=44.40
11:14:18 PM - DEBUG - Starting training step 172...
11:14:18 PM - DEBUG - Sampling 64 samples from PrioritizedMemoryBuffer.
11:14:18 PM - DEBUG - Recurrent inference with hidden state shape: (64, 128) and action shape: (64,)
11:14:18 PM - DEBUG - Recurrent inference with hidden state shape: (64, 128) and action shape: (64,)
11:14:18 PM - DEBUG - Recurrent inference with hidden state shape: (64, 128) and action shape: (64,)
11:14:18 PM - DEBUG - Recurrent inference with hidden state shape: (64, 128) and action shape: (64,)
11:14:18 PM - DEBUG - Recurrent inference with hidden state shape: (64, 128) and action shape: (64,)
11:14:18 PM - DEBUG - Training step 172 complete.
11:14:18 PM - INFO - Step  172: train/policy_loss = 0.618755
11:14:18 PM - INFO - Step  172: train/reward_loss = 0.005151
11:14:18 PM - INFO - Step  172: train/value_loss = 1.140276
11:14:18 PM - INFO - Step  172: total_loss = 1.764181
11:14:19 PM - DEBUG - Adding sample to PrioritizedMemoryBuffer with max priority. Current size: 444.
11:14:19 PM - INFO - Episode 445: Reward=  10.0, Length= 10, Loss=1.7642, Memory=44.50
11:14:20 PM - DEBUG - Adding sample to PrioritizedMemoryBuffer with max priority. Current size: 445.
11:14:20 PM - INFO - Episode 446: Reward=  10.0, Length= 10, Loss=1.7642, Memory=44.60
11:14:20 PM - DEBUG - Starting training step 173...
11:14:20 PM - DEBUG - Sampling 64 samples from PrioritizedMemoryBuffer.
11:14:20 PM - DEBUG - Recurrent inference with hidden state shape: (64, 128) and action shape: (64,)
11:14:20 PM - DEBUG - Recurrent inference with hidden state shape: (64, 128) and action shape: (64,)
11:14:20 PM - DEBUG - Recurrent inference with hidden state shape: (64, 128) and action shape: (64,)
11:14:20 PM - DEBUG - Recurrent inference with hidden state shape: (64, 128) and action shape: (64,)
11:14:20 PM - DEBUG - Recurrent inference with hidden state shape: (64, 128) and action shape: (64,)
11:14:20 PM - DEBUG - Training step 173 complete.
11:14:20 PM - INFO - Step  173: train/policy_loss = 0.592048
11:14:20 PM - INFO - Step  173: train/reward_loss = 0.005252
11:14:20 PM - INFO - Step  173: train/value_loss = 1.050741
11:14:20 PM - INFO - Step  173: total_loss = 1.648041
11:14:21 PM - DEBUG - Adding sample to PrioritizedMemoryBuffer with max priority. Current size: 446.
11:14:21 PM - INFO - Episode 447: Reward=  10.0, Length= 10, Loss=1.6480, Memory=44.70
11:14:21 PM - DEBUG - Adding sample to PrioritizedMemoryBuffer with max priority. Current size: 447.
11:14:21 PM - INFO - Episode 448: Reward=  11.0, Length= 11, Loss=1.6480, Memory=44.80
11:14:21 PM - DEBUG - Starting training step 174...
11:14:21 PM - DEBUG - Sampling 64 samples from PrioritizedMemoryBuffer.
11:14:21 PM - DEBUG - Recurrent inference with hidden state shape: (64, 128) and action shape: (64,)
11:14:21 PM - DEBUG - Recurrent inference with hidden state shape: (64, 128) and action shape: (64,)
11:14:21 PM - DEBUG - Recurrent inference with hidden state shape: (64, 128) and action shape: (64,)
11:14:22 PM - DEBUG - Recurrent inference with hidden state shape: (64, 128) and action shape: (64,)
11:14:22 PM - DEBUG - Recurrent inference with hidden state shape: (64, 128) and action shape: (64,)
11:14:22 PM - DEBUG - Training step 174 complete.
11:14:22 PM - INFO - Step  174: train/policy_loss = 0.598098
11:14:22 PM - INFO - Step  174: train/reward_loss = 0.005743
11:14:22 PM - INFO - Step  174: train/value_loss = 1.420868
11:14:22 PM - INFO - Step  174: total_loss = 2.024710
11:14:22 PM - DEBUG - Adding sample to PrioritizedMemoryBuffer with max priority. Current size: 448.
11:14:22 PM - INFO - Episode 449: Reward=  11.0, Length= 11, Loss=2.0247, Memory=44.90
11:14:23 PM - DEBUG - Adding sample to PrioritizedMemoryBuffer with max priority. Current size: 449.
11:14:23 PM - INFO - Episode 450: Reward=  10.0, Length= 10, Loss=2.0247, Memory=45.00
11:14:23 PM - DEBUG - Starting training step 175...
11:14:23 PM - DEBUG - Sampling 64 samples from PrioritizedMemoryBuffer.
11:14:23 PM - DEBUG - Recurrent inference with hidden state shape: (64, 128) and action shape: (64,)
11:14:23 PM - DEBUG - Recurrent inference with hidden state shape: (64, 128) and action shape: (64,)
11:14:23 PM - DEBUG - Recurrent inference with hidden state shape: (64, 128) and action shape: (64,)
11:14:23 PM - DEBUG - Recurrent inference with hidden state shape: (64, 128) and action shape: (64,)
11:14:23 PM - DEBUG - Recurrent inference with hidden state shape: (64, 128) and action shape: (64,)
11:14:23 PM - DEBUG - Training step 175 complete.
11:14:23 PM - INFO - Step  175: train/policy_loss = 0.622388
11:14:23 PM - INFO - Step  175: train/reward_loss = 0.005608
11:14:23 PM - INFO - Step  175: train/value_loss = 1.111314
11:14:23 PM - INFO - Step  175: total_loss = 1.739310
11:14:23 PM - DEBUG - Saving agent state.
11:14:23 PM - INFO - Checkpoint saved to checkpoints/CartPole-v1/20250720_230602/episode_00450.pkl
11:14:24 PM - DEBUG - Adding sample to PrioritizedMemoryBuffer with max priority. Current size: 450.
11:14:24 PM - INFO - Episode 451: Reward=  10.0, Length= 10, Loss=1.7393, Memory=45.10
11:14:25 PM - DEBUG - Adding sample to PrioritizedMemoryBuffer with max priority. Current size: 451.
11:14:25 PM - INFO - Episode 452: Reward=   9.0, Length=  9, Loss=1.7393, Memory=45.20
11:14:25 PM - DEBUG - Starting training step 176...
11:14:25 PM - DEBUG - Sampling 64 samples from PrioritizedMemoryBuffer.
11:14:25 PM - DEBUG - Recurrent inference with hidden state shape: (64, 128) and action shape: (64,)
11:14:25 PM - DEBUG - Recurrent inference with hidden state shape: (64, 128) and action shape: (64,)
11:14:25 PM - DEBUG - Recurrent inference with hidden state shape: (64, 128) and action shape: (64,)
11:14:25 PM - DEBUG - Recurrent inference with hidden state shape: (64, 128) and action shape: (64,)
11:14:25 PM - DEBUG - Recurrent inference with hidden state shape: (64, 128) and action shape: (64,)
11:14:25 PM - DEBUG - Training step 176 complete.
11:14:25 PM - INFO - Step  176: train/policy_loss = 0.622227
11:14:25 PM - INFO - Step  176: train/reward_loss = 0.006432
11:14:25 PM - INFO - Step  176: train/value_loss = 1.070494
11:14:25 PM - INFO - Step  176: total_loss = 1.699152
11:14:25 PM - DEBUG - Adding sample to PrioritizedMemoryBuffer with max priority. Current size: 452.
11:14:25 PM - INFO - Episode 453: Reward=   9.0, Length=  9, Loss=1.6992, Memory=45.30
11:14:26 PM - DEBUG - Adding sample to PrioritizedMemoryBuffer with max priority. Current size: 453.
11:14:26 PM - INFO - Episode 454: Reward=  10.0, Length= 10, Loss=1.6992, Memory=45.40
11:14:26 PM - DEBUG - Starting training step 177...
11:14:26 PM - DEBUG - Sampling 64 samples from PrioritizedMemoryBuffer.
11:14:26 PM - DEBUG - Recurrent inference with hidden state shape: (64, 128) and action shape: (64,)
11:14:26 PM - DEBUG - Recurrent inference with hidden state shape: (64, 128) and action shape: (64,)
11:14:26 PM - DEBUG - Recurrent inference with hidden state shape: (64, 128) and action shape: (64,)
11:14:26 PM - DEBUG - Recurrent inference with hidden state shape: (64, 128) and action shape: (64,)
11:14:26 PM - DEBUG - Recurrent inference with hidden state shape: (64, 128) and action shape: (64,)
11:14:26 PM - DEBUG - Training step 177 complete.
11:14:26 PM - INFO - Step  177: train/policy_loss = 0.614361
11:14:26 PM - INFO - Step  177: train/reward_loss = 0.005975
11:14:26 PM - INFO - Step  177: train/value_loss = 1.360258
11:14:26 PM - INFO - Step  177: total_loss = 1.980593
11:14:27 PM - DEBUG - Adding sample to PrioritizedMemoryBuffer with max priority. Current size: 454.
11:14:27 PM - INFO - Episode 455: Reward=  10.0, Length= 10, Loss=1.9806, Memory=45.50
11:14:28 PM - DEBUG - Adding sample to PrioritizedMemoryBuffer with max priority. Current size: 455.
11:14:28 PM - INFO - Episode 456: Reward=   9.0, Length=  9, Loss=1.9806, Memory=45.60
11:14:28 PM - DEBUG - Starting training step 178...
11:14:28 PM - DEBUG - Sampling 64 samples from PrioritizedMemoryBuffer.
11:14:28 PM - DEBUG - Recurrent inference with hidden state shape: (64, 128) and action shape: (64,)
11:14:28 PM - DEBUG - Recurrent inference with hidden state shape: (64, 128) and action shape: (64,)
11:14:28 PM - DEBUG - Recurrent inference with hidden state shape: (64, 128) and action shape: (64,)
11:14:28 PM - DEBUG - Recurrent inference with hidden state shape: (64, 128) and action shape: (64,)
11:14:28 PM - DEBUG - Recurrent inference with hidden state shape: (64, 128) and action shape: (64,)
11:14:28 PM - DEBUG - Training step 178 complete.
11:14:28 PM - INFO - Step  178: train/policy_loss = 0.607840
11:14:28 PM - INFO - Step  178: train/reward_loss = 0.006356
11:14:28 PM - INFO - Step  178: train/value_loss = 1.096213
11:14:28 PM - INFO - Step  178: total_loss = 1.710410
11:14:29 PM - DEBUG - Adding sample to PrioritizedMemoryBuffer with max priority. Current size: 456.
11:14:29 PM - INFO - Episode 457: Reward=  17.0, Length= 17, Loss=1.7104, Memory=45.70
11:14:30 PM - DEBUG - Adding sample to PrioritizedMemoryBuffer with max priority. Current size: 457.
11:14:30 PM - INFO - Episode 458: Reward=  19.0, Length= 19, Loss=1.7104, Memory=45.80
11:14:30 PM - DEBUG - Starting training step 179...
11:14:30 PM - DEBUG - Sampling 64 samples from PrioritizedMemoryBuffer.
11:14:30 PM - DEBUG - Recurrent inference with hidden state shape: (64, 128) and action shape: (64,)
11:14:30 PM - DEBUG - Recurrent inference with hidden state shape: (64, 128) and action shape: (64,)
11:14:30 PM - DEBUG - Recurrent inference with hidden state shape: (64, 128) and action shape: (64,)
11:14:30 PM - DEBUG - Recurrent inference with hidden state shape: (64, 128) and action shape: (64,)
11:14:30 PM - DEBUG - Recurrent inference with hidden state shape: (64, 128) and action shape: (64,)
11:14:30 PM - DEBUG - Training step 179 complete.
11:14:30 PM - INFO - Step  179: train/policy_loss = 0.624758
11:14:30 PM - INFO - Step  179: train/reward_loss = 0.006320
11:14:30 PM - INFO - Step  179: train/value_loss = 1.207179
11:14:30 PM - INFO - Step  179: total_loss = 1.838257
11:14:31 PM - DEBUG - Adding sample to PrioritizedMemoryBuffer with max priority. Current size: 458.
11:14:31 PM - INFO - Episode 459: Reward=  11.0, Length= 11, Loss=1.8383, Memory=45.90
11:14:32 PM - DEBUG - Adding sample to PrioritizedMemoryBuffer with max priority. Current size: 459.
11:14:32 PM - INFO - Episode 460: Reward=  15.0, Length= 15, Loss=1.8383, Memory=46.00
11:14:32 PM - DEBUG - Starting training step 180...
11:14:32 PM - DEBUG - Sampling 64 samples from PrioritizedMemoryBuffer.
11:14:32 PM - DEBUG - Recurrent inference with hidden state shape: (64, 128) and action shape: (64,)
11:14:32 PM - DEBUG - Recurrent inference with hidden state shape: (64, 128) and action shape: (64,)
11:14:32 PM - DEBUG - Recurrent inference with hidden state shape: (64, 128) and action shape: (64,)
11:14:32 PM - DEBUG - Recurrent inference with hidden state shape: (64, 128) and action shape: (64,)
11:14:32 PM - DEBUG - Recurrent inference with hidden state shape: (64, 128) and action shape: (64,)
11:14:32 PM - DEBUG - Training step 180 complete.
11:14:32 PM - INFO - Step  180: train/policy_loss = 0.606523
11:14:32 PM - INFO - Step  180: train/reward_loss = 0.006766
11:14:32 PM - INFO - Step  180: train/value_loss = 1.460243
11:14:32 PM - INFO - Step  180: total_loss = 2.073532
11:14:33 PM - DEBUG - Adding sample to PrioritizedMemoryBuffer with max priority. Current size: 460.
11:14:33 PM - INFO - Episode 461: Reward=  10.0, Length= 10, Loss=2.0735, Memory=46.10
11:14:33 PM - INFO - Progress: 23.0% | 0.96 it/s | ETA: 26:36
11:14:34 PM - DEBUG - Adding sample to PrioritizedMemoryBuffer with max priority. Current size: 461.
11:14:34 PM - INFO - Episode 462: Reward=  11.0, Length= 11, Loss=2.0735, Memory=46.20
11:14:34 PM - DEBUG - Starting training step 181...
11:14:34 PM - DEBUG - Sampling 64 samples from PrioritizedMemoryBuffer.
11:14:34 PM - DEBUG - Recurrent inference with hidden state shape: (64, 128) and action shape: (64,)
11:14:34 PM - DEBUG - Recurrent inference with hidden state shape: (64, 128) and action shape: (64,)
11:14:34 PM - DEBUG - Recurrent inference with hidden state shape: (64, 128) and action shape: (64,)
11:14:34 PM - DEBUG - Recurrent inference with hidden state shape: (64, 128) and action shape: (64,)
11:14:34 PM - DEBUG - Recurrent inference with hidden state shape: (64, 128) and action shape: (64,)
11:14:34 PM - DEBUG - Training step 181 complete.
11:14:34 PM - INFO - Step  181: train/policy_loss = 0.597657
11:14:34 PM - INFO - Step  181: train/reward_loss = 0.007914
11:14:34 PM - INFO - Step  181: train/value_loss = 1.077871
11:14:34 PM - INFO - Step  181: total_loss = 1.683442
11:14:36 PM - DEBUG - Adding sample to PrioritizedMemoryBuffer with max priority. Current size: 462.
11:14:36 PM - INFO - Episode 463: Reward=  21.0, Length= 21, Loss=1.6834, Memory=46.30
11:14:36 PM - DEBUG - Adding sample to PrioritizedMemoryBuffer with max priority. Current size: 463.
11:14:36 PM - INFO - Episode 464: Reward=  10.0, Length= 10, Loss=1.6834, Memory=46.40
11:14:36 PM - DEBUG - Starting training step 182...
11:14:36 PM - DEBUG - Sampling 64 samples from PrioritizedMemoryBuffer.
11:14:36 PM - DEBUG - Recurrent inference with hidden state shape: (64, 128) and action shape: (64,)
11:14:36 PM - DEBUG - Recurrent inference with hidden state shape: (64, 128) and action shape: (64,)
11:14:36 PM - DEBUG - Recurrent inference with hidden state shape: (64, 128) and action shape: (64,)
11:14:36 PM - DEBUG - Recurrent inference with hidden state shape: (64, 128) and action shape: (64,)
11:14:36 PM - DEBUG - Recurrent inference with hidden state shape: (64, 128) and action shape: (64,)
11:14:36 PM - DEBUG - Training step 182 complete.
11:14:36 PM - INFO - Step  182: train/policy_loss = 0.613805
11:14:36 PM - INFO - Step  182: train/reward_loss = 0.008379
11:14:36 PM - INFO - Step  182: train/value_loss = 1.427391
11:14:36 PM - INFO - Step  182: total_loss = 2.049575
11:14:38 PM - DEBUG - Adding sample to PrioritizedMemoryBuffer with max priority. Current size: 464.
11:14:38 PM - INFO - Episode 465: Reward=  17.0, Length= 17, Loss=2.0496, Memory=46.50
11:14:39 PM - DEBUG - Adding sample to PrioritizedMemoryBuffer with max priority. Current size: 465.
11:14:39 PM - INFO - Episode 466: Reward=  24.0, Length= 24, Loss=2.0496, Memory=46.60
11:14:39 PM - DEBUG - Starting training step 183...
11:14:39 PM - DEBUG - Sampling 64 samples from PrioritizedMemoryBuffer.
11:14:39 PM - DEBUG - Recurrent inference with hidden state shape: (64, 128) and action shape: (64,)
11:14:39 PM - DEBUG - Recurrent inference with hidden state shape: (64, 128) and action shape: (64,)
11:14:39 PM - DEBUG - Recurrent inference with hidden state shape: (64, 128) and action shape: (64,)
11:14:39 PM - DEBUG - Recurrent inference with hidden state shape: (64, 128) and action shape: (64,)
11:14:39 PM - DEBUG - Recurrent inference with hidden state shape: (64, 128) and action shape: (64,)
11:14:39 PM - DEBUG - Training step 183 complete.
11:14:39 PM - INFO - Step  183: train/policy_loss = 0.576147
11:14:39 PM - INFO - Step  183: train/reward_loss = 0.008992
11:14:39 PM - INFO - Step  183: train/value_loss = 1.276217
11:14:39 PM - INFO - Step  183: total_loss = 1.861356
11:14:40 PM - DEBUG - Adding sample to PrioritizedMemoryBuffer with max priority. Current size: 466.
11:14:40 PM - INFO - Episode 467: Reward=  11.0, Length= 11, Loss=1.8614, Memory=46.70
11:14:41 PM - DEBUG - Adding sample to PrioritizedMemoryBuffer with max priority. Current size: 467.
11:14:41 PM - INFO - Episode 468: Reward=  12.0, Length= 12, Loss=1.8614, Memory=46.80
11:14:41 PM - DEBUG - Starting training step 184...
11:14:41 PM - DEBUG - Sampling 64 samples from PrioritizedMemoryBuffer.
11:14:41 PM - DEBUG - Recurrent inference with hidden state shape: (64, 128) and action shape: (64,)
11:14:41 PM - DEBUG - Recurrent inference with hidden state shape: (64, 128) and action shape: (64,)
11:14:41 PM - DEBUG - Recurrent inference with hidden state shape: (64, 128) and action shape: (64,)
11:14:41 PM - DEBUG - Recurrent inference with hidden state shape: (64, 128) and action shape: (64,)
11:14:41 PM - DEBUG - Recurrent inference with hidden state shape: (64, 128) and action shape: (64,)
11:14:41 PM - DEBUG - Training step 184 complete.
11:14:41 PM - INFO - Step  184: train/policy_loss = 0.623010
11:14:41 PM - INFO - Step  184: train/reward_loss = 0.008849
11:14:41 PM - INFO - Step  184: train/value_loss = 1.066845
11:14:41 PM - INFO - Step  184: total_loss = 1.698704
11:14:42 PM - DEBUG - Adding sample to PrioritizedMemoryBuffer with max priority. Current size: 468.
11:14:42 PM - INFO - Episode 469: Reward=  11.0, Length= 11, Loss=1.6987, Memory=46.90
11:14:43 PM - DEBUG - Adding sample to PrioritizedMemoryBuffer with max priority. Current size: 469.
11:14:43 PM - INFO - Episode 470: Reward=  11.0, Length= 11, Loss=1.6987, Memory=47.00
11:14:43 PM - DEBUG - Starting training step 185...
11:14:43 PM - DEBUG - Sampling 64 samples from PrioritizedMemoryBuffer.
11:14:43 PM - DEBUG - Recurrent inference with hidden state shape: (64, 128) and action shape: (64,)
11:14:43 PM - DEBUG - Recurrent inference with hidden state shape: (64, 128) and action shape: (64,)
11:14:43 PM - DEBUG - Recurrent inference with hidden state shape: (64, 128) and action shape: (64,)
11:14:43 PM - DEBUG - Recurrent inference with hidden state shape: (64, 128) and action shape: (64,)
11:14:43 PM - DEBUG - Recurrent inference with hidden state shape: (64, 128) and action shape: (64,)
11:14:43 PM - DEBUG - Training step 185 complete.
11:14:43 PM - INFO - Step  185: train/policy_loss = 0.586091
11:14:43 PM - INFO - Step  185: train/reward_loss = 0.006248
11:14:43 PM - INFO - Step  185: train/value_loss = 1.655101
11:14:43 PM - INFO - Step  185: total_loss = 2.247440
11:14:44 PM - DEBUG - Adding sample to PrioritizedMemoryBuffer with max priority. Current size: 470.
11:14:44 PM - INFO - Episode 471: Reward=  11.0, Length= 11, Loss=2.2474, Memory=47.10
11:14:44 PM - DEBUG - Adding sample to PrioritizedMemoryBuffer with max priority. Current size: 471.
11:14:44 PM - INFO - Episode 472: Reward=  10.0, Length= 10, Loss=2.2474, Memory=47.20
11:14:44 PM - DEBUG - Starting training step 186...
11:14:44 PM - DEBUG - Sampling 64 samples from PrioritizedMemoryBuffer.
11:14:44 PM - DEBUG - Recurrent inference with hidden state shape: (64, 128) and action shape: (64,)
11:14:44 PM - DEBUG - Recurrent inference with hidden state shape: (64, 128) and action shape: (64,)
11:14:45 PM - DEBUG - Recurrent inference with hidden state shape: (64, 128) and action shape: (64,)
11:14:45 PM - DEBUG - Recurrent inference with hidden state shape: (64, 128) and action shape: (64,)
11:14:45 PM - DEBUG - Recurrent inference with hidden state shape: (64, 128) and action shape: (64,)
11:14:45 PM - DEBUG - Training step 186 complete.
11:14:45 PM - INFO - Step  186: train/policy_loss = 0.618884
11:14:45 PM - INFO - Step  186: train/reward_loss = 0.005598
11:14:45 PM - INFO - Step  186: train/value_loss = 1.103147
11:14:45 PM - INFO - Step  186: total_loss = 1.727630
11:14:45 PM - DEBUG - Adding sample to PrioritizedMemoryBuffer with max priority. Current size: 472.
11:14:45 PM - INFO - Episode 473: Reward=  13.0, Length= 13, Loss=1.7276, Memory=47.30
11:14:46 PM - DEBUG - Adding sample to PrioritizedMemoryBuffer with max priority. Current size: 473.
11:14:46 PM - INFO - Episode 474: Reward=  10.0, Length= 10, Loss=1.7276, Memory=47.40
11:14:46 PM - DEBUG - Starting training step 187...
11:14:46 PM - DEBUG - Sampling 64 samples from PrioritizedMemoryBuffer.
11:14:46 PM - DEBUG - Recurrent inference with hidden state shape: (64, 128) and action shape: (64,)
11:14:46 PM - DEBUG - Recurrent inference with hidden state shape: (64, 128) and action shape: (64,)
11:14:46 PM - DEBUG - Recurrent inference with hidden state shape: (64, 128) and action shape: (64,)
11:14:46 PM - DEBUG - Recurrent inference with hidden state shape: (64, 128) and action shape: (64,)
11:14:46 PM - DEBUG - Recurrent inference with hidden state shape: (64, 128) and action shape: (64,)
11:14:46 PM - DEBUG - Training step 187 complete.
11:14:46 PM - INFO - Step  187: train/policy_loss = 0.581352
11:14:46 PM - INFO - Step  187: train/reward_loss = 0.006376
11:14:46 PM - INFO - Step  187: train/value_loss = 1.644696
11:14:46 PM - INFO - Step  187: total_loss = 2.232424
11:14:48 PM - DEBUG - Adding sample to PrioritizedMemoryBuffer with max priority. Current size: 474.
11:14:48 PM - INFO - Episode 475: Reward=  26.0, Length= 26, Loss=2.2324, Memory=47.50
11:14:49 PM - DEBUG - Adding sample to PrioritizedMemoryBuffer with max priority. Current size: 475.
11:14:49 PM - INFO - Episode 476: Reward=  10.0, Length= 10, Loss=2.2324, Memory=47.60
11:14:49 PM - DEBUG - Starting training step 188...
11:14:49 PM - DEBUG - Sampling 64 samples from PrioritizedMemoryBuffer.
11:14:49 PM - DEBUG - Recurrent inference with hidden state shape: (64, 128) and action shape: (64,)
11:14:49 PM - DEBUG - Recurrent inference with hidden state shape: (64, 128) and action shape: (64,)
11:14:49 PM - DEBUG - Recurrent inference with hidden state shape: (64, 128) and action shape: (64,)
11:14:49 PM - DEBUG - Recurrent inference with hidden state shape: (64, 128) and action shape: (64,)
11:14:49 PM - DEBUG - Recurrent inference with hidden state shape: (64, 128) and action shape: (64,)
11:14:49 PM - DEBUG - Training step 188 complete.
11:14:49 PM - INFO - Step  188: train/policy_loss = 0.658829
11:14:49 PM - INFO - Step  188: train/reward_loss = 0.006614
11:14:49 PM - INFO - Step  188: train/value_loss = 1.100668
11:14:49 PM - INFO - Step  188: total_loss = 1.766111
11:14:50 PM - DEBUG - Adding sample to PrioritizedMemoryBuffer with max priority. Current size: 476.
11:14:50 PM - INFO - Episode 477: Reward=  11.0, Length= 11, Loss=1.7661, Memory=47.70
11:14:50 PM - DEBUG - Adding sample to PrioritizedMemoryBuffer with max priority. Current size: 477.
11:14:50 PM - INFO - Episode 478: Reward=  10.0, Length= 10, Loss=1.7661, Memory=47.80
11:14:50 PM - DEBUG - Starting training step 189...
11:14:50 PM - DEBUG - Sampling 64 samples from PrioritizedMemoryBuffer.
11:14:51 PM - DEBUG - Recurrent inference with hidden state shape: (64, 128) and action shape: (64,)
11:14:51 PM - DEBUG - Recurrent inference with hidden state shape: (64, 128) and action shape: (64,)
11:14:51 PM - DEBUG - Recurrent inference with hidden state shape: (64, 128) and action shape: (64,)
11:14:51 PM - DEBUG - Recurrent inference with hidden state shape: (64, 128) and action shape: (64,)
11:14:51 PM - DEBUG - Recurrent inference with hidden state shape: (64, 128) and action shape: (64,)
11:14:51 PM - DEBUG - Training step 189 complete.
11:14:51 PM - INFO - Step  189: train/policy_loss = 0.619811
11:14:51 PM - INFO - Step  189: train/reward_loss = 0.010344
11:14:51 PM - INFO - Step  189: train/value_loss = 1.683622
11:14:51 PM - INFO - Step  189: total_loss = 2.313778
11:14:51 PM - DEBUG - Adding sample to PrioritizedMemoryBuffer with max priority. Current size: 478.
11:14:51 PM - INFO - Episode 479: Reward=  10.0, Length= 10, Loss=2.3138, Memory=47.90
11:14:52 PM - DEBUG - Adding sample to PrioritizedMemoryBuffer with max priority. Current size: 479.
11:14:52 PM - INFO - Episode 480: Reward=   8.0, Length=  8, Loss=2.3138, Memory=48.00
11:14:52 PM - DEBUG - Starting training step 190...
11:14:52 PM - DEBUG - Sampling 64 samples from PrioritizedMemoryBuffer.
11:14:52 PM - DEBUG - Recurrent inference with hidden state shape: (64, 128) and action shape: (64,)
11:14:52 PM - DEBUG - Recurrent inference with hidden state shape: (64, 128) and action shape: (64,)
11:14:52 PM - DEBUG - Recurrent inference with hidden state shape: (64, 128) and action shape: (64,)
11:14:52 PM - DEBUG - Recurrent inference with hidden state shape: (64, 128) and action shape: (64,)
11:14:52 PM - DEBUG - Recurrent inference with hidden state shape: (64, 128) and action shape: (64,)
11:14:52 PM - DEBUG - Training step 190 complete.
11:14:52 PM - INFO - Step  190: train/policy_loss = 0.572131
11:14:52 PM - INFO - Step  190: train/reward_loss = 0.010700
11:14:52 PM - INFO - Step  190: train/value_loss = 1.458272
11:14:52 PM - INFO - Step  190: total_loss = 2.041103
11:14:53 PM - DEBUG - Adding sample to PrioritizedMemoryBuffer with max priority. Current size: 480.
11:14:53 PM - INFO - Episode 481: Reward=  12.0, Length= 12, Loss=2.0411, Memory=48.10
11:14:53 PM - INFO - Progress: 24.0% | 1.20 it/s | ETA: 21:11
11:14:54 PM - DEBUG - Adding sample to PrioritizedMemoryBuffer with max priority. Current size: 481.
11:14:54 PM - INFO - Episode 482: Reward=  10.0, Length= 10, Loss=2.0411, Memory=48.20
11:14:54 PM - DEBUG - Starting training step 191...
11:14:54 PM - DEBUG - Sampling 64 samples from PrioritizedMemoryBuffer.
11:14:54 PM - DEBUG - Recurrent inference with hidden state shape: (64, 128) and action shape: (64,)
11:14:54 PM - DEBUG - Recurrent inference with hidden state shape: (64, 128) and action shape: (64,)
11:14:54 PM - DEBUG - Recurrent inference with hidden state shape: (64, 128) and action shape: (64,)
11:14:54 PM - DEBUG - Recurrent inference with hidden state shape: (64, 128) and action shape: (64,)
11:14:54 PM - DEBUG - Recurrent inference with hidden state shape: (64, 128) and action shape: (64,)
11:14:54 PM - DEBUG - Training step 191 complete.
11:14:54 PM - INFO - Step  191: train/policy_loss = 0.546382
11:14:54 PM - INFO - Step  191: train/reward_loss = 0.005833
11:14:54 PM - INFO - Step  191: train/value_loss = 1.428007
11:14:54 PM - INFO - Step  191: total_loss = 1.980222
11:14:55 PM - DEBUG - Adding sample to PrioritizedMemoryBuffer with max priority. Current size: 482.
11:14:55 PM - INFO - Episode 483: Reward=   9.0, Length=  9, Loss=1.9802, Memory=48.30
11:14:55 PM - DEBUG - Adding sample to PrioritizedMemoryBuffer with max priority. Current size: 483.
11:14:55 PM - INFO - Episode 484: Reward=   9.0, Length=  9, Loss=1.9802, Memory=48.40
11:14:55 PM - DEBUG - Starting training step 192...
11:14:55 PM - DEBUG - Sampling 64 samples from PrioritizedMemoryBuffer.
11:14:55 PM - DEBUG - Recurrent inference with hidden state shape: (64, 128) and action shape: (64,)
11:14:55 PM - DEBUG - Recurrent inference with hidden state shape: (64, 128) and action shape: (64,)
11:14:55 PM - DEBUG - Recurrent inference with hidden state shape: (64, 128) and action shape: (64,)
11:14:55 PM - DEBUG - Recurrent inference with hidden state shape: (64, 128) and action shape: (64,)
11:14:55 PM - DEBUG - Recurrent inference with hidden state shape: (64, 128) and action shape: (64,)
11:14:55 PM - DEBUG - Training step 192 complete.
11:14:55 PM - INFO - Step  192: train/policy_loss = 0.578744
11:14:55 PM - INFO - Step  192: train/reward_loss = 0.006089
11:14:55 PM - INFO - Step  192: train/value_loss = 1.653735
11:14:55 PM - INFO - Step  192: total_loss = 2.238568
11:14:56 PM - DEBUG - Adding sample to PrioritizedMemoryBuffer with max priority. Current size: 484.
11:14:56 PM - INFO - Episode 485: Reward=  11.0, Length= 11, Loss=2.2386, Memory=48.50
11:14:57 PM - DEBUG - Adding sample to PrioritizedMemoryBuffer with max priority. Current size: 485.
11:14:57 PM - INFO - Episode 486: Reward=   9.0, Length=  9, Loss=2.2386, Memory=48.60
11:14:57 PM - DEBUG - Starting training step 193...
11:14:57 PM - DEBUG - Sampling 64 samples from PrioritizedMemoryBuffer.
11:14:57 PM - DEBUG - Recurrent inference with hidden state shape: (64, 128) and action shape: (64,)
11:14:57 PM - DEBUG - Recurrent inference with hidden state shape: (64, 128) and action shape: (64,)
11:14:57 PM - DEBUG - Recurrent inference with hidden state shape: (64, 128) and action shape: (64,)
11:14:57 PM - DEBUG - Recurrent inference with hidden state shape: (64, 128) and action shape: (64,)
11:14:57 PM - DEBUG - Recurrent inference with hidden state shape: (64, 128) and action shape: (64,)
11:14:57 PM - DEBUG - Training step 193 complete.
11:14:57 PM - INFO - Step  193: train/policy_loss = 0.599244
11:14:57 PM - INFO - Step  193: train/reward_loss = 0.007252
11:14:57 PM - INFO - Step  193: train/value_loss = 1.123634
11:14:57 PM - INFO - Step  193: total_loss = 1.730129
11:14:58 PM - DEBUG - Adding sample to PrioritizedMemoryBuffer with max priority. Current size: 486.
11:14:58 PM - INFO - Episode 487: Reward=  11.0, Length= 11, Loss=1.7301, Memory=48.70
11:14:58 PM - DEBUG - Adding sample to PrioritizedMemoryBuffer with max priority. Current size: 487.
11:14:58 PM - INFO - Episode 488: Reward=  12.0, Length= 12, Loss=1.7301, Memory=48.80
11:14:58 PM - DEBUG - Starting training step 194...
11:14:58 PM - DEBUG - Sampling 64 samples from PrioritizedMemoryBuffer.
11:14:59 PM - DEBUG - Recurrent inference with hidden state shape: (64, 128) and action shape: (64,)
11:14:59 PM - DEBUG - Recurrent inference with hidden state shape: (64, 128) and action shape: (64,)
11:14:59 PM - DEBUG - Recurrent inference with hidden state shape: (64, 128) and action shape: (64,)
11:14:59 PM - DEBUG - Recurrent inference with hidden state shape: (64, 128) and action shape: (64,)
11:14:59 PM - DEBUG - Recurrent inference with hidden state shape: (64, 128) and action shape: (64,)
11:14:59 PM - DEBUG - Training step 194 complete.
11:14:59 PM - INFO - Step  194: train/policy_loss = 0.591068
11:14:59 PM - INFO - Step  194: train/reward_loss = 0.007795
11:14:59 PM - INFO - Step  194: train/value_loss = 1.862277
11:14:59 PM - INFO - Step  194: total_loss = 2.461139
11:14:59 PM - DEBUG - Adding sample to PrioritizedMemoryBuffer with max priority. Current size: 488.
11:14:59 PM - INFO - Episode 489: Reward=  10.0, Length= 10, Loss=2.4611, Memory=48.90
11:15:02 PM - DEBUG - Adding sample to PrioritizedMemoryBuffer with max priority. Current size: 489.
11:15:02 PM - INFO - Episode 490: Reward=  33.0, Length= 33, Loss=2.4611, Memory=49.00
11:15:02 PM - DEBUG - Starting training step 195...
11:15:02 PM - DEBUG - Sampling 64 samples from PrioritizedMemoryBuffer.
11:15:02 PM - DEBUG - Recurrent inference with hidden state shape: (64, 128) and action shape: (64,)
11:15:02 PM - DEBUG - Recurrent inference with hidden state shape: (64, 128) and action shape: (64,)
11:15:02 PM - DEBUG - Recurrent inference with hidden state shape: (64, 128) and action shape: (64,)
11:15:02 PM - DEBUG - Recurrent inference with hidden state shape: (64, 128) and action shape: (64,)
11:15:02 PM - DEBUG - Recurrent inference with hidden state shape: (64, 128) and action shape: (64,)
11:15:02 PM - DEBUG - Training step 195 complete.
11:15:02 PM - INFO - Step  195: train/policy_loss = 0.591520
11:15:02 PM - INFO - Step  195: train/reward_loss = 0.005959
11:15:02 PM - INFO - Step  195: train/value_loss = 1.342916
11:15:02 PM - INFO - Step  195: total_loss = 1.940395
11:15:02 PM - DEBUG - Adding sample to PrioritizedMemoryBuffer with max priority. Current size: 490.
11:15:02 PM - INFO - Episode 491: Reward=   8.0, Length=  8, Loss=1.9404, Memory=49.10
11:15:03 PM - DEBUG - Adding sample to PrioritizedMemoryBuffer with max priority. Current size: 491.
11:15:03 PM - INFO - Episode 492: Reward=  10.0, Length= 10, Loss=1.9404, Memory=49.20
11:15:03 PM - DEBUG - Starting training step 196...
11:15:03 PM - DEBUG - Sampling 64 samples from PrioritizedMemoryBuffer.
11:15:03 PM - DEBUG - Recurrent inference with hidden state shape: (64, 128) and action shape: (64,)
11:15:03 PM - DEBUG - Recurrent inference with hidden state shape: (64, 128) and action shape: (64,)
11:15:03 PM - DEBUG - Recurrent inference with hidden state shape: (64, 128) and action shape: (64,)
11:15:03 PM - DEBUG - Recurrent inference with hidden state shape: (64, 128) and action shape: (64,)
11:15:03 PM - DEBUG - Recurrent inference with hidden state shape: (64, 128) and action shape: (64,)
11:15:03 PM - DEBUG - Training step 196 complete.
11:15:03 PM - INFO - Step  196: train/policy_loss = 0.612015
11:15:03 PM - INFO - Step  196: train/reward_loss = 0.004946
11:15:03 PM - INFO - Step  196: train/value_loss = 1.131432
11:15:03 PM - INFO - Step  196: total_loss = 1.748393
11:15:04 PM - DEBUG - Adding sample to PrioritizedMemoryBuffer with max priority. Current size: 492.
11:15:04 PM - INFO - Episode 493: Reward=  13.0, Length= 13, Loss=1.7484, Memory=49.30
11:15:05 PM - DEBUG - Adding sample to PrioritizedMemoryBuffer with max priority. Current size: 493.
11:15:05 PM - INFO - Episode 494: Reward=   8.0, Length=  8, Loss=1.7484, Memory=49.40
11:15:05 PM - DEBUG - Starting training step 197...
11:15:05 PM - DEBUG - Sampling 64 samples from PrioritizedMemoryBuffer.
11:15:05 PM - DEBUG - Recurrent inference with hidden state shape: (64, 128) and action shape: (64,)
11:15:05 PM - DEBUG - Recurrent inference with hidden state shape: (64, 128) and action shape: (64,)
11:15:05 PM - DEBUG - Recurrent inference with hidden state shape: (64, 128) and action shape: (64,)
11:15:05 PM - DEBUG - Recurrent inference with hidden state shape: (64, 128) and action shape: (64,)
11:15:05 PM - DEBUG - Recurrent inference with hidden state shape: (64, 128) and action shape: (64,)
11:15:05 PM - DEBUG - Training step 197 complete.
11:15:05 PM - INFO - Step  197: train/policy_loss = 0.614150
11:15:05 PM - INFO - Step  197: train/reward_loss = 0.005444
11:15:05 PM - INFO - Step  197: train/value_loss = 1.182695
11:15:05 PM - INFO - Step  197: total_loss = 1.802288
11:15:06 PM - DEBUG - Adding sample to PrioritizedMemoryBuffer with max priority. Current size: 494.
11:15:06 PM - INFO - Episode 495: Reward=  10.0, Length= 10, Loss=1.8023, Memory=49.50
11:15:06 PM - DEBUG - Adding sample to PrioritizedMemoryBuffer with max priority. Current size: 495.
11:15:06 PM - INFO - Episode 496: Reward=   9.0, Length=  9, Loss=1.8023, Memory=49.60
11:15:06 PM - DEBUG - Starting training step 198...
11:15:06 PM - DEBUG - Sampling 64 samples from PrioritizedMemoryBuffer.
11:15:06 PM - DEBUG - Recurrent inference with hidden state shape: (64, 128) and action shape: (64,)
11:15:06 PM - DEBUG - Recurrent inference with hidden state shape: (64, 128) and action shape: (64,)
11:15:06 PM - DEBUG - Recurrent inference with hidden state shape: (64, 128) and action shape: (64,)
11:15:06 PM - DEBUG - Recurrent inference with hidden state shape: (64, 128) and action shape: (64,)
11:15:06 PM - DEBUG - Recurrent inference with hidden state shape: (64, 128) and action shape: (64,)
11:15:06 PM - DEBUG - Training step 198 complete.
11:15:06 PM - INFO - Step  198: train/policy_loss = 0.563898
11:15:06 PM - INFO - Step  198: train/reward_loss = 0.005375
11:15:06 PM - INFO - Step  198: train/value_loss = 1.143510
11:15:06 PM - INFO - Step  198: total_loss = 1.712783
11:15:07 PM - DEBUG - Adding sample to PrioritizedMemoryBuffer with max priority. Current size: 496.
11:15:07 PM - INFO - Episode 497: Reward=   9.0, Length=  9, Loss=1.7128, Memory=49.70
11:15:08 PM - DEBUG - Adding sample to PrioritizedMemoryBuffer with max priority. Current size: 497.
11:15:08 PM - INFO - Episode 498: Reward=   9.0, Length=  9, Loss=1.7128, Memory=49.80
11:15:08 PM - DEBUG - Starting training step 199...
11:15:08 PM - DEBUG - Sampling 64 samples from PrioritizedMemoryBuffer.
11:15:08 PM - DEBUG - Recurrent inference with hidden state shape: (64, 128) and action shape: (64,)
11:15:08 PM - DEBUG - Recurrent inference with hidden state shape: (64, 128) and action shape: (64,)
11:15:08 PM - DEBUG - Recurrent inference with hidden state shape: (64, 128) and action shape: (64,)
11:15:08 PM - DEBUG - Recurrent inference with hidden state shape: (64, 128) and action shape: (64,)
11:15:08 PM - DEBUG - Recurrent inference with hidden state shape: (64, 128) and action shape: (64,)
11:15:08 PM - DEBUG - Training step 199 complete.
11:15:08 PM - INFO - Step  199: train/policy_loss = 0.609973
11:15:08 PM - INFO - Step  199: train/reward_loss = 0.004356
11:15:08 PM - INFO - Step  199: train/value_loss = 1.025822
11:15:08 PM - INFO - Step  199: total_loss = 1.640151
11:15:09 PM - DEBUG - Adding sample to PrioritizedMemoryBuffer with max priority. Current size: 498.
11:15:09 PM - INFO - Episode 499: Reward=  11.0, Length= 11, Loss=1.6402, Memory=49.90
11:15:09 PM - DEBUG - Adding sample to PrioritizedMemoryBuffer with max priority. Current size: 499.
11:15:09 PM - INFO - Episode 500: Reward=  10.0, Length= 10, Loss=1.6402, Memory=50.00
11:15:09 PM - DEBUG - Starting training step 200...
11:15:09 PM - DEBUG - Sampling 64 samples from PrioritizedMemoryBuffer.
11:15:09 PM - DEBUG - Recurrent inference with hidden state shape: (64, 128) and action shape: (64,)
11:15:09 PM - DEBUG - Recurrent inference with hidden state shape: (64, 128) and action shape: (64,)
11:15:09 PM - DEBUG - Recurrent inference with hidden state shape: (64, 128) and action shape: (64,)
11:15:10 PM - DEBUG - Recurrent inference with hidden state shape: (64, 128) and action shape: (64,)
11:15:10 PM - DEBUG - Recurrent inference with hidden state shape: (64, 128) and action shape: (64,)
11:15:10 PM - DEBUG - Training step 200 complete.
11:15:10 PM - INFO - Step  200: train/policy_loss = 0.592748
11:15:10 PM - INFO - Step  200: train/reward_loss = 0.005063
11:15:10 PM - INFO - Step  200: train/value_loss = 1.116789
11:15:10 PM - INFO - Step  200: total_loss = 1.714600
11:15:10 PM - DEBUG - Saving agent state.
11:15:10 PM - INFO - Checkpoint saved to checkpoints/CartPole-v1/20250720_230602/episode_00500.pkl
11:15:10 PM - DEBUG - Adding sample to PrioritizedMemoryBuffer with max priority. Current size: 500.
11:15:10 PM - INFO - Episode 501: Reward=   9.0, Length=  9, Loss=1.7146, Memory=50.10
11:15:10 PM - INFO - Progress: 25.0% | 1.19 it/s | ETA: 21:03
11:15:11 PM - DEBUG - Adding sample to PrioritizedMemoryBuffer with max priority. Current size: 501.
11:15:11 PM - INFO - Episode 502: Reward=  10.0, Length= 10, Loss=1.7146, Memory=50.20
11:15:11 PM - DEBUG - Starting training step 201...
11:15:11 PM - DEBUG - Sampling 64 samples from PrioritizedMemoryBuffer.
11:15:11 PM - DEBUG - Recurrent inference with hidden state shape: (64, 128) and action shape: (64,)
11:15:11 PM - DEBUG - Recurrent inference with hidden state shape: (64, 128) and action shape: (64,)
11:15:11 PM - DEBUG - Recurrent inference with hidden state shape: (64, 128) and action shape: (64,)
11:15:11 PM - DEBUG - Recurrent inference with hidden state shape: (64, 128) and action shape: (64,)
11:15:11 PM - DEBUG - Recurrent inference with hidden state shape: (64, 128) and action shape: (64,)
11:15:11 PM - DEBUG - Training step 201 complete.
11:15:11 PM - INFO - Step  201: train/policy_loss = 0.678489
11:15:11 PM - INFO - Step  201: train/reward_loss = 0.004943
11:15:11 PM - INFO - Step  201: train/value_loss = 1.010895
11:15:11 PM - INFO - Step  201: total_loss = 1.694327
11:15:12 PM - DEBUG - Adding sample to PrioritizedMemoryBuffer with max priority. Current size: 502.
11:15:12 PM - INFO - Episode 503: Reward=  10.0, Length= 10, Loss=1.6943, Memory=50.30
11:15:13 PM - DEBUG - Adding sample to PrioritizedMemoryBuffer with max priority. Current size: 503.
11:15:13 PM - INFO - Episode 504: Reward=  12.0, Length= 12, Loss=1.6943, Memory=50.40
11:15:13 PM - DEBUG - Starting training step 202...
11:15:13 PM - DEBUG - Sampling 64 samples from PrioritizedMemoryBuffer.
11:15:13 PM - DEBUG - Recurrent inference with hidden state shape: (64, 128) and action shape: (64,)
11:15:13 PM - DEBUG - Recurrent inference with hidden state shape: (64, 128) and action shape: (64,)
11:15:13 PM - DEBUG - Recurrent inference with hidden state shape: (64, 128) and action shape: (64,)
11:15:13 PM - DEBUG - Recurrent inference with hidden state shape: (64, 128) and action shape: (64,)
11:15:13 PM - DEBUG - Recurrent inference with hidden state shape: (64, 128) and action shape: (64,)
11:15:13 PM - DEBUG - Training step 202 complete.
11:15:13 PM - INFO - Step  202: train/policy_loss = 0.617491
11:15:13 PM - INFO - Step  202: train/reward_loss = 0.005175
11:15:13 PM - INFO - Step  202: train/value_loss = 0.985242
11:15:13 PM - INFO - Step  202: total_loss = 1.607908
11:15:14 PM - DEBUG - Adding sample to PrioritizedMemoryBuffer with max priority. Current size: 504.
11:15:14 PM - INFO - Episode 505: Reward=  10.0, Length= 10, Loss=1.6079, Memory=50.50
11:15:14 PM - DEBUG - Adding sample to PrioritizedMemoryBuffer with max priority. Current size: 505.
11:15:14 PM - INFO - Episode 506: Reward=  10.0, Length= 10, Loss=1.6079, Memory=50.60
11:15:14 PM - DEBUG - Starting training step 203...
11:15:14 PM - DEBUG - Sampling 64 samples from PrioritizedMemoryBuffer.
11:15:14 PM - DEBUG - Recurrent inference with hidden state shape: (64, 128) and action shape: (64,)
11:15:15 PM - DEBUG - Recurrent inference with hidden state shape: (64, 128) and action shape: (64,)
11:15:15 PM - DEBUG - Recurrent inference with hidden state shape: (64, 128) and action shape: (64,)
11:15:15 PM - DEBUG - Recurrent inference with hidden state shape: (64, 128) and action shape: (64,)
11:15:15 PM - DEBUG - Recurrent inference with hidden state shape: (64, 128) and action shape: (64,)
11:15:15 PM - DEBUG - Training step 203 complete.
11:15:15 PM - INFO - Step  203: train/policy_loss = 0.599393
11:15:15 PM - INFO - Step  203: train/reward_loss = 0.005322
11:15:15 PM - INFO - Step  203: train/value_loss = 1.122584
11:15:15 PM - INFO - Step  203: total_loss = 1.727300
11:15:15 PM - DEBUG - Adding sample to PrioritizedMemoryBuffer with max priority. Current size: 506.
11:15:15 PM - INFO - Episode 507: Reward=  10.0, Length= 10, Loss=1.7273, Memory=50.70
11:15:16 PM - DEBUG - Adding sample to PrioritizedMemoryBuffer with max priority. Current size: 507.
11:15:16 PM - INFO - Episode 508: Reward=  15.0, Length= 15, Loss=1.7273, Memory=50.80
11:15:16 PM - DEBUG - Starting training step 204...
11:15:16 PM - DEBUG - Sampling 64 samples from PrioritizedMemoryBuffer.
11:15:16 PM - DEBUG - Recurrent inference with hidden state shape: (64, 128) and action shape: (64,)
11:15:16 PM - DEBUG - Recurrent inference with hidden state shape: (64, 128) and action shape: (64,)
11:15:16 PM - DEBUG - Recurrent inference with hidden state shape: (64, 128) and action shape: (64,)
11:15:16 PM - DEBUG - Recurrent inference with hidden state shape: (64, 128) and action shape: (64,)
11:15:16 PM - DEBUG - Recurrent inference with hidden state shape: (64, 128) and action shape: (64,)
11:15:17 PM - DEBUG - Training step 204 complete.
11:15:17 PM - INFO - Step  204: train/policy_loss = 0.619275
11:15:17 PM - INFO - Step  204: train/reward_loss = 0.005028
11:15:17 PM - INFO - Step  204: train/value_loss = 1.137101
11:15:17 PM - INFO - Step  204: total_loss = 1.761403
11:15:17 PM - DEBUG - Adding sample to PrioritizedMemoryBuffer with max priority. Current size: 508.
11:15:17 PM - INFO - Episode 509: Reward=  12.0, Length= 12, Loss=1.7614, Memory=50.90
11:15:18 PM - DEBUG - Adding sample to PrioritizedMemoryBuffer with max priority. Current size: 509.
11:15:18 PM - INFO - Episode 510: Reward=  14.0, Length= 14, Loss=1.7614, Memory=51.00
11:15:18 PM - DEBUG - Starting training step 205...
11:15:18 PM - DEBUG - Sampling 64 samples from PrioritizedMemoryBuffer.
11:15:18 PM - DEBUG - Recurrent inference with hidden state shape: (64, 128) and action shape: (64,)
11:15:18 PM - DEBUG - Recurrent inference with hidden state shape: (64, 128) and action shape: (64,)
11:15:18 PM - DEBUG - Recurrent inference with hidden state shape: (64, 128) and action shape: (64,)
11:15:18 PM - DEBUG - Recurrent inference with hidden state shape: (64, 128) and action shape: (64,)
11:15:19 PM - DEBUG - Recurrent inference with hidden state shape: (64, 128) and action shape: (64,)
11:15:19 PM - DEBUG - Training step 205 complete.
11:15:19 PM - INFO - Step  205: train/policy_loss = 0.569450
11:15:19 PM - INFO - Step  205: train/reward_loss = 0.004361
11:15:19 PM - INFO - Step  205: train/value_loss = 1.098634
11:15:19 PM - INFO - Step  205: total_loss = 1.672445
11:15:24 PM - DEBUG - Adding sample to PrioritizedMemoryBuffer with max priority. Current size: 510.
11:15:24 PM - INFO - Episode 511: Reward=  75.0, Length= 75, Loss=1.6724, Memory=51.10
11:15:25 PM - DEBUG - Adding sample to PrioritizedMemoryBuffer with max priority. Current size: 511.
11:15:25 PM - INFO - Episode 512: Reward=  16.0, Length= 16, Loss=1.6724, Memory=51.20
11:15:25 PM - DEBUG - Starting training step 206...
11:15:25 PM - DEBUG - Sampling 64 samples from PrioritizedMemoryBuffer.
11:15:25 PM - DEBUG - Recurrent inference with hidden state shape: (64, 128) and action shape: (64,)
11:15:25 PM - DEBUG - Recurrent inference with hidden state shape: (64, 128) and action shape: (64,)
11:15:25 PM - DEBUG - Recurrent inference with hidden state shape: (64, 128) and action shape: (64,)
11:15:25 PM - DEBUG - Recurrent inference with hidden state shape: (64, 128) and action shape: (64,)
11:15:25 PM - DEBUG - Recurrent inference with hidden state shape: (64, 128) and action shape: (64,)
11:15:25 PM - DEBUG - Training step 206 complete.
11:15:25 PM - INFO - Step  206: train/policy_loss = 0.579757
11:15:25 PM - INFO - Step  206: train/reward_loss = 0.005214
11:15:25 PM - INFO - Step  206: train/value_loss = 1.340638
11:15:25 PM - INFO - Step  206: total_loss = 1.925609
11:15:26 PM - DEBUG - Adding sample to PrioritizedMemoryBuffer with max priority. Current size: 512.
11:15:26 PM - INFO - Episode 513: Reward=  13.0, Length= 13, Loss=1.9256, Memory=51.30
11:15:33 PM - DEBUG - Adding sample to PrioritizedMemoryBuffer with max priority. Current size: 513.
11:15:33 PM - INFO - Episode 514: Reward= 109.0, Length=109, Loss=1.9256, Memory=51.40
11:15:33 PM - DEBUG - Starting training step 207...
11:15:33 PM - DEBUG - Sampling 64 samples from PrioritizedMemoryBuffer.
11:15:33 PM - DEBUG - Recurrent inference with hidden state shape: (64, 128) and action shape: (64,)
11:15:33 PM - DEBUG - Recurrent inference with hidden state shape: (64, 128) and action shape: (64,)
11:15:33 PM - DEBUG - Recurrent inference with hidden state shape: (64, 128) and action shape: (64,)
11:15:33 PM - DEBUG - Recurrent inference with hidden state shape: (64, 128) and action shape: (64,)
11:15:33 PM - DEBUG - Recurrent inference with hidden state shape: (64, 128) and action shape: (64,)
11:15:33 PM - DEBUG - Training step 207 complete.
11:15:33 PM - INFO - Step  207: train/policy_loss = 0.578152
11:15:33 PM - INFO - Step  207: train/reward_loss = 0.004768
11:15:33 PM - INFO - Step  207: train/value_loss = 1.296876
11:15:33 PM - INFO - Step  207: total_loss = 1.879796
11:15:34 PM - DEBUG - Adding sample to PrioritizedMemoryBuffer with max priority. Current size: 514.
11:15:34 PM - INFO - Episode 515: Reward=  11.0, Length= 11, Loss=1.8798, Memory=51.50
11:15:38 PM - DEBUG - Adding sample to PrioritizedMemoryBuffer with max priority. Current size: 515.
11:15:38 PM - INFO - Episode 516: Reward=  63.0, Length= 63, Loss=1.8798, Memory=51.60
11:15:38 PM - DEBUG - Starting training step 208...
11:15:38 PM - DEBUG - Sampling 64 samples from PrioritizedMemoryBuffer.
11:15:38 PM - DEBUG - Recurrent inference with hidden state shape: (64, 128) and action shape: (64,)
11:15:38 PM - DEBUG - Recurrent inference with hidden state shape: (64, 128) and action shape: (64,)
11:15:38 PM - DEBUG - Recurrent inference with hidden state shape: (64, 128) and action shape: (64,)
11:15:38 PM - DEBUG - Recurrent inference with hidden state shape: (64, 128) and action shape: (64,)
11:15:38 PM - DEBUG - Recurrent inference with hidden state shape: (64, 128) and action shape: (64,)
11:15:38 PM - DEBUG - Training step 208 complete.
11:15:38 PM - INFO - Step  208: train/policy_loss = 0.575721
11:15:38 PM - INFO - Step  208: train/reward_loss = 0.004938
11:15:38 PM - INFO - Step  208: train/value_loss = 1.197980
11:15:38 PM - INFO - Step  208: total_loss = 1.778639
11:15:39 PM - DEBUG - Adding sample to PrioritizedMemoryBuffer with max priority. Current size: 516.
11:15:39 PM - INFO - Episode 517: Reward=  10.0, Length= 10, Loss=1.7786, Memory=51.70
11:15:41 PM - DEBUG - Adding sample to PrioritizedMemoryBuffer with max priority. Current size: 517.
11:15:41 PM - INFO - Episode 518: Reward=  21.0, Length= 21, Loss=1.7786, Memory=51.80
11:15:41 PM - DEBUG - Starting training step 209...
11:15:41 PM - DEBUG - Sampling 64 samples from PrioritizedMemoryBuffer.
11:15:41 PM - DEBUG - Recurrent inference with hidden state shape: (64, 128) and action shape: (64,)
11:15:41 PM - DEBUG - Recurrent inference with hidden state shape: (64, 128) and action shape: (64,)
11:15:41 PM - DEBUG - Recurrent inference with hidden state shape: (64, 128) and action shape: (64,)
11:15:41 PM - DEBUG - Recurrent inference with hidden state shape: (64, 128) and action shape: (64,)
11:15:41 PM - DEBUG - Recurrent inference with hidden state shape: (64, 128) and action shape: (64,)
11:15:41 PM - DEBUG - Training step 209 complete.
11:15:41 PM - INFO - Step  209: train/policy_loss = 0.549114
11:15:41 PM - INFO - Step  209: train/reward_loss = 0.006235
11:15:41 PM - INFO - Step  209: train/value_loss = 1.167630
11:15:41 PM - INFO - Step  209: total_loss = 1.722979
11:15:42 PM - DEBUG - Adding sample to PrioritizedMemoryBuffer with max priority. Current size: 518.
11:15:42 PM - INFO - Episode 519: Reward=   9.0, Length=  9, Loss=1.7230, Memory=51.90
11:15:43 PM - DEBUG - Adding sample to PrioritizedMemoryBuffer with max priority. Current size: 519.
11:15:43 PM - INFO - Episode 520: Reward=  14.0, Length= 14, Loss=1.7230, Memory=52.00
11:15:43 PM - DEBUG - Starting training step 210...
11:15:43 PM - DEBUG - Sampling 64 samples from PrioritizedMemoryBuffer.
11:15:43 PM - DEBUG - Recurrent inference with hidden state shape: (64, 128) and action shape: (64,)
11:15:43 PM - DEBUG - Recurrent inference with hidden state shape: (64, 128) and action shape: (64,)
11:15:43 PM - DEBUG - Recurrent inference with hidden state shape: (64, 128) and action shape: (64,)
11:15:43 PM - DEBUG - Recurrent inference with hidden state shape: (64, 128) and action shape: (64,)
11:15:43 PM - DEBUG - Recurrent inference with hidden state shape: (64, 128) and action shape: (64,)
11:15:43 PM - DEBUG - Training step 210 complete.
11:15:43 PM - INFO - Step  210: train/policy_loss = 0.609929
11:15:43 PM - INFO - Step  210: train/reward_loss = 0.005941
11:15:43 PM - INFO - Step  210: train/value_loss = 0.951582
11:15:43 PM - INFO - Step  210: total_loss = 1.567452
11:15:44 PM - DEBUG - Adding sample to PrioritizedMemoryBuffer with max priority. Current size: 520.
11:15:44 PM - INFO - Episode 521: Reward=  14.0, Length= 14, Loss=1.5675, Memory=52.10
11:15:44 PM - INFO - Progress: 26.0% | 0.64 it/s | ETA: 38:46
11:15:44 PM - DEBUG - Adding sample to PrioritizedMemoryBuffer with max priority. Current size: 521.
11:15:44 PM - INFO - Episode 522: Reward=  10.0, Length= 10, Loss=1.5675, Memory=52.20
11:15:44 PM - DEBUG - Starting training step 211...
11:15:44 PM - DEBUG - Sampling 64 samples from PrioritizedMemoryBuffer.
11:15:44 PM - DEBUG - Recurrent inference with hidden state shape: (64, 128) and action shape: (64,)
11:15:44 PM - DEBUG - Recurrent inference with hidden state shape: (64, 128) and action shape: (64,)
11:15:44 PM - DEBUG - Recurrent inference with hidden state shape: (64, 128) and action shape: (64,)
11:15:44 PM - DEBUG - Recurrent inference with hidden state shape: (64, 128) and action shape: (64,)
11:15:44 PM - DEBUG - Recurrent inference with hidden state shape: (64, 128) and action shape: (64,)
11:15:45 PM - DEBUG - Training step 211 complete.
11:15:45 PM - INFO - Step  211: train/policy_loss = 0.587117
11:15:45 PM - INFO - Step  211: train/reward_loss = 0.004700
11:15:45 PM - INFO - Step  211: train/value_loss = 0.942021
11:15:45 PM - INFO - Step  211: total_loss = 1.533838
11:15:45 PM - DEBUG - Adding sample to PrioritizedMemoryBuffer with max priority. Current size: 522.
11:15:45 PM - INFO - Episode 523: Reward=  11.0, Length= 11, Loss=1.5338, Memory=52.30
11:15:46 PM - DEBUG - Adding sample to PrioritizedMemoryBuffer with max priority. Current size: 523.
11:15:46 PM - INFO - Episode 524: Reward=  10.0, Length= 10, Loss=1.5338, Memory=52.40
11:15:46 PM - DEBUG - Starting training step 212...
11:15:46 PM - DEBUG - Sampling 64 samples from PrioritizedMemoryBuffer.
11:15:46 PM - DEBUG - Recurrent inference with hidden state shape: (64, 128) and action shape: (64,)
11:15:46 PM - DEBUG - Recurrent inference with hidden state shape: (64, 128) and action shape: (64,)
11:15:46 PM - DEBUG - Recurrent inference with hidden state shape: (64, 128) and action shape: (64,)
11:15:46 PM - DEBUG - Recurrent inference with hidden state shape: (64, 128) and action shape: (64,)
11:15:46 PM - DEBUG - Recurrent inference with hidden state shape: (64, 128) and action shape: (64,)
11:15:46 PM - DEBUG - Training step 212 complete.
11:15:46 PM - INFO - Step  212: train/policy_loss = 0.571098
11:15:46 PM - INFO - Step  212: train/reward_loss = 0.005809
11:15:46 PM - INFO - Step  212: train/value_loss = 1.356214
11:15:46 PM - INFO - Step  212: total_loss = 1.933121
11:15:47 PM - DEBUG - Adding sample to PrioritizedMemoryBuffer with max priority. Current size: 524.
11:15:47 PM - INFO - Episode 525: Reward=  15.0, Length= 15, Loss=1.9331, Memory=52.50
11:15:48 PM - DEBUG - Adding sample to PrioritizedMemoryBuffer with max priority. Current size: 525.
11:15:48 PM - INFO - Episode 526: Reward=  10.0, Length= 10, Loss=1.9331, Memory=52.60
11:15:48 PM - DEBUG - Starting training step 213...
11:15:48 PM - DEBUG - Sampling 64 samples from PrioritizedMemoryBuffer.
11:15:48 PM - DEBUG - Recurrent inference with hidden state shape: (64, 128) and action shape: (64,)
11:15:48 PM - DEBUG - Recurrent inference with hidden state shape: (64, 128) and action shape: (64,)
11:15:48 PM - DEBUG - Recurrent inference with hidden state shape: (64, 128) and action shape: (64,)
11:15:48 PM - DEBUG - Recurrent inference with hidden state shape: (64, 128) and action shape: (64,)
11:15:48 PM - DEBUG - Recurrent inference with hidden state shape: (64, 128) and action shape: (64,)
11:15:48 PM - DEBUG - Training step 213 complete.
11:15:48 PM - INFO - Step  213: train/policy_loss = 0.606897
11:15:48 PM - INFO - Step  213: train/reward_loss = 0.004664
11:15:48 PM - INFO - Step  213: train/value_loss = 0.836218
11:15:48 PM - INFO - Step  213: total_loss = 1.447778
11:15:49 PM - DEBUG - Adding sample to PrioritizedMemoryBuffer with max priority. Current size: 526.
11:15:49 PM - INFO - Episode 527: Reward=   8.0, Length=  8, Loss=1.4478, Memory=52.70
11:15:49 PM - DEBUG - Adding sample to PrioritizedMemoryBuffer with max priority. Current size: 527.
11:15:49 PM - INFO - Episode 528: Reward=   9.0, Length=  9, Loss=1.4478, Memory=52.80
11:15:49 PM - DEBUG - Starting training step 214...
11:15:49 PM - DEBUG - Sampling 64 samples from PrioritizedMemoryBuffer.
11:15:49 PM - DEBUG - Recurrent inference with hidden state shape: (64, 128) and action shape: (64,)
11:15:49 PM - DEBUG - Recurrent inference with hidden state shape: (64, 128) and action shape: (64,)
11:15:49 PM - DEBUG - Recurrent inference with hidden state shape: (64, 128) and action shape: (64,)
11:15:50 PM - DEBUG - Recurrent inference with hidden state shape: (64, 128) and action shape: (64,)
11:15:50 PM - DEBUG - Recurrent inference with hidden state shape: (64, 128) and action shape: (64,)
11:15:50 PM - DEBUG - Training step 214 complete.
11:15:50 PM - INFO - Step  214: train/policy_loss = 0.578431
11:15:50 PM - INFO - Step  214: train/reward_loss = 0.006490
11:15:50 PM - INFO - Step  214: train/value_loss = 1.097796
11:15:50 PM - INFO - Step  214: total_loss = 1.682717
11:15:50 PM - DEBUG - Adding sample to PrioritizedMemoryBuffer with max priority. Current size: 528.
11:15:50 PM - INFO - Episode 529: Reward=   8.0, Length=  8, Loss=1.6827, Memory=52.90
11:15:51 PM - DEBUG - Adding sample to PrioritizedMemoryBuffer with max priority. Current size: 529.
11:15:51 PM - INFO - Episode 530: Reward=   9.0, Length=  9, Loss=1.6827, Memory=53.00
11:15:51 PM - DEBUG - Starting training step 215...
11:15:51 PM - DEBUG - Sampling 64 samples from PrioritizedMemoryBuffer.
11:15:51 PM - DEBUG - Recurrent inference with hidden state shape: (64, 128) and action shape: (64,)
11:15:51 PM - DEBUG - Recurrent inference with hidden state shape: (64, 128) and action shape: (64,)
11:15:51 PM - DEBUG - Recurrent inference with hidden state shape: (64, 128) and action shape: (64,)
11:15:51 PM - DEBUG - Recurrent inference with hidden state shape: (64, 128) and action shape: (64,)
11:15:51 PM - DEBUG - Recurrent inference with hidden state shape: (64, 128) and action shape: (64,)
11:15:51 PM - DEBUG - Training step 215 complete.
11:15:51 PM - INFO - Step  215: train/policy_loss = 0.567957
11:15:51 PM - INFO - Step  215: train/reward_loss = 0.005304
11:15:51 PM - INFO - Step  215: train/value_loss = 1.711136
11:15:51 PM - INFO - Step  215: total_loss = 2.284398
11:15:52 PM - DEBUG - Adding sample to PrioritizedMemoryBuffer with max priority. Current size: 530.
11:15:52 PM - INFO - Episode 531: Reward=  10.0, Length= 10, Loss=2.2844, Memory=53.10
11:15:52 PM - DEBUG - Adding sample to PrioritizedMemoryBuffer with max priority. Current size: 531.
11:15:52 PM - INFO - Episode 532: Reward=  10.0, Length= 10, Loss=2.2844, Memory=53.20
11:15:52 PM - DEBUG - Starting training step 216...
11:15:52 PM - DEBUG - Sampling 64 samples from PrioritizedMemoryBuffer.
11:15:52 PM - DEBUG - Recurrent inference with hidden state shape: (64, 128) and action shape: (64,)
11:15:52 PM - DEBUG - Recurrent inference with hidden state shape: (64, 128) and action shape: (64,)
11:15:52 PM - DEBUG - Recurrent inference with hidden state shape: (64, 128) and action shape: (64,)
11:15:52 PM - DEBUG - Recurrent inference with hidden state shape: (64, 128) and action shape: (64,)
11:15:53 PM - DEBUG - Recurrent inference with hidden state shape: (64, 128) and action shape: (64,)
11:15:53 PM - DEBUG - Training step 216 complete.
11:15:53 PM - INFO - Step  216: train/policy_loss = 0.595448
11:15:53 PM - INFO - Step  216: train/reward_loss = 0.004216
11:15:53 PM - INFO - Step  216: train/value_loss = 1.255411
11:15:53 PM - INFO - Step  216: total_loss = 1.855075
11:15:53 PM - DEBUG - Adding sample to PrioritizedMemoryBuffer with max priority. Current size: 532.
11:15:53 PM - INFO - Episode 533: Reward=   9.0, Length=  9, Loss=1.8551, Memory=53.30
11:15:54 PM - DEBUG - Adding sample to PrioritizedMemoryBuffer with max priority. Current size: 533.
11:15:54 PM - INFO - Episode 534: Reward=  11.0, Length= 11, Loss=1.8551, Memory=53.40
11:15:54 PM - DEBUG - Starting training step 217...
11:15:54 PM - DEBUG - Sampling 64 samples from PrioritizedMemoryBuffer.
11:15:54 PM - DEBUG - Recurrent inference with hidden state shape: (64, 128) and action shape: (64,)
11:15:54 PM - DEBUG - Recurrent inference with hidden state shape: (64, 128) and action shape: (64,)
11:15:54 PM - DEBUG - Recurrent inference with hidden state shape: (64, 128) and action shape: (64,)
11:15:54 PM - DEBUG - Recurrent inference with hidden state shape: (64, 128) and action shape: (64,)
11:15:54 PM - DEBUG - Recurrent inference with hidden state shape: (64, 128) and action shape: (64,)
11:15:54 PM - DEBUG - Training step 217 complete.
11:15:54 PM - INFO - Step  217: train/policy_loss = 0.585388
11:15:54 PM - INFO - Step  217: train/reward_loss = 0.005578
11:15:54 PM - INFO - Step  217: train/value_loss = 1.289418
11:15:54 PM - INFO - Step  217: total_loss = 1.880384
11:15:55 PM - DEBUG - Adding sample to PrioritizedMemoryBuffer with max priority. Current size: 534.
11:15:55 PM - INFO - Episode 535: Reward=  11.0, Length= 11, Loss=1.8804, Memory=53.50
11:15:56 PM - DEBUG - Adding sample to PrioritizedMemoryBuffer with max priority. Current size: 535.
11:15:56 PM - INFO - Episode 536: Reward=   9.0, Length=  9, Loss=1.8804, Memory=53.60
11:15:56 PM - DEBUG - Starting training step 218...
11:15:56 PM - DEBUG - Sampling 64 samples from PrioritizedMemoryBuffer.
11:15:56 PM - DEBUG - Recurrent inference with hidden state shape: (64, 128) and action shape: (64,)
11:15:56 PM - DEBUG - Recurrent inference with hidden state shape: (64, 128) and action shape: (64,)
11:15:56 PM - DEBUG - Recurrent inference with hidden state shape: (64, 128) and action shape: (64,)
11:15:56 PM - DEBUG - Recurrent inference with hidden state shape: (64, 128) and action shape: (64,)
11:15:56 PM - DEBUG - Recurrent inference with hidden state shape: (64, 128) and action shape: (64,)
11:15:56 PM - DEBUG - Training step 218 complete.
11:15:56 PM - INFO - Step  218: train/policy_loss = 0.617286
11:15:56 PM - INFO - Step  218: train/reward_loss = 0.006863
11:15:56 PM - INFO - Step  218: train/value_loss = 1.089678
11:15:56 PM - INFO - Step  218: total_loss = 1.713827
11:15:57 PM - DEBUG - Adding sample to PrioritizedMemoryBuffer with max priority. Current size: 536.
11:15:57 PM - INFO - Episode 537: Reward=  11.0, Length= 11, Loss=1.7138, Memory=53.70
11:15:57 PM - DEBUG - Adding sample to PrioritizedMemoryBuffer with max priority. Current size: 537.
11:15:57 PM - INFO - Episode 538: Reward=  10.0, Length= 10, Loss=1.7138, Memory=53.80
11:15:57 PM - DEBUG - Starting training step 219...
11:15:57 PM - DEBUG - Sampling 64 samples from PrioritizedMemoryBuffer.
11:15:58 PM - DEBUG - Recurrent inference with hidden state shape: (64, 128) and action shape: (64,)
11:15:58 PM - DEBUG - Recurrent inference with hidden state shape: (64, 128) and action shape: (64,)
11:15:58 PM - DEBUG - Recurrent inference with hidden state shape: (64, 128) and action shape: (64,)
11:15:58 PM - DEBUG - Recurrent inference with hidden state shape: (64, 128) and action shape: (64,)
11:15:58 PM - DEBUG - Recurrent inference with hidden state shape: (64, 128) and action shape: (64,)
11:15:58 PM - DEBUG - Training step 219 complete.
11:15:58 PM - INFO - Step  219: train/policy_loss = 0.586815
11:15:58 PM - INFO - Step  219: train/reward_loss = 0.005978
11:15:58 PM - INFO - Step  219: train/value_loss = 0.946304
11:15:58 PM - INFO - Step  219: total_loss = 1.539097
11:15:58 PM - DEBUG - Adding sample to PrioritizedMemoryBuffer with max priority. Current size: 538.
11:15:58 PM - INFO - Episode 539: Reward=  10.0, Length= 10, Loss=1.5391, Memory=53.90
11:15:59 PM - DEBUG - Adding sample to PrioritizedMemoryBuffer with max priority. Current size: 539.
11:15:59 PM - INFO - Episode 540: Reward=   9.0, Length=  9, Loss=1.5391, Memory=54.00
11:15:59 PM - DEBUG - Starting training step 220...
11:15:59 PM - DEBUG - Sampling 64 samples from PrioritizedMemoryBuffer.
11:15:59 PM - DEBUG - Recurrent inference with hidden state shape: (64, 128) and action shape: (64,)
11:15:59 PM - DEBUG - Recurrent inference with hidden state shape: (64, 128) and action shape: (64,)
11:15:59 PM - DEBUG - Recurrent inference with hidden state shape: (64, 128) and action shape: (64,)
11:15:59 PM - DEBUG - Recurrent inference with hidden state shape: (64, 128) and action shape: (64,)
11:15:59 PM - DEBUG - Recurrent inference with hidden state shape: (64, 128) and action shape: (64,)
11:15:59 PM - DEBUG - Training step 220 complete.
11:15:59 PM - INFO - Step  220: train/policy_loss = 0.537667
11:15:59 PM - INFO - Step  220: train/reward_loss = 0.004969
11:15:59 PM - INFO - Step  220: train/value_loss = 1.055483
11:15:59 PM - INFO - Step  220: total_loss = 1.598119
11:16:00 PM - DEBUG - Adding sample to PrioritizedMemoryBuffer with max priority. Current size: 540.
11:16:00 PM - INFO - Episode 541: Reward=  11.0, Length= 11, Loss=1.5981, Memory=54.10
11:16:00 PM - INFO - Progress: 27.0% | 1.25 it/s | ETA: 19:30
11:16:01 PM - DEBUG - Adding sample to PrioritizedMemoryBuffer with max priority. Current size: 541.
11:16:01 PM - INFO - Episode 542: Reward=   9.0, Length=  9, Loss=1.5981, Memory=54.20
11:16:01 PM - DEBUG - Starting training step 221...
11:16:01 PM - DEBUG - Sampling 64 samples from PrioritizedMemoryBuffer.
11:16:01 PM - DEBUG - Recurrent inference with hidden state shape: (64, 128) and action shape: (64,)
11:16:01 PM - DEBUG - Recurrent inference with hidden state shape: (64, 128) and action shape: (64,)
11:16:01 PM - DEBUG - Recurrent inference with hidden state shape: (64, 128) and action shape: (64,)
11:16:01 PM - DEBUG - Recurrent inference with hidden state shape: (64, 128) and action shape: (64,)
11:16:01 PM - DEBUG - Recurrent inference with hidden state shape: (64, 128) and action shape: (64,)
11:16:01 PM - DEBUG - Training step 221 complete.
11:16:01 PM - INFO - Step  221: train/policy_loss = 0.569971
11:16:01 PM - INFO - Step  221: train/reward_loss = 0.005246
11:16:01 PM - INFO - Step  221: train/value_loss = 1.025269
11:16:01 PM - INFO - Step  221: total_loss = 1.600486
11:16:06 PM - DEBUG - Adding sample to PrioritizedMemoryBuffer with max priority. Current size: 542.
11:16:06 PM - INFO - Episode 543: Reward=  73.0, Length= 73, Loss=1.6005, Memory=54.30
11:16:07 PM - DEBUG - Adding sample to PrioritizedMemoryBuffer with max priority. Current size: 543.
11:16:07 PM - INFO - Episode 544: Reward=  14.0, Length= 14, Loss=1.6005, Memory=54.40
11:16:07 PM - DEBUG - Starting training step 222...
11:16:07 PM - DEBUG - Sampling 64 samples from PrioritizedMemoryBuffer.
11:16:07 PM - DEBUG - Recurrent inference with hidden state shape: (64, 128) and action shape: (64,)
11:16:07 PM - DEBUG - Recurrent inference with hidden state shape: (64, 128) and action shape: (64,)
11:16:07 PM - DEBUG - Recurrent inference with hidden state shape: (64, 128) and action shape: (64,)
11:16:07 PM - DEBUG - Recurrent inference with hidden state shape: (64, 128) and action shape: (64,)
11:16:07 PM - DEBUG - Recurrent inference with hidden state shape: (64, 128) and action shape: (64,)
11:16:07 PM - DEBUG - Training step 222 complete.
11:16:07 PM - INFO - Step  222: train/policy_loss = 0.582665
11:16:07 PM - INFO - Step  222: train/reward_loss = 0.004612
11:16:07 PM - INFO - Step  222: train/value_loss = 1.415267
11:16:07 PM - INFO - Step  222: total_loss = 2.002544
11:16:14 PM - DEBUG - Adding sample to PrioritizedMemoryBuffer with max priority. Current size: 544.
11:16:14 PM - INFO - Episode 545: Reward=  87.0, Length= 87, Loss=2.0025, Memory=54.50
11:16:15 PM - DEBUG - Adding sample to PrioritizedMemoryBuffer with max priority. Current size: 545.
11:16:15 PM - INFO - Episode 546: Reward=  11.0, Length= 11, Loss=2.0025, Memory=54.60
11:16:15 PM - DEBUG - Starting training step 223...
11:16:15 PM - DEBUG - Sampling 64 samples from PrioritizedMemoryBuffer.
11:16:15 PM - DEBUG - Recurrent inference with hidden state shape: (64, 128) and action shape: (64,)
11:16:15 PM - DEBUG - Recurrent inference with hidden state shape: (64, 128) and action shape: (64,)
11:16:15 PM - DEBUG - Recurrent inference with hidden state shape: (64, 128) and action shape: (64,)
11:16:15 PM - DEBUG - Recurrent inference with hidden state shape: (64, 128) and action shape: (64,)
11:16:15 PM - DEBUG - Recurrent inference with hidden state shape: (64, 128) and action shape: (64,)
11:16:15 PM - DEBUG - Training step 223 complete.
11:16:15 PM - INFO - Step  223: train/policy_loss = 0.584607
11:16:15 PM - INFO - Step  223: train/reward_loss = 0.005215
11:16:15 PM - INFO - Step  223: train/value_loss = 1.118130
11:16:15 PM - INFO - Step  223: total_loss = 1.707952
11:16:19 PM - DEBUG - Adding sample to PrioritizedMemoryBuffer with max priority. Current size: 546.
11:16:19 PM - INFO - Episode 547: Reward=  60.0, Length= 60, Loss=1.7080, Memory=54.70
11:16:20 PM - DEBUG - Adding sample to PrioritizedMemoryBuffer with max priority. Current size: 547.
11:16:20 PM - INFO - Episode 548: Reward=  13.0, Length= 13, Loss=1.7080, Memory=54.80
11:16:20 PM - DEBUG - Starting training step 224...
11:16:20 PM - DEBUG - Sampling 64 samples from PrioritizedMemoryBuffer.
11:16:20 PM - DEBUG - Recurrent inference with hidden state shape: (64, 128) and action shape: (64,)
11:16:20 PM - DEBUG - Recurrent inference with hidden state shape: (64, 128) and action shape: (64,)
11:16:20 PM - DEBUG - Recurrent inference with hidden state shape: (64, 128) and action shape: (64,)
11:16:20 PM - DEBUG - Recurrent inference with hidden state shape: (64, 128) and action shape: (64,)
11:16:20 PM - DEBUG - Recurrent inference with hidden state shape: (64, 128) and action shape: (64,)
11:16:20 PM - DEBUG - Training step 224 complete.
11:16:20 PM - INFO - Step  224: train/policy_loss = 0.607294
11:16:20 PM - INFO - Step  224: train/reward_loss = 0.006828
11:16:20 PM - INFO - Step  224: train/value_loss = 1.118402
11:16:20 PM - INFO - Step  224: total_loss = 1.732523
11:16:21 PM - DEBUG - Adding sample to PrioritizedMemoryBuffer with max priority. Current size: 548.
11:16:21 PM - INFO - Episode 549: Reward=  20.0, Length= 20, Loss=1.7325, Memory=54.90
11:16:22 PM - DEBUG - Adding sample to PrioritizedMemoryBuffer with max priority. Current size: 549.
11:16:22 PM - INFO - Episode 550: Reward=  10.0, Length= 10, Loss=1.7325, Memory=55.00
11:16:22 PM - DEBUG - Starting training step 225...
11:16:22 PM - DEBUG - Sampling 64 samples from PrioritizedMemoryBuffer.
11:16:22 PM - DEBUG - Recurrent inference with hidden state shape: (64, 128) and action shape: (64,)
11:16:22 PM - DEBUG - Recurrent inference with hidden state shape: (64, 128) and action shape: (64,)
11:16:22 PM - DEBUG - Recurrent inference with hidden state shape: (64, 128) and action shape: (64,)
11:16:22 PM - DEBUG - Recurrent inference with hidden state shape: (64, 128) and action shape: (64,)
11:16:22 PM - DEBUG - Recurrent inference with hidden state shape: (64, 128) and action shape: (64,)
11:16:22 PM - DEBUG - Training step 225 complete.
11:16:22 PM - INFO - Step  225: train/policy_loss = 0.560625
11:16:22 PM - INFO - Step  225: train/reward_loss = 0.005385
11:16:22 PM - INFO - Step  225: train/value_loss = 1.002828
11:16:22 PM - INFO - Step  225: total_loss = 1.568838
11:16:22 PM - DEBUG - Saving agent state.
11:16:22 PM - INFO - Checkpoint saved to checkpoints/CartPole-v1/20250720_230602/episode_00550.pkl
11:16:23 PM - DEBUG - Adding sample to PrioritizedMemoryBuffer with max priority. Current size: 550.
11:16:23 PM - INFO - Episode 551: Reward=  10.0, Length= 10, Loss=1.5688, Memory=55.10
11:16:24 PM - DEBUG - Adding sample to PrioritizedMemoryBuffer with max priority. Current size: 551.
11:16:24 PM - INFO - Episode 552: Reward=   9.0, Length=  9, Loss=1.5688, Memory=55.20
11:16:24 PM - DEBUG - Starting training step 226...
11:16:24 PM - DEBUG - Sampling 64 samples from PrioritizedMemoryBuffer.
11:16:24 PM - DEBUG - Recurrent inference with hidden state shape: (64, 128) and action shape: (64,)
11:16:24 PM - DEBUG - Recurrent inference with hidden state shape: (64, 128) and action shape: (64,)
11:16:24 PM - DEBUG - Recurrent inference with hidden state shape: (64, 128) and action shape: (64,)
11:16:24 PM - DEBUG - Recurrent inference with hidden state shape: (64, 128) and action shape: (64,)
11:16:24 PM - DEBUG - Recurrent inference with hidden state shape: (64, 128) and action shape: (64,)
11:16:24 PM - DEBUG - Training step 226 complete.
11:16:24 PM - INFO - Step  226: train/policy_loss = 0.576959
11:16:24 PM - INFO - Step  226: train/reward_loss = 0.005634
11:16:24 PM - INFO - Step  226: train/value_loss = 0.937501
11:16:24 PM - INFO - Step  226: total_loss = 1.520094
11:16:29 PM - DEBUG - Adding sample to PrioritizedMemoryBuffer with max priority. Current size: 552.
11:16:29 PM - INFO - Episode 553: Reward=  74.0, Length= 74, Loss=1.5201, Memory=55.30
11:16:30 PM - DEBUG - Adding sample to PrioritizedMemoryBuffer with max priority. Current size: 553.
11:16:30 PM - INFO - Episode 554: Reward=  10.0, Length= 10, Loss=1.5201, Memory=55.40
11:16:30 PM - DEBUG - Starting training step 227...
11:16:30 PM - DEBUG - Sampling 64 samples from PrioritizedMemoryBuffer.
11:16:30 PM - DEBUG - Recurrent inference with hidden state shape: (64, 128) and action shape: (64,)
11:16:30 PM - DEBUG - Recurrent inference with hidden state shape: (64, 128) and action shape: (64,)
11:16:30 PM - DEBUG - Recurrent inference with hidden state shape: (64, 128) and action shape: (64,)
11:16:30 PM - DEBUG - Recurrent inference with hidden state shape: (64, 128) and action shape: (64,)
11:16:30 PM - DEBUG - Recurrent inference with hidden state shape: (64, 128) and action shape: (64,)
11:16:30 PM - DEBUG - Training step 227 complete.
11:16:30 PM - INFO - Step  227: train/policy_loss = 0.577355
11:16:30 PM - INFO - Step  227: train/reward_loss = 0.004600
11:16:30 PM - INFO - Step  227: train/value_loss = 0.958756
11:16:30 PM - INFO - Step  227: total_loss = 1.540711
11:16:36 PM - DEBUG - Adding sample to PrioritizedMemoryBuffer with max priority. Current size: 554.
11:16:36 PM - INFO - Episode 555: Reward= 103.0, Length=103, Loss=1.5407, Memory=55.50
11:16:37 PM - DEBUG - Adding sample to PrioritizedMemoryBuffer with max priority. Current size: 555.
11:16:37 PM - INFO - Episode 556: Reward=  13.0, Length= 13, Loss=1.5407, Memory=55.60
11:16:37 PM - DEBUG - Starting training step 228...
11:16:37 PM - DEBUG - Sampling 64 samples from PrioritizedMemoryBuffer.
11:16:37 PM - DEBUG - Recurrent inference with hidden state shape: (64, 128) and action shape: (64,)
11:16:37 PM - DEBUG - Recurrent inference with hidden state shape: (64, 128) and action shape: (64,)
11:16:37 PM - DEBUG - Recurrent inference with hidden state shape: (64, 128) and action shape: (64,)
11:16:37 PM - DEBUG - Recurrent inference with hidden state shape: (64, 128) and action shape: (64,)
11:16:37 PM - DEBUG - Recurrent inference with hidden state shape: (64, 128) and action shape: (64,)
11:16:38 PM - DEBUG - Training step 228 complete.
11:16:38 PM - INFO - Step  228: train/policy_loss = 0.561182
11:16:38 PM - INFO - Step  228: train/reward_loss = 0.005173
11:16:38 PM - INFO - Step  228: train/value_loss = 1.063264
11:16:38 PM - INFO - Step  228: total_loss = 1.629620
11:16:40 PM - DEBUG - Adding sample to PrioritizedMemoryBuffer with max priority. Current size: 556.
11:16:40 PM - INFO - Episode 557: Reward=  37.0, Length= 37, Loss=1.6296, Memory=55.70
11:16:41 PM - DEBUG - Adding sample to PrioritizedMemoryBuffer with max priority. Current size: 557.
11:16:41 PM - INFO - Episode 558: Reward=   9.0, Length=  9, Loss=1.6296, Memory=55.80
11:16:41 PM - DEBUG - Starting training step 229...
11:16:41 PM - DEBUG - Sampling 64 samples from PrioritizedMemoryBuffer.
11:16:41 PM - DEBUG - Recurrent inference with hidden state shape: (64, 128) and action shape: (64,)
11:16:41 PM - DEBUG - Recurrent inference with hidden state shape: (64, 128) and action shape: (64,)
11:16:41 PM - DEBUG - Recurrent inference with hidden state shape: (64, 128) and action shape: (64,)
11:16:41 PM - DEBUG - Recurrent inference with hidden state shape: (64, 128) and action shape: (64,)
11:16:41 PM - DEBUG - Recurrent inference with hidden state shape: (64, 128) and action shape: (64,)
11:16:41 PM - DEBUG - Training step 229 complete.
11:16:41 PM - INFO - Step  229: train/policy_loss = 0.600544
11:16:41 PM - INFO - Step  229: train/reward_loss = 0.005753
11:16:41 PM - INFO - Step  229: train/value_loss = 1.093100
11:16:41 PM - INFO - Step  229: total_loss = 1.699397
11:16:42 PM - DEBUG - Adding sample to PrioritizedMemoryBuffer with max priority. Current size: 558.
11:16:42 PM - INFO - Episode 559: Reward=  10.0, Length= 10, Loss=1.6994, Memory=55.90
11:16:42 PM - DEBUG - Adding sample to PrioritizedMemoryBuffer with max priority. Current size: 559.
11:16:42 PM - INFO - Episode 560: Reward=  10.0, Length= 10, Loss=1.6994, Memory=56.00
11:16:42 PM - DEBUG - Starting training step 230...
11:16:42 PM - DEBUG - Sampling 64 samples from PrioritizedMemoryBuffer.
11:16:43 PM - DEBUG - Recurrent inference with hidden state shape: (64, 128) and action shape: (64,)
11:16:43 PM - DEBUG - Recurrent inference with hidden state shape: (64, 128) and action shape: (64,)
11:16:43 PM - DEBUG - Recurrent inference with hidden state shape: (64, 128) and action shape: (64,)
11:16:43 PM - DEBUG - Recurrent inference with hidden state shape: (64, 128) and action shape: (64,)
11:16:43 PM - DEBUG - Recurrent inference with hidden state shape: (64, 128) and action shape: (64,)
11:16:43 PM - DEBUG - Training step 230 complete.
11:16:43 PM - INFO - Step  230: train/policy_loss = 0.548879
11:16:43 PM - INFO - Step  230: train/reward_loss = 0.005018
11:16:43 PM - INFO - Step  230: train/value_loss = 1.205700
11:16:43 PM - INFO - Step  230: total_loss = 1.759598
11:16:43 PM - DEBUG - Adding sample to PrioritizedMemoryBuffer with max priority. Current size: 560.
11:16:43 PM - INFO - Episode 561: Reward=  12.0, Length= 12, Loss=1.7596, Memory=56.10
11:16:43 PM - INFO - Progress: 28.0% | 0.67 it/s | ETA: 35:46
11:16:44 PM - DEBUG - Adding sample to PrioritizedMemoryBuffer with max priority. Current size: 561.
11:16:44 PM - INFO - Episode 562: Reward=  12.0, Length= 12, Loss=1.7596, Memory=56.20
11:16:44 PM - DEBUG - Starting training step 231...
11:16:44 PM - DEBUG - Sampling 64 samples from PrioritizedMemoryBuffer.
11:16:44 PM - DEBUG - Recurrent inference with hidden state shape: (64, 128) and action shape: (64,)
11:16:44 PM - DEBUG - Recurrent inference with hidden state shape: (64, 128) and action shape: (64,)
11:16:44 PM - DEBUG - Recurrent inference with hidden state shape: (64, 128) and action shape: (64,)
11:16:44 PM - DEBUG - Recurrent inference with hidden state shape: (64, 128) and action shape: (64,)
11:16:44 PM - DEBUG - Recurrent inference with hidden state shape: (64, 128) and action shape: (64,)
11:16:45 PM - DEBUG - Training step 231 complete.
11:16:45 PM - INFO - Step  231: train/policy_loss = 0.575524
11:16:45 PM - INFO - Step  231: train/reward_loss = 0.004785
11:16:45 PM - INFO - Step  231: train/value_loss = 1.208201
11:16:45 PM - INFO - Step  231: total_loss = 1.788510
11:16:50 PM - DEBUG - Adding sample to PrioritizedMemoryBuffer with max priority. Current size: 562.
11:16:50 PM - INFO - Episode 563: Reward=  77.0, Length= 77, Loss=1.7885, Memory=56.30
11:16:51 PM - DEBUG - Adding sample to PrioritizedMemoryBuffer with max priority. Current size: 563.
11:16:51 PM - INFO - Episode 564: Reward=  24.0, Length= 24, Loss=1.7885, Memory=56.40
11:16:51 PM - DEBUG - Starting training step 232...
11:16:51 PM - DEBUG - Sampling 64 samples from PrioritizedMemoryBuffer.
11:16:51 PM - DEBUG - Recurrent inference with hidden state shape: (64, 128) and action shape: (64,)
11:16:51 PM - DEBUG - Recurrent inference with hidden state shape: (64, 128) and action shape: (64,)
11:16:51 PM - DEBUG - Recurrent inference with hidden state shape: (64, 128) and action shape: (64,)
11:16:51 PM - DEBUG - Recurrent inference with hidden state shape: (64, 128) and action shape: (64,)
11:16:51 PM - DEBUG - Recurrent inference with hidden state shape: (64, 128) and action shape: (64,)
11:16:52 PM - DEBUG - Training step 232 complete.
11:16:52 PM - INFO - Step  232: train/policy_loss = 0.624960
11:16:52 PM - INFO - Step  232: train/reward_loss = 0.005303
11:16:52 PM - INFO - Step  232: train/value_loss = 1.097061
11:16:52 PM - INFO - Step  232: total_loss = 1.727324
11:16:52 PM - DEBUG - Adding sample to PrioritizedMemoryBuffer with max priority. Current size: 564.
11:16:52 PM - INFO - Episode 565: Reward=  10.0, Length= 10, Loss=1.7273, Memory=56.50
11:16:53 PM - DEBUG - Adding sample to PrioritizedMemoryBuffer with max priority. Current size: 565.
11:16:53 PM - INFO - Episode 566: Reward=  12.0, Length= 12, Loss=1.7273, Memory=56.60
11:16:53 PM - DEBUG - Starting training step 233...
11:16:53 PM - DEBUG - Sampling 64 samples from PrioritizedMemoryBuffer.
11:16:53 PM - DEBUG - Recurrent inference with hidden state shape: (64, 128) and action shape: (64,)
11:16:53 PM - DEBUG - Recurrent inference with hidden state shape: (64, 128) and action shape: (64,)
11:16:53 PM - DEBUG - Recurrent inference with hidden state shape: (64, 128) and action shape: (64,)
11:16:53 PM - DEBUG - Recurrent inference with hidden state shape: (64, 128) and action shape: (64,)
11:16:53 PM - DEBUG - Recurrent inference with hidden state shape: (64, 128) and action shape: (64,)
11:16:53 PM - DEBUG - Training step 233 complete.
11:16:53 PM - INFO - Step  233: train/policy_loss = 0.566200
11:16:53 PM - INFO - Step  233: train/reward_loss = 0.005653
11:16:53 PM - INFO - Step  233: train/value_loss = 0.973606
11:16:53 PM - INFO - Step  233: total_loss = 1.545459
11:16:54 PM - DEBUG - Adding sample to PrioritizedMemoryBuffer with max priority. Current size: 566.
11:16:54 PM - INFO - Episode 567: Reward=  12.0, Length= 12, Loss=1.5455, Memory=56.70
11:16:55 PM - DEBUG - Adding sample to PrioritizedMemoryBuffer with max priority. Current size: 567.
11:16:55 PM - INFO - Episode 568: Reward=  10.0, Length= 10, Loss=1.5455, Memory=56.80
11:16:55 PM - DEBUG - Starting training step 234...
11:16:55 PM - DEBUG - Sampling 64 samples from PrioritizedMemoryBuffer.
11:16:55 PM - DEBUG - Recurrent inference with hidden state shape: (64, 128) and action shape: (64,)
11:16:55 PM - DEBUG - Recurrent inference with hidden state shape: (64, 128) and action shape: (64,)
11:16:55 PM - DEBUG - Recurrent inference with hidden state shape: (64, 128) and action shape: (64,)
11:16:55 PM - DEBUG - Recurrent inference with hidden state shape: (64, 128) and action shape: (64,)
11:16:55 PM - DEBUG - Recurrent inference with hidden state shape: (64, 128) and action shape: (64,)
11:16:55 PM - DEBUG - Training step 234 complete.
11:16:55 PM - INFO - Step  234: train/policy_loss = 0.624460
11:16:55 PM - INFO - Step  234: train/reward_loss = 0.007392
11:16:55 PM - INFO - Step  234: train/value_loss = 0.993317
11:16:55 PM - INFO - Step  234: total_loss = 1.625169
11:16:56 PM - DEBUG - Adding sample to PrioritizedMemoryBuffer with max priority. Current size: 568.
11:16:56 PM - INFO - Episode 569: Reward=  10.0, Length= 10, Loss=1.6252, Memory=56.90
11:16:57 PM - DEBUG - Adding sample to PrioritizedMemoryBuffer with max priority. Current size: 569.
11:16:57 PM - INFO - Episode 570: Reward=  16.0, Length= 16, Loss=1.6252, Memory=57.00
11:16:57 PM - DEBUG - Starting training step 235...
11:16:57 PM - DEBUG - Sampling 64 samples from PrioritizedMemoryBuffer.
11:16:57 PM - DEBUG - Recurrent inference with hidden state shape: (64, 128) and action shape: (64,)
11:16:57 PM - DEBUG - Recurrent inference with hidden state shape: (64, 128) and action shape: (64,)
11:16:57 PM - DEBUG - Recurrent inference with hidden state shape: (64, 128) and action shape: (64,)
11:16:57 PM - DEBUG - Recurrent inference with hidden state shape: (64, 128) and action shape: (64,)
11:16:57 PM - DEBUG - Recurrent inference with hidden state shape: (64, 128) and action shape: (64,)
11:16:57 PM - DEBUG - Training step 235 complete.
11:16:57 PM - INFO - Step  235: train/policy_loss = 0.574955
11:16:57 PM - INFO - Step  235: train/reward_loss = 0.006047
11:16:57 PM - INFO - Step  235: train/value_loss = 1.124692
11:16:57 PM - INFO - Step  235: total_loss = 1.705694
11:16:58 PM - DEBUG - Adding sample to PrioritizedMemoryBuffer with max priority. Current size: 570.
11:16:58 PM - INFO - Episode 571: Reward=  13.0, Length= 13, Loss=1.7057, Memory=57.10
11:17:04 PM - DEBUG - Adding sample to PrioritizedMemoryBuffer with max priority. Current size: 571.
11:17:04 PM - INFO - Episode 572: Reward=  90.0, Length= 90, Loss=1.7057, Memory=57.20
11:17:04 PM - DEBUG - Starting training step 236...
11:17:04 PM - DEBUG - Sampling 64 samples from PrioritizedMemoryBuffer.
11:17:04 PM - DEBUG - Recurrent inference with hidden state shape: (64, 128) and action shape: (64,)
11:17:04 PM - DEBUG - Recurrent inference with hidden state shape: (64, 128) and action shape: (64,)
11:17:04 PM - DEBUG - Recurrent inference with hidden state shape: (64, 128) and action shape: (64,)
11:17:04 PM - DEBUG - Recurrent inference with hidden state shape: (64, 128) and action shape: (64,)
11:17:04 PM - DEBUG - Recurrent inference with hidden state shape: (64, 128) and action shape: (64,)
11:17:04 PM - DEBUG - Training step 236 complete.
11:17:04 PM - INFO - Step  236: train/policy_loss = 0.582980
11:17:04 PM - INFO - Step  236: train/reward_loss = 0.004556
11:17:04 PM - INFO - Step  236: train/value_loss = 0.935520
11:17:04 PM - INFO - Step  236: total_loss = 1.523056
11:17:05 PM - DEBUG - Adding sample to PrioritizedMemoryBuffer with max priority. Current size: 572.
11:17:05 PM - INFO - Episode 573: Reward=  11.0, Length= 11, Loss=1.5231, Memory=57.30
11:17:05 PM - DEBUG - Adding sample to PrioritizedMemoryBuffer with max priority. Current size: 573.
11:17:05 PM - INFO - Episode 574: Reward=  11.0, Length= 11, Loss=1.5231, Memory=57.40
11:17:05 PM - DEBUG - Starting training step 237...
11:17:05 PM - DEBUG - Sampling 64 samples from PrioritizedMemoryBuffer.
11:17:06 PM - DEBUG - Recurrent inference with hidden state shape: (64, 128) and action shape: (64,)
11:17:06 PM - DEBUG - Recurrent inference with hidden state shape: (64, 128) and action shape: (64,)
11:17:06 PM - DEBUG - Recurrent inference with hidden state shape: (64, 128) and action shape: (64,)
11:17:06 PM - DEBUG - Recurrent inference with hidden state shape: (64, 128) and action shape: (64,)
11:17:06 PM - DEBUG - Recurrent inference with hidden state shape: (64, 128) and action shape: (64,)
11:17:06 PM - DEBUG - Training step 237 complete.
11:17:06 PM - INFO - Step  237: train/policy_loss = 0.600422
11:17:06 PM - INFO - Step  237: train/reward_loss = 0.005234
11:17:06 PM - INFO - Step  237: train/value_loss = 1.017810
11:17:06 PM - INFO - Step  237: total_loss = 1.623466
11:17:11 PM - DEBUG - Adding sample to PrioritizedMemoryBuffer with max priority. Current size: 574.
11:17:11 PM - INFO - Episode 575: Reward=  84.0, Length= 84, Loss=1.6235, Memory=57.50
11:17:12 PM - DEBUG - Adding sample to PrioritizedMemoryBuffer with max priority. Current size: 575.
11:17:12 PM - INFO - Episode 576: Reward=  11.0, Length= 11, Loss=1.6235, Memory=57.60
11:17:12 PM - DEBUG - Starting training step 238...
11:17:12 PM - DEBUG - Sampling 64 samples from PrioritizedMemoryBuffer.
11:17:12 PM - DEBUG - Recurrent inference with hidden state shape: (64, 128) and action shape: (64,)
11:17:12 PM - DEBUG - Recurrent inference with hidden state shape: (64, 128) and action shape: (64,)
11:17:12 PM - DEBUG - Recurrent inference with hidden state shape: (64, 128) and action shape: (64,)
11:17:12 PM - DEBUG - Recurrent inference with hidden state shape: (64, 128) and action shape: (64,)
11:17:12 PM - DEBUG - Recurrent inference with hidden state shape: (64, 128) and action shape: (64,)
11:17:12 PM - DEBUG - Training step 238 complete.
11:17:12 PM - INFO - Step  238: train/policy_loss = 0.565591
11:17:12 PM - INFO - Step  238: train/reward_loss = 0.005404
11:17:12 PM - INFO - Step  238: train/value_loss = 1.101003
11:17:12 PM - INFO - Step  238: total_loss = 1.671998
11:17:13 PM - DEBUG - Adding sample to PrioritizedMemoryBuffer with max priority. Current size: 576.
11:17:13 PM - INFO - Episode 577: Reward=  11.0, Length= 11, Loss=1.6720, Memory=57.70
11:17:13 PM - DEBUG - Adding sample to PrioritizedMemoryBuffer with max priority. Current size: 577.
11:17:13 PM - INFO - Episode 578: Reward=   9.0, Length=  9, Loss=1.6720, Memory=57.80
11:17:13 PM - DEBUG - Starting training step 239...
11:17:13 PM - DEBUG - Sampling 64 samples from PrioritizedMemoryBuffer.
11:17:14 PM - DEBUG - Recurrent inference with hidden state shape: (64, 128) and action shape: (64,)
11:17:14 PM - DEBUG - Recurrent inference with hidden state shape: (64, 128) and action shape: (64,)
11:17:14 PM - DEBUG - Recurrent inference with hidden state shape: (64, 128) and action shape: (64,)
11:17:14 PM - DEBUG - Recurrent inference with hidden state shape: (64, 128) and action shape: (64,)
11:17:14 PM - DEBUG - Recurrent inference with hidden state shape: (64, 128) and action shape: (64,)
11:17:14 PM - DEBUG - Training step 239 complete.
11:17:14 PM - INFO - Step  239: train/policy_loss = 0.616847
11:17:14 PM - INFO - Step  239: train/reward_loss = 0.004395
11:17:14 PM - INFO - Step  239: train/value_loss = 0.961459
11:17:14 PM - INFO - Step  239: total_loss = 1.582701
11:17:16 PM - DEBUG - Adding sample to PrioritizedMemoryBuffer with max priority. Current size: 578.
11:17:16 PM - INFO - Episode 579: Reward=  33.0, Length= 33, Loss=1.5827, Memory=57.90
11:17:17 PM - DEBUG - Adding sample to PrioritizedMemoryBuffer with max priority. Current size: 579.
11:17:17 PM - INFO - Episode 580: Reward=  10.0, Length= 10, Loss=1.5827, Memory=58.00
11:17:17 PM - DEBUG - Starting training step 240...
11:17:17 PM - DEBUG - Sampling 64 samples from PrioritizedMemoryBuffer.
11:17:17 PM - DEBUG - Recurrent inference with hidden state shape: (64, 128) and action shape: (64,)
11:17:17 PM - DEBUG - Recurrent inference with hidden state shape: (64, 128) and action shape: (64,)
11:17:17 PM - DEBUG - Recurrent inference with hidden state shape: (64, 128) and action shape: (64,)
11:17:17 PM - DEBUG - Recurrent inference with hidden state shape: (64, 128) and action shape: (64,)
11:17:17 PM - DEBUG - Recurrent inference with hidden state shape: (64, 128) and action shape: (64,)
11:17:17 PM - DEBUG - Training step 240 complete.
11:17:17 PM - INFO - Step  240: train/policy_loss = 0.611712
11:17:17 PM - INFO - Step  240: train/reward_loss = 0.004184
11:17:17 PM - INFO - Step  240: train/value_loss = 1.004006
11:17:17 PM - INFO - Step  240: total_loss = 1.619901
11:17:17 PM - DEBUG - Adding sample to PrioritizedMemoryBuffer with max priority. Current size: 580.
11:17:17 PM - INFO - Episode 581: Reward=   9.0, Length=  9, Loss=1.6199, Memory=58.10
11:17:17 PM - INFO - Progress: 29.0% | 0.68 it/s | ETA: 34:50
11:17:18 PM - DEBUG - Adding sample to PrioritizedMemoryBuffer with max priority. Current size: 581.
11:17:18 PM - INFO - Episode 582: Reward=  11.0, Length= 11, Loss=1.6199, Memory=58.20
11:17:18 PM - DEBUG - Starting training step 241...
11:17:18 PM - DEBUG - Sampling 64 samples from PrioritizedMemoryBuffer.
11:17:18 PM - DEBUG - Recurrent inference with hidden state shape: (64, 128) and action shape: (64,)
11:17:18 PM - DEBUG - Recurrent inference with hidden state shape: (64, 128) and action shape: (64,)
11:17:18 PM - DEBUG - Recurrent inference with hidden state shape: (64, 128) and action shape: (64,)
11:17:18 PM - DEBUG - Recurrent inference with hidden state shape: (64, 128) and action shape: (64,)
11:17:18 PM - DEBUG - Recurrent inference with hidden state shape: (64, 128) and action shape: (64,)
11:17:18 PM - DEBUG - Training step 241 complete.
11:17:18 PM - INFO - Step  241: train/policy_loss = 0.586674
11:17:18 PM - INFO - Step  241: train/reward_loss = 0.004478
11:17:18 PM - INFO - Step  241: train/value_loss = 0.939002
11:17:18 PM - INFO - Step  241: total_loss = 1.530154
11:17:19 PM - DEBUG - Adding sample to PrioritizedMemoryBuffer with max priority. Current size: 582.
11:17:19 PM - INFO - Episode 583: Reward=  12.0, Length= 12, Loss=1.5302, Memory=58.30
11:17:20 PM - DEBUG - Adding sample to PrioritizedMemoryBuffer with max priority. Current size: 583.
11:17:20 PM - INFO - Episode 584: Reward=  10.0, Length= 10, Loss=1.5302, Memory=58.40
11:17:20 PM - DEBUG - Starting training step 242...
11:17:20 PM - DEBUG - Sampling 64 samples from PrioritizedMemoryBuffer.
11:17:20 PM - DEBUG - Recurrent inference with hidden state shape: (64, 128) and action shape: (64,)
11:17:20 PM - DEBUG - Recurrent inference with hidden state shape: (64, 128) and action shape: (64,)
11:17:20 PM - DEBUG - Recurrent inference with hidden state shape: (64, 128) and action shape: (64,)
11:17:20 PM - DEBUG - Recurrent inference with hidden state shape: (64, 128) and action shape: (64,)
11:17:20 PM - DEBUG - Recurrent inference with hidden state shape: (64, 128) and action shape: (64,)
11:17:20 PM - DEBUG - Training step 242 complete.
11:17:20 PM - INFO - Step  242: train/policy_loss = 0.539939
11:17:20 PM - INFO - Step  242: train/reward_loss = 0.004601
11:17:20 PM - INFO - Step  242: train/value_loss = 1.064972
11:17:20 PM - INFO - Step  242: total_loss = 1.609511
11:17:21 PM - DEBUG - Adding sample to PrioritizedMemoryBuffer with max priority. Current size: 584.
11:17:21 PM - INFO - Episode 585: Reward=  12.0, Length= 12, Loss=1.6095, Memory=58.50
11:17:22 PM - DEBUG - Adding sample to PrioritizedMemoryBuffer with max priority. Current size: 585.
11:17:22 PM - INFO - Episode 586: Reward=  10.0, Length= 10, Loss=1.6095, Memory=58.60
11:17:22 PM - DEBUG - Starting training step 243...
11:17:22 PM - DEBUG - Sampling 64 samples from PrioritizedMemoryBuffer.
11:17:22 PM - DEBUG - Recurrent inference with hidden state shape: (64, 128) and action shape: (64,)
11:17:22 PM - DEBUG - Recurrent inference with hidden state shape: (64, 128) and action shape: (64,)
11:17:22 PM - DEBUG - Recurrent inference with hidden state shape: (64, 128) and action shape: (64,)
11:17:22 PM - DEBUG - Recurrent inference with hidden state shape: (64, 128) and action shape: (64,)
11:17:22 PM - DEBUG - Recurrent inference with hidden state shape: (64, 128) and action shape: (64,)
11:17:22 PM - DEBUG - Training step 243 complete.
11:17:22 PM - INFO - Step  243: train/policy_loss = 0.561066
11:17:22 PM - INFO - Step  243: train/reward_loss = 0.004620
11:17:22 PM - INFO - Step  243: train/value_loss = 1.120165
11:17:22 PM - INFO - Step  243: total_loss = 1.685850
11:17:27 PM - DEBUG - Adding sample to PrioritizedMemoryBuffer with max priority. Current size: 586.
11:17:27 PM - INFO - Episode 587: Reward=  87.0, Length= 87, Loss=1.6859, Memory=58.70
11:17:28 PM - DEBUG - Adding sample to PrioritizedMemoryBuffer with max priority. Current size: 587.
11:17:28 PM - INFO - Episode 588: Reward=   9.0, Length=  9, Loss=1.6859, Memory=58.80
11:17:28 PM - DEBUG - Starting training step 244...
11:17:28 PM - DEBUG - Sampling 64 samples from PrioritizedMemoryBuffer.
11:17:28 PM - DEBUG - Recurrent inference with hidden state shape: (64, 128) and action shape: (64,)
11:17:28 PM - DEBUG - Recurrent inference with hidden state shape: (64, 128) and action shape: (64,)
11:17:28 PM - DEBUG - Recurrent inference with hidden state shape: (64, 128) and action shape: (64,)
11:17:28 PM - DEBUG - Recurrent inference with hidden state shape: (64, 128) and action shape: (64,)
11:17:28 PM - DEBUG - Recurrent inference with hidden state shape: (64, 128) and action shape: (64,)
11:17:28 PM - DEBUG - Training step 244 complete.
11:17:28 PM - INFO - Step  244: train/policy_loss = 0.613905
11:17:28 PM - INFO - Step  244: train/reward_loss = 0.004896
11:17:28 PM - INFO - Step  244: train/value_loss = 0.949640
11:17:28 PM - INFO - Step  244: total_loss = 1.568441
11:17:34 PM - DEBUG - Adding sample to PrioritizedMemoryBuffer with max priority. Current size: 588.
11:17:34 PM - INFO - Episode 589: Reward=  88.0, Length= 88, Loss=1.5684, Memory=58.90
11:17:35 PM - DEBUG - Adding sample to PrioritizedMemoryBuffer with max priority. Current size: 589.
11:17:35 PM - INFO - Episode 590: Reward=  11.0, Length= 11, Loss=1.5684, Memory=59.00
11:17:35 PM - DEBUG - Starting training step 245...
11:17:35 PM - DEBUG - Sampling 64 samples from PrioritizedMemoryBuffer.
11:17:35 PM - DEBUG - Recurrent inference with hidden state shape: (64, 128) and action shape: (64,)
11:17:35 PM - DEBUG - Recurrent inference with hidden state shape: (64, 128) and action shape: (64,)
11:17:35 PM - DEBUG - Recurrent inference with hidden state shape: (64, 128) and action shape: (64,)
11:17:35 PM - DEBUG - Recurrent inference with hidden state shape: (64, 128) and action shape: (64,)
11:17:35 PM - DEBUG - Recurrent inference with hidden state shape: (64, 128) and action shape: (64,)
11:17:35 PM - DEBUG - Training step 245 complete.
11:17:35 PM - INFO - Step  245: train/policy_loss = 0.560210
11:17:35 PM - INFO - Step  245: train/reward_loss = 0.004545
11:17:35 PM - INFO - Step  245: train/value_loss = 1.095024
11:17:35 PM - INFO - Step  245: total_loss = 1.659779
11:17:36 PM - DEBUG - Adding sample to PrioritizedMemoryBuffer with max priority. Current size: 590.
11:17:36 PM - INFO - Episode 591: Reward=  14.0, Length= 14, Loss=1.6598, Memory=59.10
11:17:37 PM - DEBUG - Adding sample to PrioritizedMemoryBuffer with max priority. Current size: 591.
11:17:37 PM - INFO - Episode 592: Reward=  11.0, Length= 11, Loss=1.6598, Memory=59.20
11:17:37 PM - DEBUG - Starting training step 246...
11:17:37 PM - DEBUG - Sampling 64 samples from PrioritizedMemoryBuffer.
11:17:37 PM - DEBUG - Recurrent inference with hidden state shape: (64, 128) and action shape: (64,)
11:17:37 PM - DEBUG - Recurrent inference with hidden state shape: (64, 128) and action shape: (64,)
11:17:37 PM - DEBUG - Recurrent inference with hidden state shape: (64, 128) and action shape: (64,)
11:17:37 PM - DEBUG - Recurrent inference with hidden state shape: (64, 128) and action shape: (64,)
11:17:37 PM - DEBUG - Recurrent inference with hidden state shape: (64, 128) and action shape: (64,)
11:17:37 PM - DEBUG - Training step 246 complete.
11:17:37 PM - INFO - Step  246: train/policy_loss = 0.577603
11:17:37 PM - INFO - Step  246: train/reward_loss = 0.004417
11:17:37 PM - INFO - Step  246: train/value_loss = 1.179512
11:17:37 PM - INFO - Step  246: total_loss = 1.761532
11:17:38 PM - DEBUG - Adding sample to PrioritizedMemoryBuffer with max priority. Current size: 592.
11:17:38 PM - INFO - Episode 593: Reward=  10.0, Length= 10, Loss=1.7615, Memory=59.30
11:17:38 PM - DEBUG - Adding sample to PrioritizedMemoryBuffer with max priority. Current size: 593.
11:17:38 PM - INFO - Episode 594: Reward=  12.0, Length= 12, Loss=1.7615, Memory=59.40
11:17:38 PM - DEBUG - Starting training step 247...
11:17:38 PM - DEBUG - Sampling 64 samples from PrioritizedMemoryBuffer.
11:17:39 PM - DEBUG - Recurrent inference with hidden state shape: (64, 128) and action shape: (64,)
11:17:39 PM - DEBUG - Recurrent inference with hidden state shape: (64, 128) and action shape: (64,)
11:17:39 PM - DEBUG - Recurrent inference with hidden state shape: (64, 128) and action shape: (64,)
11:17:39 PM - DEBUG - Recurrent inference with hidden state shape: (64, 128) and action shape: (64,)
11:17:39 PM - DEBUG - Recurrent inference with hidden state shape: (64, 128) and action shape: (64,)
11:17:39 PM - DEBUG - Training step 247 complete.
11:17:39 PM - INFO - Step  247: train/policy_loss = 0.622767
11:17:39 PM - INFO - Step  247: train/reward_loss = 0.003663
11:17:39 PM - INFO - Step  247: train/value_loss = 0.884435
11:17:39 PM - INFO - Step  247: total_loss = 1.510865
11:17:39 PM - DEBUG - Adding sample to PrioritizedMemoryBuffer with max priority. Current size: 594.
11:17:39 PM - INFO - Episode 595: Reward=   9.0, Length=  9, Loss=1.5109, Memory=59.50
11:17:45 PM - DEBUG - Adding sample to PrioritizedMemoryBuffer with max priority. Current size: 595.
11:17:45 PM - INFO - Episode 596: Reward=  85.0, Length= 85, Loss=1.5109, Memory=59.60
11:17:45 PM - DEBUG - Starting training step 248...
11:17:45 PM - DEBUG - Sampling 64 samples from PrioritizedMemoryBuffer.
11:17:45 PM - DEBUG - Recurrent inference with hidden state shape: (64, 128) and action shape: (64,)
11:17:45 PM - DEBUG - Recurrent inference with hidden state shape: (64, 128) and action shape: (64,)
11:17:45 PM - DEBUG - Recurrent inference with hidden state shape: (64, 128) and action shape: (64,)
11:17:45 PM - DEBUG - Recurrent inference with hidden state shape: (64, 128) and action shape: (64,)
11:17:45 PM - DEBUG - Recurrent inference with hidden state shape: (64, 128) and action shape: (64,)
11:17:45 PM - DEBUG - Training step 248 complete.
11:17:45 PM - INFO - Step  248: train/policy_loss = 0.576003
11:17:45 PM - INFO - Step  248: train/reward_loss = 0.003624
11:17:45 PM - INFO - Step  248: train/value_loss = 1.091021
11:17:45 PM - INFO - Step  248: total_loss = 1.670648
11:17:46 PM - DEBUG - Adding sample to PrioritizedMemoryBuffer with max priority. Current size: 596.
11:17:46 PM - INFO - Episode 597: Reward=  11.0, Length= 11, Loss=1.6706, Memory=59.70
11:17:47 PM - DEBUG - Adding sample to PrioritizedMemoryBuffer with max priority. Current size: 597.
11:17:47 PM - INFO - Episode 598: Reward=   9.0, Length=  9, Loss=1.6706, Memory=59.80
11:17:47 PM - DEBUG - Starting training step 249...
11:17:47 PM - DEBUG - Sampling 64 samples from PrioritizedMemoryBuffer.
11:17:47 PM - DEBUG - Recurrent inference with hidden state shape: (64, 128) and action shape: (64,)
11:17:47 PM - DEBUG - Recurrent inference with hidden state shape: (64, 128) and action shape: (64,)
11:17:47 PM - DEBUG - Recurrent inference with hidden state shape: (64, 128) and action shape: (64,)
11:17:47 PM - DEBUG - Recurrent inference with hidden state shape: (64, 128) and action shape: (64,)
11:17:47 PM - DEBUG - Recurrent inference with hidden state shape: (64, 128) and action shape: (64,)
11:17:47 PM - DEBUG - Training step 249 complete.
11:17:47 PM - INFO - Step  249: train/policy_loss = 0.551490
11:17:47 PM - INFO - Step  249: train/reward_loss = 0.003858
11:17:47 PM - INFO - Step  249: train/value_loss = 1.062215
11:17:47 PM - INFO - Step  249: total_loss = 1.617563
11:17:47 PM - INFO - Updating target network at training step 250
11:17:47 PM - DEBUG - Updating target prediction network.
11:17:47 PM - DEBUG - Before update - Online prediction network type: <class 'cumind.core.mlp.MLPDual'>
11:17:47 PM - DEBUG - Before update - Target prediction network type: <class 'cumind.core.mlp.MLPDual'>
11:17:47 PM - DEBUG - After update - Target prediction network type: <class 'cumind.core.mlp.MLPDual'>
11:17:47 PM - DEBUG - Target prediction network update completed successfully.
11:17:47 PM - INFO - Target network update completed
11:17:48 PM - DEBUG - Adding sample to PrioritizedMemoryBuffer with max priority. Current size: 598.
11:17:48 PM - INFO - Episode 599: Reward=  15.0, Length= 15, Loss=1.6176, Memory=59.90
11:17:49 PM - DEBUG - Adding sample to PrioritizedMemoryBuffer with max priority. Current size: 599.
11:17:49 PM - INFO - Episode 600: Reward=  11.0, Length= 11, Loss=1.6176, Memory=60.00
11:17:49 PM - DEBUG - Starting training step 250...
11:17:49 PM - DEBUG - Sampling 64 samples from PrioritizedMemoryBuffer.
11:17:49 PM - DEBUG - Recurrent inference with hidden state shape: (64, 128) and action shape: (64,)
11:17:49 PM - DEBUG - Recurrent inference with hidden state shape: (64, 128) and action shape: (64,)
11:17:49 PM - DEBUG - Recurrent inference with hidden state shape: (64, 128) and action shape: (64,)
11:17:49 PM - DEBUG - Recurrent inference with hidden state shape: (64, 128) and action shape: (64,)
11:17:49 PM - DEBUG - Recurrent inference with hidden state shape: (64, 128) and action shape: (64,)
11:17:49 PM - DEBUG - Training step 250 complete.
11:17:49 PM - INFO - Step  250: train/policy_loss = 0.543347
11:17:49 PM - INFO - Step  250: train/reward_loss = 0.004439
11:17:49 PM - INFO - Step  250: train/value_loss = 4001.997314
11:17:49 PM - INFO - Step  250: total_loss = 4002.545166
11:17:49 PM - DEBUG - Saving agent state.
11:17:49 PM - INFO - Checkpoint saved to checkpoints/CartPole-v1/20250720_230602/episode_00600.pkl
11:17:50 PM - DEBUG - Adding sample to PrioritizedMemoryBuffer with max priority. Current size: 600.
11:17:50 PM - INFO - Episode 601: Reward=   9.0, Length=  9, Loss=4002.5452, Memory=60.10
11:17:50 PM - INFO - Progress: 30.0% | 0.76 it/s | ETA: 30:52
11:17:50 PM - DEBUG - Adding sample to PrioritizedMemoryBuffer with max priority. Current size: 601.
11:17:50 PM - INFO - Episode 602: Reward=  10.0, Length= 10, Loss=4002.5452, Memory=60.20
11:17:50 PM - DEBUG - Starting training step 251...
11:17:50 PM - DEBUG - Sampling 64 samples from PrioritizedMemoryBuffer.
11:17:50 PM - DEBUG - Recurrent inference with hidden state shape: (64, 128) and action shape: (64,)
11:17:50 PM - DEBUG - Recurrent inference with hidden state shape: (64, 128) and action shape: (64,)
11:17:50 PM - DEBUG - Recurrent inference with hidden state shape: (64, 128) and action shape: (64,)
11:17:50 PM - DEBUG - Recurrent inference with hidden state shape: (64, 128) and action shape: (64,)
11:17:50 PM - DEBUG - Recurrent inference with hidden state shape: (64, 128) and action shape: (64,)
11:17:50 PM - DEBUG - Training step 251 complete.
11:17:50 PM - INFO - Step  251: train/policy_loss = 0.820757
11:17:50 PM - INFO - Step  251: train/reward_loss = 0.747674
11:17:50 PM - INFO - Step  251: train/value_loss = 2583.363525
11:17:50 PM - INFO - Step  251: total_loss = 2584.931885
11:17:51 PM - DEBUG - Adding sample to PrioritizedMemoryBuffer with max priority. Current size: 602.
11:17:51 PM - INFO - Episode 603: Reward=   9.0, Length=  9, Loss=2584.9319, Memory=60.30
11:17:52 PM - DEBUG - Adding sample to PrioritizedMemoryBuffer with max priority. Current size: 603.
11:17:52 PM - INFO - Episode 604: Reward=   8.0, Length=  8, Loss=2584.9319, Memory=60.40
11:17:52 PM - DEBUG - Starting training step 252...
11:17:52 PM - DEBUG - Sampling 64 samples from PrioritizedMemoryBuffer.
11:17:52 PM - DEBUG - Recurrent inference with hidden state shape: (64, 128) and action shape: (64,)
11:17:52 PM - DEBUG - Recurrent inference with hidden state shape: (64, 128) and action shape: (64,)
11:17:52 PM - DEBUG - Recurrent inference with hidden state shape: (64, 128) and action shape: (64,)
11:17:52 PM - DEBUG - Recurrent inference with hidden state shape: (64, 128) and action shape: (64,)
11:17:52 PM - DEBUG - Recurrent inference with hidden state shape: (64, 128) and action shape: (64,)
11:17:52 PM - DEBUG - Training step 252 complete.
11:17:52 PM - INFO - Step  252: train/policy_loss = 1.836415
11:17:52 PM - INFO - Step  252: train/reward_loss = 16.699345
11:17:52 PM - INFO - Step  252: train/value_loss = 12515.633789
11:17:52 PM - INFO - Step  252: total_loss = 12534.168945
11:17:52 PM - DEBUG - Adding sample to PrioritizedMemoryBuffer with max priority. Current size: 604.
11:17:52 PM - INFO - Episode 605: Reward=  10.0, Length= 10, Loss=12534.1689, Memory=60.50
11:17:53 PM - DEBUG - Adding sample to PrioritizedMemoryBuffer with max priority. Current size: 605.
11:17:53 PM - INFO - Episode 606: Reward=  10.0, Length= 10, Loss=12534.1689, Memory=60.60
11:17:53 PM - DEBUG - Starting training step 253...
11:17:53 PM - DEBUG - Sampling 64 samples from PrioritizedMemoryBuffer.
11:17:53 PM - DEBUG - Recurrent inference with hidden state shape: (64, 128) and action shape: (64,)
11:17:53 PM - DEBUG - Recurrent inference with hidden state shape: (64, 128) and action shape: (64,)
11:17:53 PM - DEBUG - Recurrent inference with hidden state shape: (64, 128) and action shape: (64,)
11:17:53 PM - DEBUG - Recurrent inference with hidden state shape: (64, 128) and action shape: (64,)
11:17:53 PM - DEBUG - Recurrent inference with hidden state shape: (64, 128) and action shape: (64,)
11:17:53 PM - DEBUG - Training step 253 complete.
11:17:53 PM - INFO - Step  253: train/policy_loss = 0.593929
11:17:53 PM - INFO - Step  253: train/reward_loss = 0.623196
11:17:53 PM - INFO - Step  253: train/value_loss = 2118.244141
11:17:53 PM - INFO - Step  253: total_loss = 2119.461426
11:17:59 PM - DEBUG - Adding sample to PrioritizedMemoryBuffer with max priority. Current size: 606.
11:17:59 PM - INFO - Episode 607: Reward=  94.0, Length= 94, Loss=2119.4614, Memory=60.70
11:18:00 PM - DEBUG - Adding sample to PrioritizedMemoryBuffer with max priority. Current size: 607.
11:18:00 PM - INFO - Episode 608: Reward=  13.0, Length= 13, Loss=2119.4614, Memory=60.80
11:18:00 PM - DEBUG - Starting training step 254...
11:18:00 PM - DEBUG - Sampling 64 samples from PrioritizedMemoryBuffer.
11:18:00 PM - DEBUG - Recurrent inference with hidden state shape: (64, 128) and action shape: (64,)
11:18:00 PM - DEBUG - Recurrent inference with hidden state shape: (64, 128) and action shape: (64,)
11:18:00 PM - DEBUG - Recurrent inference with hidden state shape: (64, 128) and action shape: (64,)
11:18:00 PM - DEBUG - Recurrent inference with hidden state shape: (64, 128) and action shape: (64,)
11:18:00 PM - DEBUG - Recurrent inference with hidden state shape: (64, 128) and action shape: (64,)
11:18:00 PM - DEBUG - Training step 254 complete.
11:18:00 PM - INFO - Step  254: train/policy_loss = 0.682212
11:18:00 PM - INFO - Step  254: train/reward_loss = 0.090492
11:18:00 PM - INFO - Step  254: train/value_loss = 2176.112793
11:18:00 PM - INFO - Step  254: total_loss = 2176.885498
11:18:12 PM - DEBUG - Adding sample to PrioritizedMemoryBuffer with max priority. Current size: 608.
11:18:12 PM - INFO - Episode 609: Reward= 174.0, Length=174, Loss=2176.8855, Memory=60.90
11:18:17 PM - DEBUG - Adding sample to PrioritizedMemoryBuffer with max priority. Current size: 609.
11:18:17 PM - INFO - Episode 610: Reward=  77.0, Length= 77, Loss=2176.8855, Memory=61.00
11:18:17 PM - DEBUG - Starting training step 255...
11:18:17 PM - DEBUG - Sampling 64 samples from PrioritizedMemoryBuffer.
11:18:17 PM - DEBUG - Recurrent inference with hidden state shape: (64, 128) and action shape: (64,)
11:18:17 PM - DEBUG - Recurrent inference with hidden state shape: (64, 128) and action shape: (64,)
11:18:17 PM - DEBUG - Recurrent inference with hidden state shape: (64, 128) and action shape: (64,)
11:18:17 PM - DEBUG - Recurrent inference with hidden state shape: (64, 128) and action shape: (64,)
11:18:17 PM - DEBUG - Recurrent inference with hidden state shape: (64, 128) and action shape: (64,)
11:18:18 PM - DEBUG - Training step 255 complete.
11:18:18 PM - INFO - Step  255: train/policy_loss = 0.801839
11:18:18 PM - INFO - Step  255: train/reward_loss = 0.229680
11:18:18 PM - INFO - Step  255: train/value_loss = 2226.167236
11:18:18 PM - INFO - Step  255: total_loss = 2227.198730
11:18:20 PM - DEBUG - Adding sample to PrioritizedMemoryBuffer with max priority. Current size: 610.
11:18:20 PM - INFO - Episode 611: Reward=  26.0, Length= 26, Loss=2227.1987, Memory=61.10
11:18:21 PM - DEBUG - Adding sample to PrioritizedMemoryBuffer with max priority. Current size: 611.
11:18:21 PM - INFO - Episode 612: Reward=  27.0, Length= 27, Loss=2227.1987, Memory=61.20
11:18:21 PM - DEBUG - Starting training step 256...
11:18:21 PM - DEBUG - Sampling 64 samples from PrioritizedMemoryBuffer.
11:18:22 PM - DEBUG - Recurrent inference with hidden state shape: (64, 128) and action shape: (64,)
11:18:22 PM - DEBUG - Recurrent inference with hidden state shape: (64, 128) and action shape: (64,)
11:18:22 PM - DEBUG - Recurrent inference with hidden state shape: (64, 128) and action shape: (64,)
11:18:22 PM - DEBUG - Recurrent inference with hidden state shape: (64, 128) and action shape: (64,)
11:18:22 PM - DEBUG - Recurrent inference with hidden state shape: (64, 128) and action shape: (64,)
11:18:22 PM - DEBUG - Training step 256 complete.
11:18:22 PM - INFO - Step  256: train/policy_loss = 0.924071
11:18:22 PM - INFO - Step  256: train/reward_loss = 0.275095
11:18:22 PM - INFO - Step  256: train/value_loss = 4341.646973
11:18:22 PM - INFO - Step  256: total_loss = 4342.845703
11:18:22 PM - DEBUG - Adding sample to PrioritizedMemoryBuffer with max priority. Current size: 612.
11:18:22 PM - INFO - Episode 613: Reward=  11.0, Length= 11, Loss=4342.8457, Memory=61.30
11:18:24 PM - DEBUG - Adding sample to PrioritizedMemoryBuffer with max priority. Current size: 613.
11:18:24 PM - INFO - Episode 614: Reward=  25.0, Length= 25, Loss=4342.8457, Memory=61.40
11:18:24 PM - DEBUG - Starting training step 257...
11:18:24 PM - DEBUG - Sampling 64 samples from PrioritizedMemoryBuffer.
11:18:24 PM - DEBUG - Recurrent inference with hidden state shape: (64, 128) and action shape: (64,)
11:18:24 PM - DEBUG - Recurrent inference with hidden state shape: (64, 128) and action shape: (64,)
11:18:24 PM - DEBUG - Recurrent inference with hidden state shape: (64, 128) and action shape: (64,)
11:18:24 PM - DEBUG - Recurrent inference with hidden state shape: (64, 128) and action shape: (64,)
11:18:24 PM - DEBUG - Recurrent inference with hidden state shape: (64, 128) and action shape: (64,)
11:18:24 PM - DEBUG - Training step 257 complete.
11:18:24 PM - INFO - Step  257: train/policy_loss = 0.995495
11:18:24 PM - INFO - Step  257: train/reward_loss = 0.352645
11:18:24 PM - INFO - Step  257: train/value_loss = 2230.535400
11:18:24 PM - INFO - Step  257: total_loss = 2231.883545
11:18:25 PM - DEBUG - Adding sample to PrioritizedMemoryBuffer with max priority. Current size: 614.
11:18:25 PM - INFO - Episode 615: Reward=  11.0, Length= 11, Loss=2231.8835, Memory=61.50
11:18:26 PM - DEBUG - Adding sample to PrioritizedMemoryBuffer with max priority. Current size: 615.
11:18:26 PM - INFO - Episode 616: Reward=  11.0, Length= 11, Loss=2231.8835, Memory=61.60
11:18:26 PM - DEBUG - Starting training step 258...
11:18:26 PM - DEBUG - Sampling 64 samples from PrioritizedMemoryBuffer.
11:18:26 PM - DEBUG - Recurrent inference with hidden state shape: (64, 128) and action shape: (64,)
11:18:26 PM - DEBUG - Recurrent inference with hidden state shape: (64, 128) and action shape: (64,)
11:18:26 PM - DEBUG - Recurrent inference with hidden state shape: (64, 128) and action shape: (64,)
11:18:26 PM - DEBUG - Recurrent inference with hidden state shape: (64, 128) and action shape: (64,)
11:18:26 PM - DEBUG - Recurrent inference with hidden state shape: (64, 128) and action shape: (64,)
11:18:26 PM - DEBUG - Training step 258 complete.
11:18:26 PM - INFO - Step  258: train/policy_loss = 1.105013
11:18:26 PM - INFO - Step  258: train/reward_loss = 0.468635
11:18:26 PM - INFO - Step  258: train/value_loss = 2954.556641
11:18:26 PM - INFO - Step  258: total_loss = 2956.130371
11:18:30 PM - DEBUG - Adding sample to PrioritizedMemoryBuffer with max priority. Current size: 616.
11:18:30 PM - INFO - Episode 617: Reward=  63.0, Length= 63, Loss=2956.1304, Memory=61.70
11:18:34 PM - DEBUG - Adding sample to PrioritizedMemoryBuffer with max priority. Current size: 617.
11:18:34 PM - INFO - Episode 618: Reward=  57.0, Length= 57, Loss=2956.1304, Memory=61.80
11:18:34 PM - DEBUG - Starting training step 259...
11:18:34 PM - DEBUG - Sampling 64 samples from PrioritizedMemoryBuffer.
11:18:34 PM - DEBUG - Recurrent inference with hidden state shape: (64, 128) and action shape: (64,)
11:18:34 PM - DEBUG - Recurrent inference with hidden state shape: (64, 128) and action shape: (64,)
11:18:34 PM - DEBUG - Recurrent inference with hidden state shape: (64, 128) and action shape: (64,)
11:18:34 PM - DEBUG - Recurrent inference with hidden state shape: (64, 128) and action shape: (64,)
11:18:34 PM - DEBUG - Recurrent inference with hidden state shape: (64, 128) and action shape: (64,)
11:18:34 PM - DEBUG - Training step 259 complete.
11:18:34 PM - INFO - Step  259: train/policy_loss = 0.898952
11:18:34 PM - INFO - Step  259: train/reward_loss = 0.536452
11:18:34 PM - INFO - Step  259: train/value_loss = 2387.635742
11:18:34 PM - INFO - Step  259: total_loss = 2389.071045
11:18:35 PM - DEBUG - Adding sample to PrioritizedMemoryBuffer with max priority. Current size: 618.
11:18:35 PM - INFO - Episode 619: Reward=  10.0, Length= 10, Loss=2389.0710, Memory=61.90
11:18:36 PM - DEBUG - Adding sample to PrioritizedMemoryBuffer with max priority. Current size: 619.
11:18:36 PM - INFO - Episode 620: Reward=  10.0, Length= 10, Loss=2389.0710, Memory=62.00
11:18:36 PM - DEBUG - Starting training step 260...
11:18:36 PM - DEBUG - Sampling 64 samples from PrioritizedMemoryBuffer.
11:18:36 PM - DEBUG - Recurrent inference with hidden state shape: (64, 128) and action shape: (64,)
11:18:36 PM - DEBUG - Recurrent inference with hidden state shape: (64, 128) and action shape: (64,)
11:18:36 PM - DEBUG - Recurrent inference with hidden state shape: (64, 128) and action shape: (64,)
11:18:36 PM - DEBUG - Recurrent inference with hidden state shape: (64, 128) and action shape: (64,)
11:18:36 PM - DEBUG - Recurrent inference with hidden state shape: (64, 128) and action shape: (64,)
11:18:36 PM - DEBUG - Training step 260 complete.
11:18:36 PM - INFO - Step  260: train/policy_loss = 0.650445
11:18:36 PM - INFO - Step  260: train/reward_loss = 0.488207
11:18:36 PM - INFO - Step  260: train/value_loss = 2113.289062
11:18:36 PM - INFO - Step  260: total_loss = 2114.427734
11:18:37 PM - DEBUG - Adding sample to PrioritizedMemoryBuffer with max priority. Current size: 620.
11:18:37 PM - INFO - Episode 621: Reward=   9.0, Length=  9, Loss=2114.4277, Memory=62.10
11:18:37 PM - INFO - Progress: 31.0% | 0.54 it/s | ETA: 42:23
11:18:37 PM - DEBUG - Adding sample to PrioritizedMemoryBuffer with max priority. Current size: 621.
11:18:37 PM - INFO - Episode 622: Reward=   8.0, Length=  8, Loss=2114.4277, Memory=62.20
11:18:37 PM - DEBUG - Starting training step 261...
11:18:37 PM - DEBUG - Sampling 64 samples from PrioritizedMemoryBuffer.
11:18:37 PM - DEBUG - Recurrent inference with hidden state shape: (64, 128) and action shape: (64,)
11:18:37 PM - DEBUG - Recurrent inference with hidden state shape: (64, 128) and action shape: (64,)
11:18:37 PM - DEBUG - Recurrent inference with hidden state shape: (64, 128) and action shape: (64,)
11:18:37 PM - DEBUG - Recurrent inference with hidden state shape: (64, 128) and action shape: (64,)
11:18:37 PM - DEBUG - Recurrent inference with hidden state shape: (64, 128) and action shape: (64,)
11:18:37 PM - DEBUG - Training step 261 complete.
11:18:37 PM - INFO - Step  261: train/policy_loss = 0.618221
11:18:37 PM - INFO - Step  261: train/reward_loss = 0.444097
11:18:37 PM - INFO - Step  261: train/value_loss = 2212.299805
11:18:37 PM - INFO - Step  261: total_loss = 2213.362061
11:18:38 PM - DEBUG - Adding sample to PrioritizedMemoryBuffer with max priority. Current size: 622.
11:18:38 PM - INFO - Episode 623: Reward=  11.0, Length= 11, Loss=2213.3621, Memory=62.30
11:18:39 PM - DEBUG - Adding sample to PrioritizedMemoryBuffer with max priority. Current size: 623.
11:18:39 PM - INFO - Episode 624: Reward=   9.0, Length=  9, Loss=2213.3621, Memory=62.40
11:18:39 PM - DEBUG - Starting training step 262...
11:18:39 PM - DEBUG - Sampling 64 samples from PrioritizedMemoryBuffer.
11:18:39 PM - DEBUG - Recurrent inference with hidden state shape: (64, 128) and action shape: (64,)
11:18:39 PM - DEBUG - Recurrent inference with hidden state shape: (64, 128) and action shape: (64,)
11:18:39 PM - DEBUG - Recurrent inference with hidden state shape: (64, 128) and action shape: (64,)
11:18:39 PM - DEBUG - Recurrent inference with hidden state shape: (64, 128) and action shape: (64,)
11:18:39 PM - DEBUG - Recurrent inference with hidden state shape: (64, 128) and action shape: (64,)
11:18:39 PM - DEBUG - Training step 262 complete.
11:18:39 PM - INFO - Step  262: train/policy_loss = 0.717186
11:18:39 PM - INFO - Step  262: train/reward_loss = 0.439178
11:18:39 PM - INFO - Step  262: train/value_loss = 1313.845825
11:18:39 PM - INFO - Step  262: total_loss = 1315.002197
11:18:40 PM - DEBUG - Adding sample to PrioritizedMemoryBuffer with max priority. Current size: 624.
11:18:40 PM - INFO - Episode 625: Reward=  10.0, Length= 10, Loss=1315.0022, Memory=62.50
11:18:41 PM - DEBUG - Adding sample to PrioritizedMemoryBuffer with max priority. Current size: 625.
11:18:41 PM - INFO - Episode 626: Reward=  11.0, Length= 11, Loss=1315.0022, Memory=62.60
11:18:41 PM - DEBUG - Starting training step 263...
11:18:41 PM - DEBUG - Sampling 64 samples from PrioritizedMemoryBuffer.
11:18:41 PM - DEBUG - Recurrent inference with hidden state shape: (64, 128) and action shape: (64,)
11:18:41 PM - DEBUG - Recurrent inference with hidden state shape: (64, 128) and action shape: (64,)
11:18:41 PM - DEBUG - Recurrent inference with hidden state shape: (64, 128) and action shape: (64,)
11:18:41 PM - DEBUG - Recurrent inference with hidden state shape: (64, 128) and action shape: (64,)
11:18:41 PM - DEBUG - Recurrent inference with hidden state shape: (64, 128) and action shape: (64,)
11:18:41 PM - DEBUG - Training step 263 complete.
11:18:41 PM - INFO - Step  263: train/policy_loss = 0.870336
11:18:41 PM - INFO - Step  263: train/reward_loss = 0.435672
11:18:41 PM - INFO - Step  263: train/value_loss = 1611.256836
11:18:41 PM - INFO - Step  263: total_loss = 1612.562866
11:18:42 PM - DEBUG - Adding sample to PrioritizedMemoryBuffer with max priority. Current size: 626.
11:18:42 PM - INFO - Episode 627: Reward=  11.0, Length= 11, Loss=1612.5629, Memory=62.70
11:18:42 PM - DEBUG - Adding sample to PrioritizedMemoryBuffer with max priority. Current size: 627.
11:18:42 PM - INFO - Episode 628: Reward=   9.0, Length=  9, Loss=1612.5629, Memory=62.80
11:18:42 PM - DEBUG - Starting training step 264...
11:18:42 PM - DEBUG - Sampling 64 samples from PrioritizedMemoryBuffer.
11:18:42 PM - DEBUG - Recurrent inference with hidden state shape: (64, 128) and action shape: (64,)
11:18:42 PM - DEBUG - Recurrent inference with hidden state shape: (64, 128) and action shape: (64,)
11:18:42 PM - DEBUG - Recurrent inference with hidden state shape: (64, 128) and action shape: (64,)
11:18:42 PM - DEBUG - Recurrent inference with hidden state shape: (64, 128) and action shape: (64,)
11:18:43 PM - DEBUG - Recurrent inference with hidden state shape: (64, 128) and action shape: (64,)
11:18:43 PM - DEBUG - Training step 264 complete.
11:18:43 PM - INFO - Step  264: train/policy_loss = 0.917680
11:18:43 PM - INFO - Step  264: train/reward_loss = 0.469683
11:18:43 PM - INFO - Step  264: train/value_loss = 1875.079102
11:18:43 PM - INFO - Step  264: total_loss = 1876.466553
11:18:43 PM - DEBUG - Adding sample to PrioritizedMemoryBuffer with max priority. Current size: 628.
11:18:43 PM - INFO - Episode 629: Reward=   9.0, Length=  9, Loss=1876.4666, Memory=62.90
11:18:44 PM - DEBUG - Adding sample to PrioritizedMemoryBuffer with max priority. Current size: 629.
11:18:44 PM - INFO - Episode 630: Reward=   9.0, Length=  9, Loss=1876.4666, Memory=63.00
11:18:44 PM - DEBUG - Starting training step 265...
11:18:44 PM - DEBUG - Sampling 64 samples from PrioritizedMemoryBuffer.
11:18:44 PM - DEBUG - Recurrent inference with hidden state shape: (64, 128) and action shape: (64,)
11:18:44 PM - DEBUG - Recurrent inference with hidden state shape: (64, 128) and action shape: (64,)
11:18:44 PM - DEBUG - Recurrent inference with hidden state shape: (64, 128) and action shape: (64,)
11:18:44 PM - DEBUG - Recurrent inference with hidden state shape: (64, 128) and action shape: (64,)
11:18:44 PM - DEBUG - Recurrent inference with hidden state shape: (64, 128) and action shape: (64,)
11:18:44 PM - DEBUG - Training step 265 complete.
11:18:44 PM - INFO - Step  265: train/policy_loss = 1.329640
11:18:44 PM - INFO - Step  265: train/reward_loss = 0.520440
11:18:44 PM - INFO - Step  265: train/value_loss = 1311.361694
11:18:44 PM - INFO - Step  265: total_loss = 1313.211670
11:18:45 PM - DEBUG - Adding sample to PrioritizedMemoryBuffer with max priority. Current size: 630.
11:18:45 PM - INFO - Episode 631: Reward=  10.0, Length= 10, Loss=1313.2117, Memory=63.10
11:18:46 PM - DEBUG - Adding sample to PrioritizedMemoryBuffer with max priority. Current size: 631.
11:18:46 PM - INFO - Episode 632: Reward=   9.0, Length=  9, Loss=1313.2117, Memory=63.20
11:18:46 PM - DEBUG - Starting training step 266...
11:18:46 PM - DEBUG - Sampling 64 samples from PrioritizedMemoryBuffer.
11:18:46 PM - DEBUG - Recurrent inference with hidden state shape: (64, 128) and action shape: (64,)
11:18:46 PM - DEBUG - Recurrent inference with hidden state shape: (64, 128) and action shape: (64,)
11:18:46 PM - DEBUG - Recurrent inference with hidden state shape: (64, 128) and action shape: (64,)
11:18:46 PM - DEBUG - Recurrent inference with hidden state shape: (64, 128) and action shape: (64,)
11:18:46 PM - DEBUG - Recurrent inference with hidden state shape: (64, 128) and action shape: (64,)
11:18:46 PM - DEBUG - Training step 266 complete.
11:18:46 PM - INFO - Step  266: train/policy_loss = 1.084914
11:18:46 PM - INFO - Step  266: train/reward_loss = 0.533172
11:18:46 PM - INFO - Step  266: train/value_loss = 1855.045288
11:18:46 PM - INFO - Step  266: total_loss = 1856.663452
11:18:48 PM - DEBUG - Adding sample to PrioritizedMemoryBuffer with max priority. Current size: 632.
11:18:48 PM - INFO - Episode 633: Reward=  35.0, Length= 35, Loss=1856.6635, Memory=63.30
11:18:52 PM - DEBUG - Adding sample to PrioritizedMemoryBuffer with max priority. Current size: 633.
11:18:52 PM - INFO - Episode 634: Reward=  44.0, Length= 44, Loss=1856.6635, Memory=63.40
11:18:52 PM - DEBUG - Starting training step 267...
11:18:52 PM - DEBUG - Sampling 64 samples from PrioritizedMemoryBuffer.
11:18:52 PM - DEBUG - Recurrent inference with hidden state shape: (64, 128) and action shape: (64,)
11:18:52 PM - DEBUG - Recurrent inference with hidden state shape: (64, 128) and action shape: (64,)
11:18:52 PM - DEBUG - Recurrent inference with hidden state shape: (64, 128) and action shape: (64,)
11:18:52 PM - DEBUG - Recurrent inference with hidden state shape: (64, 128) and action shape: (64,)
11:18:52 PM - DEBUG - Recurrent inference with hidden state shape: (64, 128) and action shape: (64,)
11:18:52 PM - DEBUG - Training step 267 complete.
11:18:52 PM - INFO - Step  267: train/policy_loss = 0.816450
11:18:52 PM - INFO - Step  267: train/reward_loss = 0.543540
11:18:52 PM - INFO - Step  267: train/value_loss = 1760.390259
11:18:52 PM - INFO - Step  267: total_loss = 1761.750244
11:19:00 PM - DEBUG - Adding sample to PrioritizedMemoryBuffer with max priority. Current size: 634.
11:19:00 PM - INFO - Episode 635: Reward= 119.0, Length=119, Loss=1761.7502, Memory=63.50
11:19:05 PM - DEBUG - Adding sample to PrioritizedMemoryBuffer with max priority. Current size: 635.
11:19:05 PM - INFO - Episode 636: Reward=  74.0, Length= 74, Loss=1761.7502, Memory=63.60
11:19:05 PM - DEBUG - Starting training step 268...
11:19:05 PM - DEBUG - Sampling 64 samples from PrioritizedMemoryBuffer.
11:19:05 PM - DEBUG - Recurrent inference with hidden state shape: (64, 128) and action shape: (64,)
11:19:05 PM - DEBUG - Recurrent inference with hidden state shape: (64, 128) and action shape: (64,)
11:19:05 PM - DEBUG - Recurrent inference with hidden state shape: (64, 128) and action shape: (64,)
11:19:05 PM - DEBUG - Recurrent inference with hidden state shape: (64, 128) and action shape: (64,)
11:19:05 PM - DEBUG - Recurrent inference with hidden state shape: (64, 128) and action shape: (64,)
11:19:05 PM - DEBUG - Training step 268 complete.
11:19:05 PM - INFO - Step  268: train/policy_loss = 0.815719
11:19:05 PM - INFO - Step  268: train/reward_loss = 0.675800
11:19:05 PM - INFO - Step  268: train/value_loss = 1278.157593
11:19:05 PM - INFO - Step  268: total_loss = 1279.649048
11:19:08 PM - DEBUG - Adding sample to PrioritizedMemoryBuffer with max priority. Current size: 636.
11:19:08 PM - INFO - Episode 637: Reward=  41.0, Length= 41, Loss=1279.6490, Memory=63.70
11:19:10 PM - DEBUG - Adding sample to PrioritizedMemoryBuffer with max priority. Current size: 637.
11:19:10 PM - INFO - Episode 638: Reward=  28.0, Length= 28, Loss=1279.6490, Memory=63.80
11:19:10 PM - DEBUG - Starting training step 269...
11:19:10 PM - DEBUG - Sampling 64 samples from PrioritizedMemoryBuffer.
11:19:10 PM - DEBUG - Recurrent inference with hidden state shape: (64, 128) and action shape: (64,)
11:19:10 PM - DEBUG - Recurrent inference with hidden state shape: (64, 128) and action shape: (64,)
11:19:10 PM - DEBUG - Recurrent inference with hidden state shape: (64, 128) and action shape: (64,)
11:19:10 PM - DEBUG - Recurrent inference with hidden state shape: (64, 128) and action shape: (64,)
11:19:10 PM - DEBUG - Recurrent inference with hidden state shape: (64, 128) and action shape: (64,)
11:19:10 PM - DEBUG - Training step 269 complete.
11:19:10 PM - INFO - Step  269: train/policy_loss = 0.696895
11:19:10 PM - INFO - Step  269: train/reward_loss = 0.636148
11:19:10 PM - INFO - Step  269: train/value_loss = 1553.023804
11:19:10 PM - INFO - Step  269: total_loss = 1554.356812
11:19:18 PM - DEBUG - Adding sample to PrioritizedMemoryBuffer with max priority. Current size: 638.
11:19:18 PM - INFO - Episode 639: Reward= 116.0, Length=116, Loss=1554.3568, Memory=63.90
11:19:21 PM - DEBUG - Adding sample to PrioritizedMemoryBuffer with max priority. Current size: 639.
11:19:21 PM - INFO - Episode 640: Reward=  49.0, Length= 49, Loss=1554.3568, Memory=64.00
11:19:21 PM - DEBUG - Starting training step 270...
11:19:21 PM - DEBUG - Sampling 64 samples from PrioritizedMemoryBuffer.
11:19:21 PM - DEBUG - Recurrent inference with hidden state shape: (64, 128) and action shape: (64,)
11:19:21 PM - DEBUG - Recurrent inference with hidden state shape: (64, 128) and action shape: (64,)
11:19:21 PM - DEBUG - Recurrent inference with hidden state shape: (64, 128) and action shape: (64,)
11:19:21 PM - DEBUG - Recurrent inference with hidden state shape: (64, 128) and action shape: (64,)
11:19:21 PM - DEBUG - Recurrent inference with hidden state shape: (64, 128) and action shape: (64,)
11:19:21 PM - DEBUG - Training step 270 complete.
11:19:21 PM - INFO - Step  270: train/policy_loss = 0.644415
11:19:21 PM - INFO - Step  270: train/reward_loss = 0.645353
11:19:21 PM - INFO - Step  270: train/value_loss = 1504.233032
11:19:21 PM - INFO - Step  270: total_loss = 1505.522827
11:19:28 PM - DEBUG - Adding sample to PrioritizedMemoryBuffer with max priority. Current size: 640.
11:19:28 PM - INFO - Episode 641: Reward= 118.0, Length=118, Loss=1505.5228, Memory=64.10
11:19:28 PM - INFO - Progress: 32.0% | 0.24 it/s | ETA: 1:35:40
11:19:32 PM - DEBUG - Adding sample to PrioritizedMemoryBuffer with max priority. Current size: 641.
11:19:32 PM - INFO - Episode 642: Reward=  60.0, Length= 60, Loss=1505.5228, Memory=64.20
11:19:32 PM - DEBUG - Starting training step 271...
11:19:32 PM - DEBUG - Sampling 64 samples from PrioritizedMemoryBuffer.
11:19:32 PM - DEBUG - Recurrent inference with hidden state shape: (64, 128) and action shape: (64,)
11:19:32 PM - DEBUG - Recurrent inference with hidden state shape: (64, 128) and action shape: (64,)
11:19:32 PM - DEBUG - Recurrent inference with hidden state shape: (64, 128) and action shape: (64,)
11:19:32 PM - DEBUG - Recurrent inference with hidden state shape: (64, 128) and action shape: (64,)
11:19:32 PM - DEBUG - Recurrent inference with hidden state shape: (64, 128) and action shape: (64,)
11:19:32 PM - DEBUG - Training step 271 complete.
11:19:32 PM - INFO - Step  271: train/policy_loss = 0.811658
11:19:32 PM - INFO - Step  271: train/reward_loss = 0.610471
11:19:32 PM - INFO - Step  271: train/value_loss = 1541.460449
11:19:32 PM - INFO - Step  271: total_loss = 1542.882568
11:20:05 PM - DEBUG - Adding sample to PrioritizedMemoryBuffer with max priority. Current size: 642.
11:20:05 PM - INFO - Episode 643: Reward= 500.0, Length=500, Loss=1542.8826, Memory=64.30
11:20:31 PM - DEBUG - Adding sample to PrioritizedMemoryBuffer with max priority. Current size: 643.
11:20:31 PM - INFO - Episode 644: Reward= 440.0, Length=440, Loss=1542.8826, Memory=64.40
11:20:31 PM - DEBUG - Starting training step 272...
11:20:31 PM - DEBUG - Sampling 64 samples from PrioritizedMemoryBuffer.
11:20:32 PM - DEBUG - Recurrent inference with hidden state shape: (64, 128) and action shape: (64,)
11:20:32 PM - DEBUG - Recurrent inference with hidden state shape: (64, 128) and action shape: (64,)
11:20:32 PM - DEBUG - Recurrent inference with hidden state shape: (64, 128) and action shape: (64,)
11:20:32 PM - DEBUG - Recurrent inference with hidden state shape: (64, 128) and action shape: (64,)
11:20:32 PM - DEBUG - Recurrent inference with hidden state shape: (64, 128) and action shape: (64,)
11:20:32 PM - DEBUG - Training step 272 complete.
11:20:32 PM - INFO - Step  272: train/policy_loss = 0.942654
11:20:32 PM - INFO - Step  272: train/reward_loss = 0.625472
11:20:32 PM - INFO - Step  272: train/value_loss = 1461.036987
11:20:32 PM - INFO - Step  272: total_loss = 1462.605103
11:20:45 PM - DEBUG - Adding sample to PrioritizedMemoryBuffer with max priority. Current size: 644.
11:20:45 PM - INFO - Episode 645: Reward= 216.0, Length=216, Loss=1462.6051, Memory=64.50
11:21:15 PM - DEBUG - Adding sample to PrioritizedMemoryBuffer with max priority. Current size: 645.
11:21:15 PM - INFO - Episode 646: Reward= 500.0, Length=500, Loss=1462.6051, Memory=64.60
11:21:15 PM - DEBUG - Starting training step 273...
11:21:15 PM - DEBUG - Sampling 64 samples from PrioritizedMemoryBuffer.
11:21:15 PM - DEBUG - Recurrent inference with hidden state shape: (64, 128) and action shape: (64,)
11:21:15 PM - DEBUG - Recurrent inference with hidden state shape: (64, 128) and action shape: (64,)
11:21:15 PM - DEBUG - Recurrent inference with hidden state shape: (64, 128) and action shape: (64,)
11:21:16 PM - DEBUG - Recurrent inference with hidden state shape: (64, 128) and action shape: (64,)
11:21:16 PM - DEBUG - Recurrent inference with hidden state shape: (64, 128) and action shape: (64,)
11:21:16 PM - DEBUG - Training step 273 complete.
11:21:16 PM - INFO - Step  273: train/policy_loss = 0.970166
11:21:16 PM - INFO - Step  273: train/reward_loss = 0.645274
11:21:16 PM - INFO - Step  273: train/value_loss = 1775.838989
11:21:16 PM - INFO - Step  273: total_loss = 1777.454468
11:21:27 PM - DEBUG - Adding sample to PrioritizedMemoryBuffer with max priority. Current size: 646.
11:21:27 PM - INFO - Episode 647: Reward= 184.0, Length=184, Loss=1777.4545, Memory=64.70
11:21:58 PM - DEBUG - Adding sample to PrioritizedMemoryBuffer with max priority. Current size: 647.
11:21:58 PM - INFO - Episode 648: Reward= 500.0, Length=500, Loss=1777.4545, Memory=64.80
11:21:58 PM - DEBUG - Starting training step 274...
11:21:58 PM - DEBUG - Sampling 64 samples from PrioritizedMemoryBuffer.
11:21:58 PM - DEBUG - Recurrent inference with hidden state shape: (64, 128) and action shape: (64,)
11:21:58 PM - DEBUG - Recurrent inference with hidden state shape: (64, 128) and action shape: (64,)
11:21:58 PM - DEBUG - Recurrent inference with hidden state shape: (64, 128) and action shape: (64,)
11:21:58 PM - DEBUG - Recurrent inference with hidden state shape: (64, 128) and action shape: (64,)
11:21:58 PM - DEBUG - Recurrent inference with hidden state shape: (64, 128) and action shape: (64,)
11:21:58 PM - DEBUG - Training step 274 complete.
11:21:58 PM - INFO - Step  274: train/policy_loss = 0.769232
11:21:58 PM - INFO - Step  274: train/reward_loss = 0.590756
11:21:58 PM - INFO - Step  274: train/value_loss = 1722.326538
11:21:58 PM - INFO - Step  274: total_loss = 1723.686523
11:22:07 PM - DEBUG - Adding sample to PrioritizedMemoryBuffer with max priority. Current size: 648.
11:22:07 PM - INFO - Episode 649: Reward= 128.0, Length=128, Loss=1723.6865, Memory=64.90
11:22:23 PM - DEBUG - Adding sample to PrioritizedMemoryBuffer with max priority. Current size: 649.
11:22:23 PM - INFO - Episode 650: Reward= 247.0, Length=247, Loss=1723.6865, Memory=65.00
11:22:23 PM - DEBUG - Starting training step 275...
11:22:23 PM - DEBUG - Sampling 64 samples from PrioritizedMemoryBuffer.
11:22:23 PM - DEBUG - Recurrent inference with hidden state shape: (64, 128) and action shape: (64,)
11:22:23 PM - DEBUG - Recurrent inference with hidden state shape: (64, 128) and action shape: (64,)
11:22:23 PM - DEBUG - Recurrent inference with hidden state shape: (64, 128) and action shape: (64,)
11:22:23 PM - DEBUG - Recurrent inference with hidden state shape: (64, 128) and action shape: (64,)
11:22:23 PM - DEBUG - Recurrent inference with hidden state shape: (64, 128) and action shape: (64,)
11:22:23 PM - DEBUG - Training step 275 complete.
11:22:23 PM - INFO - Step  275: train/policy_loss = 0.624651
11:22:23 PM - INFO - Step  275: train/reward_loss = 0.501394
11:22:23 PM - INFO - Step  275: train/value_loss = 1356.184326
11:22:23 PM - INFO - Step  275: total_loss = 1357.310303
11:22:23 PM - DEBUG - Saving agent state.
11:22:23 PM - INFO - Checkpoint saved to checkpoints/CartPole-v1/20250720_230602/episode_00650.pkl
11:22:33 PM - DEBUG - Adding sample to PrioritizedMemoryBuffer with max priority. Current size: 650.
11:22:33 PM - INFO - Episode 651: Reward= 154.0, Length=154, Loss=1357.3103, Memory=65.10
11:22:42 PM - DEBUG - Adding sample to PrioritizedMemoryBuffer with max priority. Current size: 651.
11:22:42 PM - INFO - Episode 652: Reward= 140.0, Length=140, Loss=1357.3103, Memory=65.20
11:22:42 PM - DEBUG - Starting training step 276...
11:22:42 PM - DEBUG - Sampling 64 samples from PrioritizedMemoryBuffer.
11:22:42 PM - DEBUG - Recurrent inference with hidden state shape: (64, 128) and action shape: (64,)
11:22:42 PM - DEBUG - Recurrent inference with hidden state shape: (64, 128) and action shape: (64,)
11:22:42 PM - DEBUG - Recurrent inference with hidden state shape: (64, 128) and action shape: (64,)
11:22:42 PM - DEBUG - Recurrent inference with hidden state shape: (64, 128) and action shape: (64,)
11:22:42 PM - DEBUG - Recurrent inference with hidden state shape: (64, 128) and action shape: (64,)
11:22:42 PM - DEBUG - Training step 276 complete.
11:22:42 PM - INFO - Step  276: train/policy_loss = 0.633185
11:22:42 PM - INFO - Step  276: train/reward_loss = 0.349374
11:22:42 PM - INFO - Step  276: train/value_loss = 1091.340210
11:22:42 PM - INFO - Step  276: total_loss = 1092.322754
11:22:48 PM - DEBUG - Adding sample to PrioritizedMemoryBuffer with max priority. Current size: 652.
11:22:48 PM - INFO - Episode 653: Reward=  63.0, Length= 63, Loss=1092.3228, Memory=65.30
11:23:04 PM - DEBUG - Adding sample to PrioritizedMemoryBuffer with max priority. Current size: 653.
11:23:04 PM - INFO - Episode 654: Reward= 184.0, Length=184, Loss=1092.3228, Memory=65.40
11:23:04 PM - DEBUG - Starting training step 277...
11:23:04 PM - DEBUG - Sampling 64 samples from PrioritizedMemoryBuffer.
11:23:05 PM - DEBUG - Recurrent inference with hidden state shape: (64, 128) and action shape: (64,)
11:23:05 PM - DEBUG - Recurrent inference with hidden state shape: (64, 128) and action shape: (64,)
11:23:05 PM - DEBUG - Recurrent inference with hidden state shape: (64, 128) and action shape: (64,)
11:23:05 PM - DEBUG - Recurrent inference with hidden state shape: (64, 128) and action shape: (64,)
11:23:05 PM - DEBUG - Recurrent inference with hidden state shape: (64, 128) and action shape: (64,)
11:23:05 PM - DEBUG - Training step 277 complete.
11:23:05 PM - INFO - Step  277: train/policy_loss = 0.660051
11:23:05 PM - INFO - Step  277: train/reward_loss = 0.417933
11:23:05 PM - INFO - Step  277: train/value_loss = 1297.448853
11:23:05 PM - INFO - Step  277: total_loss = 1298.526855
11:23:09 PM - DEBUG - Adding sample to PrioritizedMemoryBuffer with max priority. Current size: 654.
11:23:09 PM - INFO - Episode 655: Reward=  57.0, Length= 57, Loss=1298.5269, Memory=65.50
11:23:20 PM - DEBUG - Adding sample to PrioritizedMemoryBuffer with max priority. Current size: 655.
11:23:20 PM - INFO - Episode 656: Reward= 171.0, Length=171, Loss=1298.5269, Memory=65.60
11:23:20 PM - DEBUG - Starting training step 278...
11:23:20 PM - DEBUG - Sampling 64 samples from PrioritizedMemoryBuffer.
11:23:20 PM - DEBUG - Recurrent inference with hidden state shape: (64, 128) and action shape: (64,)
11:23:20 PM - DEBUG - Recurrent inference with hidden state shape: (64, 128) and action shape: (64,)
11:23:20 PM - DEBUG - Recurrent inference with hidden state shape: (64, 128) and action shape: (64,)
11:23:20 PM - DEBUG - Recurrent inference with hidden state shape: (64, 128) and action shape: (64,)
11:23:20 PM - DEBUG - Recurrent inference with hidden state shape: (64, 128) and action shape: (64,)
11:23:21 PM - DEBUG - Training step 278 complete.
11:23:21 PM - INFO - Step  278: train/policy_loss = 0.759351
11:23:21 PM - INFO - Step  278: train/reward_loss = 0.473066
11:23:21 PM - INFO - Step  278: train/value_loss = 1798.459351
11:23:21 PM - INFO - Step  278: total_loss = 1799.691772
11:23:37 PM - DEBUG - Adding sample to PrioritizedMemoryBuffer with max priority. Current size: 656.
11:23:37 PM - INFO - Episode 657: Reward= 243.0, Length=243, Loss=1799.6918, Memory=65.70
11:23:41 PM - DEBUG - Adding sample to PrioritizedMemoryBuffer with max priority. Current size: 657.
11:23:41 PM - INFO - Episode 658: Reward=  75.0, Length= 75, Loss=1799.6918, Memory=65.80
11:23:41 PM - DEBUG - Starting training step 279...
11:23:41 PM - DEBUG - Sampling 64 samples from PrioritizedMemoryBuffer.
11:23:41 PM - DEBUG - Recurrent inference with hidden state shape: (64, 128) and action shape: (64,)
11:23:41 PM - DEBUG - Recurrent inference with hidden state shape: (64, 128) and action shape: (64,)
11:23:41 PM - DEBUG - Recurrent inference with hidden state shape: (64, 128) and action shape: (64,)
11:23:41 PM - DEBUG - Recurrent inference with hidden state shape: (64, 128) and action shape: (64,)
11:23:41 PM - DEBUG - Recurrent inference with hidden state shape: (64, 128) and action shape: (64,)
11:23:41 PM - DEBUG - Training step 279 complete.
11:23:41 PM - INFO - Step  279: train/policy_loss = 0.723317
11:23:41 PM - INFO - Step  279: train/reward_loss = 0.500324
11:23:41 PM - INFO - Step  279: train/value_loss = 1669.916504
11:23:41 PM - INFO - Step  279: total_loss = 1671.140137
11:23:46 PM - DEBUG - Adding sample to PrioritizedMemoryBuffer with max priority. Current size: 658.
11:23:46 PM - INFO - Episode 659: Reward=  78.0, Length= 78, Loss=1671.1401, Memory=65.90
11:23:52 PM - DEBUG - Adding sample to PrioritizedMemoryBuffer with max priority. Current size: 659.
11:23:52 PM - INFO - Episode 660: Reward=  86.0, Length= 86, Loss=1671.1401, Memory=66.00
11:23:52 PM - DEBUG - Starting training step 280...
11:23:52 PM - DEBUG - Sampling 64 samples from PrioritizedMemoryBuffer.
11:23:52 PM - DEBUG - Recurrent inference with hidden state shape: (64, 128) and action shape: (64,)
11:23:52 PM - DEBUG - Recurrent inference with hidden state shape: (64, 128) and action shape: (64,)
11:23:52 PM - DEBUG - Recurrent inference with hidden state shape: (64, 128) and action shape: (64,)
11:23:52 PM - DEBUG - Recurrent inference with hidden state shape: (64, 128) and action shape: (64,)
11:23:52 PM - DEBUG - Recurrent inference with hidden state shape: (64, 128) and action shape: (64,)
11:23:52 PM - DEBUG - Training step 280 complete.
11:23:52 PM - INFO - Step  280: train/policy_loss = 1.080756
11:23:52 PM - INFO - Step  280: train/reward_loss = 0.470759
11:23:52 PM - INFO - Step  280: train/value_loss = 1666.567383
11:23:52 PM - INFO - Step  280: total_loss = 1668.118896
11:24:22 PM - DEBUG - Adding sample to PrioritizedMemoryBuffer with max priority. Current size: 660.
11:24:22 PM - INFO - Episode 661: Reward= 500.0, Length=500, Loss=1668.1189, Memory=66.10
11:24:22 PM - INFO - Progress: 33.0% | 0.13 it/s | ETA: 2:49:54
11:24:53 PM - DEBUG - Adding sample to PrioritizedMemoryBuffer with max priority. Current size: 661.
11:24:53 PM - INFO - Episode 662: Reward= 500.0, Length=500, Loss=1668.1189, Memory=66.20
11:24:53 PM - DEBUG - Starting training step 281...
11:24:53 PM - DEBUG - Sampling 64 samples from PrioritizedMemoryBuffer.
11:24:53 PM - DEBUG - Recurrent inference with hidden state shape: (64, 128) and action shape: (64,)
11:24:53 PM - DEBUG - Recurrent inference with hidden state shape: (64, 128) and action shape: (64,)
11:24:53 PM - DEBUG - Recurrent inference with hidden state shape: (64, 128) and action shape: (64,)
11:24:53 PM - DEBUG - Recurrent inference with hidden state shape: (64, 128) and action shape: (64,)
11:24:53 PM - DEBUG - Recurrent inference with hidden state shape: (64, 128) and action shape: (64,)
11:24:53 PM - DEBUG - Training step 281 complete.
11:24:53 PM - INFO - Step  281: train/policy_loss = 1.365328
11:24:53 PM - INFO - Step  281: train/reward_loss = 0.451279
11:24:53 PM - INFO - Step  281: train/value_loss = 1867.527954
11:24:53 PM - INFO - Step  281: total_loss = 1869.344604
11:25:09 PM - DEBUG - Adding sample to PrioritizedMemoryBuffer with max priority. Current size: 662.
11:25:09 PM - INFO - Episode 663: Reward= 245.0, Length=245, Loss=1869.3446, Memory=66.30
11:25:17 PM - DEBUG - Adding sample to PrioritizedMemoryBuffer with max priority. Current size: 663.
11:25:17 PM - INFO - Episode 664: Reward= 136.0, Length=136, Loss=1869.3446, Memory=66.40
11:25:17 PM - DEBUG - Starting training step 282...
11:25:17 PM - DEBUG - Sampling 64 samples from PrioritizedMemoryBuffer.
11:25:17 PM - DEBUG - Recurrent inference with hidden state shape: (64, 128) and action shape: (64,)
11:25:17 PM - DEBUG - Recurrent inference with hidden state shape: (64, 128) and action shape: (64,)
11:25:17 PM - DEBUG - Recurrent inference with hidden state shape: (64, 128) and action shape: (64,)
11:25:17 PM - DEBUG - Recurrent inference with hidden state shape: (64, 128) and action shape: (64,)
11:25:17 PM - DEBUG - Recurrent inference with hidden state shape: (64, 128) and action shape: (64,)
11:25:17 PM - DEBUG - Training step 282 complete.
11:25:17 PM - INFO - Step  282: train/policy_loss = 0.984122
11:25:17 PM - INFO - Step  282: train/reward_loss = 0.495479
11:25:17 PM - INFO - Step  282: train/value_loss = 1268.323364
11:25:17 PM - INFO - Step  282: total_loss = 1269.802979
11:25:28 PM - DEBUG - Adding sample to PrioritizedMemoryBuffer with max priority. Current size: 664.
11:25:28 PM - INFO - Episode 665: Reward= 184.0, Length=184, Loss=1269.8030, Memory=66.50
11:25:58 PM - DEBUG - Adding sample to PrioritizedMemoryBuffer with max priority. Current size: 665.
11:25:58 PM - INFO - Episode 666: Reward= 471.0, Length=471, Loss=1269.8030, Memory=66.60
11:25:58 PM - DEBUG - Starting training step 283...
11:25:58 PM - DEBUG - Sampling 64 samples from PrioritizedMemoryBuffer.
11:25:58 PM - DEBUG - Recurrent inference with hidden state shape: (64, 128) and action shape: (64,)
11:25:58 PM - DEBUG - Recurrent inference with hidden state shape: (64, 128) and action shape: (64,)
11:25:58 PM - DEBUG - Recurrent inference with hidden state shape: (64, 128) and action shape: (64,)
11:25:58 PM - DEBUG - Recurrent inference with hidden state shape: (64, 128) and action shape: (64,)
11:25:58 PM - DEBUG - Recurrent inference with hidden state shape: (64, 128) and action shape: (64,)
11:25:58 PM - DEBUG - Training step 283 complete.
11:25:58 PM - INFO - Step  283: train/policy_loss = 0.679336
11:25:58 PM - INFO - Step  283: train/reward_loss = 0.464444
11:25:58 PM - INFO - Step  283: train/value_loss = 1741.311523
11:25:58 PM - INFO - Step  283: total_loss = 1742.455322
11:26:02 PM - DEBUG - Adding sample to PrioritizedMemoryBuffer with max priority. Current size: 666.
11:26:02 PM - INFO - Episode 667: Reward=  73.0, Length= 73, Loss=1742.4553, Memory=66.70
11:26:10 PM - DEBUG - Adding sample to PrioritizedMemoryBuffer with max priority. Current size: 667.
11:26:10 PM - INFO - Episode 668: Reward= 105.0, Length=105, Loss=1742.4553, Memory=66.80
11:26:10 PM - DEBUG - Starting training step 284...
11:26:10 PM - DEBUG - Sampling 64 samples from PrioritizedMemoryBuffer.
11:26:10 PM - DEBUG - Recurrent inference with hidden state shape: (64, 128) and action shape: (64,)
11:26:10 PM - DEBUG - Recurrent inference with hidden state shape: (64, 128) and action shape: (64,)
11:26:10 PM - DEBUG - Recurrent inference with hidden state shape: (64, 128) and action shape: (64,)
11:26:10 PM - DEBUG - Recurrent inference with hidden state shape: (64, 128) and action shape: (64,)
11:26:10 PM - DEBUG - Recurrent inference with hidden state shape: (64, 128) and action shape: (64,)
11:26:10 PM - DEBUG - Training step 284 complete.
11:26:10 PM - INFO - Step  284: train/policy_loss = 0.735616
11:26:10 PM - INFO - Step  284: train/reward_loss = 0.547768
11:26:10 PM - INFO - Step  284: train/value_loss = 1519.692017
11:26:10 PM - INFO - Step  284: total_loss = 1520.975342
11:26:11 PM - DEBUG - Adding sample to PrioritizedMemoryBuffer with max priority. Current size: 668.
11:26:11 PM - INFO - Episode 669: Reward=  10.0, Length= 10, Loss=1520.9753, Memory=66.90
11:26:12 PM - DEBUG - Adding sample to PrioritizedMemoryBuffer with max priority. Current size: 669.
11:26:12 PM - INFO - Episode 670: Reward=  14.0, Length= 14, Loss=1520.9753, Memory=67.00
11:26:12 PM - DEBUG - Starting training step 285...
11:26:12 PM - DEBUG - Sampling 64 samples from PrioritizedMemoryBuffer.
11:26:12 PM - DEBUG - Recurrent inference with hidden state shape: (64, 128) and action shape: (64,)
11:26:12 PM - DEBUG - Recurrent inference with hidden state shape: (64, 128) and action shape: (64,)
11:26:12 PM - DEBUG - Recurrent inference with hidden state shape: (64, 128) and action shape: (64,)
11:26:12 PM - DEBUG - Recurrent inference with hidden state shape: (64, 128) and action shape: (64,)
11:26:12 PM - DEBUG - Recurrent inference with hidden state shape: (64, 128) and action shape: (64,)
11:26:12 PM - DEBUG - Training step 285 complete.
11:26:12 PM - INFO - Step  285: train/policy_loss = 0.843736
11:26:12 PM - INFO - Step  285: train/reward_loss = 0.510178
11:26:12 PM - INFO - Step  285: train/value_loss = 1518.019897
11:26:12 PM - INFO - Step  285: total_loss = 1519.373779
11:26:14 PM - DEBUG - Adding sample to PrioritizedMemoryBuffer with max priority. Current size: 670.
11:26:14 PM - INFO - Episode 671: Reward=  24.0, Length= 24, Loss=1519.3738, Memory=67.10
11:26:14 PM - DEBUG - Adding sample to PrioritizedMemoryBuffer with max priority. Current size: 671.
11:26:14 PM - INFO - Episode 672: Reward=  10.0, Length= 10, Loss=1519.3738, Memory=67.20
11:26:14 PM - DEBUG - Starting training step 286...
11:26:14 PM - DEBUG - Sampling 64 samples from PrioritizedMemoryBuffer.
11:26:14 PM - DEBUG - Recurrent inference with hidden state shape: (64, 128) and action shape: (64,)
11:26:14 PM - DEBUG - Recurrent inference with hidden state shape: (64, 128) and action shape: (64,)
11:26:14 PM - DEBUG - Recurrent inference with hidden state shape: (64, 128) and action shape: (64,)
11:26:14 PM - DEBUG - Recurrent inference with hidden state shape: (64, 128) and action shape: (64,)
11:26:14 PM - DEBUG - Recurrent inference with hidden state shape: (64, 128) and action shape: (64,)
11:26:15 PM - DEBUG - Training step 286 complete.
11:26:15 PM - INFO - Step  286: train/policy_loss = 0.897165
11:26:15 PM - INFO - Step  286: train/reward_loss = 0.489769
11:26:15 PM - INFO - Step  286: train/value_loss = 1311.200317
11:26:15 PM - INFO - Step  286: total_loss = 1312.587280
11:26:16 PM - DEBUG - Adding sample to PrioritizedMemoryBuffer with max priority. Current size: 672.
11:26:16 PM - INFO - Episode 673: Reward=  24.0, Length= 24, Loss=1312.5873, Memory=67.30
11:26:17 PM - DEBUG - Adding sample to PrioritizedMemoryBuffer with max priority. Current size: 673.
11:26:17 PM - INFO - Episode 674: Reward=  17.0, Length= 17, Loss=1312.5873, Memory=67.40
11:26:17 PM - DEBUG - Starting training step 287...
11:26:17 PM - DEBUG - Sampling 64 samples from PrioritizedMemoryBuffer.
11:26:17 PM - DEBUG - Recurrent inference with hidden state shape: (64, 128) and action shape: (64,)
11:26:17 PM - DEBUG - Recurrent inference with hidden state shape: (64, 128) and action shape: (64,)
11:26:17 PM - DEBUG - Recurrent inference with hidden state shape: (64, 128) and action shape: (64,)
11:26:17 PM - DEBUG - Recurrent inference with hidden state shape: (64, 128) and action shape: (64,)
11:26:17 PM - DEBUG - Recurrent inference with hidden state shape: (64, 128) and action shape: (64,)
11:26:18 PM - DEBUG - Training step 287 complete.
11:26:18 PM - INFO - Step  287: train/policy_loss = 0.933443
11:26:18 PM - INFO - Step  287: train/reward_loss = 0.416799
11:26:18 PM - INFO - Step  287: train/value_loss = 1484.343140
11:26:18 PM - INFO - Step  287: total_loss = 1485.693359
11:26:19 PM - DEBUG - Adding sample to PrioritizedMemoryBuffer with max priority. Current size: 674.
11:26:19 PM - INFO - Episode 675: Reward=  16.0, Length= 16, Loss=1485.6934, Memory=67.50
11:26:19 PM - DEBUG - Adding sample to PrioritizedMemoryBuffer with max priority. Current size: 675.
11:26:19 PM - INFO - Episode 676: Reward=  14.0, Length= 14, Loss=1485.6934, Memory=67.60
11:26:19 PM - DEBUG - Starting training step 288...
11:26:19 PM - DEBUG - Sampling 64 samples from PrioritizedMemoryBuffer.
11:26:20 PM - DEBUG - Recurrent inference with hidden state shape: (64, 128) and action shape: (64,)
11:26:20 PM - DEBUG - Recurrent inference with hidden state shape: (64, 128) and action shape: (64,)
11:26:20 PM - DEBUG - Recurrent inference with hidden state shape: (64, 128) and action shape: (64,)
11:26:20 PM - DEBUG - Recurrent inference with hidden state shape: (64, 128) and action shape: (64,)
11:26:20 PM - DEBUG - Recurrent inference with hidden state shape: (64, 128) and action shape: (64,)
11:26:20 PM - DEBUG - Training step 288 complete.
11:26:20 PM - INFO - Step  288: train/policy_loss = 0.793555
11:26:20 PM - INFO - Step  288: train/reward_loss = 0.366129
11:26:20 PM - INFO - Step  288: train/value_loss = 1733.136719
11:26:20 PM - INFO - Step  288: total_loss = 1734.296387
11:26:25 PM - DEBUG - Adding sample to PrioritizedMemoryBuffer with max priority. Current size: 676.
11:26:25 PM - INFO - Episode 677: Reward=  77.0, Length= 77, Loss=1734.2964, Memory=67.70
11:26:29 PM - DEBUG - Adding sample to PrioritizedMemoryBuffer with max priority. Current size: 677.
11:26:29 PM - INFO - Episode 678: Reward=  69.0, Length= 69, Loss=1734.2964, Memory=67.80
11:26:29 PM - DEBUG - Starting training step 289...
11:26:29 PM - DEBUG - Sampling 64 samples from PrioritizedMemoryBuffer.
11:26:29 PM - DEBUG - Recurrent inference with hidden state shape: (64, 128) and action shape: (64,)
11:26:29 PM - DEBUG - Recurrent inference with hidden state shape: (64, 128) and action shape: (64,)
11:26:29 PM - DEBUG - Recurrent inference with hidden state shape: (64, 128) and action shape: (64,)
11:26:29 PM - DEBUG - Recurrent inference with hidden state shape: (64, 128) and action shape: (64,)
11:26:29 PM - DEBUG - Recurrent inference with hidden state shape: (64, 128) and action shape: (64,)
11:26:29 PM - DEBUG - Training step 289 complete.
11:26:29 PM - INFO - Step  289: train/policy_loss = 0.665268
11:26:29 PM - INFO - Step  289: train/reward_loss = 0.341673
11:26:29 PM - INFO - Step  289: train/value_loss = 1370.056030
11:26:29 PM - INFO - Step  289: total_loss = 1371.062988
11:26:58 PM - DEBUG - Adding sample to PrioritizedMemoryBuffer with max priority. Current size: 678.
11:26:58 PM - INFO - Episode 679: Reward= 430.0, Length=430, Loss=1371.0630, Memory=67.90
11:27:01 PM - DEBUG - Adding sample to PrioritizedMemoryBuffer with max priority. Current size: 679.
11:27:01 PM - INFO - Episode 680: Reward=  45.0, Length= 45, Loss=1371.0630, Memory=68.00
11:27:01 PM - DEBUG - Starting training step 290...
11:27:01 PM - DEBUG - Sampling 64 samples from PrioritizedMemoryBuffer.
11:27:02 PM - DEBUG - Recurrent inference with hidden state shape: (64, 128) and action shape: (64,)
11:27:02 PM - DEBUG - Recurrent inference with hidden state shape: (64, 128) and action shape: (64,)
11:27:02 PM - DEBUG - Recurrent inference with hidden state shape: (64, 128) and action shape: (64,)
11:27:02 PM - DEBUG - Recurrent inference with hidden state shape: (64, 128) and action shape: (64,)
11:27:02 PM - DEBUG - Recurrent inference with hidden state shape: (64, 128) and action shape: (64,)
11:27:02 PM - DEBUG - Training step 290 complete.
11:27:02 PM - INFO - Step  290: train/policy_loss = 0.640306
11:27:02 PM - INFO - Step  290: train/reward_loss = 0.380886
11:27:02 PM - INFO - Step  290: train/value_loss = 1241.330811
11:27:02 PM - INFO - Step  290: total_loss = 1242.351929
11:27:03 PM - DEBUG - Adding sample to PrioritizedMemoryBuffer with max priority. Current size: 680.
11:27:03 PM - INFO - Episode 681: Reward=  22.0, Length= 22, Loss=1242.3519, Memory=68.10
11:27:03 PM - INFO - Progress: 34.0% | 0.11 it/s | ETA: 3:11:48
11:27:35 PM - DEBUG - Adding sample to PrioritizedMemoryBuffer with max priority. Current size: 681.
11:27:35 PM - INFO - Episode 682: Reward= 483.0, Length=483, Loss=1242.3519, Memory=68.20
11:27:35 PM - DEBUG - Starting training step 291...
11:27:35 PM - DEBUG - Sampling 64 samples from PrioritizedMemoryBuffer.
11:27:35 PM - DEBUG - Recurrent inference with hidden state shape: (64, 128) and action shape: (64,)
11:27:35 PM - DEBUG - Recurrent inference with hidden state shape: (64, 128) and action shape: (64,)
11:27:35 PM - DEBUG - Recurrent inference with hidden state shape: (64, 128) and action shape: (64,)
11:27:35 PM - DEBUG - Recurrent inference with hidden state shape: (64, 128) and action shape: (64,)
11:27:35 PM - DEBUG - Recurrent inference with hidden state shape: (64, 128) and action shape: (64,)
11:27:35 PM - DEBUG - Training step 291 complete.
11:27:35 PM - INFO - Step  291: train/policy_loss = 0.648080
11:27:35 PM - INFO - Step  291: train/reward_loss = 0.426804
11:27:35 PM - INFO - Step  291: train/value_loss = 1444.885132
11:27:35 PM - INFO - Step  291: total_loss = 1445.959961
11:27:46 PM - DEBUG - Adding sample to PrioritizedMemoryBuffer with max priority. Current size: 682.
11:27:46 PM - INFO - Episode 683: Reward= 170.0, Length=170, Loss=1445.9600, Memory=68.30
11:28:16 PM - DEBUG - Adding sample to PrioritizedMemoryBuffer with max priority. Current size: 683.
11:28:16 PM - INFO - Episode 684: Reward= 500.0, Length=500, Loss=1445.9600, Memory=68.40
11:28:16 PM - DEBUG - Starting training step 292...
11:28:16 PM - DEBUG - Sampling 64 samples from PrioritizedMemoryBuffer.
11:28:16 PM - DEBUG - Recurrent inference with hidden state shape: (64, 128) and action shape: (64,)
11:28:16 PM - DEBUG - Recurrent inference with hidden state shape: (64, 128) and action shape: (64,)
11:28:16 PM - DEBUG - Recurrent inference with hidden state shape: (64, 128) and action shape: (64,)
11:28:16 PM - DEBUG - Recurrent inference with hidden state shape: (64, 128) and action shape: (64,)
11:28:16 PM - DEBUG - Recurrent inference with hidden state shape: (64, 128) and action shape: (64,)
11:28:16 PM - DEBUG - Training step 292 complete.
11:28:16 PM - INFO - Step  292: train/policy_loss = 0.768223
11:28:16 PM - INFO - Step  292: train/reward_loss = 0.421944
11:28:16 PM - INFO - Step  292: train/value_loss = 1462.592285
11:28:16 PM - INFO - Step  292: total_loss = 1463.782471
11:28:46 PM - DEBUG - Adding sample to PrioritizedMemoryBuffer with max priority. Current size: 684.
11:28:46 PM - INFO - Episode 685: Reward= 500.0, Length=500, Loss=1463.7825, Memory=68.50
11:29:16 PM - DEBUG - Adding sample to PrioritizedMemoryBuffer with max priority. Current size: 685.
11:29:16 PM - INFO - Episode 686: Reward= 500.0, Length=500, Loss=1463.7825, Memory=68.60
11:29:16 PM - DEBUG - Starting training step 293...
11:29:16 PM - DEBUG - Sampling 64 samples from PrioritizedMemoryBuffer.
11:29:16 PM - DEBUG - Recurrent inference with hidden state shape: (64, 128) and action shape: (64,)
11:29:16 PM - DEBUG - Recurrent inference with hidden state shape: (64, 128) and action shape: (64,)
11:29:16 PM - DEBUG - Recurrent inference with hidden state shape: (64, 128) and action shape: (64,)
11:29:16 PM - DEBUG - Recurrent inference with hidden state shape: (64, 128) and action shape: (64,)
11:29:16 PM - DEBUG - Recurrent inference with hidden state shape: (64, 128) and action shape: (64,)
11:29:16 PM - DEBUG - Training step 293 complete.
11:29:16 PM - INFO - Step  293: train/policy_loss = 0.770984
11:29:16 PM - INFO - Step  293: train/reward_loss = 0.430826
11:29:16 PM - INFO - Step  293: train/value_loss = 1366.465942
11:29:16 PM - INFO - Step  293: total_loss = 1367.667725
11:29:46 PM - DEBUG - Adding sample to PrioritizedMemoryBuffer with max priority. Current size: 686.
11:29:46 PM - INFO - Episode 687: Reward= 500.0, Length=500, Loss=1367.6677, Memory=68.70
11:29:53 PM - DEBUG - Adding sample to PrioritizedMemoryBuffer with max priority. Current size: 687.
11:29:53 PM - INFO - Episode 688: Reward= 110.0, Length=110, Loss=1367.6677, Memory=68.80
11:29:53 PM - DEBUG - Starting training step 294...
11:29:53 PM - DEBUG - Sampling 64 samples from PrioritizedMemoryBuffer.
11:29:53 PM - DEBUG - Recurrent inference with hidden state shape: (64, 128) and action shape: (64,)
11:29:53 PM - DEBUG - Recurrent inference with hidden state shape: (64, 128) and action shape: (64,)
11:29:53 PM - DEBUG - Recurrent inference with hidden state shape: (64, 128) and action shape: (64,)
11:29:53 PM - DEBUG - Recurrent inference with hidden state shape: (64, 128) and action shape: (64,)
11:29:53 PM - DEBUG - Recurrent inference with hidden state shape: (64, 128) and action shape: (64,)
11:29:53 PM - DEBUG - Training step 294 complete.
11:29:53 PM - INFO - Step  294: train/policy_loss = 0.789175
11:29:53 PM - INFO - Step  294: train/reward_loss = 0.426205
11:29:53 PM - INFO - Step  294: train/value_loss = 1090.720581
11:29:53 PM - INFO - Step  294: total_loss = 1091.935913
11:30:23 PM - DEBUG - Adding sample to PrioritizedMemoryBuffer with max priority. Current size: 688.
11:30:23 PM - INFO - Episode 689: Reward= 500.0, Length=500, Loss=1091.9359, Memory=68.90
11:30:46 PM - DEBUG - Adding sample to PrioritizedMemoryBuffer with max priority. Current size: 689.
11:30:46 PM - INFO - Episode 690: Reward= 372.0, Length=372, Loss=1091.9359, Memory=69.00
11:30:46 PM - DEBUG - Starting training step 295...
11:30:46 PM - DEBUG - Sampling 64 samples from PrioritizedMemoryBuffer.
11:30:46 PM - DEBUG - Recurrent inference with hidden state shape: (64, 128) and action shape: (64,)
11:30:46 PM - DEBUG - Recurrent inference with hidden state shape: (64, 128) and action shape: (64,)
11:30:46 PM - DEBUG - Recurrent inference with hidden state shape: (64, 128) and action shape: (64,)
11:30:46 PM - DEBUG - Recurrent inference with hidden state shape: (64, 128) and action shape: (64,)
11:30:46 PM - DEBUG - Recurrent inference with hidden state shape: (64, 128) and action shape: (64,)
11:30:46 PM - DEBUG - Training step 295 complete.
11:30:46 PM - INFO - Step  295: train/policy_loss = 0.651775
11:30:46 PM - INFO - Step  295: train/reward_loss = 0.391041
11:30:46 PM - INFO - Step  295: train/value_loss = 1134.977905
11:30:46 PM - INFO - Step  295: total_loss = 1136.020630
11:31:16 PM - DEBUG - Adding sample to PrioritizedMemoryBuffer with max priority. Current size: 690.
11:31:16 PM - INFO - Episode 691: Reward= 500.0, Length=500, Loss=1136.0206, Memory=69.10
11:31:46 PM - DEBUG - Adding sample to PrioritizedMemoryBuffer with max priority. Current size: 691.
11:31:46 PM - INFO - Episode 692: Reward= 500.0, Length=500, Loss=1136.0206, Memory=69.20
11:31:46 PM - DEBUG - Starting training step 296...
11:31:46 PM - DEBUG - Sampling 64 samples from PrioritizedMemoryBuffer.
11:31:46 PM - DEBUG - Recurrent inference with hidden state shape: (64, 128) and action shape: (64,)
11:31:46 PM - DEBUG - Recurrent inference with hidden state shape: (64, 128) and action shape: (64,)
11:31:46 PM - DEBUG - Recurrent inference with hidden state shape: (64, 128) and action shape: (64,)
11:31:46 PM - DEBUG - Recurrent inference with hidden state shape: (64, 128) and action shape: (64,)
11:31:46 PM - DEBUG - Recurrent inference with hidden state shape: (64, 128) and action shape: (64,)
11:31:46 PM - DEBUG - Training step 296 complete.
11:31:46 PM - INFO - Step  296: train/policy_loss = 0.597520
11:31:46 PM - INFO - Step  296: train/reward_loss = 0.336708
11:31:46 PM - INFO - Step  296: train/value_loss = 1518.024780
11:31:46 PM - INFO - Step  296: total_loss = 1518.958984
11:32:17 PM - DEBUG - Adding sample to PrioritizedMemoryBuffer with max priority. Current size: 692.
11:32:17 PM - INFO - Episode 693: Reward= 500.0, Length=500, Loss=1518.9590, Memory=69.30
11:32:28 PM - DEBUG - Adding sample to PrioritizedMemoryBuffer with max priority. Current size: 693.
11:32:28 PM - INFO - Episode 694: Reward= 171.0, Length=171, Loss=1518.9590, Memory=69.40
11:32:28 PM - DEBUG - Starting training step 297...
11:32:28 PM - DEBUG - Sampling 64 samples from PrioritizedMemoryBuffer.
11:32:28 PM - DEBUG - Recurrent inference with hidden state shape: (64, 128) and action shape: (64,)
11:32:28 PM - DEBUG - Recurrent inference with hidden state shape: (64, 128) and action shape: (64,)
11:32:28 PM - DEBUG - Recurrent inference with hidden state shape: (64, 128) and action shape: (64,)
11:32:28 PM - DEBUG - Recurrent inference with hidden state shape: (64, 128) and action shape: (64,)
11:32:28 PM - DEBUG - Recurrent inference with hidden state shape: (64, 128) and action shape: (64,)
11:32:28 PM - DEBUG - Training step 297 complete.
11:32:28 PM - INFO - Step  297: train/policy_loss = 0.620539
11:32:28 PM - INFO - Step  297: train/reward_loss = 0.333978
11:32:28 PM - INFO - Step  297: train/value_loss = 1374.802368
11:32:28 PM - INFO - Step  297: total_loss = 1375.756836
11:32:58 PM - DEBUG - Adding sample to PrioritizedMemoryBuffer with max priority. Current size: 694.
11:32:58 PM - INFO - Episode 695: Reward= 500.0, Length=500, Loss=1375.7568, Memory=69.50
11:33:28 PM - DEBUG - Adding sample to PrioritizedMemoryBuffer with max priority. Current size: 695.
11:33:28 PM - INFO - Episode 696: Reward= 500.0, Length=500, Loss=1375.7568, Memory=69.60
11:33:28 PM - DEBUG - Starting training step 298...
11:33:28 PM - DEBUG - Sampling 64 samples from PrioritizedMemoryBuffer.
11:33:28 PM - DEBUG - Recurrent inference with hidden state shape: (64, 128) and action shape: (64,)
11:33:28 PM - DEBUG - Recurrent inference with hidden state shape: (64, 128) and action shape: (64,)
11:33:28 PM - DEBUG - Recurrent inference with hidden state shape: (64, 128) and action shape: (64,)
11:33:28 PM - DEBUG - Recurrent inference with hidden state shape: (64, 128) and action shape: (64,)
11:33:29 PM - DEBUG - Recurrent inference with hidden state shape: (64, 128) and action shape: (64,)
11:33:29 PM - DEBUG - Training step 298 complete.
11:33:29 PM - INFO - Step  298: train/policy_loss = 0.651122
11:33:29 PM - INFO - Step  298: train/reward_loss = 0.373053
11:33:29 PM - INFO - Step  298: train/value_loss = 970.726257
11:33:29 PM - INFO - Step  298: total_loss = 971.750427
11:33:38 PM - DEBUG - Adding sample to PrioritizedMemoryBuffer with max priority. Current size: 696.
11:33:38 PM - INFO - Episode 697: Reward= 149.0, Length=149, Loss=971.7504, Memory=69.70
11:34:08 PM - DEBUG - Adding sample to PrioritizedMemoryBuffer with max priority. Current size: 697.
11:34:08 PM - INFO - Episode 698: Reward= 500.0, Length=500, Loss=971.7504, Memory=69.80
11:34:08 PM - DEBUG - Starting training step 299...
11:34:08 PM - DEBUG - Sampling 64 samples from PrioritizedMemoryBuffer.
11:34:08 PM - DEBUG - Recurrent inference with hidden state shape: (64, 128) and action shape: (64,)
11:34:08 PM - DEBUG - Recurrent inference with hidden state shape: (64, 128) and action shape: (64,)
11:34:08 PM - DEBUG - Recurrent inference with hidden state shape: (64, 128) and action shape: (64,)
11:34:08 PM - DEBUG - Recurrent inference with hidden state shape: (64, 128) and action shape: (64,)
11:34:08 PM - DEBUG - Recurrent inference with hidden state shape: (64, 128) and action shape: (64,)
11:34:08 PM - DEBUG - Training step 299 complete.
11:34:08 PM - INFO - Step  299: train/policy_loss = 0.678676
11:34:08 PM - INFO - Step  299: train/reward_loss = 0.368918
11:34:08 PM - INFO - Step  299: train/value_loss = 1458.206055
11:34:08 PM - INFO - Step  299: total_loss = 1459.253662
11:34:39 PM - DEBUG - Adding sample to PrioritizedMemoryBuffer with max priority. Current size: 698.
11:34:39 PM - INFO - Episode 699: Reward= 500.0, Length=500, Loss=1459.2537, Memory=69.90
11:34:50 PM - DEBUG - Adding sample to PrioritizedMemoryBuffer with max priority. Current size: 699.
11:34:50 PM - INFO - Episode 700: Reward= 144.0, Length=144, Loss=1459.2537, Memory=70.00
11:34:50 PM - DEBUG - Starting training step 300...
11:34:50 PM - DEBUG - Sampling 64 samples from PrioritizedMemoryBuffer.
11:34:50 PM - DEBUG - Recurrent inference with hidden state shape: (64, 128) and action shape: (64,)
11:34:50 PM - DEBUG - Recurrent inference with hidden state shape: (64, 128) and action shape: (64,)
11:34:50 PM - DEBUG - Recurrent inference with hidden state shape: (64, 128) and action shape: (64,)
11:34:50 PM - DEBUG - Recurrent inference with hidden state shape: (64, 128) and action shape: (64,)
11:34:50 PM - DEBUG - Recurrent inference with hidden state shape: (64, 128) and action shape: (64,)
11:34:50 PM - DEBUG - Training step 300 complete.
11:34:50 PM - INFO - Step  300: train/policy_loss = 0.686669
11:34:50 PM - INFO - Step  300: train/reward_loss = 0.296366
11:34:50 PM - INFO - Step  300: train/value_loss = 1248.569458
11:34:50 PM - INFO - Step  300: total_loss = 1249.552490
11:34:50 PM - DEBUG - Saving agent state.
11:34:50 PM - INFO - Checkpoint saved to checkpoints/CartPole-v1/20250720_230602/episode_00700.pkl
11:35:21 PM - DEBUG - Adding sample to PrioritizedMemoryBuffer with max priority. Current size: 700.
11:35:21 PM - INFO - Episode 701: Reward= 500.0, Length=500, Loss=1249.5525, Memory=70.10
11:35:21 PM - INFO - Progress: 35.0% | 0.05 it/s | ETA: 7:46:45
11:35:49 PM - DEBUG - Adding sample to PrioritizedMemoryBuffer with max priority. Current size: 701.
11:35:49 PM - INFO - Episode 702: Reward= 431.0, Length=431, Loss=1249.5525, Memory=70.20
11:35:49 PM - DEBUG - Starting training step 301...
11:35:49 PM - DEBUG - Sampling 64 samples from PrioritizedMemoryBuffer.
11:35:49 PM - DEBUG - Recurrent inference with hidden state shape: (64, 128) and action shape: (64,)
11:35:49 PM - DEBUG - Recurrent inference with hidden state shape: (64, 128) and action shape: (64,)
11:35:49 PM - DEBUG - Recurrent inference with hidden state shape: (64, 128) and action shape: (64,)
11:35:49 PM - DEBUG - Recurrent inference with hidden state shape: (64, 128) and action shape: (64,)
11:35:49 PM - DEBUG - Recurrent inference with hidden state shape: (64, 128) and action shape: (64,)
11:35:49 PM - DEBUG - Training step 301 complete.
11:35:49 PM - INFO - Step  301: train/policy_loss = 0.664047
11:35:49 PM - INFO - Step  301: train/reward_loss = 0.316507
11:35:49 PM - INFO - Step  301: train/value_loss = 1412.873901
11:35:49 PM - INFO - Step  301: total_loss = 1413.854492
11:36:07 PM - DEBUG - Adding sample to PrioritizedMemoryBuffer with max priority. Current size: 702.
11:36:07 PM - INFO - Episode 703: Reward= 303.0, Length=303, Loss=1413.8545, Memory=70.30
11:36:37 PM - DEBUG - Adding sample to PrioritizedMemoryBuffer with max priority. Current size: 703.
11:36:37 PM - INFO - Episode 704: Reward= 500.0, Length=500, Loss=1413.8545, Memory=70.40
11:36:37 PM - DEBUG - Starting training step 302...
11:36:37 PM - DEBUG - Sampling 64 samples from PrioritizedMemoryBuffer.
11:36:37 PM - DEBUG - Recurrent inference with hidden state shape: (64, 128) and action shape: (64,)
11:36:37 PM - DEBUG - Recurrent inference with hidden state shape: (64, 128) and action shape: (64,)
11:36:38 PM - DEBUG - Recurrent inference with hidden state shape: (64, 128) and action shape: (64,)
11:36:38 PM - DEBUG - Recurrent inference with hidden state shape: (64, 128) and action shape: (64,)
11:36:38 PM - DEBUG - Recurrent inference with hidden state shape: (64, 128) and action shape: (64,)
11:36:38 PM - DEBUG - Training step 302 complete.
11:36:38 PM - INFO - Step  302: train/policy_loss = 0.699370
11:36:38 PM - INFO - Step  302: train/reward_loss = 0.342741
11:36:38 PM - INFO - Step  302: train/value_loss = 1493.211914
11:36:38 PM - INFO - Step  302: total_loss = 1494.254028
11:37:08 PM - DEBUG - Adding sample to PrioritizedMemoryBuffer with max priority. Current size: 704.
11:37:08 PM - INFO - Episode 705: Reward= 500.0, Length=500, Loss=1494.2540, Memory=70.50
11:37:32 PM - DEBUG - Adding sample to PrioritizedMemoryBuffer with max priority. Current size: 705.
11:37:32 PM - INFO - Episode 706: Reward= 395.0, Length=395, Loss=1494.2540, Memory=70.60
11:37:32 PM - DEBUG - Starting training step 303...
11:37:32 PM - DEBUG - Sampling 64 samples from PrioritizedMemoryBuffer.
11:37:32 PM - DEBUG - Recurrent inference with hidden state shape: (64, 128) and action shape: (64,)
11:37:32 PM - DEBUG - Recurrent inference with hidden state shape: (64, 128) and action shape: (64,)
11:37:32 PM - DEBUG - Recurrent inference with hidden state shape: (64, 128) and action shape: (64,)
11:37:32 PM - DEBUG - Recurrent inference with hidden state shape: (64, 128) and action shape: (64,)
11:37:32 PM - DEBUG - Recurrent inference with hidden state shape: (64, 128) and action shape: (64,)
11:37:32 PM - DEBUG - Training step 303 complete.
11:37:32 PM - INFO - Step  303: train/policy_loss = 0.657497
11:37:32 PM - INFO - Step  303: train/reward_loss = 0.315892
11:37:32 PM - INFO - Step  303: train/value_loss = 1105.197144
11:37:32 PM - INFO - Step  303: total_loss = 1106.170532
11:37:45 PM - DEBUG - Adding sample to PrioritizedMemoryBuffer with max priority. Current size: 706.
11:37:45 PM - INFO - Episode 707: Reward= 218.0, Length=218, Loss=1106.1705, Memory=70.70
11:38:07 PM - DEBUG - Adding sample to PrioritizedMemoryBuffer with max priority. Current size: 707.
11:38:07 PM - INFO - Episode 708: Reward= 351.0, Length=351, Loss=1106.1705, Memory=70.80
11:38:07 PM - DEBUG - Starting training step 304...
11:38:07 PM - DEBUG - Sampling 64 samples from PrioritizedMemoryBuffer.
11:38:07 PM - DEBUG - Recurrent inference with hidden state shape: (64, 128) and action shape: (64,)
11:38:07 PM - DEBUG - Recurrent inference with hidden state shape: (64, 128) and action shape: (64,)
11:38:07 PM - DEBUG - Recurrent inference with hidden state shape: (64, 128) and action shape: (64,)
11:38:07 PM - DEBUG - Recurrent inference with hidden state shape: (64, 128) and action shape: (64,)
11:38:07 PM - DEBUG - Recurrent inference with hidden state shape: (64, 128) and action shape: (64,)
11:38:07 PM - DEBUG - Training step 304 complete.
11:38:07 PM - INFO - Step  304: train/policy_loss = 0.701138
11:38:07 PM - INFO - Step  304: train/reward_loss = 0.370676
11:38:07 PM - INFO - Step  304: train/value_loss = 1341.708862
11:38:07 PM - INFO - Step  304: total_loss = 1342.780762
11:38:38 PM - DEBUG - Adding sample to PrioritizedMemoryBuffer with max priority. Current size: 708.
11:38:38 PM - INFO - Episode 709: Reward= 500.0, Length=500, Loss=1342.7808, Memory=70.90
11:38:44 PM - DEBUG - Adding sample to PrioritizedMemoryBuffer with max priority. Current size: 709.
11:38:44 PM - INFO - Episode 710: Reward= 103.0, Length=103, Loss=1342.7808, Memory=71.00
11:38:44 PM - DEBUG - Starting training step 305...
11:38:44 PM - DEBUG - Sampling 64 samples from PrioritizedMemoryBuffer.
11:38:44 PM - DEBUG - Recurrent inference with hidden state shape: (64, 128) and action shape: (64,)
11:38:44 PM - DEBUG - Recurrent inference with hidden state shape: (64, 128) and action shape: (64,)
11:38:44 PM - DEBUG - Recurrent inference with hidden state shape: (64, 128) and action shape: (64,)
11:38:44 PM - DEBUG - Recurrent inference with hidden state shape: (64, 128) and action shape: (64,)
11:38:44 PM - DEBUG - Recurrent inference with hidden state shape: (64, 128) and action shape: (64,)
11:38:44 PM - DEBUG - Training step 305 complete.
11:38:44 PM - INFO - Step  305: train/policy_loss = 0.669975
11:38:44 PM - INFO - Step  305: train/reward_loss = 0.353690
11:38:44 PM - INFO - Step  305: train/value_loss = 1167.698608
11:38:44 PM - INFO - Step  305: total_loss = 1168.722168
11:39:15 PM - DEBUG - Adding sample to PrioritizedMemoryBuffer with max priority. Current size: 710.
11:39:15 PM - INFO - Episode 711: Reward= 500.0, Length=500, Loss=1168.7222, Memory=71.10
11:39:45 PM - DEBUG - Adding sample to PrioritizedMemoryBuffer with max priority. Current size: 711.
11:39:45 PM - INFO - Episode 712: Reward= 500.0, Length=500, Loss=1168.7222, Memory=71.20
11:39:45 PM - DEBUG - Starting training step 306...
11:39:45 PM - DEBUG - Sampling 64 samples from PrioritizedMemoryBuffer.
11:39:45 PM - DEBUG - Recurrent inference with hidden state shape: (64, 128) and action shape: (64,)
11:39:45 PM - DEBUG - Recurrent inference with hidden state shape: (64, 128) and action shape: (64,)
11:39:45 PM - DEBUG - Recurrent inference with hidden state shape: (64, 128) and action shape: (64,)
11:39:45 PM - DEBUG - Recurrent inference with hidden state shape: (64, 128) and action shape: (64,)
11:39:45 PM - DEBUG - Recurrent inference with hidden state shape: (64, 128) and action shape: (64,)
11:39:45 PM - DEBUG - Training step 306 complete.
11:39:45 PM - INFO - Step  306: train/policy_loss = 0.723676
11:39:45 PM - INFO - Step  306: train/reward_loss = 0.376265
11:39:45 PM - INFO - Step  306: train/value_loss = 1176.871094
11:39:45 PM - INFO - Step  306: total_loss = 1177.970947
11:40:15 PM - DEBUG - Adding sample to PrioritizedMemoryBuffer with max priority. Current size: 712.
11:40:15 PM - INFO - Episode 713: Reward= 500.0, Length=500, Loss=1177.9709, Memory=71.30
11:40:46 PM - DEBUG - Adding sample to PrioritizedMemoryBuffer with max priority. Current size: 713.
11:40:46 PM - INFO - Episode 714: Reward= 500.0, Length=500, Loss=1177.9709, Memory=71.40
11:40:46 PM - DEBUG - Starting training step 307...
11:40:46 PM - DEBUG - Sampling 64 samples from PrioritizedMemoryBuffer.
11:40:46 PM - DEBUG - Recurrent inference with hidden state shape: (64, 128) and action shape: (64,)
11:40:46 PM - DEBUG - Recurrent inference with hidden state shape: (64, 128) and action shape: (64,)
11:40:46 PM - DEBUG - Recurrent inference with hidden state shape: (64, 128) and action shape: (64,)
11:40:46 PM - DEBUG - Recurrent inference with hidden state shape: (64, 128) and action shape: (64,)
11:40:46 PM - DEBUG - Recurrent inference with hidden state shape: (64, 128) and action shape: (64,)
11:40:46 PM - DEBUG - Training step 307 complete.
11:40:46 PM - INFO - Step  307: train/policy_loss = 0.635736
11:40:46 PM - INFO - Step  307: train/reward_loss = 0.328351
11:40:46 PM - INFO - Step  307: train/value_loss = 1417.333862
11:40:46 PM - INFO - Step  307: total_loss = 1418.297974
11:41:04 PM - DEBUG - Adding sample to PrioritizedMemoryBuffer with max priority. Current size: 714.
11:41:04 PM - INFO - Episode 715: Reward= 294.0, Length=294, Loss=1418.2980, Memory=71.50
11:41:34 PM - DEBUG - Adding sample to PrioritizedMemoryBuffer with max priority. Current size: 715.
11:41:34 PM - INFO - Episode 716: Reward= 500.0, Length=500, Loss=1418.2980, Memory=71.60
11:41:34 PM - DEBUG - Starting training step 308...
11:41:34 PM - DEBUG - Sampling 64 samples from PrioritizedMemoryBuffer.
11:41:34 PM - DEBUG - Recurrent inference with hidden state shape: (64, 128) and action shape: (64,)
11:41:34 PM - DEBUG - Recurrent inference with hidden state shape: (64, 128) and action shape: (64,)
11:41:34 PM - DEBUG - Recurrent inference with hidden state shape: (64, 128) and action shape: (64,)
11:41:34 PM - DEBUG - Recurrent inference with hidden state shape: (64, 128) and action shape: (64,)
11:41:34 PM - DEBUG - Recurrent inference with hidden state shape: (64, 128) and action shape: (64,)
11:41:34 PM - DEBUG - Training step 308 complete.
11:41:34 PM - INFO - Step  308: train/policy_loss = 0.617862
11:41:34 PM - INFO - Step  308: train/reward_loss = 0.348987
11:41:34 PM - INFO - Step  308: train/value_loss = 1362.775024
11:41:34 PM - INFO - Step  308: total_loss = 1363.741943
11:41:45 PM - DEBUG - Adding sample to PrioritizedMemoryBuffer with max priority. Current size: 716.
11:41:45 PM - INFO - Episode 717: Reward= 179.0, Length=179, Loss=1363.7419, Memory=71.70
11:42:15 PM - DEBUG - Adding sample to PrioritizedMemoryBuffer with max priority. Current size: 717.
11:42:15 PM - INFO - Episode 718: Reward= 500.0, Length=500, Loss=1363.7419, Memory=71.80
11:42:15 PM - DEBUG - Starting training step 309...
11:42:15 PM - DEBUG - Sampling 64 samples from PrioritizedMemoryBuffer.
11:42:15 PM - DEBUG - Recurrent inference with hidden state shape: (64, 128) and action shape: (64,)
11:42:15 PM - DEBUG - Recurrent inference with hidden state shape: (64, 128) and action shape: (64,)
11:42:15 PM - DEBUG - Recurrent inference with hidden state shape: (64, 128) and action shape: (64,)
11:42:15 PM - DEBUG - Recurrent inference with hidden state shape: (64, 128) and action shape: (64,)
11:42:15 PM - DEBUG - Recurrent inference with hidden state shape: (64, 128) and action shape: (64,)
11:42:15 PM - DEBUG - Training step 309 complete.
11:42:15 PM - INFO - Step  309: train/policy_loss = 0.682513
11:42:15 PM - INFO - Step  309: train/reward_loss = 0.340070
11:42:15 PM - INFO - Step  309: train/value_loss = 1153.423462
11:42:15 PM - INFO - Step  309: total_loss = 1154.446045
11:42:46 PM - DEBUG - Adding sample to PrioritizedMemoryBuffer with max priority. Current size: 718.
11:42:46 PM - INFO - Episode 719: Reward= 500.0, Length=500, Loss=1154.4460, Memory=71.90
11:43:16 PM - DEBUG - Adding sample to PrioritizedMemoryBuffer with max priority. Current size: 719.
11:43:16 PM - INFO - Episode 720: Reward= 500.0, Length=500, Loss=1154.4460, Memory=72.00
11:43:16 PM - DEBUG - Starting training step 310...
11:43:16 PM - DEBUG - Sampling 64 samples from PrioritizedMemoryBuffer.
11:43:16 PM - DEBUG - Recurrent inference with hidden state shape: (64, 128) and action shape: (64,)
11:43:16 PM - DEBUG - Recurrent inference with hidden state shape: (64, 128) and action shape: (64,)
11:43:16 PM - DEBUG - Recurrent inference with hidden state shape: (64, 128) and action shape: (64,)
11:43:16 PM - DEBUG - Recurrent inference with hidden state shape: (64, 128) and action shape: (64,)
11:43:16 PM - DEBUG - Recurrent inference with hidden state shape: (64, 128) and action shape: (64,)
11:43:16 PM - DEBUG - Training step 310 complete.
11:43:16 PM - INFO - Step  310: train/policy_loss = 0.737750
11:43:16 PM - INFO - Step  310: train/reward_loss = 0.342519
11:43:16 PM - INFO - Step  310: train/value_loss = 1514.763672
11:43:16 PM - INFO - Step  310: total_loss = 1515.843994
11:43:46 PM - DEBUG - Adding sample to PrioritizedMemoryBuffer with max priority. Current size: 720.
11:43:46 PM - INFO - Episode 721: Reward= 500.0, Length=500, Loss=1515.8440, Memory=72.10
11:43:46 PM - INFO - Progress: 36.0% | 0.04 it/s | ETA: 9:46:37
11:43:56 PM - DEBUG - Adding sample to PrioritizedMemoryBuffer with max priority. Current size: 721.
11:43:56 PM - INFO - Episode 722: Reward= 159.0, Length=159, Loss=1515.8440, Memory=72.20
11:43:56 PM - DEBUG - Starting training step 311...
11:43:56 PM - DEBUG - Sampling 64 samples from PrioritizedMemoryBuffer.
11:43:56 PM - DEBUG - Recurrent inference with hidden state shape: (64, 128) and action shape: (64,)
11:43:56 PM - DEBUG - Recurrent inference with hidden state shape: (64, 128) and action shape: (64,)
11:43:56 PM - DEBUG - Recurrent inference with hidden state shape: (64, 128) and action shape: (64,)
11:43:56 PM - DEBUG - Recurrent inference with hidden state shape: (64, 128) and action shape: (64,)
11:43:56 PM - DEBUG - Recurrent inference with hidden state shape: (64, 128) and action shape: (64,)
11:43:56 PM - DEBUG - Training step 311 complete.
11:43:56 PM - INFO - Step  311: train/policy_loss = 0.685441
11:43:56 PM - INFO - Step  311: train/reward_loss = 0.307616
11:43:56 PM - INFO - Step  311: train/value_loss = 1346.727417
11:43:56 PM - INFO - Step  311: total_loss = 1347.720459
11:44:27 PM - DEBUG - Adding sample to PrioritizedMemoryBuffer with max priority. Current size: 722.
11:44:27 PM - INFO - Episode 723: Reward= 500.0, Length=500, Loss=1347.7205, Memory=72.30
11:44:57 PM - DEBUG - Adding sample to PrioritizedMemoryBuffer with max priority. Current size: 723.
11:44:57 PM - INFO - Episode 724: Reward= 500.0, Length=500, Loss=1347.7205, Memory=72.40
11:44:57 PM - DEBUG - Starting training step 312...
11:44:57 PM - DEBUG - Sampling 64 samples from PrioritizedMemoryBuffer.
11:44:57 PM - DEBUG - Recurrent inference with hidden state shape: (64, 128) and action shape: (64,)
11:44:57 PM - DEBUG - Recurrent inference with hidden state shape: (64, 128) and action shape: (64,)
11:44:57 PM - DEBUG - Recurrent inference with hidden state shape: (64, 128) and action shape: (64,)
11:44:57 PM - DEBUG - Recurrent inference with hidden state shape: (64, 128) and action shape: (64,)
11:44:57 PM - DEBUG - Recurrent inference with hidden state shape: (64, 128) and action shape: (64,)
11:44:57 PM - DEBUG - Training step 312 complete.
11:44:57 PM - INFO - Step  312: train/policy_loss = 0.685714
11:44:57 PM - INFO - Step  312: train/reward_loss = 0.331830
11:44:57 PM - INFO - Step  312: train/value_loss = 1482.128906
11:44:57 PM - INFO - Step  312: total_loss = 1483.146362
11:45:07 PM - DEBUG - Adding sample to PrioritizedMemoryBuffer with max priority. Current size: 724.
11:45:07 PM - INFO - Episode 725: Reward= 162.0, Length=162, Loss=1483.1464, Memory=72.50
11:45:17 PM - DEBUG - Adding sample to PrioritizedMemoryBuffer with max priority. Current size: 725.
11:45:17 PM - INFO - Episode 726: Reward= 171.0, Length=171, Loss=1483.1464, Memory=72.60
11:45:17 PM - DEBUG - Starting training step 313...
11:45:17 PM - DEBUG - Sampling 64 samples from PrioritizedMemoryBuffer.
11:45:18 PM - DEBUG - Recurrent inference with hidden state shape: (64, 128) and action shape: (64,)
11:45:18 PM - DEBUG - Recurrent inference with hidden state shape: (64, 128) and action shape: (64,)
11:45:18 PM - DEBUG - Recurrent inference with hidden state shape: (64, 128) and action shape: (64,)
11:45:18 PM - DEBUG - Recurrent inference with hidden state shape: (64, 128) and action shape: (64,)
11:45:18 PM - DEBUG - Recurrent inference with hidden state shape: (64, 128) and action shape: (64,)
11:45:18 PM - DEBUG - Training step 313 complete.
11:45:18 PM - INFO - Step  313: train/policy_loss = 0.706219
11:45:18 PM - INFO - Step  313: train/reward_loss = 0.367038
11:45:18 PM - INFO - Step  313: train/value_loss = 1736.305542
11:45:18 PM - INFO - Step  313: total_loss = 1737.378784
11:45:48 PM - DEBUG - Adding sample to PrioritizedMemoryBuffer with max priority. Current size: 726.
11:45:48 PM - INFO - Episode 727: Reward= 500.0, Length=500, Loss=1737.3788, Memory=72.70
11:46:18 PM - DEBUG - Adding sample to PrioritizedMemoryBuffer with max priority. Current size: 727.
11:46:18 PM - INFO - Episode 728: Reward= 500.0, Length=500, Loss=1737.3788, Memory=72.80
11:46:18 PM - DEBUG - Starting training step 314...
11:46:18 PM - DEBUG - Sampling 64 samples from PrioritizedMemoryBuffer.
11:46:18 PM - DEBUG - Recurrent inference with hidden state shape: (64, 128) and action shape: (64,)
11:46:18 PM - DEBUG - Recurrent inference with hidden state shape: (64, 128) and action shape: (64,)
11:46:18 PM - DEBUG - Recurrent inference with hidden state shape: (64, 128) and action shape: (64,)
11:46:18 PM - DEBUG - Recurrent inference with hidden state shape: (64, 128) and action shape: (64,)
11:46:18 PM - DEBUG - Recurrent inference with hidden state shape: (64, 128) and action shape: (64,)
11:46:18 PM - DEBUG - Training step 314 complete.
11:46:18 PM - INFO - Step  314: train/policy_loss = 0.671809
11:46:18 PM - INFO - Step  314: train/reward_loss = 0.373864
11:46:18 PM - INFO - Step  314: train/value_loss = 1566.604980
11:46:18 PM - INFO - Step  314: total_loss = 1567.650635
11:46:48 PM - DEBUG - Adding sample to PrioritizedMemoryBuffer with max priority. Current size: 728.
11:46:48 PM - INFO - Episode 729: Reward= 500.0, Length=500, Loss=1567.6506, Memory=72.90
11:47:14 PM - DEBUG - Adding sample to PrioritizedMemoryBuffer with max priority. Current size: 729.
11:47:14 PM - INFO - Episode 730: Reward= 425.0, Length=425, Loss=1567.6506, Memory=73.00
11:47:14 PM - DEBUG - Starting training step 315...
11:47:14 PM - DEBUG - Sampling 64 samples from PrioritizedMemoryBuffer.
11:47:14 PM - DEBUG - Recurrent inference with hidden state shape: (64, 128) and action shape: (64,)
11:47:14 PM - DEBUG - Recurrent inference with hidden state shape: (64, 128) and action shape: (64,)
11:47:14 PM - DEBUG - Recurrent inference with hidden state shape: (64, 128) and action shape: (64,)
11:47:14 PM - DEBUG - Recurrent inference with hidden state shape: (64, 128) and action shape: (64,)
11:47:14 PM - DEBUG - Recurrent inference with hidden state shape: (64, 128) and action shape: (64,)
11:47:14 PM - DEBUG - Training step 315 complete.
11:47:14 PM - INFO - Step  315: train/policy_loss = 0.666321
11:47:14 PM - INFO - Step  315: train/reward_loss = 0.464522
11:47:14 PM - INFO - Step  315: train/value_loss = 1464.695312
11:47:14 PM - INFO - Step  315: total_loss = 1465.826050
11:47:44 PM - DEBUG - Adding sample to PrioritizedMemoryBuffer with max priority. Current size: 730.
11:47:44 PM - INFO - Episode 731: Reward= 500.0, Length=500, Loss=1465.8260, Memory=73.10
11:48:15 PM - DEBUG - Adding sample to PrioritizedMemoryBuffer with max priority. Current size: 731.
11:48:15 PM - INFO - Episode 732: Reward= 500.0, Length=500, Loss=1465.8260, Memory=73.20
11:48:15 PM - DEBUG - Starting training step 316...
11:48:15 PM - DEBUG - Sampling 64 samples from PrioritizedMemoryBuffer.
11:48:15 PM - DEBUG - Recurrent inference with hidden state shape: (64, 128) and action shape: (64,)
11:48:15 PM - DEBUG - Recurrent inference with hidden state shape: (64, 128) and action shape: (64,)
11:48:15 PM - DEBUG - Recurrent inference with hidden state shape: (64, 128) and action shape: (64,)
11:48:15 PM - DEBUG - Recurrent inference with hidden state shape: (64, 128) and action shape: (64,)
11:48:15 PM - DEBUG - Recurrent inference with hidden state shape: (64, 128) and action shape: (64,)
11:48:15 PM - DEBUG - Training step 316 complete.
11:48:15 PM - INFO - Step  316: train/policy_loss = 0.662371
11:48:15 PM - INFO - Step  316: train/reward_loss = 0.435554
11:48:15 PM - INFO - Step  316: train/value_loss = 1487.388672
11:48:15 PM - INFO - Step  316: total_loss = 1488.486572
11:48:32 PM - DEBUG - Adding sample to PrioritizedMemoryBuffer with max priority. Current size: 732.
11:48:32 PM - INFO - Episode 733: Reward= 283.0, Length=283, Loss=1488.4866, Memory=73.30
11:49:02 PM - DEBUG - Adding sample to PrioritizedMemoryBuffer with max priority. Current size: 733.
11:49:02 PM - INFO - Episode 734: Reward= 500.0, Length=500, Loss=1488.4866, Memory=73.40
11:49:02 PM - DEBUG - Starting training step 317...
11:49:02 PM - DEBUG - Sampling 64 samples from PrioritizedMemoryBuffer.
11:49:02 PM - DEBUG - Recurrent inference with hidden state shape: (64, 128) and action shape: (64,)
11:49:02 PM - DEBUG - Recurrent inference with hidden state shape: (64, 128) and action shape: (64,)
11:49:02 PM - DEBUG - Recurrent inference with hidden state shape: (64, 128) and action shape: (64,)
11:49:02 PM - DEBUG - Recurrent inference with hidden state shape: (64, 128) and action shape: (64,)
11:49:02 PM - DEBUG - Recurrent inference with hidden state shape: (64, 128) and action shape: (64,)
11:49:02 PM - DEBUG - Training step 317 complete.
11:49:02 PM - INFO - Step  317: train/policy_loss = 0.653129
11:49:02 PM - INFO - Step  317: train/reward_loss = 0.389727
11:49:02 PM - INFO - Step  317: train/value_loss = 1739.083008
11:49:02 PM - INFO - Step  317: total_loss = 1740.125854
11:49:33 PM - DEBUG - Adding sample to PrioritizedMemoryBuffer with max priority. Current size: 734.
11:49:33 PM - INFO - Episode 735: Reward= 500.0, Length=500, Loss=1740.1259, Memory=73.50
11:50:04 PM - DEBUG - Adding sample to PrioritizedMemoryBuffer with max priority. Current size: 735.
11:50:04 PM - INFO - Episode 736: Reward= 500.0, Length=500, Loss=1740.1259, Memory=73.60
11:50:04 PM - DEBUG - Starting training step 318...
11:50:04 PM - DEBUG - Sampling 64 samples from PrioritizedMemoryBuffer.
11:50:04 PM - DEBUG - Recurrent inference with hidden state shape: (64, 128) and action shape: (64,)
11:50:04 PM - DEBUG - Recurrent inference with hidden state shape: (64, 128) and action shape: (64,)
11:50:04 PM - DEBUG - Recurrent inference with hidden state shape: (64, 128) and action shape: (64,)
11:50:04 PM - DEBUG - Recurrent inference with hidden state shape: (64, 128) and action shape: (64,)
11:50:05 PM - DEBUG - Recurrent inference with hidden state shape: (64, 128) and action shape: (64,)
11:50:05 PM - DEBUG - Training step 318 complete.
11:50:05 PM - INFO - Step  318: train/policy_loss = 0.650484
11:50:05 PM - INFO - Step  318: train/reward_loss = 0.399816
11:50:05 PM - INFO - Step  318: train/value_loss = 1065.914185
11:50:05 PM - INFO - Step  318: total_loss = 1066.964478
11:50:36 PM - DEBUG - Adding sample to PrioritizedMemoryBuffer with max priority. Current size: 736.
11:50:36 PM - INFO - Episode 737: Reward= 500.0, Length=500, Loss=1066.9645, Memory=73.70
11:51:10 PM - DEBUG - Adding sample to PrioritizedMemoryBuffer with max priority. Current size: 737.
11:51:10 PM - INFO - Episode 738: Reward= 500.0, Length=500, Loss=1066.9645, Memory=73.80
11:51:10 PM - DEBUG - Starting training step 319...
11:51:10 PM - DEBUG - Sampling 64 samples from PrioritizedMemoryBuffer.
11:51:10 PM - DEBUG - Recurrent inference with hidden state shape: (64, 128) and action shape: (64,)
11:51:10 PM - DEBUG - Recurrent inference with hidden state shape: (64, 128) and action shape: (64,)
11:51:10 PM - DEBUG - Recurrent inference with hidden state shape: (64, 128) and action shape: (64,)
11:51:11 PM - DEBUG - Recurrent inference with hidden state shape: (64, 128) and action shape: (64,)
11:51:11 PM - DEBUG - Recurrent inference with hidden state shape: (64, 128) and action shape: (64,)
11:51:11 PM - DEBUG - Training step 319 complete.
11:51:11 PM - INFO - Step  319: train/policy_loss = 0.663821
11:51:11 PM - INFO - Step  319: train/reward_loss = 0.372380
11:51:11 PM - INFO - Step  319: train/value_loss = 1354.508301
11:51:11 PM - INFO - Step  319: total_loss = 1355.544556
11:51:45 PM - DEBUG - Adding sample to PrioritizedMemoryBuffer with max priority. Current size: 738.
11:51:45 PM - INFO - Episode 739: Reward= 500.0, Length=500, Loss=1355.5446, Memory=73.90
11:52:11 PM - DEBUG - Adding sample to PrioritizedMemoryBuffer with max priority. Current size: 739.
11:52:11 PM - INFO - Episode 740: Reward= 380.0, Length=380, Loss=1355.5446, Memory=74.00
11:52:11 PM - DEBUG - Starting training step 320...
11:52:11 PM - DEBUG - Sampling 64 samples from PrioritizedMemoryBuffer.
11:52:11 PM - DEBUG - Recurrent inference with hidden state shape: (64, 128) and action shape: (64,)
11:52:11 PM - DEBUG - Recurrent inference with hidden state shape: (64, 128) and action shape: (64,)
11:52:11 PM - DEBUG - Recurrent inference with hidden state shape: (64, 128) and action shape: (64,)
11:52:11 PM - DEBUG - Recurrent inference with hidden state shape: (64, 128) and action shape: (64,)
11:52:11 PM - DEBUG - Recurrent inference with hidden state shape: (64, 128) and action shape: (64,)
11:52:11 PM - DEBUG - Training step 320 complete.
11:52:11 PM - INFO - Step  320: train/policy_loss = 0.609199
11:52:11 PM - INFO - Step  320: train/reward_loss = 0.372975
11:52:11 PM - INFO - Step  320: train/value_loss = 1698.960938
11:52:11 PM - INFO - Step  320: total_loss = 1699.943115
11:52:46 PM - DEBUG - Adding sample to PrioritizedMemoryBuffer with max priority. Current size: 740.
11:52:46 PM - INFO - Episode 741: Reward= 500.0, Length=500, Loss=1699.9431, Memory=74.10
11:52:46 PM - INFO - Progress: 37.0% | 0.03 it/s | ETA: 10:39:04
11:53:23 PM - DEBUG - Adding sample to PrioritizedMemoryBuffer with max priority. Current size: 741.
11:53:23 PM - INFO - Episode 742: Reward= 500.0, Length=500, Loss=1699.9431, Memory=74.20
11:53:23 PM - DEBUG - Starting training step 321...
11:53:23 PM - DEBUG - Sampling 64 samples from PrioritizedMemoryBuffer.
11:53:24 PM - DEBUG - Recurrent inference with hidden state shape: (64, 128) and action shape: (64,)
11:53:24 PM - DEBUG - Recurrent inference with hidden state shape: (64, 128) and action shape: (64,)
11:53:24 PM - DEBUG - Recurrent inference with hidden state shape: (64, 128) and action shape: (64,)
11:53:24 PM - DEBUG - Recurrent inference with hidden state shape: (64, 128) and action shape: (64,)
11:53:24 PM - DEBUG - Recurrent inference with hidden state shape: (64, 128) and action shape: (64,)
11:53:24 PM - DEBUG - Training step 321 complete.
11:53:24 PM - INFO - Step  321: train/policy_loss = 0.633321
11:53:24 PM - INFO - Step  321: train/reward_loss = 0.320287
11:53:24 PM - INFO - Step  321: train/value_loss = 1040.060425
11:53:24 PM - INFO - Step  321: total_loss = 1041.014038
11:54:02 PM - DEBUG - Adding sample to PrioritizedMemoryBuffer with max priority. Current size: 742.
11:54:02 PM - INFO - Episode 743: Reward= 500.0, Length=500, Loss=1041.0140, Memory=74.30
11:54:41 PM - DEBUG - Adding sample to PrioritizedMemoryBuffer with max priority. Current size: 743.
11:54:41 PM - INFO - Episode 744: Reward= 500.0, Length=500, Loss=1041.0140, Memory=74.40
11:54:41 PM - DEBUG - Starting training step 322...
11:54:41 PM - DEBUG - Sampling 64 samples from PrioritizedMemoryBuffer.
11:54:41 PM - DEBUG - Recurrent inference with hidden state shape: (64, 128) and action shape: (64,)
11:54:41 PM - DEBUG - Recurrent inference with hidden state shape: (64, 128) and action shape: (64,)
11:54:41 PM - DEBUG - Recurrent inference with hidden state shape: (64, 128) and action shape: (64,)
11:54:41 PM - DEBUG - Recurrent inference with hidden state shape: (64, 128) and action shape: (64,)
11:54:41 PM - DEBUG - Recurrent inference with hidden state shape: (64, 128) and action shape: (64,)
11:54:41 PM - DEBUG - Training step 322 complete.
11:54:41 PM - INFO - Step  322: train/policy_loss = 0.670075
11:54:41 PM - INFO - Step  322: train/reward_loss = 0.287073
11:54:41 PM - INFO - Step  322: train/value_loss = 1260.470581
11:54:41 PM - INFO - Step  322: total_loss = 1261.427734
11:55:18 PM - DEBUG - Adding sample to PrioritizedMemoryBuffer with max priority. Current size: 744.
11:55:18 PM - INFO - Episode 745: Reward= 500.0, Length=500, Loss=1261.4277, Memory=74.50
11:55:52 PM - DEBUG - Adding sample to PrioritizedMemoryBuffer with max priority. Current size: 745.
11:55:52 PM - INFO - Episode 746: Reward= 500.0, Length=500, Loss=1261.4277, Memory=74.60
11:55:52 PM - DEBUG - Starting training step 323...
11:55:52 PM - DEBUG - Sampling 64 samples from PrioritizedMemoryBuffer.
11:55:52 PM - DEBUG - Recurrent inference with hidden state shape: (64, 128) and action shape: (64,)
11:55:52 PM - DEBUG - Recurrent inference with hidden state shape: (64, 128) and action shape: (64,)
11:55:52 PM - DEBUG - Recurrent inference with hidden state shape: (64, 128) and action shape: (64,)
11:55:52 PM - DEBUG - Recurrent inference with hidden state shape: (64, 128) and action shape: (64,)
11:55:52 PM - DEBUG - Recurrent inference with hidden state shape: (64, 128) and action shape: (64,)
11:55:52 PM - DEBUG - Training step 323 complete.
11:55:52 PM - INFO - Step  323: train/policy_loss = 0.619163
11:55:52 PM - INFO - Step  323: train/reward_loss = 0.255780
11:55:52 PM - INFO - Step  323: train/value_loss = 1233.249268
11:55:52 PM - INFO - Step  323: total_loss = 1234.124146
11:56:03 PM - DEBUG - Adding sample to PrioritizedMemoryBuffer with max priority. Current size: 746.
11:56:03 PM - INFO - Episode 747: Reward= 149.0, Length=149, Loss=1234.1241, Memory=74.70
11:56:12 PM - DEBUG - Adding sample to PrioritizedMemoryBuffer with max priority. Current size: 747.
11:56:12 PM - INFO - Episode 748: Reward= 143.0, Length=143, Loss=1234.1241, Memory=74.80
11:56:12 PM - DEBUG - Starting training step 324...
11:56:12 PM - DEBUG - Sampling 64 samples from PrioritizedMemoryBuffer.
11:56:12 PM - DEBUG - Recurrent inference with hidden state shape: (64, 128) and action shape: (64,)
11:56:12 PM - DEBUG - Recurrent inference with hidden state shape: (64, 128) and action shape: (64,)
11:56:12 PM - DEBUG - Recurrent inference with hidden state shape: (64, 128) and action shape: (64,)
11:56:12 PM - DEBUG - Recurrent inference with hidden state shape: (64, 128) and action shape: (64,)
11:56:12 PM - DEBUG - Recurrent inference with hidden state shape: (64, 128) and action shape: (64,)
11:56:12 PM - DEBUG - Training step 324 complete.
11:56:12 PM - INFO - Step  324: train/policy_loss = 0.589148
11:56:12 PM - INFO - Step  324: train/reward_loss = 0.258566
11:56:12 PM - INFO - Step  324: train/value_loss = 1529.991577
11:56:12 PM - INFO - Step  324: total_loss = 1530.839233
11:56:43 PM - DEBUG - Adding sample to PrioritizedMemoryBuffer with max priority. Current size: 748.
11:56:43 PM - INFO - Episode 749: Reward= 500.0, Length=500, Loss=1530.8392, Memory=74.90
11:56:50 PM - DEBUG - Adding sample to PrioritizedMemoryBuffer with max priority. Current size: 749.
11:56:50 PM - INFO - Episode 750: Reward= 123.0, Length=123, Loss=1530.8392, Memory=75.00
11:56:50 PM - DEBUG - Starting training step 325...
11:56:50 PM - DEBUG - Sampling 64 samples from PrioritizedMemoryBuffer.
11:56:50 PM - DEBUG - Recurrent inference with hidden state shape: (64, 128) and action shape: (64,)
11:56:50 PM - DEBUG - Recurrent inference with hidden state shape: (64, 128) and action shape: (64,)
11:56:50 PM - DEBUG - Recurrent inference with hidden state shape: (64, 128) and action shape: (64,)
11:56:51 PM - DEBUG - Recurrent inference with hidden state shape: (64, 128) and action shape: (64,)
11:56:51 PM - DEBUG - Recurrent inference with hidden state shape: (64, 128) and action shape: (64,)
11:56:51 PM - DEBUG - Training step 325 complete.
11:56:51 PM - INFO - Step  325: train/policy_loss = 0.634735
11:56:51 PM - INFO - Step  325: train/reward_loss = 0.234817
11:56:51 PM - INFO - Step  325: train/value_loss = 1270.986938
11:56:51 PM - INFO - Step  325: total_loss = 1271.856567
11:56:51 PM - DEBUG - Saving agent state.
11:56:51 PM - INFO - Checkpoint saved to checkpoints/CartPole-v1/20250720_230602/episode_00750.pkl
11:57:01 PM - DEBUG - Adding sample to PrioritizedMemoryBuffer with max priority. Current size: 750.
11:57:01 PM - INFO - Episode 751: Reward= 163.0, Length=163, Loss=1271.8566, Memory=75.10
11:57:32 PM - DEBUG - Adding sample to PrioritizedMemoryBuffer with max priority. Current size: 751.
11:57:32 PM - INFO - Episode 752: Reward= 500.0, Length=500, Loss=1271.8566, Memory=75.20
11:57:32 PM - DEBUG - Starting training step 326...
11:57:32 PM - DEBUG - Sampling 64 samples from PrioritizedMemoryBuffer.
11:57:33 PM - DEBUG - Recurrent inference with hidden state shape: (64, 128) and action shape: (64,)
11:57:33 PM - DEBUG - Recurrent inference with hidden state shape: (64, 128) and action shape: (64,)
11:57:33 PM - DEBUG - Recurrent inference with hidden state shape: (64, 128) and action shape: (64,)
11:57:33 PM - DEBUG - Recurrent inference with hidden state shape: (64, 128) and action shape: (64,)
11:57:33 PM - DEBUG - Recurrent inference with hidden state shape: (64, 128) and action shape: (64,)
11:57:33 PM - DEBUG - Training step 326 complete.
11:57:33 PM - INFO - Step  326: train/policy_loss = 0.652712
11:57:33 PM - INFO - Step  326: train/reward_loss = 0.245884
11:57:33 PM - INFO - Step  326: train/value_loss = 1415.752808
11:57:33 PM - INFO - Step  326: total_loss = 1416.651367
