09:37:48 PM - INFO - Logger level set to INFO
09:37:48 PM - INFO - PRNG initialized with seed: 42
09:37:48 PM - INFO - Config location: configuration.json
09:37:48 PM - INFO - Configuration validated and loaded successfully.
09:37:48 PM - INFO - Initializing CuMind agent.
09:37:48 PM - INFO - Using device: TFRT_CPU_0
09:37:48 PM - INFO - Creating CuMindNetwork with observation shape (4,) and action space size 2
09:37:49 PM - INFO - Initializing CuMindNetwork with representation_network=ResNet, dynamics_network=MLPWithEmbedding, prediction_network=MLPDual
09:37:49 PM - INFO - Setting up AdamW optimizer with learning rate 0.001 and weight decay 0.0001
09:37:49 PM - INFO - Initializing new optimizer state.
09:37:49 PM - INFO - Initializing target prediction network.
09:37:49 PM - INFO - Initializing MCTS.
09:37:49 PM - INFO - Agent initialization complete.
09:37:49 PM - INFO - Initializing memory buffer with capacity 2000.
09:37:49 PM - INFO - Initializing PrioritizedMemoryBuffer with capacity 2000, alpha=0.6, epsilon=1e-06, beta=0.4.
09:37:49 PM - INFO - Initializing trainer for environment: CartPole-v1
09:37:49 PM - INFO - Checkpoints will be saved to checkpoints/CartPole-v1/20250725_213748
09:37:49 PM - INFO - Initializing SelfPlay runner.
09:37:50 PM - INFO - Episode   1: Reward=  12.0, Length= 12, Loss=0.0000, Memory=0.05
09:37:50 PM - INFO - Progress: 0.0% | 0.00 it/s | ETA: ?
09:37:51 PM - INFO - Episode   2: Reward=  12.0, Length= 12, Loss=0.0000, Memory=0.10
09:37:51 PM - WARNING - Buffer not ready for training, skipping step.
09:37:52 PM - INFO - Episode   3: Reward=  19.0, Length= 19, Loss=0.0000, Memory=0.15
09:37:53 PM - INFO - Episode   4: Reward=  12.0, Length= 12, Loss=0.0000, Memory=0.20
09:37:53 PM - WARNING - Buffer not ready for training, skipping step.
09:37:54 PM - INFO - Episode   5: Reward=  13.0, Length= 13, Loss=0.0000, Memory=0.25
09:37:55 PM - INFO - Episode   6: Reward=  10.0, Length= 10, Loss=0.0000, Memory=0.30
09:37:55 PM - WARNING - Buffer not ready for training, skipping step.
09:37:56 PM - INFO - Episode   7: Reward=  11.0, Length= 11, Loss=0.0000, Memory=0.35
09:37:56 PM - INFO - Episode   8: Reward=   9.0, Length=  9, Loss=0.0000, Memory=0.40
09:37:56 PM - WARNING - Buffer not ready for training, skipping step.
09:37:57 PM - INFO - Episode   9: Reward=  12.0, Length= 12, Loss=0.0000, Memory=0.45
09:37:59 PM - INFO - Episode  10: Reward=  35.0, Length= 35, Loss=0.0000, Memory=0.50
09:37:59 PM - WARNING - Buffer not ready for training, skipping step.
09:38:00 PM - INFO - Episode  11: Reward=  14.0, Length= 14, Loss=0.0000, Memory=0.55
09:38:01 PM - INFO - Episode  12: Reward=  15.0, Length= 15, Loss=0.0000, Memory=0.60
09:38:01 PM - WARNING - Buffer not ready for training, skipping step.
09:38:03 PM - INFO - Episode  13: Reward=  26.0, Length= 26, Loss=0.0000, Memory=0.65
09:38:04 PM - INFO - Episode  14: Reward=  12.0, Length= 12, Loss=0.0000, Memory=0.70
09:38:04 PM - WARNING - Buffer not ready for training, skipping step.
09:38:06 PM - INFO - Episode  15: Reward=  24.0, Length= 24, Loss=0.0000, Memory=0.75
09:38:07 PM - INFO - Episode  16: Reward=  10.0, Length= 10, Loss=0.0000, Memory=0.80
09:38:07 PM - WARNING - Buffer not ready for training, skipping step.
09:38:08 PM - INFO - Episode  17: Reward=  10.0, Length= 10, Loss=0.0000, Memory=0.85
09:38:09 PM - INFO - Episode  18: Reward=  18.0, Length= 18, Loss=0.0000, Memory=0.90
09:38:09 PM - WARNING - Buffer not ready for training, skipping step.
09:38:10 PM - INFO - Episode  19: Reward=   9.0, Length=  9, Loss=0.0000, Memory=0.95
09:38:11 PM - INFO - Episode  20: Reward=  10.0, Length= 10, Loss=0.0000, Memory=1.00
09:38:11 PM - WARNING - Buffer not ready for training, skipping step.
09:38:12 PM - INFO - Episode  21: Reward=  11.0, Length= 11, Loss=0.0000, Memory=1.05
09:38:12 PM - INFO - Progress: 1.0% | 0.98 it/s | ETA: 33:32
09:38:14 PM - INFO - Episode  22: Reward=  28.0, Length= 28, Loss=0.0000, Memory=1.10
09:38:14 PM - WARNING - Buffer not ready for training, skipping step.
09:38:14 PM - INFO - Episode  23: Reward=   8.0, Length=  8, Loss=0.0000, Memory=1.15
09:38:15 PM - INFO - Episode  24: Reward=  16.0, Length= 16, Loss=0.0000, Memory=1.20
09:38:15 PM - WARNING - Buffer not ready for training, skipping step.
09:38:16 PM - INFO - Episode  25: Reward=  11.0, Length= 11, Loss=0.0000, Memory=1.25
09:38:17 PM - INFO - Episode  26: Reward=  19.0, Length= 19, Loss=0.0000, Memory=1.30
09:38:17 PM - WARNING - Buffer not ready for training, skipping step.
09:38:18 PM - INFO - Episode  27: Reward=   8.0, Length=  8, Loss=0.0000, Memory=1.35
09:38:21 PM - INFO - Episode  28: Reward=  43.0, Length= 43, Loss=0.0000, Memory=1.40
09:38:21 PM - WARNING - Buffer not ready for training, skipping step.
09:38:21 PM - INFO - Episode  29: Reward=   9.0, Length=  9, Loss=0.0000, Memory=1.45
09:38:25 PM - INFO - Episode  30: Reward=  47.0, Length= 47, Loss=0.0000, Memory=1.50
09:38:25 PM - WARNING - Buffer not ready for training, skipping step.
09:38:25 PM - INFO - Episode  31: Reward=   9.0, Length=  9, Loss=0.0000, Memory=1.55
09:38:26 PM - INFO - Episode  32: Reward=   8.0, Length=  8, Loss=0.0000, Memory=1.60
09:38:26 PM - WARNING - Buffer not ready for training, skipping step.
09:38:27 PM - INFO - Episode  33: Reward=   9.0, Length=  9, Loss=0.0000, Memory=1.65
09:38:27 PM - INFO - Episode  34: Reward=  10.0, Length= 10, Loss=0.0000, Memory=1.70
09:38:27 PM - WARNING - Buffer not ready for training, skipping step.
09:38:28 PM - INFO - Episode  35: Reward=   8.0, Length=  8, Loss=0.0000, Memory=1.75
09:38:29 PM - INFO - Episode  36: Reward=  10.0, Length= 10, Loss=0.0000, Memory=1.80
09:38:29 PM - WARNING - Buffer not ready for training, skipping step.
09:38:29 PM - INFO - Episode  37: Reward=  11.0, Length= 11, Loss=0.0000, Memory=1.85
09:38:31 PM - INFO - Episode  38: Reward=  14.0, Length= 14, Loss=0.0000, Memory=1.90
09:38:31 PM - WARNING - Buffer not ready for training, skipping step.
09:38:32 PM - INFO - Episode  39: Reward=   9.0, Length=  9, Loss=0.0000, Memory=1.95
09:38:33 PM - INFO - Episode  40: Reward=  13.0, Length= 13, Loss=0.0000, Memory=2.00
09:38:33 PM - WARNING - Buffer not ready for training, skipping step.
09:38:33 PM - INFO - Episode  41: Reward=   9.0, Length=  9, Loss=0.0000, Memory=2.05
09:38:33 PM - INFO - Progress: 2.0% | 1.01 it/s | ETA: 32:11
09:38:34 PM - INFO - Episode  42: Reward=  10.0, Length= 10, Loss=0.0000, Memory=2.10
09:38:34 PM - WARNING - Buffer not ready for training, skipping step.
09:38:35 PM - INFO - Episode  43: Reward=  19.0, Length= 19, Loss=0.0000, Memory=2.15
09:38:36 PM - INFO - Episode  44: Reward=   9.0, Length=  9, Loss=0.0000, Memory=2.20
09:38:36 PM - WARNING - Buffer not ready for training, skipping step.
09:38:37 PM - INFO - Episode  45: Reward=  10.0, Length= 10, Loss=0.0000, Memory=2.25
09:38:38 PM - INFO - Episode  46: Reward=  15.0, Length= 15, Loss=0.0000, Memory=2.30
09:38:38 PM - WARNING - Buffer not ready for training, skipping step.
09:38:39 PM - INFO - Episode  47: Reward=  10.0, Length= 10, Loss=0.0000, Memory=2.35
09:38:39 PM - INFO - Episode  48: Reward=   8.0, Length=  8, Loss=0.0000, Memory=2.40
09:38:39 PM - WARNING - Buffer not ready for training, skipping step.
09:38:40 PM - INFO - Episode  49: Reward=   9.0, Length=  9, Loss=0.0000, Memory=2.45
09:38:41 PM - INFO - Episode  50: Reward=  10.0, Length= 10, Loss=0.0000, Memory=2.50
09:38:41 PM - WARNING - Buffer not ready for training, skipping step.
09:38:41 PM - INFO - Checkpoint saved to checkpoints/CartPole-v1/20250725_213748/episode_00050.pkl
09:38:41 PM - INFO - Episode  51: Reward=   8.0, Length=  8, Loss=0.0000, Memory=2.55
09:38:42 PM - INFO - Episode  52: Reward=  15.0, Length= 15, Loss=0.0000, Memory=2.60
09:38:42 PM - WARNING - Buffer not ready for training, skipping step.
09:38:43 PM - INFO - Episode  53: Reward=   9.0, Length=  9, Loss=0.0000, Memory=2.65
09:38:44 PM - INFO - Episode  54: Reward=  11.0, Length= 11, Loss=0.0000, Memory=2.70
09:38:44 PM - WARNING - Buffer not ready for training, skipping step.
09:38:44 PM - INFO - Episode  55: Reward=   8.0, Length=  8, Loss=0.0000, Memory=2.75
09:38:45 PM - INFO - Episode  56: Reward=  11.0, Length= 11, Loss=0.0000, Memory=2.80
09:38:45 PM - WARNING - Buffer not ready for training, skipping step.
09:38:45 PM - INFO - Episode  57: Reward=   9.0, Length=  9, Loss=0.0000, Memory=2.85
09:38:46 PM - INFO - Episode  58: Reward=  11.0, Length= 11, Loss=0.0000, Memory=2.90
09:38:46 PM - WARNING - Buffer not ready for training, skipping step.
09:38:47 PM - INFO - Episode  59: Reward=   8.0, Length=  8, Loss=0.0000, Memory=2.95
09:38:50 PM - INFO - Episode  60: Reward=  38.0, Length= 38, Loss=0.0000, Memory=3.00
09:38:50 PM - WARNING - Buffer not ready for training, skipping step.
09:38:51 PM - INFO - Episode  61: Reward=  14.0, Length= 14, Loss=0.0000, Memory=3.05
09:38:51 PM - INFO - Progress: 3.0% | 0.75 it/s | ETA: 42:59
09:38:51 PM - INFO - Episode  62: Reward=   8.0, Length=  8, Loss=0.0000, Memory=3.10
09:38:51 PM - WARNING - Buffer not ready for training, skipping step.
09:38:53 PM - INFO - Episode  63: Reward=  19.0, Length= 19, Loss=0.0000, Memory=3.15
09:38:53 PM - INFO - Episode  64: Reward=  11.0, Length= 11, Loss=0.0000, Memory=3.20
09:38:53 PM - WARNING - Buffer not ready for training, skipping step.
09:38:54 PM - INFO - Episode  65: Reward=  11.0, Length= 11, Loss=0.0000, Memory=3.25
09:38:55 PM - INFO - Episode  66: Reward=   8.0, Length=  8, Loss=0.0000, Memory=3.30
09:38:55 PM - WARNING - Buffer not ready for training, skipping step.
09:38:56 PM - INFO - Episode  67: Reward=  10.0, Length= 10, Loss=0.0000, Memory=3.35
09:38:57 PM - INFO - Episode  68: Reward=  12.0, Length= 12, Loss=0.0000, Memory=3.40
09:38:57 PM - WARNING - Buffer not ready for training, skipping step.
09:38:58 PM - INFO - Episode  69: Reward=  22.0, Length= 22, Loss=0.0000, Memory=3.45
09:38:59 PM - INFO - Episode  70: Reward=  13.0, Length= 13, Loss=0.0000, Memory=3.50
09:38:59 PM - WARNING - Buffer not ready for training, skipping step.
09:39:00 PM - INFO - Episode  71: Reward=  11.0, Length= 11, Loss=0.0000, Memory=3.55
09:39:00 PM - INFO - Episode  72: Reward=   9.0, Length=  9, Loss=0.0000, Memory=3.60
09:39:00 PM - WARNING - Buffer not ready for training, skipping step.
09:39:02 PM - INFO - Episode  73: Reward=  23.0, Length= 23, Loss=0.0000, Memory=3.65
09:39:03 PM - INFO - Episode  74: Reward=   9.0, Length=  9, Loss=0.0000, Memory=3.70
09:39:03 PM - WARNING - Buffer not ready for training, skipping step.
09:39:03 PM - INFO - Episode  75: Reward=   8.0, Length=  8, Loss=0.0000, Memory=3.75
09:39:04 PM - INFO - Episode  76: Reward=   9.0, Length=  9, Loss=0.0000, Memory=3.80
09:39:04 PM - WARNING - Buffer not ready for training, skipping step.
09:39:04 PM - INFO - Episode  77: Reward=   9.0, Length=  9, Loss=0.0000, Memory=3.85
09:39:05 PM - INFO - Episode  78: Reward=  10.0, Length= 10, Loss=0.0000, Memory=3.90
09:39:05 PM - WARNING - Buffer not ready for training, skipping step.
09:39:08 PM - INFO - Episode  79: Reward=  47.0, Length= 47, Loss=0.0000, Memory=3.95
09:39:11 PM - INFO - Episode  80: Reward=  32.0, Length= 32, Loss=0.0000, Memory=4.00
09:39:11 PM - WARNING - Buffer not ready for training, skipping step.
09:39:12 PM - INFO - Episode  81: Reward=  13.0, Length= 13, Loss=0.0000, Memory=4.05
09:39:12 PM - INFO - Progress: 4.0% | 0.57 it/s | ETA: 55:43
09:39:13 PM - INFO - Episode  82: Reward=  12.0, Length= 12, Loss=0.0000, Memory=4.10
09:39:13 PM - WARNING - Buffer not ready for training, skipping step.
09:39:15 PM - INFO - Episode  83: Reward=  36.0, Length= 36, Loss=0.0000, Memory=4.15
09:39:16 PM - INFO - Episode  84: Reward=  18.0, Length= 18, Loss=0.0000, Memory=4.20
09:39:16 PM - WARNING - Buffer not ready for training, skipping step.
09:39:17 PM - INFO - Episode  85: Reward=   9.0, Length=  9, Loss=0.0000, Memory=4.25
09:39:18 PM - INFO - Episode  86: Reward=  14.0, Length= 14, Loss=0.0000, Memory=4.30
09:39:18 PM - WARNING - Buffer not ready for training, skipping step.
09:39:18 PM - INFO - Episode  87: Reward=   8.0, Length=  8, Loss=0.0000, Memory=4.35
09:39:19 PM - INFO - Episode  88: Reward=  14.0, Length= 14, Loss=0.0000, Memory=4.40
09:39:19 PM - WARNING - Buffer not ready for training, skipping step.
09:39:21 PM - INFO - Episode  89: Reward=  19.0, Length= 19, Loss=0.0000, Memory=4.45
09:39:22 PM - INFO - Episode  90: Reward=  10.0, Length= 10, Loss=0.0000, Memory=4.50
09:39:22 PM - WARNING - Buffer not ready for training, skipping step.
09:39:22 PM - INFO - Episode  91: Reward=  11.0, Length= 11, Loss=0.0000, Memory=4.55
09:39:23 PM - INFO - Episode  92: Reward=  13.0, Length= 13, Loss=0.0000, Memory=4.60
09:39:23 PM - WARNING - Buffer not ready for training, skipping step.
09:39:24 PM - INFO - Episode  93: Reward=   8.0, Length=  8, Loss=0.0000, Memory=4.65
09:39:26 PM - INFO - Episode  94: Reward=  28.0, Length= 28, Loss=0.0000, Memory=4.70
09:39:26 PM - WARNING - Buffer not ready for training, skipping step.
09:39:26 PM - INFO - Episode  95: Reward=   8.0, Length=  8, Loss=0.0000, Memory=4.75
09:39:27 PM - INFO - Episode  96: Reward=  14.0, Length= 14, Loss=0.0000, Memory=4.80
09:39:27 PM - WARNING - Buffer not ready for training, skipping step.
09:39:28 PM - INFO - Episode  97: Reward=  18.0, Length= 18, Loss=0.0000, Memory=4.85
09:39:29 PM - INFO - Episode  98: Reward=  12.0, Length= 12, Loss=0.0000, Memory=4.90
09:39:29 PM - WARNING - Buffer not ready for training, skipping step.
09:39:30 PM - INFO - Episode  99: Reward=  11.0, Length= 11, Loss=0.0000, Memory=4.95
09:39:31 PM - INFO - Episode 100: Reward=  11.0, Length= 11, Loss=0.0000, Memory=5.00
09:39:31 PM - WARNING - Buffer not ready for training, skipping step.
09:39:31 PM - INFO - Checkpoint saved to checkpoints/CartPole-v1/20250725_213748/episode_00100.pkl
09:39:32 PM - INFO - Episode 101: Reward=  15.0, Length= 15, Loss=0.0000, Memory=5.05
09:39:32 PM - INFO - Progress: 5.0% | 1.09 it/s | ETA: 29:00
09:39:34 PM - INFO - Episode 102: Reward=  25.0, Length= 25, Loss=0.0000, Memory=5.10
09:39:34 PM - WARNING - Buffer not ready for training, skipping step.
09:39:35 PM - INFO - Episode 103: Reward=  20.0, Length= 20, Loss=0.0000, Memory=5.15
09:39:36 PM - INFO - Episode 104: Reward=  10.0, Length= 10, Loss=0.0000, Memory=5.20
09:39:36 PM - WARNING - Buffer not ready for training, skipping step.
09:39:37 PM - INFO - Episode 105: Reward=  12.0, Length= 12, Loss=0.0000, Memory=5.25
09:39:38 PM - INFO - Episode 106: Reward=  23.0, Length= 23, Loss=0.0000, Memory=5.30
09:39:38 PM - WARNING - Buffer not ready for training, skipping step.
09:39:39 PM - INFO - Episode 107: Reward=  15.0, Length= 15, Loss=0.0000, Memory=5.35
09:39:40 PM - INFO - Episode 108: Reward=  14.0, Length= 14, Loss=0.0000, Memory=5.40
09:39:40 PM - WARNING - Buffer not ready for training, skipping step.
09:39:41 PM - INFO - Episode 109: Reward=  11.0, Length= 11, Loss=0.0000, Memory=5.45
09:39:42 PM - INFO - Episode 110: Reward=  17.0, Length= 17, Loss=0.0000, Memory=5.50
09:39:42 PM - WARNING - Buffer not ready for training, skipping step.
09:39:43 PM - INFO - Episode 111: Reward=  11.0, Length= 11, Loss=0.0000, Memory=5.55
09:39:44 PM - INFO - Episode 112: Reward=   9.0, Length=  9, Loss=0.0000, Memory=5.60
09:39:44 PM - WARNING - Buffer not ready for training, skipping step.
09:39:45 PM - INFO - Episode 113: Reward=  21.0, Length= 21, Loss=0.0000, Memory=5.65
09:39:47 PM - INFO - Episode 114: Reward=  22.0, Length= 22, Loss=0.0000, Memory=5.70
09:39:47 PM - WARNING - Buffer not ready for training, skipping step.
09:39:48 PM - INFO - Episode 115: Reward=  14.0, Length= 14, Loss=0.0000, Memory=5.75
09:39:49 PM - INFO - Episode 116: Reward=  13.0, Length= 13, Loss=0.0000, Memory=5.80
09:39:49 PM - WARNING - Buffer not ready for training, skipping step.
09:39:50 PM - INFO - Episode 117: Reward=  10.0, Length= 10, Loss=0.0000, Memory=5.85
09:39:51 PM - INFO - Episode 118: Reward=  13.0, Length= 13, Loss=0.0000, Memory=5.90
09:39:51 PM - WARNING - Buffer not ready for training, skipping step.
09:39:52 PM - INFO - Episode 119: Reward=  11.0, Length= 11, Loss=0.0000, Memory=5.95
09:39:53 PM - INFO - Episode 120: Reward=  10.0, Length= 10, Loss=0.0000, Memory=6.00
09:39:53 PM - WARNING - Buffer not ready for training, skipping step.
09:39:54 PM - INFO - Episode 121: Reward=  10.0, Length= 10, Loss=0.0000, Memory=6.05
09:39:54 PM - INFO - Progress: 6.0% | 0.99 it/s | ETA: 31:42
09:39:54 PM - INFO - Episode 122: Reward=   8.0, Length=  8, Loss=0.0000, Memory=6.10
09:39:54 PM - WARNING - Buffer not ready for training, skipping step.
09:39:55 PM - INFO - Episode 123: Reward=   9.0, Length=  9, Loss=0.0000, Memory=6.15
09:39:56 PM - INFO - Episode 124: Reward=  13.0, Length= 13, Loss=0.0000, Memory=6.20
09:39:56 PM - WARNING - Buffer not ready for training, skipping step.
09:39:57 PM - INFO - Episode 125: Reward=   9.0, Length=  9, Loss=0.0000, Memory=6.25
09:39:59 PM - INFO - Episode 126: Reward=  28.0, Length= 28, Loss=0.0000, Memory=6.30
09:39:59 PM - WARNING - Buffer not ready for training, skipping step.
09:40:00 PM - INFO - Episode 127: Reward=  12.0, Length= 12, Loss=0.0000, Memory=6.35
09:40:01 PM - INFO - Episode 128: Reward=  14.0, Length= 14, Loss=0.0000, Memory=6.40
09:40:01 PM - WARNING - Buffer not ready for training, skipping step.
09:40:02 PM - INFO - Episode 129: Reward=   8.0, Length=  8, Loss=0.0000, Memory=6.45
09:40:04 PM - INFO - Episode 130: Reward=  24.0, Length= 24, Loss=0.0000, Memory=6.50
09:40:04 PM - WARNING - Buffer not ready for training, skipping step.
09:40:04 PM - INFO - Episode 131: Reward=  10.0, Length= 10, Loss=0.0000, Memory=6.55
09:40:05 PM - INFO - Episode 132: Reward=  12.0, Length= 12, Loss=0.0000, Memory=6.60
09:40:05 PM - WARNING - Buffer not ready for training, skipping step.
09:40:06 PM - INFO - Episode 133: Reward=   9.0, Length=  9, Loss=0.0000, Memory=6.65
09:40:07 PM - INFO - Episode 134: Reward=  10.0, Length= 10, Loss=0.0000, Memory=6.70
09:40:07 PM - WARNING - Buffer not ready for training, skipping step.
09:40:08 PM - INFO - Episode 135: Reward=  10.0, Length= 10, Loss=0.0000, Memory=6.75
09:40:08 PM - INFO - Episode 136: Reward=  11.0, Length= 11, Loss=0.0000, Memory=6.80
09:40:08 PM - WARNING - Buffer not ready for training, skipping step.
09:40:09 PM - INFO - Episode 137: Reward=  10.0, Length= 10, Loss=0.0000, Memory=6.85
09:40:10 PM - INFO - Episode 138: Reward=  16.0, Length= 16, Loss=0.0000, Memory=6.90
09:40:10 PM - WARNING - Buffer not ready for training, skipping step.
09:40:11 PM - INFO - Episode 139: Reward=  10.0, Length= 10, Loss=0.0000, Memory=6.95
09:40:11 PM - INFO - Episode 140: Reward=  10.0, Length= 10, Loss=0.0000, Memory=7.00
09:40:11 PM - WARNING - Buffer not ready for training, skipping step.
09:40:13 PM - INFO - Episode 141: Reward=  17.0, Length= 17, Loss=0.0000, Memory=7.05
09:40:13 PM - INFO - Progress: 7.0% | 1.28 it/s | ETA: 24:10
09:40:13 PM - INFO - Episode 142: Reward=  11.0, Length= 11, Loss=0.0000, Memory=7.10
09:40:13 PM - WARNING - Buffer not ready for training, skipping step.
09:40:14 PM - INFO - Episode 143: Reward=  11.0, Length= 11, Loss=0.0000, Memory=7.15
09:40:15 PM - INFO - Episode 144: Reward=   9.0, Length=  9, Loss=0.0000, Memory=7.20
09:40:15 PM - WARNING - Buffer not ready for training, skipping step.
09:40:16 PM - INFO - Episode 145: Reward=  13.0, Length= 13, Loss=0.0000, Memory=7.25
09:40:18 PM - INFO - Episode 146: Reward=  27.0, Length= 27, Loss=0.0000, Memory=7.30
09:40:18 PM - WARNING - Buffer not ready for training, skipping step.
09:40:19 PM - INFO - Episode 147: Reward=  19.0, Length= 19, Loss=0.0000, Memory=7.35
09:40:20 PM - INFO - Episode 148: Reward=  11.0, Length= 11, Loss=0.0000, Memory=7.40
09:40:20 PM - WARNING - Buffer not ready for training, skipping step.
09:40:21 PM - INFO - Episode 149: Reward=  19.0, Length= 19, Loss=0.0000, Memory=7.45
09:40:23 PM - INFO - Episode 150: Reward=  19.0, Length= 19, Loss=0.0000, Memory=7.50
09:40:23 PM - WARNING - Buffer not ready for training, skipping step.
09:40:23 PM - INFO - Checkpoint saved to checkpoints/CartPole-v1/20250725_213748/episode_00150.pkl
09:40:23 PM - INFO - Episode 151: Reward=   9.0, Length=  9, Loss=0.0000, Memory=7.55
09:40:24 PM - INFO - Episode 152: Reward=  11.0, Length= 11, Loss=0.0000, Memory=7.60
09:40:24 PM - WARNING - Buffer not ready for training, skipping step.
09:40:25 PM - INFO - Episode 153: Reward=  10.0, Length= 10, Loss=0.0000, Memory=7.65
09:40:26 PM - INFO - Episode 154: Reward=  11.0, Length= 11, Loss=0.0000, Memory=7.70
09:40:26 PM - WARNING - Buffer not ready for training, skipping step.
09:40:26 PM - INFO - Episode 155: Reward=  13.0, Length= 13, Loss=0.0000, Memory=7.75
09:40:27 PM - INFO - Episode 156: Reward=   9.0, Length=  9, Loss=0.0000, Memory=7.80
09:40:27 PM - WARNING - Buffer not ready for training, skipping step.
09:40:28 PM - INFO - Episode 157: Reward=   9.0, Length=  9, Loss=0.0000, Memory=7.85
09:40:30 PM - INFO - Episode 158: Reward=  29.0, Length= 29, Loss=0.0000, Memory=7.90
09:40:30 PM - WARNING - Buffer not ready for training, skipping step.
09:40:30 PM - INFO - Episode 159: Reward=   9.0, Length=  9, Loss=0.0000, Memory=7.95
09:40:32 PM - INFO - Episode 160: Reward=  24.0, Length= 24, Loss=0.0000, Memory=8.00
09:40:32 PM - WARNING - Buffer not ready for training, skipping step.
09:40:33 PM - INFO - Episode 161: Reward=  10.0, Length= 10, Loss=0.0000, Memory=8.05
09:40:33 PM - INFO - Progress: 8.0% | 0.86 it/s | ETA: 35:44
09:40:33 PM - INFO - Episode 162: Reward=  10.0, Length= 10, Loss=0.0000, Memory=8.10
09:40:33 PM - WARNING - Buffer not ready for training, skipping step.
09:40:34 PM - INFO - Episode 163: Reward=  10.0, Length= 10, Loss=0.0000, Memory=8.15
09:40:35 PM - INFO - Episode 164: Reward=  14.0, Length= 14, Loss=0.0000, Memory=8.20
09:40:35 PM - WARNING - Buffer not ready for training, skipping step.
09:40:36 PM - INFO - Episode 165: Reward=  12.0, Length= 12, Loss=0.0000, Memory=8.25
09:40:38 PM - INFO - Episode 166: Reward=  33.0, Length= 33, Loss=0.0000, Memory=8.30
09:40:38 PM - WARNING - Buffer not ready for training, skipping step.
09:40:39 PM - INFO - Episode 167: Reward=  12.0, Length= 12, Loss=0.0000, Memory=8.35
09:40:40 PM - INFO - Episode 168: Reward=  12.0, Length= 12, Loss=0.0000, Memory=8.40
09:40:40 PM - WARNING - Buffer not ready for training, skipping step.
09:40:40 PM - INFO - Episode 169: Reward=  10.0, Length= 10, Loss=0.0000, Memory=8.45
09:40:41 PM - INFO - Episode 170: Reward=  10.0, Length= 10, Loss=0.0000, Memory=8.50
09:40:41 PM - WARNING - Buffer not ready for training, skipping step.
09:40:42 PM - INFO - Episode 171: Reward=  10.0, Length= 10, Loss=0.0000, Memory=8.55
09:40:42 PM - INFO - Episode 172: Reward=   9.0, Length=  9, Loss=0.0000, Memory=8.60
09:40:42 PM - WARNING - Buffer not ready for training, skipping step.
09:40:44 PM - INFO - Episode 173: Reward=  23.0, Length= 23, Loss=0.0000, Memory=8.65
09:40:45 PM - INFO - Episode 174: Reward=  12.0, Length= 12, Loss=0.0000, Memory=8.70
09:40:45 PM - WARNING - Buffer not ready for training, skipping step.
09:40:45 PM - INFO - Episode 175: Reward=   9.0, Length=  9, Loss=0.0000, Memory=8.75
09:40:46 PM - INFO - Episode 176: Reward=  11.0, Length= 11, Loss=0.0000, Memory=8.80
09:40:46 PM - WARNING - Buffer not ready for training, skipping step.
09:40:47 PM - INFO - Episode 177: Reward=  10.0, Length= 10, Loss=0.0000, Memory=8.85
09:40:47 PM - INFO - Episode 178: Reward=   8.0, Length=  8, Loss=0.0000, Memory=8.90
09:40:47 PM - WARNING - Buffer not ready for training, skipping step.
09:40:48 PM - INFO - Episode 179: Reward=   9.0, Length=  9, Loss=0.0000, Memory=8.95
09:40:49 PM - INFO - Episode 180: Reward=  13.0, Length= 13, Loss=0.0000, Memory=9.00
09:40:49 PM - WARNING - Buffer not ready for training, skipping step.
09:40:50 PM - INFO - Episode 181: Reward=  11.0, Length= 11, Loss=0.0000, Memory=9.05
09:40:50 PM - INFO - Progress: 9.0% | 1.32 it/s | ETA: 22:59
09:40:50 PM - INFO - Episode 182: Reward=  10.0, Length= 10, Loss=0.0000, Memory=9.10
09:40:50 PM - WARNING - Buffer not ready for training, skipping step.
09:40:51 PM - INFO - Episode 183: Reward=  10.0, Length= 10, Loss=0.0000, Memory=9.15
09:40:52 PM - INFO - Episode 184: Reward=  11.0, Length= 11, Loss=0.0000, Memory=9.20
09:40:52 PM - WARNING - Buffer not ready for training, skipping step.
09:40:52 PM - INFO - Episode 185: Reward=   9.0, Length=  9, Loss=0.0000, Memory=9.25
09:40:54 PM - INFO - Episode 186: Reward=  18.0, Length= 18, Loss=0.0000, Memory=9.30
09:40:54 PM - WARNING - Buffer not ready for training, skipping step.
09:40:55 PM - INFO - Episode 187: Reward=  19.0, Length= 19, Loss=0.0000, Memory=9.35
09:40:56 PM - INFO - Episode 188: Reward=  12.0, Length= 12, Loss=0.0000, Memory=9.40
09:40:56 PM - WARNING - Buffer not ready for training, skipping step.
09:40:57 PM - INFO - Episode 189: Reward=  23.0, Length= 23, Loss=0.0000, Memory=9.45
09:40:58 PM - INFO - Episode 190: Reward=  11.0, Length= 11, Loss=0.0000, Memory=9.50
09:40:58 PM - WARNING - Buffer not ready for training, skipping step.
09:41:00 PM - INFO - Episode 191: Reward=  18.0, Length= 18, Loss=0.0000, Memory=9.55
09:41:01 PM - INFO - Episode 192: Reward=  12.0, Length= 12, Loss=0.0000, Memory=9.60
09:41:01 PM - WARNING - Buffer not ready for training, skipping step.
09:41:02 PM - INFO - Episode 193: Reward=  19.0, Length= 19, Loss=0.0000, Memory=9.65
09:41:03 PM - INFO - Episode 194: Reward=  13.0, Length= 13, Loss=0.0000, Memory=9.70
09:41:03 PM - WARNING - Buffer not ready for training, skipping step.
09:41:05 PM - INFO - Episode 195: Reward=  30.0, Length= 30, Loss=0.0000, Memory=9.75
09:41:07 PM - INFO - Episode 196: Reward=  13.0, Length= 13, Loss=0.0000, Memory=9.80
09:41:07 PM - WARNING - Buffer not ready for training, skipping step.
09:41:08 PM - INFO - Episode 197: Reward=  22.0, Length= 22, Loss=0.0000, Memory=9.85
09:41:09 PM - INFO - Episode 198: Reward=   8.0, Length=  8, Loss=0.0000, Memory=9.90
09:41:09 PM - WARNING - Buffer not ready for training, skipping step.
09:41:10 PM - INFO - Episode 199: Reward=  15.0, Length= 15, Loss=0.0000, Memory=9.95
09:41:11 PM - INFO - Episode 200: Reward=   9.0, Length=  9, Loss=0.0000, Memory=10.00
09:41:13 PM - INFO - Step    0: train/policy_loss = 0.704573
09:41:13 PM - INFO - Step    0: train/reward_loss = 1.257850
09:41:13 PM - INFO - Step    0: train/value_loss = 91.706261
09:41:13 PM - INFO - Step    0: total_loss = 93.668686
09:41:13 PM - INFO - Checkpoint saved to checkpoints/CartPole-v1/20250725_213748/episode_00200.pkl
09:41:14 PM - INFO - Episode 201: Reward=  10.0, Length= 10, Loss=93.6687, Memory=10.05
09:41:14 PM - INFO - Progress: 10.0% | 0.60 it/s | ETA: 50:24
09:41:15 PM - INFO - Episode 202: Reward=  13.0, Length= 13, Loss=93.6687, Memory=10.10
09:41:15 PM - INFO - Step    1: train/policy_loss = 0.697220
09:41:15 PM - INFO - Step    1: train/reward_loss = 1.873433
09:41:15 PM - INFO - Step    1: train/value_loss = 76.089027
09:41:15 PM - INFO - Step    1: total_loss = 78.659683
09:41:16 PM - INFO - Episode 203: Reward=  13.0, Length= 13, Loss=78.6597, Memory=10.15
09:41:17 PM - INFO - Episode 204: Reward=  12.0, Length= 12, Loss=78.6597, Memory=10.20
09:41:17 PM - INFO - Step    2: train/policy_loss = 0.711301
09:41:17 PM - INFO - Step    2: train/reward_loss = 2.101883
09:41:17 PM - INFO - Step    2: train/value_loss = 57.714542
09:41:17 PM - INFO - Step    2: total_loss = 60.527725
09:41:17 PM - INFO - Episode 205: Reward=   9.0, Length=  9, Loss=60.5277, Memory=10.25
09:41:18 PM - INFO - Episode 206: Reward=  10.0, Length= 10, Loss=60.5277, Memory=10.30
09:41:18 PM - INFO - Step    3: train/policy_loss = 0.725096
09:41:18 PM - INFO - Step    3: train/reward_loss = 1.081961
09:41:18 PM - INFO - Step    3: train/value_loss = 58.949001
09:41:18 PM - INFO - Step    3: total_loss = 60.756062
09:41:19 PM - INFO - Episode 207: Reward=  13.0, Length= 13, Loss=60.7561, Memory=10.35
09:41:20 PM - INFO - Episode 208: Reward=  13.0, Length= 13, Loss=60.7561, Memory=10.40
09:41:20 PM - INFO - Step    4: train/policy_loss = 0.707546
09:41:20 PM - INFO - Step    4: train/reward_loss = 1.538239
09:41:20 PM - INFO - Step    4: train/value_loss = 50.609943
09:41:20 PM - INFO - Step    4: total_loss = 52.855728
09:41:21 PM - INFO - Episode 209: Reward=  10.0, Length= 10, Loss=52.8557, Memory=10.45
09:41:22 PM - INFO - Episode 210: Reward=  18.0, Length= 18, Loss=52.8557, Memory=10.50
09:41:23 PM - INFO - Step    5: train/policy_loss = 0.710664
09:41:23 PM - INFO - Step    5: train/reward_loss = 1.853505
09:41:23 PM - INFO - Step    5: train/value_loss = 47.897999
09:41:23 PM - INFO - Step    5: total_loss = 50.462166
09:41:24 PM - INFO - Episode 211: Reward=  22.0, Length= 22, Loss=50.4622, Memory=10.55
09:41:25 PM - INFO - Episode 212: Reward=  15.0, Length= 15, Loss=50.4622, Memory=10.60
09:41:26 PM - INFO - Step    6: train/policy_loss = 0.715350
09:41:26 PM - INFO - Step    6: train/reward_loss = 1.397897
09:41:26 PM - INFO - Step    6: train/value_loss = 46.085709
09:41:26 PM - INFO - Step    6: total_loss = 48.198956
09:41:26 PM - INFO - Episode 213: Reward=   8.0, Length=  8, Loss=48.1990, Memory=10.65
09:41:27 PM - INFO - Episode 214: Reward=  10.0, Length= 10, Loss=48.1990, Memory=10.70
09:41:27 PM - INFO - Step    7: train/policy_loss = 0.731771
09:41:27 PM - INFO - Step    7: train/reward_loss = 0.949097
09:41:27 PM - INFO - Step    7: train/value_loss = 44.938671
09:41:27 PM - INFO - Step    7: total_loss = 46.619537
09:41:28 PM - INFO - Episode 215: Reward=  10.0, Length= 10, Loss=46.6195, Memory=10.75
09:41:29 PM - INFO - Episode 216: Reward=  10.0, Length= 10, Loss=46.6195, Memory=10.80
09:41:29 PM - INFO - Step    8: train/policy_loss = 0.745636
09:41:29 PM - INFO - Step    8: train/reward_loss = 0.688201
09:41:29 PM - INFO - Step    8: train/value_loss = 39.558598
09:41:29 PM - INFO - Step    8: total_loss = 40.992435
09:41:29 PM - INFO - Episode 217: Reward=   9.0, Length=  9, Loss=40.9924, Memory=10.85
09:41:31 PM - INFO - Episode 218: Reward=  17.0, Length= 17, Loss=40.9924, Memory=10.90
09:41:31 PM - INFO - Step    9: train/policy_loss = 0.748121
09:41:31 PM - INFO - Step    9: train/reward_loss = 0.630485
09:41:31 PM - INFO - Step    9: train/value_loss = 38.318214
09:41:31 PM - INFO - Step    9: total_loss = 39.696819
09:41:31 PM - INFO - Episode 219: Reward=  10.0, Length= 10, Loss=39.6968, Memory=10.95
09:41:34 PM - INFO - Episode 220: Reward=  31.0, Length= 31, Loss=39.6968, Memory=11.00
09:41:34 PM - INFO - Step   10: train/policy_loss = 0.768205
09:41:34 PM - INFO - Step   10: train/reward_loss = 0.783343
09:41:34 PM - INFO - Step   10: train/value_loss = 34.730511
09:41:34 PM - INFO - Step   10: total_loss = 36.282059
09:41:35 PM - INFO - Episode 221: Reward=  14.0, Length= 14, Loss=36.2821, Memory=11.05
09:41:35 PM - INFO - Progress: 11.0% | 0.75 it/s | ETA: 39:40
09:41:35 PM - INFO - Episode 222: Reward=   9.0, Length=  9, Loss=36.2821, Memory=11.10
09:41:36 PM - INFO - Step   11: train/policy_loss = 0.736639
09:41:36 PM - INFO - Step   11: train/reward_loss = 0.946344
09:41:36 PM - INFO - Step   11: train/value_loss = 30.209837
09:41:36 PM - INFO - Step   11: total_loss = 31.892820
09:41:36 PM - INFO - Episode 223: Reward=   8.0, Length=  8, Loss=31.8928, Memory=11.15
09:41:37 PM - INFO - Episode 224: Reward=  18.0, Length= 18, Loss=31.8928, Memory=11.20
09:41:38 PM - INFO - Step   12: train/policy_loss = 0.707226
09:41:38 PM - INFO - Step   12: train/reward_loss = 0.919966
09:41:38 PM - INFO - Step   12: train/value_loss = 29.631632
09:41:38 PM - INFO - Step   12: total_loss = 31.258823
09:41:38 PM - INFO - Episode 225: Reward=  10.0, Length= 10, Loss=31.2588, Memory=11.25
09:41:39 PM - INFO - Episode 226: Reward=  10.0, Length= 10, Loss=31.2588, Memory=11.30
09:41:39 PM - INFO - Step   13: train/policy_loss = 0.698015
09:41:39 PM - INFO - Step   13: train/reward_loss = 0.773918
09:41:39 PM - INFO - Step   13: train/value_loss = 27.715185
09:41:39 PM - INFO - Step   13: total_loss = 29.187119
09:41:40 PM - INFO - Episode 227: Reward=  10.0, Length= 10, Loss=29.1871, Memory=11.35
09:41:41 PM - INFO - Episode 228: Reward=   9.0, Length=  9, Loss=29.1871, Memory=11.40
09:41:41 PM - INFO - Step   14: train/policy_loss = 0.697830
09:41:41 PM - INFO - Step   14: train/reward_loss = 0.620810
09:41:41 PM - INFO - Step   14: train/value_loss = 26.335251
09:41:41 PM - INFO - Step   14: total_loss = 27.653891
09:41:41 PM - INFO - Episode 229: Reward=   9.0, Length=  9, Loss=27.6539, Memory=11.45
09:41:42 PM - INFO - Episode 230: Reward=  10.0, Length= 10, Loss=27.6539, Memory=11.50
09:41:42 PM - INFO - Step   15: train/policy_loss = 0.692279
09:41:42 PM - INFO - Step   15: train/reward_loss = 0.549210
09:41:42 PM - INFO - Step   15: train/value_loss = 24.185724
09:41:42 PM - INFO - Step   15: total_loss = 25.427212
09:41:43 PM - INFO - Episode 231: Reward=  10.0, Length= 10, Loss=25.4272, Memory=11.55
09:41:44 PM - INFO - Episode 232: Reward=   9.0, Length=  9, Loss=25.4272, Memory=11.60
09:41:44 PM - INFO - Step   16: train/policy_loss = 0.699797
09:41:44 PM - INFO - Step   16: train/reward_loss = 0.477674
09:41:44 PM - INFO - Step   16: train/value_loss = 24.039955
09:41:44 PM - INFO - Step   16: total_loss = 25.217426
09:41:45 PM - INFO - Episode 233: Reward=  10.0, Length= 10, Loss=25.2174, Memory=11.65
09:41:45 PM - INFO - Episode 234: Reward=  10.0, Length= 10, Loss=25.2174, Memory=11.70
09:41:46 PM - INFO - Step   17: train/policy_loss = 0.702327
09:41:46 PM - INFO - Step   17: train/reward_loss = 0.475651
09:41:46 PM - INFO - Step   17: train/value_loss = 21.981947
09:41:46 PM - INFO - Step   17: total_loss = 23.159925
09:41:46 PM - INFO - Episode 235: Reward=  10.0, Length= 10, Loss=23.1599, Memory=11.75
09:41:47 PM - INFO - Episode 236: Reward=   9.0, Length=  9, Loss=23.1599, Memory=11.80
09:41:47 PM - INFO - Step   18: train/policy_loss = 0.699074
09:41:47 PM - INFO - Step   18: train/reward_loss = 0.442443
09:41:47 PM - INFO - Step   18: train/value_loss = 22.163347
09:41:47 PM - INFO - Step   18: total_loss = 23.304865
09:41:48 PM - INFO - Episode 237: Reward=  14.0, Length= 14, Loss=23.3049, Memory=11.85
09:41:49 PM - INFO - Episode 238: Reward=   9.0, Length=  9, Loss=23.3049, Memory=11.90
09:41:49 PM - INFO - Step   19: train/policy_loss = 0.700360
09:41:49 PM - INFO - Step   19: train/reward_loss = 0.395569
09:41:49 PM - INFO - Step   19: train/value_loss = 20.733515
09:41:49 PM - INFO - Step   19: total_loss = 21.829443
09:41:50 PM - INFO - Episode 239: Reward=  10.0, Length= 10, Loss=21.8294, Memory=11.95
09:41:50 PM - INFO - Episode 240: Reward=  10.0, Length= 10, Loss=21.8294, Memory=12.00
09:41:51 PM - INFO - Step   20: train/policy_loss = 0.703512
09:41:51 PM - INFO - Step   20: train/reward_loss = 0.387221
09:41:51 PM - INFO - Step   20: train/value_loss = 19.154709
09:41:51 PM - INFO - Step   20: total_loss = 20.245441
09:41:51 PM - INFO - Episode 241: Reward=  10.0, Length= 10, Loss=20.2454, Memory=12.05
09:41:51 PM - INFO - Progress: 12.0% | 1.13 it/s | ETA: 26:03
09:41:52 PM - INFO - Episode 242: Reward=  13.0, Length= 13, Loss=20.2454, Memory=12.10
09:41:53 PM - INFO - Step   21: train/policy_loss = 0.708014
09:41:53 PM - INFO - Step   21: train/reward_loss = 0.381573
09:41:53 PM - INFO - Step   21: train/value_loss = 17.190886
09:41:53 PM - INFO - Step   21: total_loss = 18.280472
09:41:53 PM - INFO - Episode 243: Reward=  10.0, Length= 10, Loss=18.2805, Memory=12.15
09:41:54 PM - INFO - Episode 244: Reward=   9.0, Length=  9, Loss=18.2805, Memory=12.20
09:41:54 PM - INFO - Step   22: train/policy_loss = 0.705255
09:41:54 PM - INFO - Step   22: train/reward_loss = 0.379916
09:41:54 PM - INFO - Step   22: train/value_loss = 16.463514
09:41:54 PM - INFO - Step   22: total_loss = 17.548687
09:41:55 PM - INFO - Episode 245: Reward=   8.0, Length=  8, Loss=17.5487, Memory=12.25
09:41:56 PM - INFO - Episode 246: Reward=  10.0, Length= 10, Loss=17.5487, Memory=12.30
09:41:56 PM - INFO - Step   23: train/policy_loss = 0.699900
09:41:56 PM - INFO - Step   23: train/reward_loss = 0.328876
09:41:56 PM - INFO - Step   23: train/value_loss = 15.753976
09:41:56 PM - INFO - Step   23: total_loss = 16.782753
09:41:57 PM - INFO - Episode 247: Reward=  10.0, Length= 10, Loss=16.7828, Memory=12.35
09:41:58 PM - INFO - Episode 248: Reward=   9.0, Length=  9, Loss=16.7828, Memory=12.40
09:41:58 PM - INFO - Step   24: train/policy_loss = 0.698758
09:41:58 PM - INFO - Step   24: train/reward_loss = 0.298430
09:41:58 PM - INFO - Step   24: train/value_loss = 14.936630
09:41:58 PM - INFO - Step   24: total_loss = 15.933818
09:41:59 PM - INFO - Episode 249: Reward=   8.0, Length=  8, Loss=15.9338, Memory=12.45
09:41:59 PM - INFO - Episode 250: Reward=  10.0, Length= 10, Loss=15.9338, Memory=12.50
09:42:00 PM - INFO - Step   25: train/policy_loss = 0.699086
09:42:00 PM - INFO - Step   25: train/reward_loss = 0.292595
09:42:00 PM - INFO - Step   25: train/value_loss = 14.321518
09:42:00 PM - INFO - Step   25: total_loss = 15.313198
09:42:00 PM - INFO - Checkpoint saved to checkpoints/CartPole-v1/20250725_213748/episode_00250.pkl
09:42:00 PM - INFO - Episode 251: Reward=   9.0, Length=  9, Loss=15.3132, Memory=12.55
09:42:01 PM - INFO - Episode 252: Reward=   9.0, Length=  9, Loss=15.3132, Memory=12.60
09:42:01 PM - INFO - Step   26: train/policy_loss = 0.699930
09:42:01 PM - INFO - Step   26: train/reward_loss = 0.298146
09:42:01 PM - INFO - Step   26: train/value_loss = 13.272214
09:42:01 PM - INFO - Step   26: total_loss = 14.270290
09:42:02 PM - INFO - Episode 253: Reward=   9.0, Length=  9, Loss=14.2703, Memory=12.65
09:42:03 PM - INFO - Episode 254: Reward=  10.0, Length= 10, Loss=14.2703, Memory=12.70
09:42:03 PM - INFO - Step   27: train/policy_loss = 0.701135
09:42:03 PM - INFO - Step   27: train/reward_loss = 0.270841
09:42:03 PM - INFO - Step   27: train/value_loss = 13.042411
09:42:03 PM - INFO - Step   27: total_loss = 14.014388
09:42:04 PM - INFO - Episode 255: Reward=   8.0, Length=  8, Loss=14.0144, Memory=12.75
09:42:04 PM - INFO - Episode 256: Reward=   9.0, Length=  9, Loss=14.0144, Memory=12.80
09:42:04 PM - INFO - Step   28: train/policy_loss = 0.700587
09:42:04 PM - INFO - Step   28: train/reward_loss = 0.279086
09:42:04 PM - INFO - Step   28: train/value_loss = 12.299393
09:42:04 PM - INFO - Step   28: total_loss = 13.279066
09:42:05 PM - INFO - Episode 257: Reward=  10.0, Length= 10, Loss=13.2791, Memory=12.85
09:42:06 PM - INFO - Episode 258: Reward=  13.0, Length= 13, Loss=13.2791, Memory=12.90
09:42:06 PM - INFO - Step   29: train/policy_loss = 0.703039
09:42:06 PM - INFO - Step   29: train/reward_loss = 0.257898
09:42:06 PM - INFO - Step   29: train/value_loss = 11.559237
09:42:06 PM - INFO - Step   29: total_loss = 12.520175
09:42:07 PM - INFO - Episode 259: Reward=  10.0, Length= 10, Loss=12.5202, Memory=12.95
09:42:08 PM - INFO - Episode 260: Reward=   9.0, Length=  9, Loss=12.5202, Memory=13.00
09:42:08 PM - INFO - Step   30: train/policy_loss = 0.695545
09:42:08 PM - INFO - Step   30: train/reward_loss = 0.219003
09:42:08 PM - INFO - Step   30: train/value_loss = 10.858468
09:42:08 PM - INFO - Step   30: total_loss = 11.773016
09:42:10 PM - INFO - Episode 261: Reward=  22.0, Length= 22, Loss=11.7730, Memory=13.05
09:42:10 PM - INFO - Progress: 13.0% | 1.14 it/s | ETA: 25:24
09:42:10 PM - INFO - Episode 262: Reward=  10.0, Length= 10, Loss=11.7730, Memory=13.10
09:42:11 PM - INFO - Step   31: train/policy_loss = 0.696110
09:42:11 PM - INFO - Step   31: train/reward_loss = 0.206268
09:42:11 PM - INFO - Step   31: train/value_loss = 10.584105
09:42:11 PM - INFO - Step   31: total_loss = 11.486484
09:42:11 PM - INFO - Episode 263: Reward=  11.0, Length= 11, Loss=11.4865, Memory=13.15
09:42:12 PM - INFO - Episode 264: Reward=   8.0, Length=  8, Loss=11.4865, Memory=13.20
09:42:12 PM - INFO - Step   32: train/policy_loss = 0.695468
09:42:12 PM - INFO - Step   32: train/reward_loss = 0.230987
09:42:12 PM - INFO - Step   32: train/value_loss = 10.856250
09:42:12 PM - INFO - Step   32: total_loss = 11.782704
09:42:13 PM - INFO - Episode 265: Reward=  14.0, Length= 14, Loss=11.7827, Memory=13.25
09:42:15 PM - INFO - Episode 266: Reward=  20.0, Length= 20, Loss=11.7827, Memory=13.30
09:42:15 PM - INFO - Step   33: train/policy_loss = 0.694903
09:42:15 PM - INFO - Step   33: train/reward_loss = 0.234813
09:42:15 PM - INFO - Step   33: train/value_loss = 10.549367
09:42:15 PM - INFO - Step   33: total_loss = 11.479083
09:42:16 PM - INFO - Episode 267: Reward=  10.0, Length= 10, Loss=11.4791, Memory=13.35
09:42:16 PM - INFO - Episode 268: Reward=   8.0, Length=  8, Loss=11.4791, Memory=13.40
09:42:16 PM - INFO - Step   34: train/policy_loss = 0.695837
09:42:16 PM - INFO - Step   34: train/reward_loss = 0.229013
09:42:16 PM - INFO - Step   34: train/value_loss = 10.380059
09:42:16 PM - INFO - Step   34: total_loss = 11.304909
09:42:18 PM - INFO - Episode 269: Reward=  28.0, Length= 28, Loss=11.3049, Memory=13.45
09:42:19 PM - INFO - Episode 270: Reward=   9.0, Length=  9, Loss=11.3049, Memory=13.50
09:42:19 PM - INFO - Step   35: train/policy_loss = 0.697368
09:42:19 PM - INFO - Step   35: train/reward_loss = 0.213185
09:42:19 PM - INFO - Step   35: train/value_loss = 9.941426
09:42:19 PM - INFO - Step   35: total_loss = 10.851979
09:42:20 PM - INFO - Episode 271: Reward=   8.0, Length=  8, Loss=10.8520, Memory=13.55
09:42:20 PM - INFO - Episode 272: Reward=  10.0, Length= 10, Loss=10.8520, Memory=13.60
09:42:21 PM - INFO - Step   36: train/policy_loss = 0.695653
09:42:21 PM - INFO - Step   36: train/reward_loss = 0.191065
09:42:21 PM - INFO - Step   36: train/value_loss = 9.199771
09:42:21 PM - INFO - Step   36: total_loss = 10.086490
09:42:21 PM - INFO - Episode 273: Reward=  11.0, Length= 11, Loss=10.0865, Memory=13.65
09:42:24 PM - INFO - Episode 274: Reward=  31.0, Length= 31, Loss=10.0865, Memory=13.70
09:42:24 PM - INFO - Step   37: train/policy_loss = 0.700218
09:42:24 PM - INFO - Step   37: train/reward_loss = 0.161343
09:42:24 PM - INFO - Step   37: train/value_loss = 9.073208
09:42:24 PM - INFO - Step   37: total_loss = 9.934769
09:42:25 PM - INFO - Episode 275: Reward=  10.0, Length= 10, Loss=9.9348, Memory=13.75
09:42:25 PM - INFO - Episode 276: Reward=  10.0, Length= 10, Loss=9.9348, Memory=13.80
09:42:26 PM - INFO - Step   38: train/policy_loss = 0.701501
09:42:26 PM - INFO - Step   38: train/reward_loss = 0.137861
09:42:26 PM - INFO - Step   38: train/value_loss = 8.770693
09:42:26 PM - INFO - Step   38: total_loss = 9.610054
09:42:26 PM - INFO - Episode 277: Reward=   9.0, Length=  9, Loss=9.6101, Memory=13.85
09:42:27 PM - INFO - Episode 278: Reward=  15.0, Length= 15, Loss=9.6101, Memory=13.90
09:42:28 PM - INFO - Step   39: train/policy_loss = 0.698294
09:42:28 PM - INFO - Step   39: train/reward_loss = 0.121583
09:42:28 PM - INFO - Step   39: train/value_loss = 7.788971
09:42:28 PM - INFO - Step   39: total_loss = 8.608849
09:42:28 PM - INFO - Episode 279: Reward=   9.0, Length=  9, Loss=8.6088, Memory=13.95
09:42:29 PM - INFO - Episode 280: Reward=  10.0, Length= 10, Loss=8.6088, Memory=14.00
09:42:29 PM - INFO - Step   40: train/policy_loss = 0.694429
09:42:29 PM - INFO - Step   40: train/reward_loss = 0.118791
09:42:29 PM - INFO - Step   40: train/value_loss = 7.254164
09:42:29 PM - INFO - Step   40: total_loss = 8.067385
09:42:30 PM - INFO - Episode 281: Reward=   9.0, Length=  9, Loss=8.0674, Memory=14.05
09:42:30 PM - INFO - Progress: 14.0% | 1.03 it/s | ETA: 27:50
09:42:31 PM - INFO - Episode 282: Reward=  10.0, Length= 10, Loss=8.0674, Memory=14.10
09:42:31 PM - INFO - Step   41: train/policy_loss = 0.691200
09:42:31 PM - INFO - Step   41: train/reward_loss = 0.123738
09:42:31 PM - INFO - Step   41: train/value_loss = 7.373213
09:42:31 PM - INFO - Step   41: total_loss = 8.188151
09:42:32 PM - INFO - Episode 283: Reward=  14.0, Length= 14, Loss=8.1882, Memory=14.15
09:42:33 PM - INFO - Episode 284: Reward=  10.0, Length= 10, Loss=8.1882, Memory=14.20
09:42:33 PM - INFO - Step   42: train/policy_loss = 0.690794
09:42:33 PM - INFO - Step   42: train/reward_loss = 0.103091
09:42:33 PM - INFO - Step   42: train/value_loss = 6.562618
09:42:33 PM - INFO - Step   42: total_loss = 7.356503
09:42:34 PM - INFO - Episode 285: Reward=  15.0, Length= 15, Loss=7.3565, Memory=14.25
09:42:35 PM - INFO - Episode 286: Reward=   9.0, Length=  9, Loss=7.3565, Memory=14.30
09:42:35 PM - INFO - Step   43: train/policy_loss = 0.695171
09:42:35 PM - INFO - Step   43: train/reward_loss = 0.113164
09:42:35 PM - INFO - Step   43: train/value_loss = 6.560860
09:42:35 PM - INFO - Step   43: total_loss = 7.369195
09:42:35 PM - INFO - Episode 287: Reward=  10.0, Length= 10, Loss=7.3692, Memory=14.35
09:42:36 PM - INFO - Episode 288: Reward=   9.0, Length=  9, Loss=7.3692, Memory=14.40
09:42:36 PM - INFO - Step   44: train/policy_loss = 0.694761
09:42:36 PM - INFO - Step   44: train/reward_loss = 0.105444
09:42:36 PM - INFO - Step   44: train/value_loss = 5.729486
09:42:36 PM - INFO - Step   44: total_loss = 6.529690
09:42:37 PM - INFO - Episode 289: Reward=  11.0, Length= 11, Loss=6.5297, Memory=14.45
09:42:38 PM - INFO - Episode 290: Reward=   9.0, Length=  9, Loss=6.5297, Memory=14.50
09:42:38 PM - INFO - Step   45: train/policy_loss = 0.681784
09:42:38 PM - INFO - Step   45: train/reward_loss = 0.091707
09:42:38 PM - INFO - Step   45: train/value_loss = 4.984801
09:42:38 PM - INFO - Step   45: total_loss = 5.758292
09:42:39 PM - INFO - Episode 291: Reward=  10.0, Length= 10, Loss=5.7583, Memory=14.55
09:42:40 PM - INFO - Episode 292: Reward=  10.0, Length= 10, Loss=5.7583, Memory=14.60
09:42:40 PM - INFO - Step   46: train/policy_loss = 0.690286
09:42:40 PM - INFO - Step   46: train/reward_loss = 0.075709
09:42:40 PM - INFO - Step   46: train/value_loss = 4.538712
09:42:40 PM - INFO - Step   46: total_loss = 5.304708
09:42:40 PM - INFO - Episode 293: Reward=  10.0, Length= 10, Loss=5.3047, Memory=14.65
09:42:41 PM - INFO - Episode 294: Reward=  13.0, Length= 13, Loss=5.3047, Memory=14.70
09:42:42 PM - INFO - Step   47: train/policy_loss = 0.682276
09:42:42 PM - INFO - Step   47: train/reward_loss = 0.064989
09:42:42 PM - INFO - Step   47: train/value_loss = 4.037676
09:42:42 PM - INFO - Step   47: total_loss = 4.784942
09:42:43 PM - INFO - Episode 295: Reward=  12.0, Length= 12, Loss=4.7849, Memory=14.75
09:42:44 PM - INFO - Episode 296: Reward=  27.0, Length= 27, Loss=4.7849, Memory=14.80
09:42:45 PM - INFO - Step   48: train/policy_loss = 0.686879
09:42:45 PM - INFO - Step   48: train/reward_loss = 0.058382
09:42:45 PM - INFO - Step   48: train/value_loss = 3.705432
09:42:45 PM - INFO - Step   48: total_loss = 4.450693
09:42:45 PM - INFO - Episode 297: Reward=  10.0, Length= 10, Loss=4.4507, Memory=14.85
09:42:46 PM - INFO - Episode 298: Reward=  10.0, Length= 10, Loss=4.4507, Memory=14.90
09:42:46 PM - INFO - Step   49: train/policy_loss = 0.686254
09:42:46 PM - INFO - Step   49: train/reward_loss = 0.055830
09:42:46 PM - INFO - Step   49: train/value_loss = 3.200647
09:42:46 PM - INFO - Step   49: total_loss = 3.942731
09:42:48 PM - INFO - Episode 299: Reward=  24.0, Length= 24, Loss=3.9427, Memory=14.95
09:42:49 PM - INFO - Episode 300: Reward=  10.0, Length= 10, Loss=3.9427, Memory=15.00
09:42:49 PM - INFO - Step   50: train/policy_loss = 0.682986
09:42:49 PM - INFO - Step   50: train/reward_loss = 0.067386
09:42:49 PM - INFO - Step   50: train/value_loss = 2.700804
09:42:49 PM - INFO - Step   50: total_loss = 3.451176
09:42:49 PM - INFO - Checkpoint saved to checkpoints/CartPole-v1/20250725_213748/episode_00300.pkl
09:42:50 PM - INFO - Episode 301: Reward=   9.0, Length=  9, Loss=3.4512, Memory=15.05
09:42:50 PM - INFO - Progress: 15.0% | 0.85 it/s | ETA: 33:24
09:42:51 PM - INFO - Episode 302: Reward=  17.0, Length= 17, Loss=3.4512, Memory=15.10
09:42:51 PM - INFO - Step   51: train/policy_loss = 0.672268
09:42:51 PM - INFO - Step   51: train/reward_loss = 0.068803
09:42:51 PM - INFO - Step   51: train/value_loss = 2.207967
09:42:51 PM - INFO - Step   51: total_loss = 2.949039
09:42:52 PM - INFO - Episode 303: Reward=   9.0, Length=  9, Loss=2.9490, Memory=15.15
09:42:53 PM - INFO - Episode 304: Reward=  10.0, Length= 10, Loss=2.9490, Memory=15.20
09:42:53 PM - INFO - Step   52: train/policy_loss = 0.676120
09:42:53 PM - INFO - Step   52: train/reward_loss = 0.076598
09:42:53 PM - INFO - Step   52: train/value_loss = 1.904249
09:42:53 PM - INFO - Step   52: total_loss = 2.656967
09:42:53 PM - INFO - Episode 305: Reward=   9.0, Length=  9, Loss=2.6570, Memory=15.25
09:42:54 PM - INFO - Episode 306: Reward=   9.0, Length=  9, Loss=2.6570, Memory=15.30
09:42:54 PM - INFO - Step   53: train/policy_loss = 0.673993
09:42:54 PM - INFO - Step   53: train/reward_loss = 0.089944
09:42:54 PM - INFO - Step   53: train/value_loss = 1.633213
09:42:54 PM - INFO - Step   53: total_loss = 2.397149
09:42:55 PM - INFO - Episode 307: Reward=  10.0, Length= 10, Loss=2.3971, Memory=15.35
09:42:56 PM - INFO - Episode 308: Reward=   9.0, Length=  9, Loss=2.3971, Memory=15.40
09:42:56 PM - INFO - Step   54: train/policy_loss = 0.672094
09:42:56 PM - INFO - Step   54: train/reward_loss = 0.055645
09:42:56 PM - INFO - Step   54: train/value_loss = 1.657830
09:42:56 PM - INFO - Step   54: total_loss = 2.385569
09:42:57 PM - INFO - Episode 309: Reward=   9.0, Length=  9, Loss=2.3856, Memory=15.45
09:42:57 PM - INFO - Episode 310: Reward=  10.0, Length= 10, Loss=2.3856, Memory=15.50
09:42:58 PM - INFO - Step   55: train/policy_loss = 0.675398
09:42:58 PM - INFO - Step   55: train/reward_loss = 0.032761
09:42:58 PM - INFO - Step   55: train/value_loss = 1.345199
09:42:58 PM - INFO - Step   55: total_loss = 2.053358
09:42:58 PM - INFO - Episode 311: Reward=  10.0, Length= 10, Loss=2.0534, Memory=15.55
09:42:59 PM - INFO - Episode 312: Reward=  10.0, Length= 10, Loss=2.0534, Memory=15.60
09:42:59 PM - INFO - Step   56: train/policy_loss = 0.672179
09:42:59 PM - INFO - Step   56: train/reward_loss = 0.030325
09:42:59 PM - INFO - Step   56: train/value_loss = 1.452123
09:42:59 PM - INFO - Step   56: total_loss = 2.154627
09:43:00 PM - INFO - Episode 313: Reward=   9.0, Length=  9, Loss=2.1546, Memory=15.65
09:43:01 PM - INFO - Episode 314: Reward=   9.0, Length=  9, Loss=2.1546, Memory=15.70
09:43:01 PM - INFO - Step   57: train/policy_loss = 0.685478
09:43:01 PM - INFO - Step   57: train/reward_loss = 0.030487
09:43:01 PM - INFO - Step   57: train/value_loss = 1.999006
09:43:01 PM - INFO - Step   57: total_loss = 2.714971
09:43:01 PM - INFO - Episode 315: Reward=  10.0, Length= 10, Loss=2.7150, Memory=15.75
09:43:02 PM - INFO - Episode 316: Reward=   9.0, Length=  9, Loss=2.7150, Memory=15.80
09:43:02 PM - INFO - Step   58: train/policy_loss = 0.671448
09:43:02 PM - INFO - Step   58: train/reward_loss = 0.037251
09:43:02 PM - INFO - Step   58: train/value_loss = 1.687749
09:43:02 PM - INFO - Step   58: total_loss = 2.396448
09:43:03 PM - INFO - Episode 317: Reward=   9.0, Length=  9, Loss=2.3964, Memory=15.85
09:43:04 PM - INFO - Episode 318: Reward=  10.0, Length= 10, Loss=2.3964, Memory=15.90
09:43:04 PM - INFO - Step   59: train/policy_loss = 0.667492
09:43:04 PM - INFO - Step   59: train/reward_loss = 0.058428
09:43:04 PM - INFO - Step   59: train/value_loss = 2.562131
09:43:04 PM - INFO - Step   59: total_loss = 3.288051
09:43:05 PM - INFO - Episode 319: Reward=  10.0, Length= 10, Loss=3.2881, Memory=15.95
09:43:05 PM - INFO - Episode 320: Reward=   9.0, Length=  9, Loss=3.2881, Memory=16.00
09:43:06 PM - INFO - Step   60: train/policy_loss = 0.665307
09:43:06 PM - INFO - Step   60: train/reward_loss = 0.042184
09:43:06 PM - INFO - Step   60: train/value_loss = 2.552788
09:43:06 PM - INFO - Step   60: total_loss = 3.260279
09:43:06 PM - INFO - Episode 321: Reward=   9.0, Length=  9, Loss=3.2603, Memory=16.05
09:43:06 PM - INFO - Progress: 16.0% | 1.18 it/s | ETA: 23:39
09:43:07 PM - INFO - Episode 322: Reward=  10.0, Length= 10, Loss=3.2603, Memory=16.10
09:43:07 PM - INFO - Step   61: train/policy_loss = 0.669991
09:43:07 PM - INFO - Step   61: train/reward_loss = 0.021912
09:43:07 PM - INFO - Step   61: train/value_loss = 3.361215
09:43:07 PM - INFO - Step   61: total_loss = 4.053119
09:43:08 PM - INFO - Episode 323: Reward=   9.0, Length=  9, Loss=4.0531, Memory=16.15
09:43:09 PM - INFO - Episode 324: Reward=  10.0, Length= 10, Loss=4.0531, Memory=16.20
09:43:09 PM - INFO - Step   62: train/policy_loss = 0.679027
09:43:09 PM - INFO - Step   62: train/reward_loss = 0.045800
09:43:09 PM - INFO - Step   62: train/value_loss = 2.108811
09:43:09 PM - INFO - Step   62: total_loss = 2.833638
09:43:10 PM - INFO - Episode 325: Reward=  10.0, Length= 10, Loss=2.8336, Memory=16.25
09:43:11 PM - INFO - Episode 326: Reward=  15.0, Length= 15, Loss=2.8336, Memory=16.30
09:43:11 PM - INFO - Step   63: train/policy_loss = 0.669178
09:43:11 PM - INFO - Step   63: train/reward_loss = 0.051296
09:43:11 PM - INFO - Step   63: train/value_loss = 2.705439
09:43:11 PM - INFO - Step   63: total_loss = 3.425912
09:43:12 PM - INFO - Episode 327: Reward=  14.0, Length= 14, Loss=3.4259, Memory=16.35
09:43:13 PM - INFO - Episode 328: Reward=  12.0, Length= 12, Loss=3.4259, Memory=16.40
09:43:13 PM - INFO - Step   64: train/policy_loss = 0.665976
09:43:13 PM - INFO - Step   64: train/reward_loss = 0.034214
09:43:13 PM - INFO - Step   64: train/value_loss = 1.906654
09:43:13 PM - INFO - Step   64: total_loss = 2.606844
09:43:15 PM - INFO - Episode 329: Reward=  30.0, Length= 30, Loss=2.6068, Memory=16.45
09:43:17 PM - INFO - Episode 330: Reward=  19.0, Length= 19, Loss=2.6068, Memory=16.50
09:43:17 PM - INFO - Step   65: train/policy_loss = 0.673139
09:43:17 PM - INFO - Step   65: train/reward_loss = 0.027536
09:43:17 PM - INFO - Step   65: train/value_loss = 2.406767
09:43:17 PM - INFO - Step   65: total_loss = 3.107442
09:43:34 PM - INFO - Episode 331: Reward= 238.0, Length=238, Loss=3.1074, Memory=16.55
09:43:39 PM - INFO - Episode 332: Reward=  88.0, Length= 88, Loss=3.1074, Memory=16.60
09:43:40 PM - INFO - Step   66: train/policy_loss = 0.665045
09:43:40 PM - INFO - Step   66: train/reward_loss = 0.027278
09:43:40 PM - INFO - Step   66: train/value_loss = 1.815916
09:43:40 PM - INFO - Step   66: total_loss = 2.508239
09:43:46 PM - INFO - Episode 333: Reward= 101.0, Length=101, Loss=2.5082, Memory=16.65
09:43:53 PM - INFO - Episode 334: Reward=  99.0, Length= 99, Loss=2.5082, Memory=16.70
09:43:53 PM - INFO - Step   67: train/policy_loss = 0.666121
09:43:53 PM - INFO - Step   67: train/reward_loss = 0.021594
09:43:53 PM - INFO - Step   67: train/value_loss = 1.735782
09:43:53 PM - INFO - Step   67: total_loss = 2.423497
09:43:59 PM - INFO - Episode 335: Reward=  84.0, Length= 84, Loss=2.4235, Memory=16.75
09:44:06 PM - INFO - Episode 336: Reward=  99.0, Length= 99, Loss=2.4235, Memory=16.80
09:44:06 PM - INFO - Step   68: train/policy_loss = 0.664980
09:44:06 PM - INFO - Step   68: train/reward_loss = 0.022052
09:44:06 PM - INFO - Step   68: train/value_loss = 1.739363
09:44:06 PM - INFO - Step   68: total_loss = 2.426396
09:44:10 PM - INFO - Episode 337: Reward=  55.0, Length= 55, Loss=2.4264, Memory=16.85
09:44:16 PM - INFO - Episode 338: Reward=  77.0, Length= 77, Loss=2.4264, Memory=16.90
09:44:16 PM - INFO - Step   69: train/policy_loss = 0.656443
09:44:16 PM - INFO - Step   69: train/reward_loss = 0.025982
09:44:16 PM - INFO - Step   69: train/value_loss = 1.522939
09:44:16 PM - INFO - Step   69: total_loss = 2.205363
09:44:37 PM - INFO - Episode 339: Reward= 313.0, Length=313, Loss=2.2054, Memory=16.95
09:44:42 PM - INFO - Episode 340: Reward=  79.0, Length= 79, Loss=2.2054, Memory=17.00
09:44:42 PM - INFO - Step   70: train/policy_loss = 0.660912
09:44:42 PM - INFO - Step   70: train/reward_loss = 0.032221
09:44:42 PM - INFO - Step   70: train/value_loss = 1.322500
09:44:42 PM - INFO - Step   70: total_loss = 2.015633
09:44:49 PM - INFO - Episode 341: Reward=  96.0, Length= 96, Loss=2.0156, Memory=17.05
09:44:49 PM - INFO - Progress: 17.0% | 0.11 it/s | ETA: 4:06:22
09:44:55 PM - INFO - Episode 342: Reward=  94.0, Length= 94, Loss=2.0156, Memory=17.10
09:44:56 PM - INFO - Step   71: train/policy_loss = 0.653409
09:44:56 PM - INFO - Step   71: train/reward_loss = 0.022754
09:44:56 PM - INFO - Step   71: train/value_loss = 1.182367
09:44:56 PM - INFO - Step   71: total_loss = 1.858530
09:45:08 PM - INFO - Episode 343: Reward= 180.0, Length=180, Loss=1.8585, Memory=17.15
09:45:09 PM - INFO - Episode 344: Reward=  20.0, Length= 20, Loss=1.8585, Memory=17.20
09:45:09 PM - INFO - Step   72: train/policy_loss = 0.654042
09:45:09 PM - INFO - Step   72: train/reward_loss = 0.019005
09:45:09 PM - INFO - Step   72: train/value_loss = 1.912360
09:45:09 PM - INFO - Step   72: total_loss = 2.585407
09:45:22 PM - INFO - Episode 345: Reward= 192.0, Length=192, Loss=2.5854, Memory=17.25
09:45:32 PM - INFO - Episode 346: Reward= 156.0, Length=156, Loss=2.5854, Memory=17.30
09:45:33 PM - INFO - Step   73: train/policy_loss = 0.635516
09:45:33 PM - INFO - Step   73: train/reward_loss = 0.015545
09:45:33 PM - INFO - Step   73: train/value_loss = 1.168610
09:45:33 PM - INFO - Step   73: total_loss = 1.819671
09:45:39 PM - INFO - Episode 347: Reward=  88.0, Length= 88, Loss=1.8197, Memory=17.35
09:45:39 PM - INFO - Episode 348: Reward=  13.0, Length= 13, Loss=1.8197, Memory=17.40
09:45:40 PM - INFO - Step   74: train/policy_loss = 0.661589
09:45:40 PM - INFO - Step   74: train/reward_loss = 0.019326
09:45:40 PM - INFO - Step   74: train/value_loss = 1.362040
09:45:40 PM - INFO - Step   74: total_loss = 2.042955
09:45:40 PM - INFO - Episode 349: Reward=  10.0, Length= 10, Loss=2.0430, Memory=17.45
09:45:41 PM - INFO - Episode 350: Reward=   9.0, Length=  9, Loss=2.0430, Memory=17.50
09:45:41 PM - INFO - Step   75: train/policy_loss = 0.655877
09:45:41 PM - INFO - Step   75: train/reward_loss = 0.021237
09:45:41 PM - INFO - Step   75: train/value_loss = 1.611064
09:45:41 PM - INFO - Step   75: total_loss = 2.288178
09:45:41 PM - INFO - Checkpoint saved to checkpoints/CartPole-v1/20250725_213748/episode_00350.pkl
09:45:42 PM - INFO - Episode 351: Reward=  13.0, Length= 13, Loss=2.2882, Memory=17.55
09:45:43 PM - INFO - Episode 352: Reward=  10.0, Length= 10, Loss=2.2882, Memory=17.60
09:45:43 PM - INFO - Step   76: train/policy_loss = 0.665033
09:45:43 PM - INFO - Step   76: train/reward_loss = 0.020024
09:45:43 PM - INFO - Step   76: train/value_loss = 1.185801
09:45:43 PM - INFO - Step   76: total_loss = 1.870858
09:45:45 PM - INFO - Episode 353: Reward=  23.0, Length= 23, Loss=1.8709, Memory=17.65
09:45:46 PM - INFO - Episode 354: Reward=  13.0, Length= 13, Loss=1.8709, Memory=17.70
09:45:46 PM - INFO - Step   77: train/policy_loss = 0.657528
09:45:46 PM - INFO - Step   77: train/reward_loss = 0.025014
09:45:46 PM - INFO - Step   77: train/value_loss = 1.875734
09:45:46 PM - INFO - Step   77: total_loss = 2.558276
09:45:47 PM - INFO - Episode 355: Reward=  15.0, Length= 15, Loss=2.5583, Memory=17.75
09:45:47 PM - INFO - Episode 356: Reward=   8.0, Length=  8, Loss=2.5583, Memory=17.80
09:45:48 PM - INFO - Step   78: train/policy_loss = 0.660996
09:45:48 PM - INFO - Step   78: train/reward_loss = 0.021766
09:45:48 PM - INFO - Step   78: train/value_loss = 1.846658
09:45:48 PM - INFO - Step   78: total_loss = 2.529421
09:45:48 PM - INFO - Episode 357: Reward=   9.0, Length=  9, Loss=2.5294, Memory=17.85
09:45:49 PM - INFO - Episode 358: Reward=  10.0, Length= 10, Loss=2.5294, Memory=17.90
09:45:49 PM - INFO - Step   79: train/policy_loss = 0.651598
09:45:49 PM - INFO - Step   79: train/reward_loss = 0.017501
09:45:49 PM - INFO - Step   79: train/value_loss = 1.667845
09:45:49 PM - INFO - Step   79: total_loss = 2.336943
09:45:50 PM - INFO - Episode 359: Reward=  10.0, Length= 10, Loss=2.3369, Memory=17.95
09:45:51 PM - INFO - Episode 360: Reward=  10.0, Length= 10, Loss=2.3369, Memory=18.00
09:45:51 PM - INFO - Step   80: train/policy_loss = 0.656313
09:45:51 PM - INFO - Step   80: train/reward_loss = 0.019978
09:45:51 PM - INFO - Step   80: train/value_loss = 1.651257
09:45:51 PM - INFO - Step   80: total_loss = 2.327548
09:45:52 PM - INFO - Episode 361: Reward=  10.0, Length= 10, Loss=2.3275, Memory=18.05
09:45:52 PM - INFO - Progress: 18.0% | 1.05 it/s | ETA: 26:07
09:45:52 PM - INFO - Episode 362: Reward=   8.0, Length=  8, Loss=2.3275, Memory=18.10
09:45:52 PM - INFO - Step   81: train/policy_loss = 0.644986
09:45:52 PM - INFO - Step   81: train/reward_loss = 0.013014
09:45:52 PM - INFO - Step   81: train/value_loss = 1.656222
09:45:52 PM - INFO - Step   81: total_loss = 2.314222
09:45:53 PM - INFO - Episode 363: Reward=  10.0, Length= 10, Loss=2.3142, Memory=18.15
09:45:55 PM - INFO - Episode 364: Reward=  24.0, Length= 24, Loss=2.3142, Memory=18.20
09:45:55 PM - INFO - Step   82: train/policy_loss = 0.645257
09:45:55 PM - INFO - Step   82: train/reward_loss = 0.016147
09:45:55 PM - INFO - Step   82: train/value_loss = 1.577360
09:45:55 PM - INFO - Step   82: total_loss = 2.238763
09:45:56 PM - INFO - Episode 365: Reward=  17.0, Length= 17, Loss=2.2388, Memory=18.25
09:45:57 PM - INFO - Episode 366: Reward=  12.0, Length= 12, Loss=2.2388, Memory=18.30
09:45:57 PM - INFO - Step   83: train/policy_loss = 0.655854
09:45:57 PM - INFO - Step   83: train/reward_loss = 0.016107
09:45:57 PM - INFO - Step   83: train/value_loss = 1.444222
09:45:57 PM - INFO - Step   83: total_loss = 2.116183
09:46:01 PM - INFO - Episode 367: Reward=  62.0, Length= 62, Loss=2.1162, Memory=18.35
09:46:07 PM - INFO - Episode 368: Reward=  87.0, Length= 87, Loss=2.1162, Memory=18.40
09:46:07 PM - INFO - Step   84: train/policy_loss = 0.654042
09:46:07 PM - INFO - Step   84: train/reward_loss = 0.012852
09:46:07 PM - INFO - Step   84: train/value_loss = 1.204848
09:46:07 PM - INFO - Step   84: total_loss = 1.871742
09:46:12 PM - INFO - Episode 369: Reward=  66.0, Length= 66, Loss=1.8717, Memory=18.45
09:46:16 PM - INFO - Episode 370: Reward=  59.0, Length= 59, Loss=1.8717, Memory=18.50
09:46:16 PM - INFO - Step   85: train/policy_loss = 0.635158
09:46:16 PM - INFO - Step   85: train/reward_loss = 0.012712
09:46:16 PM - INFO - Step   85: train/value_loss = 1.436191
09:46:16 PM - INFO - Step   85: total_loss = 2.084061
09:46:20 PM - INFO - Episode 371: Reward=  65.0, Length= 65, Loss=2.0841, Memory=18.55
09:46:25 PM - INFO - Episode 372: Reward=  66.0, Length= 66, Loss=2.0841, Memory=18.60
09:46:25 PM - INFO - Step   86: train/policy_loss = 0.649113
09:46:25 PM - INFO - Step   86: train/reward_loss = 0.013651
09:46:25 PM - INFO - Step   86: train/value_loss = 1.301688
09:46:25 PM - INFO - Step   86: total_loss = 1.964452
09:46:31 PM - INFO - Episode 373: Reward=  86.0, Length= 86, Loss=1.9645, Memory=18.65
09:46:35 PM - INFO - Episode 374: Reward=  58.0, Length= 58, Loss=1.9645, Memory=18.70
09:46:35 PM - INFO - Step   87: train/policy_loss = 0.642765
09:46:35 PM - INFO - Step   87: train/reward_loss = 0.013954
09:46:35 PM - INFO - Step   87: train/value_loss = 1.652070
09:46:35 PM - INFO - Step   87: total_loss = 2.308789
09:46:36 PM - INFO - Episode 375: Reward=  14.0, Length= 14, Loss=2.3088, Memory=18.75
09:46:37 PM - INFO - Episode 376: Reward=  17.0, Length= 17, Loss=2.3088, Memory=18.80
09:46:37 PM - INFO - Step   88: train/policy_loss = 0.664859
09:46:37 PM - INFO - Step   88: train/reward_loss = 0.013848
09:46:37 PM - INFO - Step   88: train/value_loss = 1.318347
09:46:37 PM - INFO - Step   88: total_loss = 1.997053
09:46:38 PM - INFO - Episode 377: Reward=  12.0, Length= 12, Loss=1.9971, Memory=18.85
09:46:42 PM - INFO - Episode 378: Reward=  59.0, Length= 59, Loss=1.9971, Memory=18.90
09:46:42 PM - INFO - Step   89: train/policy_loss = 0.640671
09:46:42 PM - INFO - Step   89: train/reward_loss = 0.013337
09:46:42 PM - INFO - Step   89: train/value_loss = 1.474012
09:46:42 PM - INFO - Step   89: total_loss = 2.128020
09:46:45 PM - INFO - Episode 379: Reward=  34.0, Length= 34, Loss=2.1280, Memory=18.95
09:46:46 PM - INFO - Episode 380: Reward=  18.0, Length= 18, Loss=2.1280, Memory=19.00
09:46:46 PM - INFO - Step   90: train/policy_loss = 0.657005
09:46:46 PM - INFO - Step   90: train/reward_loss = 0.019122
09:46:46 PM - INFO - Step   90: train/value_loss = 1.144744
09:46:46 PM - INFO - Step   90: total_loss = 1.820871
09:46:49 PM - INFO - Episode 381: Reward=  37.0, Length= 37, Loss=1.8209, Memory=19.05
09:46:49 PM - INFO - Progress: 19.0% | 0.44 it/s | ETA: 1:02:00
09:46:51 PM - INFO - Episode 382: Reward=  27.0, Length= 27, Loss=1.8209, Memory=19.10
09:46:51 PM - INFO - Step   91: train/policy_loss = 0.651863
09:46:51 PM - INFO - Step   91: train/reward_loss = 0.013462
09:46:51 PM - INFO - Step   91: train/value_loss = 1.271084
09:46:51 PM - INFO - Step   91: total_loss = 1.936409
09:46:55 PM - INFO - Episode 383: Reward=  57.0, Length= 57, Loss=1.9364, Memory=19.15
09:47:00 PM - INFO - Episode 384: Reward=  82.0, Length= 82, Loss=1.9364, Memory=19.20
09:47:00 PM - INFO - Step   92: train/policy_loss = 0.647394
09:47:00 PM - INFO - Step   92: train/reward_loss = 0.011923
09:47:00 PM - INFO - Step   92: train/value_loss = 1.457812
09:47:00 PM - INFO - Step   92: total_loss = 2.117129
09:47:01 PM - INFO - Episode 385: Reward=  15.0, Length= 15, Loss=2.1171, Memory=19.25
09:47:04 PM - INFO - Episode 386: Reward=  45.0, Length= 45, Loss=2.1171, Memory=19.30
09:47:05 PM - INFO - Step   93: train/policy_loss = 0.660343
09:47:05 PM - INFO - Step   93: train/reward_loss = 0.012446
09:47:05 PM - INFO - Step   93: train/value_loss = 1.192311
09:47:05 PM - INFO - Step   93: total_loss = 1.865100
09:47:05 PM - INFO - Episode 387: Reward=  10.0, Length= 10, Loss=1.8651, Memory=19.35
09:47:06 PM - INFO - Episode 388: Reward=  10.0, Length= 10, Loss=1.8651, Memory=19.40
09:47:06 PM - INFO - Step   94: train/policy_loss = 0.644473
09:47:06 PM - INFO - Step   94: train/reward_loss = 0.011802
09:47:06 PM - INFO - Step   94: train/value_loss = 1.461975
09:47:06 PM - INFO - Step   94: total_loss = 2.118250
09:47:07 PM - INFO - Episode 389: Reward=  11.0, Length= 11, Loss=2.1183, Memory=19.45
09:47:08 PM - INFO - Episode 390: Reward=  10.0, Length= 10, Loss=2.1183, Memory=19.50
09:47:08 PM - INFO - Step   95: train/policy_loss = 0.654687
09:47:08 PM - INFO - Step   95: train/reward_loss = 0.011512
09:47:08 PM - INFO - Step   95: train/value_loss = 1.597819
09:47:08 PM - INFO - Step   95: total_loss = 2.264018
09:47:09 PM - INFO - Episode 391: Reward=  11.0, Length= 11, Loss=2.2640, Memory=19.55
09:47:10 PM - INFO - Episode 392: Reward=  13.0, Length= 13, Loss=2.2640, Memory=19.60
09:47:10 PM - INFO - Step   96: train/policy_loss = 0.641952
09:47:10 PM - INFO - Step   96: train/reward_loss = 0.012243
09:47:10 PM - INFO - Step   96: train/value_loss = 1.418250
09:47:10 PM - INFO - Step   96: total_loss = 2.072445
09:47:11 PM - INFO - Episode 393: Reward=  10.0, Length= 10, Loss=2.0724, Memory=19.65
09:47:11 PM - INFO - Episode 394: Reward=  10.0, Length= 10, Loss=2.0724, Memory=19.70
09:47:11 PM - INFO - Step   97: train/policy_loss = 0.631504
09:47:11 PM - INFO - Step   97: train/reward_loss = 0.014013
09:47:11 PM - INFO - Step   97: train/value_loss = 1.159056
09:47:11 PM - INFO - Step   97: total_loss = 1.804572
09:47:13 PM - INFO - Episode 395: Reward=  27.0, Length= 27, Loss=1.8046, Memory=19.75
09:47:14 PM - INFO - Episode 396: Reward=  11.0, Length= 11, Loss=1.8046, Memory=19.80
09:47:14 PM - INFO - Step   98: train/policy_loss = 0.643374
09:47:14 PM - INFO - Step   98: train/reward_loss = 0.014532
09:47:14 PM - INFO - Step   98: train/value_loss = 1.034776
09:47:14 PM - INFO - Step   98: total_loss = 1.692682
09:47:15 PM - INFO - Episode 397: Reward=  15.0, Length= 15, Loss=1.6927, Memory=19.85
09:47:16 PM - INFO - Episode 398: Reward=  10.0, Length= 10, Loss=1.6927, Memory=19.90
09:47:16 PM - INFO - Step   99: train/policy_loss = 0.639025
09:47:16 PM - INFO - Step   99: train/reward_loss = 0.012573
09:47:16 PM - INFO - Step   99: train/value_loss = 0.950116
09:47:16 PM - INFO - Step   99: total_loss = 1.601714
09:47:16 PM - INFO - Updating target network at training step 100
09:47:16 PM - INFO - Target network update completed
09:47:17 PM - INFO - Episode 399: Reward=  11.0, Length= 11, Loss=1.6017, Memory=19.95
09:47:18 PM - INFO - Episode 400: Reward=  10.0, Length= 10, Loss=1.6017, Memory=20.00
09:47:18 PM - INFO - Step  100: train/policy_loss = 0.638691
09:47:18 PM - INFO - Step  100: train/reward_loss = 0.011258
09:47:18 PM - INFO - Step  100: train/value_loss = 1.618175
09:47:18 PM - INFO - Step  100: total_loss = 2.268124
09:47:18 PM - INFO - Checkpoint saved to checkpoints/CartPole-v1/20250725_213748/episode_00400.pkl
09:47:19 PM - INFO - Episode 401: Reward=  10.0, Length= 10, Loss=2.2681, Memory=20.05
09:47:19 PM - INFO - Progress: 20.0% | 1.03 it/s | ETA: 25:49
09:47:20 PM - INFO - Episode 402: Reward=  19.0, Length= 19, Loss=2.2681, Memory=20.10
09:47:20 PM - INFO - Step  101: train/policy_loss = 0.632626
09:47:20 PM - INFO - Step  101: train/reward_loss = 0.008263
09:47:20 PM - INFO - Step  101: train/value_loss = 1.467631
09:47:20 PM - INFO - Step  101: total_loss = 2.108520
09:47:21 PM - INFO - Episode 403: Reward=  16.0, Length= 16, Loss=2.1085, Memory=20.15
09:47:22 PM - INFO - Episode 404: Reward=   9.0, Length=  9, Loss=2.1085, Memory=20.20
09:47:22 PM - INFO - Step  102: train/policy_loss = 0.615594
09:47:22 PM - INFO - Step  102: train/reward_loss = 0.009099
09:47:22 PM - INFO - Step  102: train/value_loss = 1.417569
09:47:22 PM - INFO - Step  102: total_loss = 2.042261
09:47:23 PM - INFO - Episode 405: Reward=  10.0, Length= 10, Loss=2.0423, Memory=20.25
09:47:24 PM - INFO - Episode 406: Reward=  10.0, Length= 10, Loss=2.0423, Memory=20.30
09:47:24 PM - INFO - Step  103: train/policy_loss = 0.631924
09:47:24 PM - INFO - Step  103: train/reward_loss = 0.009303
09:47:24 PM - INFO - Step  103: train/value_loss = 1.405972
09:47:24 PM - INFO - Step  103: total_loss = 2.047200
09:47:25 PM - INFO - Episode 407: Reward=  19.0, Length= 19, Loss=2.0472, Memory=20.35
09:47:26 PM - INFO - Episode 408: Reward=  11.0, Length= 11, Loss=2.0472, Memory=20.40
09:47:26 PM - INFO - Step  104: train/policy_loss = 0.633481
09:47:26 PM - INFO - Step  104: train/reward_loss = 0.010296
09:47:26 PM - INFO - Step  104: train/value_loss = 1.451717
09:47:26 PM - INFO - Step  104: total_loss = 2.095494
09:47:27 PM - INFO - Episode 409: Reward=  11.0, Length= 11, Loss=2.0955, Memory=20.45
09:47:28 PM - INFO - Episode 410: Reward=  10.0, Length= 10, Loss=2.0955, Memory=20.50
09:47:28 PM - INFO - Step  105: train/policy_loss = 0.623120
09:47:28 PM - INFO - Step  105: train/reward_loss = 0.009082
09:47:28 PM - INFO - Step  105: train/value_loss = 1.556994
09:47:28 PM - INFO - Step  105: total_loss = 2.189196
09:47:29 PM - INFO - Episode 411: Reward=  10.0, Length= 10, Loss=2.1892, Memory=20.55
09:47:29 PM - INFO - Episode 412: Reward=  10.0, Length= 10, Loss=2.1892, Memory=20.60
09:47:30 PM - INFO - Step  106: train/policy_loss = 0.645064
09:47:30 PM - INFO - Step  106: train/reward_loss = 0.010903
09:47:30 PM - INFO - Step  106: train/value_loss = 1.778667
09:47:30 PM - INFO - Step  106: total_loss = 2.434633
09:47:32 PM - INFO - Episode 413: Reward=  31.0, Length= 31, Loss=2.4346, Memory=20.65
09:47:32 PM - INFO - Episode 414: Reward=  10.0, Length= 10, Loss=2.4346, Memory=20.70
09:47:33 PM - INFO - Step  107: train/policy_loss = 0.617568
09:47:33 PM - INFO - Step  107: train/reward_loss = 0.010298
09:47:33 PM - INFO - Step  107: train/value_loss = 1.502464
09:47:33 PM - INFO - Step  107: total_loss = 2.130331
09:47:36 PM - INFO - Episode 415: Reward=  47.0, Length= 47, Loss=2.1303, Memory=20.75
09:47:37 PM - INFO - Episode 416: Reward=  13.0, Length= 13, Loss=2.1303, Memory=20.80
09:47:37 PM - INFO - Step  108: train/policy_loss = 0.620645
09:47:37 PM - INFO - Step  108: train/reward_loss = 0.007257
09:47:37 PM - INFO - Step  108: train/value_loss = 1.685745
09:47:37 PM - INFO - Step  108: total_loss = 2.313646
09:48:10 PM - INFO - Episode 417: Reward= 500.0, Length=500, Loss=2.3136, Memory=20.85
09:48:17 PM - INFO - Episode 418: Reward= 107.0, Length=107, Loss=2.3136, Memory=20.90
09:48:18 PM - INFO - Step  109: train/policy_loss = 0.635986
09:48:18 PM - INFO - Step  109: train/reward_loss = 0.009012
09:48:18 PM - INFO - Step  109: train/value_loss = 1.830200
09:48:18 PM - INFO - Step  109: total_loss = 2.475198
09:48:22 PM - INFO - Episode 419: Reward=  63.0, Length= 63, Loss=2.4752, Memory=20.95
09:48:32 PM - INFO - Episode 420: Reward= 151.0, Length=151, Loss=2.4752, Memory=21.00
09:48:32 PM - INFO - Step  110: train/policy_loss = 0.638708
09:48:32 PM - INFO - Step  110: train/reward_loss = 0.008532
09:48:32 PM - INFO - Step  110: train/value_loss = 1.135635
09:48:32 PM - INFO - Step  110: total_loss = 1.782876
09:48:40 PM - INFO - Episode 421: Reward= 117.0, Length=117, Loss=1.7829, Memory=21.05
09:48:40 PM - INFO - Progress: 21.0% | 0.11 it/s | ETA: 3:54:13
09:48:45 PM - INFO - Episode 422: Reward=  55.0, Length= 55, Loss=1.7829, Memory=21.10
09:48:45 PM - INFO - Step  111: train/policy_loss = 0.633215
09:48:45 PM - INFO - Step  111: train/reward_loss = 0.008087
09:48:45 PM - INFO - Step  111: train/value_loss = 1.469429
09:48:45 PM - INFO - Step  111: total_loss = 2.110731
09:48:58 PM - INFO - Episode 423: Reward= 187.0, Length=187, Loss=2.1107, Memory=21.15
09:49:08 PM - INFO - Episode 424: Reward= 144.0, Length=144, Loss=2.1107, Memory=21.20
09:49:08 PM - INFO - Step  112: train/policy_loss = 0.606625
09:49:08 PM - INFO - Step  112: train/reward_loss = 0.007155
09:49:08 PM - INFO - Step  112: train/value_loss = 1.337273
09:49:08 PM - INFO - Step  112: total_loss = 1.951053
09:49:16 PM - INFO - Episode 425: Reward= 105.0, Length=105, Loss=1.9511, Memory=21.25
09:49:26 PM - INFO - Episode 426: Reward= 155.0, Length=155, Loss=1.9511, Memory=21.30
09:49:26 PM - INFO - Step  113: train/policy_loss = 0.615412
09:49:26 PM - INFO - Step  113: train/reward_loss = 0.007171
09:49:26 PM - INFO - Step  113: train/value_loss = 1.216838
09:49:26 PM - INFO - Step  113: total_loss = 1.839421
09:49:33 PM - INFO - Episode 427: Reward=  96.0, Length= 96, Loss=1.8394, Memory=21.35
09:49:38 PM - INFO - Episode 428: Reward=  75.0, Length= 75, Loss=1.8394, Memory=21.40
09:49:39 PM - INFO - Step  114: train/policy_loss = 0.639011
09:49:39 PM - INFO - Step  114: train/reward_loss = 0.009856
09:49:39 PM - INFO - Step  114: train/value_loss = 1.410505
09:49:39 PM - INFO - Step  114: total_loss = 2.059372
09:49:43 PM - INFO - Episode 429: Reward=  57.0, Length= 57, Loss=2.0594, Memory=21.45
09:49:44 PM - INFO - Episode 430: Reward=  12.0, Length= 12, Loss=2.0594, Memory=21.50
09:49:44 PM - INFO - Step  115: train/policy_loss = 0.596988
09:49:44 PM - INFO - Step  115: train/reward_loss = 0.006686
09:49:44 PM - INFO - Step  115: train/value_loss = 1.280057
09:49:44 PM - INFO - Step  115: total_loss = 1.883731
09:49:45 PM - INFO - Episode 431: Reward=   9.0, Length=  9, Loss=1.8837, Memory=21.55
09:49:45 PM - INFO - Episode 432: Reward=  10.0, Length= 10, Loss=1.8837, Memory=21.60
09:49:45 PM - INFO - Step  116: train/policy_loss = 0.604044
09:49:45 PM - INFO - Step  116: train/reward_loss = 0.007528
09:49:45 PM - INFO - Step  116: train/value_loss = 1.542892
09:49:45 PM - INFO - Step  116: total_loss = 2.154464
09:49:47 PM - INFO - Episode 433: Reward=  22.0, Length= 22, Loss=2.1545, Memory=21.65
09:49:48 PM - INFO - Episode 434: Reward=   9.0, Length=  9, Loss=2.1545, Memory=21.70
09:49:48 PM - INFO - Step  117: train/policy_loss = 0.637120
09:49:48 PM - INFO - Step  117: train/reward_loss = 0.008393
09:49:48 PM - INFO - Step  117: train/value_loss = 1.377592
09:49:48 PM - INFO - Step  117: total_loss = 2.023106
09:49:49 PM - INFO - Episode 435: Reward=  10.0, Length= 10, Loss=2.0231, Memory=21.75
09:49:49 PM - INFO - Episode 436: Reward=   9.0, Length=  9, Loss=2.0231, Memory=21.80
09:49:50 PM - INFO - Step  118: train/policy_loss = 0.587839
09:49:50 PM - INFO - Step  118: train/reward_loss = 0.006458
09:49:50 PM - INFO - Step  118: train/value_loss = 1.422472
09:49:50 PM - INFO - Step  118: total_loss = 2.016769
09:49:50 PM - INFO - Episode 437: Reward=  10.0, Length= 10, Loss=2.0168, Memory=21.85
09:49:51 PM - INFO - Episode 438: Reward=   8.0, Length=  8, Loss=2.0168, Memory=21.90
09:49:51 PM - INFO - Step  119: train/policy_loss = 0.639940
09:49:51 PM - INFO - Step  119: train/reward_loss = 0.007484
09:49:51 PM - INFO - Step  119: train/value_loss = 1.493719
09:49:51 PM - INFO - Step  119: total_loss = 2.141142
09:49:52 PM - INFO - Episode 439: Reward=  10.0, Length= 10, Loss=2.1411, Memory=21.95
09:49:53 PM - INFO - Episode 440: Reward=  10.0, Length= 10, Loss=2.1411, Memory=22.00
09:49:53 PM - INFO - Step  120: train/policy_loss = 0.629357
09:49:53 PM - INFO - Step  120: train/reward_loss = 0.007242
09:49:53 PM - INFO - Step  120: train/value_loss = 1.440132
09:49:53 PM - INFO - Step  120: total_loss = 2.076731
09:49:54 PM - INFO - Episode 441: Reward=   9.0, Length=  9, Loss=2.0767, Memory=22.05
09:49:54 PM - INFO - Progress: 22.0% | 1.02 it/s | ETA: 25:33
09:49:54 PM - INFO - Episode 442: Reward=  10.0, Length= 10, Loss=2.0767, Memory=22.10
09:49:55 PM - INFO - Step  121: train/policy_loss = 0.613430
09:49:55 PM - INFO - Step  121: train/reward_loss = 0.006309
09:49:55 PM - INFO - Step  121: train/value_loss = 1.152993
09:49:55 PM - INFO - Step  121: total_loss = 1.772732
09:49:56 PM - INFO - Episode 443: Reward=  15.0, Length= 15, Loss=1.7727, Memory=22.15
09:49:56 PM - INFO - Episode 444: Reward=  10.0, Length= 10, Loss=1.7727, Memory=22.20
09:49:57 PM - INFO - Step  122: train/policy_loss = 0.665031
09:49:57 PM - INFO - Step  122: train/reward_loss = 0.006811
09:49:57 PM - INFO - Step  122: train/value_loss = 1.140221
09:49:57 PM - INFO - Step  122: total_loss = 1.812063
09:49:58 PM - INFO - Episode 445: Reward=  24.0, Length= 24, Loss=1.8121, Memory=22.25
09:50:00 PM - INFO - Episode 446: Reward=  20.0, Length= 20, Loss=1.8121, Memory=22.30
09:50:00 PM - INFO - Step  123: train/policy_loss = 0.610282
09:50:00 PM - INFO - Step  123: train/reward_loss = 0.006505
09:50:00 PM - INFO - Step  123: train/value_loss = 1.266362
09:50:00 PM - INFO - Step  123: total_loss = 1.883149
09:50:05 PM - INFO - Episode 447: Reward=  75.0, Length= 75, Loss=1.8831, Memory=22.35
09:50:06 PM - INFO - Episode 448: Reward=  12.0, Length= 12, Loss=1.8831, Memory=22.40
09:50:06 PM - INFO - Step  124: train/policy_loss = 0.620465
09:50:06 PM - INFO - Step  124: train/reward_loss = 0.007612
09:50:06 PM - INFO - Step  124: train/value_loss = 1.139351
09:50:06 PM - INFO - Step  124: total_loss = 1.767427
09:50:11 PM - INFO - Episode 449: Reward=  64.0, Length= 64, Loss=1.7674, Memory=22.45
09:50:12 PM - INFO - Episode 450: Reward=  20.0, Length= 20, Loss=1.7674, Memory=22.50
09:50:13 PM - INFO - Step  125: train/policy_loss = 0.617065
09:50:13 PM - INFO - Step  125: train/reward_loss = 0.007711
09:50:13 PM - INFO - Step  125: train/value_loss = 0.990230
09:50:13 PM - INFO - Step  125: total_loss = 1.615007
09:50:13 PM - INFO - Checkpoint saved to checkpoints/CartPole-v1/20250725_213748/episode_00450.pkl
09:50:18 PM - INFO - Episode 451: Reward=  73.0, Length= 73, Loss=1.6150, Memory=22.55
09:50:22 PM - INFO - Episode 452: Reward=  59.0, Length= 59, Loss=1.6150, Memory=22.60
09:50:22 PM - INFO - Step  126: train/policy_loss = 0.630735
09:50:22 PM - INFO - Step  126: train/reward_loss = 0.007521
09:50:22 PM - INFO - Step  126: train/value_loss = 1.809474
09:50:22 PM - INFO - Step  126: total_loss = 2.447729
09:50:23 PM - INFO - Episode 453: Reward=  10.0, Length= 10, Loss=2.4477, Memory=22.65
09:50:24 PM - INFO - Episode 454: Reward=  17.0, Length= 17, Loss=2.4477, Memory=22.70
09:50:24 PM - INFO - Step  127: train/policy_loss = 0.624543
09:50:24 PM - INFO - Step  127: train/reward_loss = 0.009995
09:50:24 PM - INFO - Step  127: train/value_loss = 1.634995
09:50:24 PM - INFO - Step  127: total_loss = 2.269532
09:50:29 PM - INFO - Episode 455: Reward=  60.0, Length= 60, Loss=2.2695, Memory=22.75
09:50:30 PM - INFO - Episode 456: Reward=  16.0, Length= 16, Loss=2.2695, Memory=22.80
09:50:30 PM - INFO - Step  128: train/policy_loss = 0.614005
09:50:30 PM - INFO - Step  128: train/reward_loss = 0.010948
09:50:30 PM - INFO - Step  128: train/value_loss = 1.577304
09:50:30 PM - INFO - Step  128: total_loss = 2.202257
09:50:33 PM - INFO - Episode 457: Reward=  36.0, Length= 36, Loss=2.2023, Memory=22.85
09:50:37 PM - INFO - Episode 458: Reward=  65.0, Length= 65, Loss=2.2023, Memory=22.90
09:50:37 PM - INFO - Step  129: train/policy_loss = 0.610124
09:50:37 PM - INFO - Step  129: train/reward_loss = 0.008135
09:50:37 PM - INFO - Step  129: train/value_loss = 1.272494
09:50:37 PM - INFO - Step  129: total_loss = 1.890753
09:50:52 PM - INFO - Episode 459: Reward= 212.0, Length=212, Loss=1.8908, Memory=22.95
09:50:59 PM - INFO - Episode 460: Reward= 101.0, Length=101, Loss=1.8908, Memory=23.00
09:50:59 PM - INFO - Step  130: train/policy_loss = 0.614658
09:50:59 PM - INFO - Step  130: train/reward_loss = 0.005967
09:50:59 PM - INFO - Step  130: train/value_loss = 1.494505
09:50:59 PM - INFO - Step  130: total_loss = 2.115131
09:51:05 PM - INFO - Episode 461: Reward=  76.0, Length= 76, Loss=2.1151, Memory=23.05
09:51:05 PM - INFO - Progress: 23.0% | 0.15 it/s | ETA: 2:54:47
09:51:17 PM - INFO - Episode 462: Reward= 173.0, Length=173, Loss=2.1151, Memory=23.10
09:51:17 PM - INFO - Step  131: train/policy_loss = 0.626945
09:51:17 PM - INFO - Step  131: train/reward_loss = 0.009299
09:51:17 PM - INFO - Step  131: train/value_loss = 1.348234
09:51:17 PM - INFO - Step  131: total_loss = 1.984478
09:51:25 PM - INFO - Episode 463: Reward= 112.0, Length=112, Loss=1.9845, Memory=23.15
09:51:32 PM - INFO - Episode 464: Reward= 109.0, Length=109, Loss=1.9845, Memory=23.20
09:51:33 PM - INFO - Step  132: train/policy_loss = 0.649750
09:51:33 PM - INFO - Step  132: train/reward_loss = 0.008181
09:51:33 PM - INFO - Step  132: train/value_loss = 1.111447
09:51:33 PM - INFO - Step  132: total_loss = 1.769378
09:51:35 PM - INFO - Episode 465: Reward=  30.0, Length= 30, Loss=1.7694, Memory=23.25
09:51:39 PM - INFO - Episode 466: Reward=  63.0, Length= 63, Loss=1.7694, Memory=23.30
09:51:39 PM - INFO - Step  133: train/policy_loss = 0.616833
09:51:39 PM - INFO - Step  133: train/reward_loss = 0.007003
09:51:39 PM - INFO - Step  133: train/value_loss = 1.174788
09:51:39 PM - INFO - Step  133: total_loss = 1.798625
09:51:55 PM - INFO - Episode 467: Reward= 227.0, Length=227, Loss=1.7986, Memory=23.35
09:52:02 PM - INFO - Episode 468: Reward= 102.0, Length=102, Loss=1.7986, Memory=23.40
09:52:02 PM - INFO - Step  134: train/policy_loss = 0.605755
09:52:02 PM - INFO - Step  134: train/reward_loss = 0.006090
09:52:02 PM - INFO - Step  134: train/value_loss = 1.383414
09:52:02 PM - INFO - Step  134: total_loss = 1.995259
09:52:12 PM - INFO - Episode 469: Reward= 145.0, Length=145, Loss=1.9953, Memory=23.45
09:52:23 PM - INFO - Episode 470: Reward= 157.0, Length=157, Loss=1.9953, Memory=23.50
09:52:23 PM - INFO - Step  135: train/policy_loss = 0.614290
09:52:23 PM - INFO - Step  135: train/reward_loss = 0.007725
09:52:23 PM - INFO - Step  135: train/value_loss = 1.257398
09:52:23 PM - INFO - Step  135: total_loss = 1.879413
09:52:29 PM - INFO - Episode 471: Reward=  88.0, Length= 88, Loss=1.8794, Memory=23.55
09:52:37 PM - INFO - Episode 472: Reward= 118.0, Length=118, Loss=1.8794, Memory=23.60
09:52:38 PM - INFO - Step  136: train/policy_loss = 0.599362
09:52:38 PM - INFO - Step  136: train/reward_loss = 0.007496
09:52:38 PM - INFO - Step  136: train/value_loss = 1.349608
09:52:38 PM - INFO - Step  136: total_loss = 1.956466
09:52:40 PM - INFO - Episode 473: Reward=  25.0, Length= 25, Loss=1.9565, Memory=23.65
09:52:44 PM - INFO - Episode 474: Reward=  50.0, Length= 50, Loss=1.9565, Memory=23.70
09:52:44 PM - INFO - Step  137: train/policy_loss = 0.625324
09:52:44 PM - INFO - Step  137: train/reward_loss = 0.006020
09:52:44 PM - INFO - Step  137: train/value_loss = 1.126537
09:52:44 PM - INFO - Step  137: total_loss = 1.757881
09:52:46 PM - INFO - Episode 475: Reward=  20.0, Length= 20, Loss=1.7579, Memory=23.75
09:52:46 PM - INFO - Episode 476: Reward=  11.0, Length= 11, Loss=1.7579, Memory=23.80
09:52:47 PM - INFO - Step  138: train/policy_loss = 0.609958
09:52:47 PM - INFO - Step  138: train/reward_loss = 0.006521
09:52:47 PM - INFO - Step  138: train/value_loss = 1.122491
09:52:47 PM - INFO - Step  138: total_loss = 1.738969
09:52:47 PM - INFO - Episode 477: Reward=  10.0, Length= 10, Loss=1.7390, Memory=23.85
09:52:48 PM - INFO - Episode 478: Reward=   9.0, Length=  9, Loss=1.7390, Memory=23.90
09:52:48 PM - INFO - Step  139: train/policy_loss = 0.625619
09:52:48 PM - INFO - Step  139: train/reward_loss = 0.009821
09:52:48 PM - INFO - Step  139: train/value_loss = 0.901450
09:52:48 PM - INFO - Step  139: total_loss = 1.536889
09:52:49 PM - INFO - Episode 479: Reward=   9.0, Length=  9, Loss=1.5369, Memory=23.95
09:52:49 PM - INFO - Episode 480: Reward=  10.0, Length= 10, Loss=1.5369, Memory=24.00
09:52:50 PM - INFO - Step  140: train/policy_loss = 0.602499
09:52:50 PM - INFO - Step  140: train/reward_loss = 0.009335
09:52:50 PM - INFO - Step  140: train/value_loss = 1.426407
09:52:50 PM - INFO - Step  140: total_loss = 2.038240
09:52:50 PM - INFO - Episode 481: Reward=   9.0, Length=  9, Loss=2.0382, Memory=24.05
09:52:50 PM - INFO - Progress: 24.0% | 0.68 it/s | ETA: 37:04
09:52:51 PM - INFO - Episode 482: Reward=   9.0, Length=  9, Loss=2.0382, Memory=24.10
09:52:51 PM - INFO - Step  141: train/policy_loss = 0.616819
09:52:51 PM - INFO - Step  141: train/reward_loss = 0.008161
09:52:51 PM - INFO - Step  141: train/value_loss = 1.474366
09:52:51 PM - INFO - Step  141: total_loss = 2.099347
09:52:52 PM - INFO - Episode 483: Reward=  10.0, Length= 10, Loss=2.0993, Memory=24.15
09:52:53 PM - INFO - Episode 484: Reward=  10.0, Length= 10, Loss=2.0993, Memory=24.20
09:52:53 PM - INFO - Step  142: train/policy_loss = 0.619411
09:52:53 PM - INFO - Step  142: train/reward_loss = 0.007817
09:52:53 PM - INFO - Step  142: train/value_loss = 1.403576
09:52:53 PM - INFO - Step  142: total_loss = 2.030804
09:52:54 PM - INFO - Episode 485: Reward=   8.0, Length=  8, Loss=2.0308, Memory=24.25
09:52:54 PM - INFO - Episode 486: Reward=   9.0, Length=  9, Loss=2.0308, Memory=24.30
09:52:54 PM - INFO - Step  143: train/policy_loss = 0.598971
09:52:54 PM - INFO - Step  143: train/reward_loss = 0.006320
09:52:54 PM - INFO - Step  143: train/value_loss = 1.157560
09:52:54 PM - INFO - Step  143: total_loss = 1.762851
09:52:55 PM - INFO - Episode 487: Reward=  10.0, Length= 10, Loss=1.7629, Memory=24.35
09:52:56 PM - INFO - Episode 488: Reward=  10.0, Length= 10, Loss=1.7629, Memory=24.40
09:52:56 PM - INFO - Step  144: train/policy_loss = 0.570937
09:52:56 PM - INFO - Step  144: train/reward_loss = 0.005441
09:52:56 PM - INFO - Step  144: train/value_loss = 0.913970
09:52:56 PM - INFO - Step  144: total_loss = 1.490348
09:52:58 PM - INFO - Episode 489: Reward=  27.0, Length= 27, Loss=1.4903, Memory=24.45
09:52:59 PM - INFO - Episode 490: Reward=  16.0, Length= 16, Loss=1.4903, Memory=24.50
09:52:59 PM - INFO - Step  145: train/policy_loss = 0.592080
09:52:59 PM - INFO - Step  145: train/reward_loss = 0.010270
09:52:59 PM - INFO - Step  145: train/value_loss = 0.929147
09:52:59 PM - INFO - Step  145: total_loss = 1.531497
09:53:05 PM - INFO - Episode 491: Reward=  90.0, Length= 90, Loss=1.5315, Memory=24.55
09:53:11 PM - INFO - Episode 492: Reward=  77.0, Length= 77, Loss=1.5315, Memory=24.60
09:53:11 PM - INFO - Step  146: train/policy_loss = 0.606983
09:53:11 PM - INFO - Step  146: train/reward_loss = 0.012831
09:53:11 PM - INFO - Step  146: train/value_loss = 1.733336
09:53:11 PM - INFO - Step  146: total_loss = 2.353150
09:53:15 PM - INFO - Episode 493: Reward=  53.0, Length= 53, Loss=2.3531, Memory=24.65
09:53:37 PM - INFO - Episode 494: Reward= 319.0, Length=319, Loss=2.3531, Memory=24.70
09:53:37 PM - INFO - Step  147: train/policy_loss = 0.603025
09:53:37 PM - INFO - Step  147: train/reward_loss = 0.008758
09:53:37 PM - INFO - Step  147: train/value_loss = 1.519843
09:53:37 PM - INFO - Step  147: total_loss = 2.131626
09:53:40 PM - INFO - Episode 495: Reward=  42.0, Length= 42, Loss=2.1316, Memory=24.75
09:53:44 PM - INFO - Episode 496: Reward=  48.0, Length= 48, Loss=2.1316, Memory=24.80
09:53:44 PM - INFO - Step  148: train/policy_loss = 0.606935
09:53:44 PM - INFO - Step  148: train/reward_loss = 0.006178
09:53:44 PM - INFO - Step  148: train/value_loss = 1.629506
09:53:44 PM - INFO - Step  148: total_loss = 2.242619
09:53:45 PM - INFO - Episode 497: Reward=  10.0, Length= 10, Loss=2.2426, Memory=24.85
09:53:45 PM - INFO - Episode 498: Reward=  11.0, Length= 11, Loss=2.2426, Memory=24.90
09:53:46 PM - INFO - Step  149: train/policy_loss = 0.629051
09:53:46 PM - INFO - Step  149: train/reward_loss = 0.007340
09:53:46 PM - INFO - Step  149: train/value_loss = 1.527434
09:53:46 PM - INFO - Step  149: total_loss = 2.163826
09:53:46 PM - INFO - Episode 499: Reward=  10.0, Length= 10, Loss=2.1638, Memory=24.95
09:53:48 PM - INFO - Episode 500: Reward=  17.0, Length= 17, Loss=2.1638, Memory=25.00
09:53:48 PM - INFO - Step  150: train/policy_loss = 0.606853
09:53:48 PM - INFO - Step  150: train/reward_loss = 0.006724
09:53:48 PM - INFO - Step  150: train/value_loss = 1.042459
09:53:48 PM - INFO - Step  150: total_loss = 1.656036
09:53:48 PM - INFO - Checkpoint saved to checkpoints/CartPole-v1/20250725_213748/episode_00500.pkl
09:53:49 PM - INFO - Episode 501: Reward=  15.0, Length= 15, Loss=1.6560, Memory=25.05
09:53:49 PM - INFO - Progress: 25.0% | 0.43 it/s | ETA: 57:39
09:53:49 PM - INFO - Episode 502: Reward=   9.0, Length=  9, Loss=1.6560, Memory=25.10
09:53:50 PM - INFO - Step  151: train/policy_loss = 0.607210
09:53:50 PM - INFO - Step  151: train/reward_loss = 0.006682
09:53:50 PM - INFO - Step  151: train/value_loss = 1.450533
09:53:50 PM - INFO - Step  151: total_loss = 2.064425
09:53:50 PM - INFO - Episode 503: Reward=  10.0, Length= 10, Loss=2.0644, Memory=25.15
09:53:51 PM - INFO - Episode 504: Reward=  13.0, Length= 13, Loss=2.0644, Memory=25.20
09:53:52 PM - INFO - Step  152: train/policy_loss = 0.590782
09:53:52 PM - INFO - Step  152: train/reward_loss = 0.006355
09:53:52 PM - INFO - Step  152: train/value_loss = 1.207529
09:53:52 PM - INFO - Step  152: total_loss = 1.804666
09:53:52 PM - INFO - Episode 505: Reward=  11.0, Length= 11, Loss=1.8047, Memory=25.25
09:53:53 PM - INFO - Episode 506: Reward=  13.0, Length= 13, Loss=1.8047, Memory=25.30
09:53:54 PM - INFO - Step  153: train/policy_loss = 0.598647
09:53:54 PM - INFO - Step  153: train/reward_loss = 0.006286
09:53:54 PM - INFO - Step  153: train/value_loss = 1.015221
09:53:54 PM - INFO - Step  153: total_loss = 1.620154
09:54:04 PM - INFO - Episode 507: Reward= 160.0, Length=160, Loss=1.6202, Memory=25.35
09:54:13 PM - INFO - Episode 508: Reward= 130.0, Length=130, Loss=1.6202, Memory=25.40
09:54:14 PM - INFO - Step  154: train/policy_loss = 0.585457
09:54:14 PM - INFO - Step  154: train/reward_loss = 0.006079
09:54:14 PM - INFO - Step  154: train/value_loss = 1.078841
09:54:14 PM - INFO - Step  154: total_loss = 1.670378
09:54:31 PM - INFO - Episode 509: Reward= 261.0, Length=261, Loss=1.6704, Memory=25.45
09:54:46 PM - INFO - Episode 510: Reward= 220.0, Length=220, Loss=1.6704, Memory=25.50
09:54:46 PM - INFO - Step  155: train/policy_loss = 0.606013
09:54:46 PM - INFO - Step  155: train/reward_loss = 0.005600
09:54:46 PM - INFO - Step  155: train/value_loss = 1.062034
09:54:46 PM - INFO - Step  155: total_loss = 1.673648
09:55:07 PM - INFO - Episode 511: Reward= 312.0, Length=312, Loss=1.6736, Memory=25.55
09:55:27 PM - INFO - Episode 512: Reward= 285.0, Length=285, Loss=1.6736, Memory=25.60
09:55:27 PM - INFO - Step  156: train/policy_loss = 0.614152
09:55:27 PM - INFO - Step  156: train/reward_loss = 0.005842
09:55:27 PM - INFO - Step  156: train/value_loss = 1.406533
09:55:27 PM - INFO - Step  156: total_loss = 2.026526
09:55:29 PM - INFO - Episode 513: Reward=  30.0, Length= 30, Loss=2.0265, Memory=25.65
09:55:42 PM - INFO - Episode 514: Reward= 190.0, Length=190, Loss=2.0265, Memory=25.70
09:55:42 PM - INFO - Step  157: train/policy_loss = 0.599159
09:55:42 PM - INFO - Step  157: train/reward_loss = 0.004878
09:55:42 PM - INFO - Step  157: train/value_loss = 1.730063
09:55:42 PM - INFO - Step  157: total_loss = 2.334101
09:55:59 PM - INFO - Episode 515: Reward= 254.0, Length=254, Loss=2.3341, Memory=25.75
09:56:14 PM - INFO - Episode 516: Reward= 224.0, Length=224, Loss=2.3341, Memory=25.80
09:56:15 PM - INFO - Step  158: train/policy_loss = 0.612516
09:56:15 PM - INFO - Step  158: train/reward_loss = 0.008581
09:56:15 PM - INFO - Step  158: train/value_loss = 1.280815
09:56:15 PM - INFO - Step  158: total_loss = 1.901912
09:56:30 PM - INFO - Episode 517: Reward= 229.0, Length=229, Loss=1.9019, Memory=25.85
09:56:45 PM - INFO - Episode 518: Reward= 219.0, Length=219, Loss=1.9019, Memory=25.90
09:56:46 PM - INFO - Step  159: train/policy_loss = 0.611413
09:56:46 PM - INFO - Step  159: train/reward_loss = 0.005945
09:56:46 PM - INFO - Step  159: train/value_loss = 1.278731
09:56:46 PM - INFO - Step  159: total_loss = 1.896088
09:56:53 PM - INFO - Episode 519: Reward= 103.0, Length=103, Loss=1.8961, Memory=25.95
09:57:00 PM - INFO - Episode 520: Reward= 104.0, Length=104, Loss=1.8961, Memory=26.00
09:57:00 PM - INFO - Step  160: train/policy_loss = 0.585253
09:57:00 PM - INFO - Step  160: train/reward_loss = 0.004911
09:57:00 PM - INFO - Step  160: train/value_loss = 1.016053
09:57:00 PM - INFO - Step  160: total_loss = 1.606217
09:57:08 PM - INFO - Episode 521: Reward= 112.0, Length=112, Loss=1.6062, Memory=26.05
09:57:08 PM - INFO - Progress: 26.0% | 0.09 it/s | ETA: 4:30:53
09:57:09 PM - INFO - Episode 522: Reward=  10.0, Length= 10, Loss=1.6062, Memory=26.10
09:57:09 PM - INFO - Step  161: train/policy_loss = 0.585879
09:57:09 PM - INFO - Step  161: train/reward_loss = 0.009092
09:57:09 PM - INFO - Step  161: train/value_loss = 1.252573
09:57:09 PM - INFO - Step  161: total_loss = 1.847543
09:57:11 PM - INFO - Episode 523: Reward=  26.0, Length= 26, Loss=1.8475, Memory=26.15
09:57:20 PM - INFO - Episode 524: Reward= 136.0, Length=136, Loss=1.8475, Memory=26.20
09:57:20 PM - INFO - Step  162: train/policy_loss = 0.609093
09:57:20 PM - INFO - Step  162: train/reward_loss = 0.008292
09:57:20 PM - INFO - Step  162: train/value_loss = 1.070245
09:57:20 PM - INFO - Step  162: total_loss = 1.687631
09:57:22 PM - INFO - Episode 525: Reward=  19.0, Length= 19, Loss=1.6876, Memory=26.25
09:57:23 PM - INFO - Episode 526: Reward=  17.0, Length= 17, Loss=1.6876, Memory=26.30
09:57:23 PM - INFO - Step  163: train/policy_loss = 0.563330
09:57:23 PM - INFO - Step  163: train/reward_loss = 0.007204
09:57:23 PM - INFO - Step  163: train/value_loss = 1.168902
09:57:23 PM - INFO - Step  163: total_loss = 1.739436
09:57:27 PM - INFO - Episode 527: Reward=  60.0, Length= 60, Loss=1.7394, Memory=26.35
09:57:28 PM - INFO - Episode 528: Reward=  11.0, Length= 11, Loss=1.7394, Memory=26.40
09:57:28 PM - INFO - Step  164: train/policy_loss = 0.585603
09:57:28 PM - INFO - Step  164: train/reward_loss = 0.005910
09:57:28 PM - INFO - Step  164: train/value_loss = 1.075114
09:57:28 PM - INFO - Step  164: total_loss = 1.666626
09:57:39 PM - INFO - Episode 529: Reward= 147.0, Length=147, Loss=1.6666, Memory=26.45
09:57:51 PM - INFO - Episode 530: Reward= 186.0, Length=186, Loss=1.6666, Memory=26.50
09:57:52 PM - INFO - Step  165: train/policy_loss = 0.591773
09:57:52 PM - INFO - Step  165: train/reward_loss = 0.005948
09:57:52 PM - INFO - Step  165: train/value_loss = 1.005217
09:57:52 PM - INFO - Step  165: total_loss = 1.602938
09:58:08 PM - INFO - Episode 531: Reward= 235.0, Length=235, Loss=1.6029, Memory=26.55
09:58:14 PM - INFO - Episode 532: Reward=  95.0, Length= 95, Loss=1.6029, Memory=26.60
09:58:15 PM - INFO - Step  166: train/policy_loss = 0.580314
09:58:15 PM - INFO - Step  166: train/reward_loss = 0.005906
09:58:15 PM - INFO - Step  166: train/value_loss = 1.078213
09:58:15 PM - INFO - Step  166: total_loss = 1.664433
09:58:31 PM - INFO - Episode 533: Reward= 240.0, Length=240, Loss=1.6644, Memory=26.65
09:58:32 PM - INFO - Episode 534: Reward=  20.0, Length= 20, Loss=1.6644, Memory=26.70
09:58:33 PM - INFO - Step  167: train/policy_loss = 0.576883
09:58:33 PM - INFO - Step  167: train/reward_loss = 0.005168
09:58:33 PM - INFO - Step  167: train/value_loss = 1.301144
09:58:33 PM - INFO - Step  167: total_loss = 1.883195
09:58:35 PM - INFO - Episode 535: Reward=  29.0, Length= 29, Loss=1.8832, Memory=26.75
09:58:36 PM - INFO - Episode 536: Reward=  19.0, Length= 19, Loss=1.8832, Memory=26.80
09:58:36 PM - INFO - Step  168: train/policy_loss = 0.602319
09:58:36 PM - INFO - Step  168: train/reward_loss = 0.008206
09:58:36 PM - INFO - Step  168: train/value_loss = 1.201175
09:58:36 PM - INFO - Step  168: total_loss = 1.811700
09:58:42 PM - INFO - Episode 537: Reward=  76.0, Length= 76, Loss=1.8117, Memory=26.85
09:58:43 PM - INFO - Episode 538: Reward=  10.0, Length= 10, Loss=1.8117, Memory=26.90
09:58:43 PM - INFO - Step  169: train/policy_loss = 0.587435
09:58:43 PM - INFO - Step  169: train/reward_loss = 0.006270
09:58:43 PM - INFO - Step  169: train/value_loss = 1.382427
09:58:43 PM - INFO - Step  169: total_loss = 1.976133
09:58:43 PM - INFO - Episode 539: Reward=   9.0, Length=  9, Loss=1.9761, Memory=26.95
09:58:48 PM - INFO - Episode 540: Reward=  67.0, Length= 67, Loss=1.9761, Memory=27.00
09:58:48 PM - INFO - Step  170: train/policy_loss = 0.585042
09:58:48 PM - INFO - Step  170: train/reward_loss = 0.006093
09:58:48 PM - INFO - Step  170: train/value_loss = 0.865223
09:58:48 PM - INFO - Step  170: total_loss = 1.456357
09:58:49 PM - INFO - Episode 541: Reward=  10.0, Length= 10, Loss=1.4564, Memory=27.05
09:58:49 PM - INFO - Progress: 27.0% | 0.28 it/s | ETA: 1:26:04
09:58:50 PM - INFO - Episode 542: Reward=  11.0, Length= 11, Loss=1.4564, Memory=27.10
09:58:50 PM - INFO - Step  171: train/policy_loss = 0.621363
09:58:50 PM - INFO - Step  171: train/reward_loss = 0.007165
09:58:50 PM - INFO - Step  171: train/value_loss = 1.422386
09:58:50 PM - INFO - Step  171: total_loss = 2.050915
09:58:51 PM - INFO - Episode 543: Reward=  10.0, Length= 10, Loss=2.0509, Memory=27.15
09:58:52 PM - INFO - Episode 544: Reward=   8.0, Length=  8, Loss=2.0509, Memory=27.20
09:58:52 PM - INFO - Step  172: train/policy_loss = 0.602456
09:58:52 PM - INFO - Step  172: train/reward_loss = 0.007156
09:58:52 PM - INFO - Step  172: train/value_loss = 1.271303
09:58:52 PM - INFO - Step  172: total_loss = 1.880915
09:58:53 PM - INFO - Episode 545: Reward=  10.0, Length= 10, Loss=1.8809, Memory=27.25
09:58:53 PM - INFO - Episode 546: Reward=  10.0, Length= 10, Loss=1.8809, Memory=27.30
09:58:54 PM - INFO - Step  173: train/policy_loss = 0.587308
09:58:54 PM - INFO - Step  173: train/reward_loss = 0.006533
09:58:54 PM - INFO - Step  173: train/value_loss = 1.384466
09:58:54 PM - INFO - Step  173: total_loss = 1.978307
09:58:55 PM - INFO - Episode 547: Reward=  14.0, Length= 14, Loss=1.9783, Memory=27.35
09:58:57 PM - INFO - Episode 548: Reward=  31.0, Length= 31, Loss=1.9783, Memory=27.40
09:58:57 PM - INFO - Step  174: train/policy_loss = 0.603051
09:58:57 PM - INFO - Step  174: train/reward_loss = 0.006277
09:58:57 PM - INFO - Step  174: train/value_loss = 1.249530
09:58:57 PM - INFO - Step  174: total_loss = 1.858858
09:59:34 PM - INFO - Episode 549: Reward= 500.0, Length=500, Loss=1.8589, Memory=27.45
10:00:01 PM - INFO - Episode 550: Reward= 346.0, Length=346, Loss=1.8589, Memory=27.50
10:00:01 PM - INFO - Step  175: train/policy_loss = 0.583439
10:00:01 PM - INFO - Step  175: train/reward_loss = 0.006721
10:00:01 PM - INFO - Step  175: train/value_loss = 1.170422
10:00:01 PM - INFO - Step  175: total_loss = 1.760582
10:00:01 PM - INFO - Checkpoint saved to checkpoints/CartPole-v1/20250725_213748/episode_00550.pkl
10:00:38 PM - INFO - Episode 551: Reward= 500.0, Length=500, Loss=1.7606, Memory=27.55
10:01:16 PM - INFO - Episode 552: Reward= 500.0, Length=500, Loss=1.7606, Memory=27.60
10:01:16 PM - INFO - Step  176: train/policy_loss = 0.578458
10:01:16 PM - INFO - Step  176: train/reward_loss = 0.006384
10:01:16 PM - INFO - Step  176: train/value_loss = 1.094200
10:01:16 PM - INFO - Step  176: total_loss = 1.679043
10:01:53 PM - INFO - Episode 553: Reward= 500.0, Length=500, Loss=1.6790, Memory=27.65
10:02:33 PM - INFO - Episode 554: Reward= 500.0, Length=500, Loss=1.6790, Memory=27.70
10:02:33 PM - INFO - Step  177: train/policy_loss = 0.606770
10:02:33 PM - INFO - Step  177: train/reward_loss = 0.005756
10:02:33 PM - INFO - Step  177: train/value_loss = 0.959299
10:02:33 PM - INFO - Step  177: total_loss = 1.571825
10:03:14 PM - INFO - Episode 555: Reward= 500.0, Length=500, Loss=1.5718, Memory=27.75
10:03:55 PM - INFO - Episode 556: Reward= 500.0, Length=500, Loss=1.5718, Memory=27.80
10:03:55 PM - INFO - Step  178: train/policy_loss = 0.579593
10:03:55 PM - INFO - Step  178: train/reward_loss = 0.006412
10:03:55 PM - INFO - Step  178: train/value_loss = 1.378808
10:03:55 PM - INFO - Step  178: total_loss = 1.964813
10:04:35 PM - INFO - Episode 557: Reward= 499.0, Length=499, Loss=1.9648, Memory=27.85
10:04:36 PM - INFO - Episode 558: Reward=  12.0, Length= 12, Loss=1.9648, Memory=27.90
10:04:36 PM - INFO - Step  179: train/policy_loss = 0.592932
10:04:36 PM - INFO - Step  179: train/reward_loss = 0.007307
10:04:36 PM - INFO - Step  179: train/value_loss = 1.054406
10:04:36 PM - INFO - Step  179: total_loss = 1.654645
10:04:53 PM - INFO - Episode 559: Reward= 205.0, Length=205, Loss=1.6546, Memory=27.95
10:05:03 PM - INFO - Episode 560: Reward= 131.0, Length=131, Loss=1.6546, Memory=28.00
10:05:03 PM - INFO - Step  180: train/policy_loss = 0.577680
10:05:03 PM - INFO - Step  180: train/reward_loss = 0.006146
10:05:03 PM - INFO - Step  180: train/value_loss = 1.005916
10:05:03 PM - INFO - Step  180: total_loss = 1.589741
10:05:04 PM - INFO - Episode 561: Reward=  11.0, Length= 11, Loss=1.5897, Memory=28.05
10:05:04 PM - INFO - Progress: 28.0% | 0.05 it/s | ETA: 7:55:53
10:05:14 PM - INFO - Episode 562: Reward= 136.0, Length=136, Loss=1.5897, Memory=28.10
10:05:15 PM - INFO - Step  181: train/policy_loss = 0.577358
10:05:15 PM - INFO - Step  181: train/reward_loss = 0.005846
10:05:15 PM - INFO - Step  181: train/value_loss = 0.876244
10:05:15 PM - INFO - Step  181: total_loss = 1.459448
10:05:20 PM - INFO - Episode 563: Reward=  62.0, Length= 62, Loss=1.4594, Memory=28.15
10:05:27 PM - INFO - Episode 564: Reward=  93.0, Length= 93, Loss=1.4594, Memory=28.20
10:05:28 PM - INFO - Step  182: train/policy_loss = 0.589508
10:05:28 PM - INFO - Step  182: train/reward_loss = 0.008202
10:05:28 PM - INFO - Step  182: train/value_loss = 1.464762
10:05:28 PM - INFO - Step  182: total_loss = 2.062472
10:05:29 PM - INFO - Episode 565: Reward=  13.0, Length= 13, Loss=2.0625, Memory=28.25
10:05:30 PM - INFO - Episode 566: Reward=  13.0, Length= 13, Loss=2.0625, Memory=28.30
10:05:30 PM - INFO - Step  183: train/policy_loss = 0.592871
10:05:30 PM - INFO - Step  183: train/reward_loss = 0.007025
10:05:30 PM - INFO - Step  183: train/value_loss = 1.194789
10:05:30 PM - INFO - Step  183: total_loss = 1.794684
10:05:42 PM - INFO - Episode 567: Reward= 146.0, Length=146, Loss=1.7947, Memory=28.35
10:05:43 PM - INFO - Episode 568: Reward=  12.0, Length= 12, Loss=1.7947, Memory=28.40
10:05:43 PM - INFO - Step  184: train/policy_loss = 0.560309
10:05:43 PM - INFO - Step  184: train/reward_loss = 0.007990
10:05:43 PM - INFO - Step  184: train/value_loss = 1.447716
10:05:43 PM - INFO - Step  184: total_loss = 2.016015
10:05:59 PM - INFO - Episode 569: Reward= 199.0, Length=199, Loss=2.0160, Memory=28.45
10:06:17 PM - INFO - Episode 570: Reward= 205.0, Length=205, Loss=2.0160, Memory=28.50
10:06:18 PM - INFO - Step  185: train/policy_loss = 0.592639
10:06:18 PM - INFO - Step  185: train/reward_loss = 0.007511
10:06:18 PM - INFO - Step  185: train/value_loss = 1.121255
10:06:18 PM - INFO - Step  185: total_loss = 1.721405
10:06:35 PM - INFO - Episode 571: Reward= 194.0, Length=194, Loss=1.7214, Memory=28.55
10:06:56 PM - INFO - Episode 572: Reward= 258.0, Length=258, Loss=1.7214, Memory=28.60
10:06:57 PM - INFO - Step  186: train/policy_loss = 0.574024
10:06:57 PM - INFO - Step  186: train/reward_loss = 0.008530
10:06:57 PM - INFO - Step  186: train/value_loss = 0.927138
10:06:57 PM - INFO - Step  186: total_loss = 1.509692
10:07:29 PM - INFO - Episode 573: Reward= 416.0, Length=416, Loss=1.5097, Memory=28.65
10:07:54 PM - INFO - Episode 574: Reward= 304.0, Length=304, Loss=1.5097, Memory=28.70
10:07:55 PM - INFO - Step  187: train/policy_loss = 0.601902
10:07:55 PM - INFO - Step  187: train/reward_loss = 0.011916
10:07:55 PM - INFO - Step  187: train/value_loss = 1.204508
10:07:55 PM - INFO - Step  187: total_loss = 1.818326
10:08:25 PM - INFO - Episode 575: Reward= 385.0, Length=385, Loss=1.8183, Memory=28.75
10:08:44 PM - INFO - Episode 576: Reward= 247.0, Length=247, Loss=1.8183, Memory=28.80
10:08:44 PM - INFO - Step  188: train/policy_loss = 0.594090
10:08:44 PM - INFO - Step  188: train/reward_loss = 0.008744
10:08:44 PM - INFO - Step  188: train/value_loss = 0.991297
10:08:44 PM - INFO - Step  188: total_loss = 1.594131
10:09:03 PM - INFO - Episode 577: Reward= 248.0, Length=248, Loss=1.5941, Memory=28.85
10:09:34 PM - INFO - Episode 578: Reward= 461.0, Length=461, Loss=1.5941, Memory=28.90
10:09:35 PM - INFO - Step  189: train/policy_loss = 0.581536
10:09:35 PM - INFO - Step  189: train/reward_loss = 0.006332
10:09:35 PM - INFO - Step  189: train/value_loss = 1.203054
10:09:35 PM - INFO - Step  189: total_loss = 1.790922
10:09:58 PM - INFO - Episode 579: Reward= 354.0, Length=354, Loss=1.7909, Memory=28.95
10:10:20 PM - INFO - Episode 580: Reward= 300.0, Length=300, Loss=1.7909, Memory=29.00
10:10:20 PM - INFO - Step  190: train/policy_loss = 0.585282
10:10:20 PM - INFO - Step  190: train/reward_loss = 0.005943
10:10:20 PM - INFO - Step  190: train/value_loss = 1.375727
10:10:20 PM - INFO - Step  190: total_loss = 1.966952
10:10:32 PM - INFO - Episode 581: Reward= 154.0, Length=154, Loss=1.9670, Memory=29.05
10:10:32 PM - INFO - Progress: 29.0% | 0.04 it/s | ETA: 9:20:27
10:10:45 PM - INFO - Episode 582: Reward= 173.0, Length=173, Loss=1.9670, Memory=29.10
10:10:45 PM - INFO - Step  191: train/policy_loss = 0.593832
10:10:45 PM - INFO - Step  191: train/reward_loss = 0.006111
10:10:45 PM - INFO - Step  191: train/value_loss = 1.158925
10:10:45 PM - INFO - Step  191: total_loss = 1.758869
10:11:02 PM - INFO - Episode 583: Reward= 236.0, Length=236, Loss=1.7589, Memory=29.15
10:11:08 PM - INFO - Episode 584: Reward=  90.0, Length= 90, Loss=1.7589, Memory=29.20
10:11:09 PM - INFO - Step  192: train/policy_loss = 0.603175
10:11:09 PM - INFO - Step  192: train/reward_loss = 0.007314
10:11:09 PM - INFO - Step  192: train/value_loss = 1.451781
10:11:09 PM - INFO - Step  192: total_loss = 2.062270
10:11:23 PM - INFO - Episode 585: Reward= 195.0, Length=195, Loss=2.0623, Memory=29.25
10:11:36 PM - INFO - Episode 586: Reward= 186.0, Length=186, Loss=2.0623, Memory=29.30
10:11:36 PM - INFO - Step  193: train/policy_loss = 0.580692
10:11:36 PM - INFO - Step  193: train/reward_loss = 0.006229
10:11:36 PM - INFO - Step  193: train/value_loss = 0.980786
10:11:36 PM - INFO - Step  193: total_loss = 1.567707
10:11:47 PM - INFO - Episode 587: Reward= 154.0, Length=154, Loss=1.5677, Memory=29.35
10:11:59 PM - INFO - Episode 588: Reward= 175.0, Length=175, Loss=1.5677, Memory=29.40
10:11:59 PM - INFO - Step  194: train/policy_loss = 0.583775
10:11:59 PM - INFO - Step  194: train/reward_loss = 0.007069
10:11:59 PM - INFO - Step  194: train/value_loss = 1.192367
10:11:59 PM - INFO - Step  194: total_loss = 1.783211
10:12:04 PM - INFO - Episode 589: Reward=  70.0, Length= 70, Loss=1.7832, Memory=29.45
10:12:05 PM - INFO - Episode 590: Reward=  11.0, Length= 11, Loss=1.7832, Memory=29.50
10:12:05 PM - INFO - Step  195: train/policy_loss = 0.544657
10:12:05 PM - INFO - Step  195: train/reward_loss = 0.008159
10:12:05 PM - INFO - Step  195: train/value_loss = 1.118472
10:12:05 PM - INFO - Step  195: total_loss = 1.671289
10:12:20 PM - INFO - Episode 591: Reward= 202.0, Length=202, Loss=1.6713, Memory=29.55
10:12:40 PM - INFO - Episode 592: Reward= 284.0, Length=284, Loss=1.6713, Memory=29.60
10:12:40 PM - INFO - Step  196: train/policy_loss = 0.603343
10:12:40 PM - INFO - Step  196: train/reward_loss = 0.007184
10:12:40 PM - INFO - Step  196: train/value_loss = 0.990379
10:12:40 PM - INFO - Step  196: total_loss = 1.600906
10:13:16 PM - INFO - Episode 593: Reward= 500.0, Length=500, Loss=1.6009, Memory=29.65
10:13:47 PM - INFO - Episode 594: Reward= 434.0, Length=434, Loss=1.6009, Memory=29.70
10:13:48 PM - INFO - Step  197: train/policy_loss = 0.575168
10:13:48 PM - INFO - Step  197: train/reward_loss = 0.007123
10:13:48 PM - INFO - Step  197: train/value_loss = 0.733718
10:13:48 PM - INFO - Step  197: total_loss = 1.316009
10:14:28 PM - INFO - Episode 595: Reward= 500.0, Length=500, Loss=1.3160, Memory=29.75
10:15:09 PM - INFO - Episode 596: Reward= 500.0, Length=500, Loss=1.3160, Memory=29.80
10:15:10 PM - INFO - Step  198: train/policy_loss = 0.567716
10:15:10 PM - INFO - Step  198: train/reward_loss = 0.006708
10:15:10 PM - INFO - Step  198: train/value_loss = 1.367885
10:15:10 PM - INFO - Step  198: total_loss = 1.942309
10:15:52 PM - INFO - Episode 597: Reward= 500.0, Length=500, Loss=1.9423, Memory=29.85
10:16:32 PM - INFO - Episode 598: Reward= 500.0, Length=500, Loss=1.9423, Memory=29.90
10:16:32 PM - INFO - Step  199: train/policy_loss = 0.560878
10:16:32 PM - INFO - Step  199: train/reward_loss = 0.006257
10:16:32 PM - INFO - Step  199: train/value_loss = 0.962420
10:16:32 PM - INFO - Step  199: total_loss = 1.529554
10:16:32 PM - INFO - Updating target network at training step 200
10:16:32 PM - INFO - Target network update completed
10:17:11 PM - INFO - Episode 599: Reward= 500.0, Length=500, Loss=1.5296, Memory=29.95
10:17:53 PM - INFO - Episode 600: Reward= 500.0, Length=500, Loss=1.5296, Memory=30.00
10:17:53 PM - INFO - Step  200: train/policy_loss = 0.560741
10:17:53 PM - INFO - Step  200: train/reward_loss = 0.006129
10:17:53 PM - INFO - Step  200: train/value_loss = 1.292856
10:17:53 PM - INFO - Step  200: total_loss = 1.859726
10:17:53 PM - INFO - Checkpoint saved to checkpoints/CartPole-v1/20250725_213748/episode_00600.pkl
10:18:27 PM - INFO - Episode 601: Reward= 422.0, Length=422, Loss=1.8597, Memory=30.05
10:18:27 PM - INFO - Progress: 30.0% | 0.03 it/s | ETA: 15:05:13
10:19:00 PM - INFO - Episode 602: Reward= 417.0, Length=417, Loss=1.8597, Memory=30.10
10:19:00 PM - INFO - Step  201: train/policy_loss = 0.560875
10:19:00 PM - INFO - Step  201: train/reward_loss = 0.004953
10:19:00 PM - INFO - Step  201: train/value_loss = 0.947065
10:19:00 PM - INFO - Step  201: total_loss = 1.512893
10:19:36 PM - INFO - Episode 603: Reward= 500.0, Length=500, Loss=1.5129, Memory=30.15
10:20:11 PM - INFO - Episode 604: Reward= 500.0, Length=500, Loss=1.5129, Memory=30.20
10:20:11 PM - INFO - Step  202: train/policy_loss = 0.567927
10:20:11 PM - INFO - Step  202: train/reward_loss = 0.008431
10:20:11 PM - INFO - Step  202: train/value_loss = 1.394594
10:20:11 PM - INFO - Step  202: total_loss = 1.970952
10:20:38 PM - INFO - Episode 605: Reward= 367.0, Length=367, Loss=1.9710, Memory=30.25
10:21:08 PM - INFO - Episode 606: Reward= 454.0, Length=454, Loss=1.9710, Memory=30.30
10:21:08 PM - INFO - Step  203: train/policy_loss = 0.544569
10:21:08 PM - INFO - Step  203: train/reward_loss = 0.009305
10:21:08 PM - INFO - Step  203: train/value_loss = 0.876768
10:21:08 PM - INFO - Step  203: total_loss = 1.430643
10:21:33 PM - INFO - Episode 607: Reward= 386.0, Length=386, Loss=1.4306, Memory=30.35
10:22:09 PM - INFO - Episode 608: Reward= 500.0, Length=500, Loss=1.4306, Memory=30.40
10:22:09 PM - INFO - Step  204: train/policy_loss = 0.580313
10:22:09 PM - INFO - Step  204: train/reward_loss = 0.007740
10:22:09 PM - INFO - Step  204: train/value_loss = 1.465169
10:22:09 PM - INFO - Step  204: total_loss = 2.053222
10:22:27 PM - INFO - Episode 609: Reward= 240.0, Length=240, Loss=2.0532, Memory=30.45
10:22:43 PM - INFO - Episode 610: Reward= 229.0, Length=229, Loss=2.0532, Memory=30.50
10:22:43 PM - INFO - Step  205: train/policy_loss = 0.579364
10:22:43 PM - INFO - Step  205: train/reward_loss = 0.005893
10:22:43 PM - INFO - Step  205: train/value_loss = 1.042360
10:22:43 PM - INFO - Step  205: total_loss = 1.627617
10:22:57 PM - INFO - Episode 611: Reward= 197.0, Length=197, Loss=1.6276, Memory=30.55
10:23:08 PM - INFO - Episode 612: Reward= 144.0, Length=144, Loss=1.6276, Memory=30.60
10:23:08 PM - INFO - Step  206: train/policy_loss = 0.563484
10:23:08 PM - INFO - Step  206: train/reward_loss = 0.006037
10:23:08 PM - INFO - Step  206: train/value_loss = 1.623277
10:23:08 PM - INFO - Step  206: total_loss = 2.192798
10:23:18 PM - INFO - Episode 613: Reward= 145.0, Length=145, Loss=2.1928, Memory=30.65
10:23:31 PM - INFO - Episode 614: Reward= 185.0, Length=185, Loss=2.1928, Memory=30.70
10:23:32 PM - INFO - Step  207: train/policy_loss = 0.584732
10:23:32 PM - INFO - Step  207: train/reward_loss = 0.005791
10:23:32 PM - INFO - Step  207: train/value_loss = 1.195958
10:23:32 PM - INFO - Step  207: total_loss = 1.786481
10:23:38 PM - INFO - Episode 615: Reward=  82.0, Length= 82, Loss=1.7865, Memory=30.75
10:23:49 PM - INFO - Episode 616: Reward= 162.0, Length=162, Loss=1.7865, Memory=30.80
10:23:49 PM - INFO - Step  208: train/policy_loss = 0.559727
10:23:49 PM - INFO - Step  208: train/reward_loss = 0.005097
10:23:49 PM - INFO - Step  208: train/value_loss = 1.062650
10:23:49 PM - INFO - Step  208: total_loss = 1.627474
10:24:00 PM - INFO - Episode 617: Reward= 137.0, Length=137, Loss=1.6275, Memory=30.85
10:24:10 PM - INFO - Episode 618: Reward= 129.0, Length=129, Loss=1.6275, Memory=30.90
10:24:10 PM - INFO - Step  209: train/policy_loss = 0.558481
10:24:10 PM - INFO - Step  209: train/reward_loss = 0.005720
10:24:10 PM - INFO - Step  209: train/value_loss = 1.623699
10:24:10 PM - INFO - Step  209: total_loss = 2.187899
10:24:12 PM - INFO - Episode 619: Reward=  26.0, Length= 26, Loss=2.1879, Memory=30.95
10:24:21 PM - INFO - Episode 620: Reward= 116.0, Length=116, Loss=2.1879, Memory=31.00
10:24:22 PM - INFO - Step  210: train/policy_loss = 0.565943
10:24:22 PM - INFO - Step  210: train/reward_loss = 0.005161
10:24:22 PM - INFO - Step  210: train/value_loss = 1.268273
10:24:22 PM - INFO - Step  210: total_loss = 1.839377
10:24:33 PM - INFO - Episode 621: Reward= 146.0, Length=146, Loss=1.8394, Memory=31.05
10:24:33 PM - INFO - Progress: 31.0% | 0.11 it/s | ETA: 3:20:57
10:24:37 PM - INFO - Episode 622: Reward=  51.0, Length= 51, Loss=1.8394, Memory=31.10
10:24:37 PM - INFO - Step  211: train/policy_loss = 0.569762
10:24:37 PM - INFO - Step  211: train/reward_loss = 0.006188
10:24:37 PM - INFO - Step  211: train/value_loss = 1.300863
10:24:37 PM - INFO - Step  211: total_loss = 1.876813
10:24:43 PM - INFO - Episode 623: Reward=  72.0, Length= 72, Loss=1.8768, Memory=31.15
10:24:45 PM - INFO - Episode 624: Reward=  33.0, Length= 33, Loss=1.8768, Memory=31.20
10:24:46 PM - INFO - Step  212: train/policy_loss = 0.553635
10:24:46 PM - INFO - Step  212: train/reward_loss = 0.005871
10:24:46 PM - INFO - Step  212: train/value_loss = 1.261311
10:24:46 PM - INFO - Step  212: total_loss = 1.820817
10:24:54 PM - INFO - Episode 625: Reward= 108.0, Length=108, Loss=1.8208, Memory=31.25
10:25:09 PM - INFO - Episode 626: Reward= 183.0, Length=183, Loss=1.8208, Memory=31.30
10:25:09 PM - INFO - Step  213: train/policy_loss = 0.544030
10:25:09 PM - INFO - Step  213: train/reward_loss = 0.005204
10:25:09 PM - INFO - Step  213: train/value_loss = 1.380484
10:25:09 PM - INFO - Step  213: total_loss = 1.929718
10:25:19 PM - INFO - Episode 627: Reward= 124.0, Length=124, Loss=1.9297, Memory=31.35
10:25:29 PM - INFO - Episode 628: Reward= 135.0, Length=135, Loss=1.9297, Memory=31.40
10:25:30 PM - INFO - Step  214: train/policy_loss = 0.573342
10:25:30 PM - INFO - Step  214: train/reward_loss = 0.005371
10:25:30 PM - INFO - Step  214: train/value_loss = 1.269795
10:25:30 PM - INFO - Step  214: total_loss = 1.848508
10:25:39 PM - INFO - Episode 629: Reward= 121.0, Length=121, Loss=1.8485, Memory=31.45
10:25:49 PM - INFO - Episode 630: Reward= 142.0, Length=142, Loss=1.8485, Memory=31.50
10:25:49 PM - INFO - Step  215: train/policy_loss = 0.583483
10:25:49 PM - INFO - Step  215: train/reward_loss = 0.007426
10:25:49 PM - INFO - Step  215: train/value_loss = 1.310749
10:25:49 PM - INFO - Step  215: total_loss = 1.901658
10:25:50 PM - INFO - Episode 631: Reward=  17.0, Length= 17, Loss=1.9017, Memory=31.55
10:26:00 PM - INFO - Episode 632: Reward= 147.0, Length=147, Loss=1.9017, Memory=31.60
10:26:00 PM - INFO - Step  216: train/policy_loss = 0.583926
10:26:00 PM - INFO - Step  216: train/reward_loss = 0.007236
10:26:00 PM - INFO - Step  216: train/value_loss = 1.336984
10:26:00 PM - INFO - Step  216: total_loss = 1.928146
10:26:34 PM - INFO - Episode 633: Reward= 500.0, Length=500, Loss=1.9281, Memory=31.65
10:27:09 PM - INFO - Episode 634: Reward= 500.0, Length=500, Loss=1.9281, Memory=31.70
10:27:09 PM - INFO - Step  217: train/policy_loss = 0.562067
10:27:09 PM - INFO - Step  217: train/reward_loss = 0.006927
10:27:09 PM - INFO - Step  217: train/value_loss = 0.936601
10:27:09 PM - INFO - Step  217: total_loss = 1.505594
10:27:43 PM - INFO - Episode 635: Reward= 500.0, Length=500, Loss=1.5056, Memory=31.75
10:28:18 PM - INFO - Episode 636: Reward= 500.0, Length=500, Loss=1.5056, Memory=31.80
10:28:18 PM - INFO - Step  218: train/policy_loss = 0.555164
10:28:18 PM - INFO - Step  218: train/reward_loss = 0.004901
10:28:18 PM - INFO - Step  218: train/value_loss = 0.729483
10:28:18 PM - INFO - Step  218: total_loss = 1.289548
10:28:53 PM - INFO - Episode 637: Reward= 500.0, Length=500, Loss=1.2895, Memory=31.85
10:29:29 PM - INFO - Episode 638: Reward= 500.0, Length=500, Loss=1.2895, Memory=31.90
10:29:29 PM - INFO - Step  219: train/policy_loss = 0.565111
10:29:29 PM - INFO - Step  219: train/reward_loss = 0.007477
10:29:29 PM - INFO - Step  219: train/value_loss = 1.454452
10:29:29 PM - INFO - Step  219: total_loss = 2.027040
10:30:03 PM - INFO - Episode 639: Reward= 500.0, Length=500, Loss=2.0270, Memory=31.95
10:30:37 PM - INFO - Episode 640: Reward= 500.0, Length=500, Loss=2.0270, Memory=32.00
10:30:37 PM - INFO - Step  220: train/policy_loss = 0.545905
10:30:37 PM - INFO - Step  220: train/reward_loss = 0.005237
10:30:37 PM - INFO - Step  220: train/value_loss = 1.355785
10:30:37 PM - INFO - Step  220: total_loss = 1.906928
10:31:13 PM - INFO - Episode 641: Reward= 500.0, Length=500, Loss=1.9069, Memory=32.05
10:31:13 PM - INFO - Progress: 32.0% | 0.03 it/s | ETA: 12:29:07
10:31:48 PM - INFO - Episode 642: Reward= 500.0, Length=500, Loss=1.9069, Memory=32.10
10:31:48 PM - INFO - Step  221: train/policy_loss = 0.568298
10:31:48 PM - INFO - Step  221: train/reward_loss = 0.006422
10:31:48 PM - INFO - Step  221: train/value_loss = 1.071340
10:31:48 PM - INFO - Step  221: total_loss = 1.646059
10:32:10 PM - INFO - Episode 643: Reward= 306.0, Length=306, Loss=1.6461, Memory=32.15
10:32:35 PM - INFO - Episode 644: Reward= 362.0, Length=362, Loss=1.6461, Memory=32.20
10:32:36 PM - INFO - Step  222: train/policy_loss = 0.563751
10:32:36 PM - INFO - Step  222: train/reward_loss = 0.005907
10:32:36 PM - INFO - Step  222: train/value_loss = 1.222003
10:32:36 PM - INFO - Step  222: total_loss = 1.791662
10:32:43 PM - INFO - Episode 645: Reward= 111.0, Length=111, Loss=1.7917, Memory=32.25
10:32:56 PM - INFO - Episode 646: Reward= 179.0, Length=179, Loss=1.7917, Memory=32.30
10:32:56 PM - INFO - Step  223: train/policy_loss = 0.552488
10:32:56 PM - INFO - Step  223: train/reward_loss = 0.006127
10:32:56 PM - INFO - Step  223: train/value_loss = 1.534700
10:32:56 PM - INFO - Step  223: total_loss = 2.093315
10:33:04 PM - INFO - Episode 647: Reward= 108.0, Length=108, Loss=2.0933, Memory=32.35
10:33:17 PM - INFO - Episode 648: Reward= 184.0, Length=184, Loss=2.0933, Memory=32.40
10:33:18 PM - INFO - Step  224: train/policy_loss = 0.554005
10:33:18 PM - INFO - Step  224: train/reward_loss = 0.006832
10:33:18 PM - INFO - Step  224: train/value_loss = 1.119315
10:33:18 PM - INFO - Step  224: total_loss = 1.680152
10:33:45 PM - INFO - Episode 649: Reward= 384.0, Length=384, Loss=1.6802, Memory=32.45
10:34:04 PM - INFO - Episode 650: Reward= 275.0, Length=275, Loss=1.6802, Memory=32.50
10:34:04 PM - INFO - Step  225: train/policy_loss = 0.547652
10:34:04 PM - INFO - Step  225: train/reward_loss = 0.005826
10:34:04 PM - INFO - Step  225: train/value_loss = 1.054268
10:34:04 PM - INFO - Step  225: total_loss = 1.607747
10:34:04 PM - INFO - Checkpoint saved to checkpoints/CartPole-v1/20250725_213748/episode_00650.pkl
10:34:39 PM - INFO - Episode 651: Reward= 500.0, Length=500, Loss=1.6077, Memory=32.55
10:35:14 PM - INFO - Episode 652: Reward= 500.0, Length=500, Loss=1.6077, Memory=32.60
10:35:14 PM - INFO - Step  226: train/policy_loss = 0.548498
10:35:14 PM - INFO - Step  226: train/reward_loss = 0.005547
10:35:14 PM - INFO - Step  226: train/value_loss = 1.090148
10:35:14 PM - INFO - Step  226: total_loss = 1.644193
10:35:50 PM - INFO - Episode 653: Reward= 500.0, Length=500, Loss=1.6442, Memory=32.65
10:36:25 PM - INFO - Episode 654: Reward= 500.0, Length=500, Loss=1.6442, Memory=32.70
10:36:25 PM - INFO - Step  227: train/policy_loss = 0.569289
10:36:25 PM - INFO - Step  227: train/reward_loss = 0.006256
10:36:25 PM - INFO - Step  227: train/value_loss = 1.064449
10:36:25 PM - INFO - Step  227: total_loss = 1.639993
10:37:00 PM - INFO - Episode 655: Reward= 500.0, Length=500, Loss=1.6400, Memory=32.75
10:37:36 PM - INFO - Episode 656: Reward= 500.0, Length=500, Loss=1.6400, Memory=32.80
10:37:36 PM - INFO - Step  228: train/policy_loss = 0.547046
10:37:36 PM - INFO - Step  228: train/reward_loss = 0.005306
10:37:36 PM - INFO - Step  228: train/value_loss = 1.113557
10:37:36 PM - INFO - Step  228: total_loss = 1.665909
10:38:12 PM - INFO - Episode 657: Reward= 500.0, Length=500, Loss=1.6659, Memory=32.85
10:38:47 PM - INFO - Episode 658: Reward= 500.0, Length=500, Loss=1.6659, Memory=32.90
10:38:48 PM - INFO - Step  229: train/policy_loss = 0.551903
10:38:48 PM - INFO - Step  229: train/reward_loss = 0.005160
10:38:48 PM - INFO - Step  229: train/value_loss = 1.237370
10:38:48 PM - INFO - Step  229: total_loss = 1.794432
10:38:57 PM - INFO - Episode 659: Reward= 131.0, Length=131, Loss=1.7944, Memory=32.95
10:39:09 PM - INFO - Episode 660: Reward= 167.0, Length=167, Loss=1.7944, Memory=33.00
10:39:10 PM - INFO - Step  230: train/policy_loss = 0.556007
10:39:10 PM - INFO - Step  230: train/reward_loss = 0.005686
10:39:10 PM - INFO - Step  230: train/value_loss = 1.173520
10:39:10 PM - INFO - Step  230: total_loss = 1.735213
10:39:19 PM - INFO - Episode 661: Reward= 114.0, Length=114, Loss=1.7352, Memory=33.05
10:39:19 PM - INFO - Progress: 33.0% | 0.04 it/s | ETA: 8:26:42
10:39:22 PM - INFO - Episode 662: Reward=  43.0, Length= 43, Loss=1.7352, Memory=33.10
10:39:23 PM - INFO - Step  231: train/policy_loss = 0.533521
10:39:23 PM - INFO - Step  231: train/reward_loss = 0.004259
10:39:23 PM - INFO - Step  231: train/value_loss = 1.116403
10:39:23 PM - INFO - Step  231: total_loss = 1.654183
10:39:32 PM - INFO - Episode 663: Reward= 127.0, Length=127, Loss=1.6542, Memory=33.15
10:39:41 PM - INFO - Episode 664: Reward= 112.0, Length=112, Loss=1.6542, Memory=33.20
10:39:41 PM - INFO - Step  232: train/policy_loss = 0.575321
10:39:41 PM - INFO - Step  232: train/reward_loss = 0.004426
10:39:41 PM - INFO - Step  232: train/value_loss = 1.098411
10:39:41 PM - INFO - Step  232: total_loss = 1.678159
10:39:48 PM - INFO - Episode 665: Reward=  82.0, Length= 82, Loss=1.6782, Memory=33.25
10:39:56 PM - INFO - Episode 666: Reward= 109.0, Length=109, Loss=1.6782, Memory=33.30
10:39:57 PM - INFO - Step  233: train/policy_loss = 0.553054
10:39:57 PM - INFO - Step  233: train/reward_loss = 0.005452
10:39:57 PM - INFO - Step  233: train/value_loss = 1.326828
10:39:57 PM - INFO - Step  233: total_loss = 1.885334
10:40:07 PM - INFO - Episode 667: Reward= 129.0, Length=129, Loss=1.8853, Memory=33.35
10:40:15 PM - INFO - Episode 668: Reward= 106.0, Length=106, Loss=1.8853, Memory=33.40
10:40:15 PM - INFO - Step  234: train/policy_loss = 0.550551
10:40:15 PM - INFO - Step  234: train/reward_loss = 0.005197
10:40:15 PM - INFO - Step  234: train/value_loss = 1.024646
10:40:15 PM - INFO - Step  234: total_loss = 1.580394
10:40:28 PM - INFO - Episode 669: Reward= 171.0, Length=171, Loss=1.5804, Memory=33.45
10:40:39 PM - INFO - Episode 670: Reward= 133.0, Length=133, Loss=1.5804, Memory=33.50
10:40:39 PM - INFO - Step  235: train/policy_loss = 0.582495
10:40:39 PM - INFO - Step  235: train/reward_loss = 0.006438
10:40:39 PM - INFO - Step  235: train/value_loss = 1.378997
10:40:39 PM - INFO - Step  235: total_loss = 1.967930
10:41:17 PM - INFO - Episode 671: Reward= 500.0, Length=500, Loss=1.9679, Memory=33.55
10:41:55 PM - INFO - Episode 672: Reward= 500.0, Length=500, Loss=1.9679, Memory=33.60
10:41:56 PM - INFO - Step  236: train/policy_loss = 0.560483
10:41:56 PM - INFO - Step  236: train/reward_loss = 0.005062
10:41:56 PM - INFO - Step  236: train/value_loss = 0.915910
10:41:56 PM - INFO - Step  236: total_loss = 1.481456
10:42:34 PM - INFO - Episode 673: Reward= 500.0, Length=500, Loss=1.4815, Memory=33.65
10:43:12 PM - INFO - Episode 674: Reward= 500.0, Length=500, Loss=1.4815, Memory=33.70
10:43:13 PM - INFO - Step  237: train/policy_loss = 0.555978
10:43:13 PM - INFO - Step  237: train/reward_loss = 0.005525
10:43:13 PM - INFO - Step  237: train/value_loss = 1.018349
10:43:13 PM - INFO - Step  237: total_loss = 1.579852
10:43:37 PM - INFO - Episode 675: Reward= 327.0, Length=327, Loss=1.5799, Memory=33.75
10:44:08 PM - INFO - Episode 676: Reward= 405.0, Length=405, Loss=1.5799, Memory=33.80
10:44:08 PM - INFO - Step  238: train/policy_loss = 0.563793
10:44:08 PM - INFO - Step  238: train/reward_loss = 0.005293
10:44:08 PM - INFO - Step  238: train/value_loss = 1.098166
10:44:08 PM - INFO - Step  238: total_loss = 1.667251
10:44:25 PM - INFO - Episode 677: Reward= 207.0, Length=207, Loss=1.6673, Memory=33.85
10:44:46 PM - INFO - Episode 678: Reward= 277.0, Length=277, Loss=1.6673, Memory=33.90
10:44:46 PM - INFO - Step  239: train/policy_loss = 0.564704
10:44:46 PM - INFO - Step  239: train/reward_loss = 0.004764
10:44:46 PM - INFO - Step  239: train/value_loss = 0.870291
10:44:46 PM - INFO - Step  239: total_loss = 1.439759
10:45:07 PM - INFO - Episode 679: Reward= 271.0, Length=271, Loss=1.4398, Memory=33.95
10:45:22 PM - INFO - Episode 680: Reward= 196.0, Length=196, Loss=1.4398, Memory=34.00
10:45:22 PM - INFO - Step  240: train/policy_loss = 0.525002
10:45:22 PM - INFO - Step  240: train/reward_loss = 0.004161
10:45:22 PM - INFO - Step  240: train/value_loss = 0.692230
10:45:22 PM - INFO - Step  240: total_loss = 1.221393
10:45:38 PM - INFO - Episode 681: Reward= 208.0, Length=208, Loss=1.2214, Memory=34.05
10:45:38 PM - INFO - Progress: 34.0% | 0.05 it/s | ETA: 7:42:09
10:45:47 PM - INFO - Episode 682: Reward= 113.0, Length=113, Loss=1.2214, Memory=34.10
10:45:47 PM - INFO - Step  241: train/policy_loss = 0.561435
10:45:47 PM - INFO - Step  241: train/reward_loss = 0.006160
10:45:47 PM - INFO - Step  241: train/value_loss = 1.256168
10:45:47 PM - INFO - Step  241: total_loss = 1.823763
10:45:48 PM - INFO - Episode 683: Reward=  20.0, Length= 20, Loss=1.8238, Memory=34.15
10:46:00 PM - INFO - Episode 684: Reward= 151.0, Length=151, Loss=1.8238, Memory=34.20
10:46:00 PM - INFO - Step  242: train/policy_loss = 0.586814
10:46:00 PM - INFO - Step  242: train/reward_loss = 0.004594
10:46:00 PM - INFO - Step  242: train/value_loss = 0.965688
10:46:00 PM - INFO - Step  242: total_loss = 1.557096
10:46:11 PM - INFO - Episode 685: Reward= 141.0, Length=141, Loss=1.5571, Memory=34.25
10:46:19 PM - INFO - Episode 686: Reward= 113.0, Length=113, Loss=1.5571, Memory=34.30
10:46:19 PM - INFO - Step  243: train/policy_loss = 0.517768
10:46:19 PM - INFO - Step  243: train/reward_loss = 0.004486
10:46:19 PM - INFO - Step  243: train/value_loss = 1.081593
10:46:19 PM - INFO - Step  243: total_loss = 1.603847
10:46:32 PM - INFO - Episode 687: Reward= 166.0, Length=166, Loss=1.6038, Memory=34.35
10:46:35 PM - INFO - Episode 688: Reward=  34.0, Length= 34, Loss=1.6038, Memory=34.40
10:46:35 PM - INFO - Step  244: train/policy_loss = 0.559143
10:46:35 PM - INFO - Step  244: train/reward_loss = 0.005202
10:46:35 PM - INFO - Step  244: train/value_loss = 1.366127
10:46:35 PM - INFO - Step  244: total_loss = 1.930472
10:46:36 PM - INFO - Episode 689: Reward=  12.0, Length= 12, Loss=1.9305, Memory=34.45
10:46:37 PM - INFO - Episode 690: Reward=  13.0, Length= 13, Loss=1.9305, Memory=34.50
10:46:38 PM - INFO - Step  245: train/policy_loss = 0.570122
10:46:38 PM - INFO - Step  245: train/reward_loss = 0.006375
10:46:38 PM - INFO - Step  245: train/value_loss = 1.080552
10:46:38 PM - INFO - Step  245: total_loss = 1.657050
10:47:03 PM - INFO - Episode 691: Reward= 330.0, Length=330, Loss=1.6571, Memory=34.55
10:47:27 PM - INFO - Episode 692: Reward= 314.0, Length=314, Loss=1.6571, Memory=34.60
10:47:27 PM - INFO - Step  246: train/policy_loss = 0.549547
10:47:27 PM - INFO - Step  246: train/reward_loss = 0.005870
10:47:27 PM - INFO - Step  246: train/value_loss = 1.187648
10:47:27 PM - INFO - Step  246: total_loss = 1.743065
10:47:50 PM - INFO - Episode 693: Reward= 304.0, Length=304, Loss=1.7431, Memory=34.65
10:48:19 PM - INFO - Episode 694: Reward= 382.0, Length=382, Loss=1.7431, Memory=34.70
10:48:19 PM - INFO - Step  247: train/policy_loss = 0.607068
10:48:19 PM - INFO - Step  247: train/reward_loss = 0.005850
10:48:19 PM - INFO - Step  247: train/value_loss = 1.332375
10:48:19 PM - INFO - Step  247: total_loss = 1.945293
10:48:53 PM - INFO - Episode 695: Reward= 453.0, Length=453, Loss=1.9453, Memory=34.75
10:49:14 PM - INFO - Episode 696: Reward= 273.0, Length=273, Loss=1.9453, Memory=34.80
10:49:15 PM - INFO - Step  248: train/policy_loss = 0.512213
10:49:15 PM - INFO - Step  248: train/reward_loss = 0.004794
10:49:15 PM - INFO - Step  248: train/value_loss = 0.749198
10:49:15 PM - INFO - Step  248: total_loss = 1.266204
10:49:30 PM - INFO - Episode 697: Reward= 196.0, Length=196, Loss=1.2662, Memory=34.85
10:49:47 PM - INFO - Episode 698: Reward= 224.0, Length=224, Loss=1.2662, Memory=34.90
10:49:47 PM - INFO - Step  249: train/policy_loss = 0.555194
10:49:47 PM - INFO - Step  249: train/reward_loss = 0.005200
10:49:47 PM - INFO - Step  249: train/value_loss = 1.422084
10:49:47 PM - INFO - Step  249: total_loss = 1.982478
10:50:01 PM - INFO - Episode 699: Reward= 177.0, Length=177, Loss=1.9825, Memory=34.95
10:50:09 PM - INFO - Episode 700: Reward= 101.0, Length=101, Loss=1.9825, Memory=35.00
10:50:09 PM - INFO - Step  250: train/policy_loss = 0.568391
10:50:09 PM - INFO - Step  250: train/reward_loss = 0.006101
10:50:09 PM - INFO - Step  250: train/value_loss = 1.162250
10:50:09 PM - INFO - Step  250: total_loss = 1.736742
10:50:09 PM - INFO - Checkpoint saved to checkpoints/CartPole-v1/20250725_213748/episode_00700.pkl
10:50:10 PM - INFO - Episode 701: Reward=  14.0, Length= 14, Loss=1.7367, Memory=35.05
10:50:10 PM - INFO - Progress: 35.0% | 0.07 it/s | ETA: 5:27:52
10:50:19 PM - INFO - Episode 702: Reward= 119.0, Length=119, Loss=1.7367, Memory=35.10
10:50:20 PM - INFO - Step  251: train/policy_loss = 0.547811
10:50:20 PM - INFO - Step  251: train/reward_loss = 0.005033
10:50:20 PM - INFO - Step  251: train/value_loss = 1.332357
10:50:20 PM - INFO - Step  251: total_loss = 1.885202
10:50:32 PM - INFO - Episode 703: Reward= 155.0, Length=155, Loss=1.8852, Memory=35.15
10:50:32 PM - INFO - Episode 704: Reward=  10.0, Length= 10, Loss=1.8852, Memory=35.20
10:50:33 PM - INFO - Step  252: train/policy_loss = 0.536017
10:50:33 PM - INFO - Step  252: train/reward_loss = 0.004923
10:50:33 PM - INFO - Step  252: train/value_loss = 0.935434
10:50:33 PM - INFO - Step  252: total_loss = 1.476374
10:50:35 PM - INFO - Episode 705: Reward=  29.0, Length= 29, Loss=1.4764, Memory=35.25
10:50:43 PM - INFO - Episode 706: Reward= 100.0, Length=100, Loss=1.4764, Memory=35.30
10:50:43 PM - INFO - Step  253: train/policy_loss = 0.516084
10:50:43 PM - INFO - Step  253: train/reward_loss = 0.005867
10:50:43 PM - INFO - Step  253: train/value_loss = 1.066544
10:50:43 PM - INFO - Step  253: total_loss = 1.588495
10:50:52 PM - INFO - Episode 707: Reward= 110.0, Length=110, Loss=1.5885, Memory=35.35
10:50:56 PM - INFO - Episode 708: Reward=  50.0, Length= 50, Loss=1.5885, Memory=35.40
10:50:56 PM - INFO - Step  254: train/policy_loss = 0.556253
10:50:56 PM - INFO - Step  254: train/reward_loss = 0.006872
10:50:56 PM - INFO - Step  254: train/value_loss = 1.326826
10:50:56 PM - INFO - Step  254: total_loss = 1.889951
10:51:01 PM - INFO - Episode 709: Reward=  62.0, Length= 62, Loss=1.8900, Memory=35.45
10:51:02 PM - INFO - Episode 710: Reward=  15.0, Length= 15, Loss=1.8900, Memory=35.50
10:51:03 PM - INFO - Step  255: train/policy_loss = 0.550054
10:51:03 PM - INFO - Step  255: train/reward_loss = 0.006011
10:51:03 PM - INFO - Step  255: train/value_loss = 1.174094
10:51:03 PM - INFO - Step  255: total_loss = 1.730158
10:51:06 PM - INFO - Episode 711: Reward=  35.0, Length= 35, Loss=1.7302, Memory=35.55
10:51:07 PM - INFO - Episode 712: Reward=  21.0, Length= 21, Loss=1.7302, Memory=35.60
10:51:08 PM - INFO - Step  256: train/policy_loss = 0.545172
10:51:08 PM - INFO - Step  256: train/reward_loss = 0.008176
10:51:08 PM - INFO - Step  256: train/value_loss = 1.559900
10:51:08 PM - INFO - Step  256: total_loss = 2.113248
10:51:16 PM - INFO - Episode 713: Reward= 109.0, Length=109, Loss=2.1132, Memory=35.65
10:51:17 PM - INFO - Episode 714: Reward=  11.0, Length= 11, Loss=2.1132, Memory=35.70
10:51:17 PM - INFO - Step  257: train/policy_loss = 0.567420
10:51:17 PM - INFO - Step  257: train/reward_loss = 0.005988
10:51:17 PM - INFO - Step  257: train/value_loss = 1.078766
10:51:17 PM - INFO - Step  257: total_loss = 1.652175
10:51:20 PM - INFO - Episode 715: Reward=  30.0, Length= 30, Loss=1.6522, Memory=35.75
10:51:21 PM - INFO - Episode 716: Reward=  18.0, Length= 18, Loss=1.6522, Memory=35.80
10:51:22 PM - INFO - Step  258: train/policy_loss = 0.523148
10:51:22 PM - INFO - Step  258: train/reward_loss = 0.007731
10:51:22 PM - INFO - Step  258: train/value_loss = 1.012839
10:51:22 PM - INFO - Step  258: total_loss = 1.543718
10:51:55 PM - INFO - Episode 717: Reward= 436.0, Length=436, Loss=1.5437, Memory=35.85
10:51:57 PM - INFO - Episode 718: Reward=  24.0, Length= 24, Loss=1.5437, Memory=35.90
10:51:57 PM - INFO - Step  259: train/policy_loss = 0.550952
10:51:57 PM - INFO - Step  259: train/reward_loss = 0.010128
10:51:57 PM - INFO - Step  259: train/value_loss = 0.975518
10:51:57 PM - INFO - Step  259: total_loss = 1.536598
10:52:00 PM - INFO - Episode 719: Reward=  37.0, Length= 37, Loss=1.5366, Memory=35.95
10:52:38 PM - INFO - Episode 720: Reward= 500.0, Length=500, Loss=1.5366, Memory=36.00
10:52:38 PM - INFO - Step  260: train/policy_loss = 0.524812
10:52:38 PM - INFO - Step  260: train/reward_loss = 0.010562
10:52:38 PM - INFO - Step  260: train/value_loss = 1.204243
10:52:38 PM - INFO - Step  260: total_loss = 1.739617
10:53:16 PM - INFO - Episode 721: Reward= 500.0, Length=500, Loss=1.7396, Memory=36.05
10:53:16 PM - INFO - Progress: 36.0% | 0.06 it/s | ETA: 5:53:38
10:53:54 PM - INFO - Episode 722: Reward= 500.0, Length=500, Loss=1.7396, Memory=36.10
10:53:55 PM - INFO - Step  261: train/policy_loss = 0.556843
10:53:55 PM - INFO - Step  261: train/reward_loss = 0.009362
10:53:55 PM - INFO - Step  261: train/value_loss = 1.475479
10:53:55 PM - INFO - Step  261: total_loss = 2.041683
10:54:33 PM - INFO - Episode 723: Reward= 500.0, Length=500, Loss=2.0417, Memory=36.15
10:55:11 PM - INFO - Episode 724: Reward= 500.0, Length=500, Loss=2.0417, Memory=36.20
10:55:11 PM - INFO - Step  262: train/policy_loss = 0.528435
10:55:11 PM - INFO - Step  262: train/reward_loss = 0.005350
10:55:11 PM - INFO - Step  262: train/value_loss = 1.227654
10:55:11 PM - INFO - Step  262: total_loss = 1.761438
10:55:50 PM - INFO - Episode 725: Reward= 500.0, Length=500, Loss=1.7614, Memory=36.25
10:56:28 PM - INFO - Episode 726: Reward= 500.0, Length=500, Loss=1.7614, Memory=36.30
10:56:28 PM - INFO - Step  263: train/policy_loss = 0.547505
10:56:28 PM - INFO - Step  263: train/reward_loss = 0.005549
10:56:28 PM - INFO - Step  263: train/value_loss = 1.122260
10:56:28 PM - INFO - Step  263: total_loss = 1.675314
10:57:06 PM - INFO - Episode 727: Reward= 500.0, Length=500, Loss=1.6753, Memory=36.35
10:57:29 PM - INFO - Episode 728: Reward= 302.0, Length=302, Loss=1.6753, Memory=36.40
10:57:29 PM - INFO - Step  264: train/policy_loss = 0.506569
10:57:29 PM - INFO - Step  264: train/reward_loss = 0.006690
10:57:29 PM - INFO - Step  264: train/value_loss = 1.244743
10:57:29 PM - INFO - Step  264: total_loss = 1.758002
10:58:08 PM - INFO - Episode 729: Reward= 500.0, Length=500, Loss=1.7580, Memory=36.45
10:58:47 PM - INFO - Episode 730: Reward= 500.0, Length=500, Loss=1.7580, Memory=36.50
10:58:47 PM - INFO - Step  265: train/policy_loss = 0.540698
10:58:47 PM - INFO - Step  265: train/reward_loss = 0.008658
10:58:47 PM - INFO - Step  265: train/value_loss = 1.253375
10:58:47 PM - INFO - Step  265: total_loss = 1.802730
10:59:26 PM - INFO - Episode 731: Reward= 500.0, Length=500, Loss=1.8027, Memory=36.55
11:00:05 PM - INFO - Episode 732: Reward= 500.0, Length=500, Loss=1.8027, Memory=36.60
11:00:05 PM - INFO - Step  266: train/policy_loss = 0.530254
11:00:05 PM - INFO - Step  266: train/reward_loss = 0.006967
11:00:05 PM - INFO - Step  266: train/value_loss = 0.958055
11:00:05 PM - INFO - Step  266: total_loss = 1.495276
11:00:44 PM - INFO - Episode 733: Reward= 500.0, Length=500, Loss=1.4953, Memory=36.65
11:01:23 PM - INFO - Episode 734: Reward= 500.0, Length=500, Loss=1.4953, Memory=36.70
11:01:23 PM - INFO - Step  267: train/policy_loss = 0.539327
11:01:23 PM - INFO - Step  267: train/reward_loss = 0.007548
11:01:23 PM - INFO - Step  267: train/value_loss = 1.364857
11:01:23 PM - INFO - Step  267: total_loss = 1.911731
11:01:34 PM - INFO - Episode 735: Reward= 130.0, Length=130, Loss=1.9117, Memory=36.75
11:01:53 PM - INFO - Episode 736: Reward= 246.0, Length=246, Loss=1.9117, Memory=36.80
11:01:53 PM - INFO - Step  268: train/policy_loss = 0.520512
11:01:53 PM - INFO - Step  268: train/reward_loss = 0.005611
11:01:53 PM - INFO - Step  268: train/value_loss = 0.769991
11:01:53 PM - INFO - Step  268: total_loss = 1.296115
11:01:54 PM - INFO - Episode 737: Reward=  10.0, Length= 10, Loss=1.2961, Memory=36.85
11:02:00 PM - INFO - Episode 738: Reward=  72.0, Length= 72, Loss=1.2961, Memory=36.90
11:02:00 PM - INFO - Step  269: train/policy_loss = 0.529969
11:02:00 PM - INFO - Step  269: train/reward_loss = 0.005997
11:02:00 PM - INFO - Step  269: train/value_loss = 1.065888
11:02:00 PM - INFO - Step  269: total_loss = 1.601853
11:02:02 PM - INFO - Episode 739: Reward=  27.0, Length= 27, Loss=1.6019, Memory=36.95
11:02:12 PM - INFO - Episode 740: Reward= 129.0, Length=129, Loss=1.6019, Memory=37.00
11:02:13 PM - INFO - Step  270: train/policy_loss = 0.537103
11:02:13 PM - INFO - Step  270: train/reward_loss = 0.004506
11:02:13 PM - INFO - Step  270: train/value_loss = 1.122213
11:02:13 PM - INFO - Step  270: total_loss = 1.663821
11:02:15 PM - INFO - Episode 741: Reward=  23.0, Length= 23, Loss=1.6638, Memory=37.05
11:02:15 PM - INFO - Progress: 37.0% | 0.09 it/s | ETA: 3:50:45
11:02:16 PM - INFO - Episode 742: Reward=  15.0, Length= 15, Loss=1.6638, Memory=37.10
11:02:16 PM - INFO - Step  271: train/policy_loss = 0.527822
11:02:16 PM - INFO - Step  271: train/reward_loss = 0.006252
11:02:16 PM - INFO - Step  271: train/value_loss = 0.939718
11:02:16 PM - INFO - Step  271: total_loss = 1.473792
11:02:40 PM - INFO - Episode 743: Reward= 309.0, Length=309, Loss=1.4738, Memory=37.15
11:03:03 PM - INFO - Episode 744: Reward= 292.0, Length=292, Loss=1.4738, Memory=37.20
11:03:03 PM - INFO - Step  272: train/policy_loss = 0.525586
11:03:03 PM - INFO - Step  272: train/reward_loss = 0.005673
11:03:03 PM - INFO - Step  272: train/value_loss = 1.060404
11:03:03 PM - INFO - Step  272: total_loss = 1.591663
11:03:38 PM - INFO - Episode 745: Reward= 450.0, Length=450, Loss=1.5917, Memory=37.25
11:04:11 PM - INFO - Episode 746: Reward= 500.0, Length=500, Loss=1.5917, Memory=37.30
11:04:12 PM - INFO - Step  273: train/policy_loss = 0.560910
11:04:12 PM - INFO - Step  273: train/reward_loss = 0.004755
11:04:12 PM - INFO - Step  273: train/value_loss = 1.204630
11:04:12 PM - INFO - Step  273: total_loss = 1.770295
11:04:42 PM - INFO - Episode 747: Reward= 500.0, Length=500, Loss=1.7703, Memory=37.35
11:05:13 PM - INFO - Episode 748: Reward= 500.0, Length=500, Loss=1.7703, Memory=37.40
11:05:13 PM - INFO - Step  274: train/policy_loss = 0.552340
11:05:13 PM - INFO - Step  274: train/reward_loss = 0.006340
11:05:13 PM - INFO - Step  274: train/value_loss = 0.797229
11:05:13 PM - INFO - Step  274: total_loss = 1.355909
11:05:21 PM - INFO - Episode 749: Reward= 118.0, Length=118, Loss=1.3559, Memory=37.45
11:05:29 PM - INFO - Episode 750: Reward= 135.0, Length=135, Loss=1.3559, Memory=37.50
11:05:29 PM - INFO - Step  275: train/policy_loss = 0.536175
11:05:29 PM - INFO - Step  275: train/reward_loss = 0.005132
11:05:29 PM - INFO - Step  275: train/value_loss = 1.071443
11:05:29 PM - INFO - Step  275: total_loss = 1.612750
11:05:29 PM - INFO - Checkpoint saved to checkpoints/CartPole-v1/20250725_213748/episode_00750.pkl
11:05:37 PM - INFO - Episode 751: Reward= 125.0, Length=125, Loss=1.6127, Memory=37.55
11:05:44 PM - INFO - Episode 752: Reward= 114.0, Length=114, Loss=1.6127, Memory=37.60
11:05:44 PM - INFO - Step  276: train/policy_loss = 0.510096
11:05:44 PM - INFO - Step  276: train/reward_loss = 0.005279
11:05:44 PM - INFO - Step  276: train/value_loss = 0.779966
11:05:44 PM - INFO - Step  276: total_loss = 1.295341
11:05:45 PM - INFO - Episode 753: Reward=  12.0, Length= 12, Loss=1.2953, Memory=37.65
11:05:46 PM - INFO - Episode 754: Reward=  12.0, Length= 12, Loss=1.2953, Memory=37.70
11:05:46 PM - INFO - Step  277: train/policy_loss = 0.535685
11:05:46 PM - INFO - Step  277: train/reward_loss = 0.005938
11:05:46 PM - INFO - Step  277: train/value_loss = 0.735331
11:05:46 PM - INFO - Step  277: total_loss = 1.276954
11:05:47 PM - INFO - Episode 755: Reward=  12.0, Length= 12, Loss=1.2770, Memory=37.75
11:05:48 PM - INFO - Episode 756: Reward=   9.0, Length=  9, Loss=1.2770, Memory=37.80
11:05:48 PM - INFO - Step  278: train/policy_loss = 0.547167
11:05:48 PM - INFO - Step  278: train/reward_loss = 0.005536
11:05:48 PM - INFO - Step  278: train/value_loss = 0.938866
11:05:48 PM - INFO - Step  278: total_loss = 1.491569
11:05:49 PM - INFO - Episode 757: Reward=  12.0, Length= 12, Loss=1.4916, Memory=37.85
11:05:54 PM - INFO - Episode 758: Reward=  80.0, Length= 80, Loss=1.4916, Memory=37.90
11:05:54 PM - INFO - Step  279: train/policy_loss = 0.558782
11:05:54 PM - INFO - Step  279: train/reward_loss = 0.005343
11:05:54 PM - INFO - Step  279: train/value_loss = 0.963506
11:05:54 PM - INFO - Step  279: total_loss = 1.527632
11:05:56 PM - INFO - Episode 759: Reward=  19.0, Length= 19, Loss=1.5276, Memory=37.95
11:05:56 PM - INFO - Episode 760: Reward=  12.0, Length= 12, Loss=1.5276, Memory=38.00
11:05:57 PM - INFO - Step  280: train/policy_loss = 0.512977
11:05:57 PM - INFO - Step  280: train/reward_loss = 0.004761
11:05:57 PM - INFO - Step  280: train/value_loss = 1.400202
11:05:57 PM - INFO - Step  280: total_loss = 1.917940
11:05:58 PM - INFO - Episode 761: Reward=  14.0, Length= 14, Loss=1.9179, Memory=38.05
11:05:58 PM - INFO - Progress: 38.0% | 0.43 it/s | ETA: 48:24
11:06:02 PM - INFO - Episode 762: Reward=  72.0, Length= 72, Loss=1.9179, Memory=38.10
11:06:02 PM - INFO - Step  281: train/policy_loss = 0.541609
11:06:02 PM - INFO - Step  281: train/reward_loss = 0.004636
11:06:02 PM - INFO - Step  281: train/value_loss = 0.909920
11:06:02 PM - INFO - Step  281: total_loss = 1.456165
11:06:11 PM - INFO - Episode 763: Reward= 134.0, Length=134, Loss=1.4562, Memory=38.15
11:06:18 PM - INFO - Episode 764: Reward= 122.0, Length=122, Loss=1.4562, Memory=38.20
11:06:18 PM - INFO - Step  282: train/policy_loss = 0.524719
11:06:18 PM - INFO - Step  282: train/reward_loss = 0.004776
11:06:18 PM - INFO - Step  282: train/value_loss = 1.143687
11:06:18 PM - INFO - Step  282: total_loss = 1.673182
11:06:49 PM - INFO - Episode 765: Reward= 500.0, Length=500, Loss=1.6732, Memory=38.25
11:07:20 PM - INFO - Episode 766: Reward= 500.0, Length=500, Loss=1.6732, Memory=38.30
11:07:20 PM - INFO - Step  283: train/policy_loss = 0.510903
11:07:20 PM - INFO - Step  283: train/reward_loss = 0.004323
11:07:20 PM - INFO - Step  283: train/value_loss = 0.930089
11:07:20 PM - INFO - Step  283: total_loss = 1.445315
11:07:29 PM - INFO - Episode 767: Reward= 149.0, Length=149, Loss=1.4453, Memory=38.35
11:08:00 PM - INFO - Episode 768: Reward= 500.0, Length=500, Loss=1.4453, Memory=38.40
11:08:00 PM - INFO - Step  284: train/policy_loss = 0.562669
11:08:00 PM - INFO - Step  284: train/reward_loss = 0.005553
11:08:00 PM - INFO - Step  284: train/value_loss = 0.960508
11:08:00 PM - INFO - Step  284: total_loss = 1.528730
11:08:23 PM - INFO - Episode 769: Reward= 379.0, Length=379, Loss=1.5287, Memory=38.45
11:08:53 PM - INFO - Episode 770: Reward= 484.0, Length=484, Loss=1.5287, Memory=38.50
11:08:53 PM - INFO - Step  285: train/policy_loss = 0.501059
11:08:53 PM - INFO - Step  285: train/reward_loss = 0.004490
11:08:53 PM - INFO - Step  285: train/value_loss = 0.608487
11:08:53 PM - INFO - Step  285: total_loss = 1.114037
11:09:03 PM - INFO - Episode 771: Reward= 160.0, Length=160, Loss=1.1140, Memory=38.55
11:09:34 PM - INFO - Episode 772: Reward= 500.0, Length=500, Loss=1.1140, Memory=38.60
11:09:34 PM - INFO - Step  286: train/policy_loss = 0.510394
11:09:34 PM - INFO - Step  286: train/reward_loss = 0.004655
11:09:34 PM - INFO - Step  286: train/value_loss = 0.713488
11:09:34 PM - INFO - Step  286: total_loss = 1.228537
11:10:05 PM - INFO - Episode 773: Reward= 500.0, Length=500, Loss=1.2285, Memory=38.65
11:10:36 PM - INFO - Episode 774: Reward= 500.0, Length=500, Loss=1.2285, Memory=38.70
11:10:36 PM - INFO - Step  287: train/policy_loss = 0.518841
11:10:36 PM - INFO - Step  287: train/reward_loss = 0.003817
11:10:36 PM - INFO - Step  287: train/value_loss = 0.770433
11:10:36 PM - INFO - Step  287: total_loss = 1.293092
11:10:56 PM - INFO - Episode 775: Reward= 328.0, Length=328, Loss=1.2931, Memory=38.75
11:11:16 PM - INFO - Episode 776: Reward= 314.0, Length=314, Loss=1.2931, Memory=38.80
11:11:16 PM - INFO - Step  288: train/policy_loss = 0.526200
11:11:16 PM - INFO - Step  288: train/reward_loss = 0.004097
11:11:16 PM - INFO - Step  288: train/value_loss = 0.888805
11:11:16 PM - INFO - Step  288: total_loss = 1.419103
11:11:19 PM - INFO - Episode 777: Reward=  49.0, Length= 49, Loss=1.4191, Memory=38.85
11:11:20 PM - INFO - Episode 778: Reward=  11.0, Length= 11, Loss=1.4191, Memory=38.90
11:11:20 PM - INFO - Step  289: train/policy_loss = 0.549555
11:11:20 PM - INFO - Step  289: train/reward_loss = 0.004804
11:11:20 PM - INFO - Step  289: train/value_loss = 1.622689
11:11:20 PM - INFO - Step  289: total_loss = 2.177049
11:11:21 PM - INFO - Episode 779: Reward=  16.0, Length= 16, Loss=2.1770, Memory=38.95
11:11:22 PM - INFO - Episode 780: Reward=   9.0, Length=  9, Loss=2.1770, Memory=39.00
11:11:22 PM - INFO - Step  290: train/policy_loss = 0.534423
11:11:22 PM - INFO - Step  290: train/reward_loss = 0.004916
11:11:22 PM - INFO - Step  290: train/value_loss = 1.337234
11:11:22 PM - INFO - Step  290: total_loss = 1.876573
11:11:23 PM - INFO - Episode 781: Reward=  10.0, Length= 10, Loss=1.8766, Memory=39.05
11:11:23 PM - INFO - Progress: 39.0% | 0.15 it/s | ETA: 2:13:54
11:11:24 PM - INFO - Episode 782: Reward=  16.0, Length= 16, Loss=1.8766, Memory=39.10
11:11:24 PM - INFO - Step  291: train/policy_loss = 0.541322
11:11:24 PM - INFO - Step  291: train/reward_loss = 0.005045
11:11:24 PM - INFO - Step  291: train/value_loss = 1.193823
11:11:24 PM - INFO - Step  291: total_loss = 1.740189
11:11:25 PM - INFO - Episode 783: Reward=   9.0, Length=  9, Loss=1.7402, Memory=39.15
11:11:26 PM - INFO - Episode 784: Reward=  21.0, Length= 21, Loss=1.7402, Memory=39.20
11:11:26 PM - INFO - Step  292: train/policy_loss = 0.490705
11:11:26 PM - INFO - Step  292: train/reward_loss = 0.004972
11:11:26 PM - INFO - Step  292: train/value_loss = 0.897462
11:11:26 PM - INFO - Step  292: total_loss = 1.393139
11:11:27 PM - INFO - Episode 785: Reward=   9.0, Length=  9, Loss=1.3931, Memory=39.25
11:11:28 PM - INFO - Episode 786: Reward=  11.0, Length= 11, Loss=1.3931, Memory=39.30
11:11:28 PM - INFO - Step  293: train/policy_loss = 0.542295
11:11:28 PM - INFO - Step  293: train/reward_loss = 0.008612
11:11:28 PM - INFO - Step  293: train/value_loss = 1.077785
11:11:28 PM - INFO - Step  293: total_loss = 1.628692
11:11:29 PM - INFO - Episode 787: Reward=  10.0, Length= 10, Loss=1.6287, Memory=39.35
11:11:29 PM - INFO - Episode 788: Reward=   9.0, Length=  9, Loss=1.6287, Memory=39.40
11:11:30 PM - INFO - Step  294: train/policy_loss = 0.543036
11:11:30 PM - INFO - Step  294: train/reward_loss = 0.009362
11:11:30 PM - INFO - Step  294: train/value_loss = 1.555663
11:11:30 PM - INFO - Step  294: total_loss = 2.108061
11:11:30 PM - INFO - Episode 789: Reward=  10.0, Length= 10, Loss=2.1081, Memory=39.45
11:11:31 PM - INFO - Episode 790: Reward=  10.0, Length= 10, Loss=2.1081, Memory=39.50
11:11:31 PM - INFO - Step  295: train/policy_loss = 0.513450
11:11:31 PM - INFO - Step  295: train/reward_loss = 0.006579
11:11:31 PM - INFO - Step  295: train/value_loss = 1.150355
11:11:31 PM - INFO - Step  295: total_loss = 1.670385
11:11:33 PM - INFO - Episode 791: Reward=  19.0, Length= 19, Loss=1.6704, Memory=39.55
11:11:34 PM - INFO - Episode 792: Reward=  29.0, Length= 29, Loss=1.6704, Memory=39.60
11:11:35 PM - INFO - Step  296: train/policy_loss = 0.532571
11:11:35 PM - INFO - Step  296: train/reward_loss = 0.006337
11:11:35 PM - INFO - Step  296: train/value_loss = 1.620787
11:11:35 PM - INFO - Step  296: total_loss = 2.159695
11:11:36 PM - INFO - Episode 793: Reward=  12.0, Length= 12, Loss=2.1597, Memory=39.65
11:11:37 PM - INFO - Episode 794: Reward=  24.0, Length= 24, Loss=2.1597, Memory=39.70
11:11:37 PM - INFO - Step  297: train/policy_loss = 0.551073
11:11:37 PM - INFO - Step  297: train/reward_loss = 0.006474
11:11:37 PM - INFO - Step  297: train/value_loss = 1.113872
11:11:37 PM - INFO - Step  297: total_loss = 1.671420
11:11:38 PM - INFO - Episode 795: Reward=  10.0, Length= 10, Loss=1.6714, Memory=39.75
11:11:39 PM - INFO - Episode 796: Reward=  12.0, Length= 12, Loss=1.6714, Memory=39.80
11:11:39 PM - INFO - Step  298: train/policy_loss = 0.576842
11:11:39 PM - INFO - Step  298: train/reward_loss = 0.007750
11:11:39 PM - INFO - Step  298: train/value_loss = 1.971158
11:11:39 PM - INFO - Step  298: total_loss = 2.555749
11:11:40 PM - INFO - Episode 797: Reward=   9.0, Length=  9, Loss=2.5557, Memory=39.85
11:11:40 PM - INFO - Episode 798: Reward=  10.0, Length= 10, Loss=2.5557, Memory=39.90
11:11:41 PM - INFO - Step  299: train/policy_loss = 0.514259
11:11:41 PM - INFO - Step  299: train/reward_loss = 0.005313
11:11:41 PM - INFO - Step  299: train/value_loss = 0.766569
11:11:41 PM - INFO - Step  299: total_loss = 1.286142
11:11:41 PM - INFO - Updating target network at training step 300
11:11:41 PM - INFO - Target network update completed
11:11:41 PM - INFO - Episode 799: Reward=   8.0, Length=  8, Loss=1.2861, Memory=39.95
11:11:42 PM - INFO - Episode 800: Reward=  10.0, Length= 10, Loss=1.2861, Memory=40.00
11:11:42 PM - INFO - Step  300: train/policy_loss = 0.513224
11:11:42 PM - INFO - Step  300: train/reward_loss = 0.005180
11:11:42 PM - INFO - Step  300: train/value_loss = 1.220620
11:11:42 PM - INFO - Step  300: total_loss = 1.739024
11:11:42 PM - INFO - Checkpoint saved to checkpoints/CartPole-v1/20250725_213748/episode_00800.pkl
11:11:43 PM - INFO - Episode 801: Reward=   9.0, Length=  9, Loss=1.7390, Memory=40.05
11:11:43 PM - INFO - Progress: 40.0% | 1.13 it/s | ETA: 17:40
11:11:44 PM - INFO - Episode 802: Reward=  10.0, Length= 10, Loss=1.7390, Memory=40.10
11:11:44 PM - INFO - Step  301: train/policy_loss = 0.540792
11:11:44 PM - INFO - Step  301: train/reward_loss = 0.006306
11:11:44 PM - INFO - Step  301: train/value_loss = 1.268072
11:11:44 PM - INFO - Step  301: total_loss = 1.815170
11:11:45 PM - INFO - Episode 803: Reward=  25.0, Length= 25, Loss=1.8152, Memory=40.15
11:11:46 PM - INFO - Episode 804: Reward=  10.0, Length= 10, Loss=1.8152, Memory=40.20
11:11:46 PM - INFO - Step  302: train/policy_loss = 0.557868
11:11:46 PM - INFO - Step  302: train/reward_loss = 0.005859
11:11:46 PM - INFO - Step  302: train/value_loss = 0.978366
11:11:46 PM - INFO - Step  302: total_loss = 1.542093
11:11:47 PM - INFO - Episode 805: Reward=  10.0, Length= 10, Loss=1.5421, Memory=40.25
11:11:48 PM - INFO - Episode 806: Reward=  18.0, Length= 18, Loss=1.5421, Memory=40.30
11:11:49 PM - INFO - Step  303: train/policy_loss = 0.525108
11:11:49 PM - INFO - Step  303: train/reward_loss = 0.005870
11:11:49 PM - INFO - Step  303: train/value_loss = 1.333032
11:11:49 PM - INFO - Step  303: total_loss = 1.864010
11:11:52 PM - INFO - Episode 807: Reward=  48.0, Length= 48, Loss=1.8640, Memory=40.35
11:11:53 PM - INFO - Episode 808: Reward=  14.0, Length= 14, Loss=1.8640, Memory=40.40
11:11:53 PM - INFO - Step  304: train/policy_loss = 0.550191
11:11:53 PM - INFO - Step  304: train/reward_loss = 0.005748
11:11:53 PM - INFO - Step  304: train/value_loss = 0.830230
11:11:53 PM - INFO - Step  304: total_loss = 1.386169
11:11:54 PM - INFO - Episode 809: Reward=  10.0, Length= 10, Loss=1.3862, Memory=40.45
11:11:55 PM - INFO - Episode 810: Reward=  19.0, Length= 19, Loss=1.3862, Memory=40.50
11:11:55 PM - INFO - Step  305: train/policy_loss = 0.546121
11:11:55 PM - INFO - Step  305: train/reward_loss = 0.004746
11:11:55 PM - INFO - Step  305: train/value_loss = 0.993824
11:11:55 PM - INFO - Step  305: total_loss = 1.544691
11:11:57 PM - INFO - Episode 811: Reward=  37.0, Length= 37, Loss=1.5447, Memory=40.55
11:11:59 PM - INFO - Episode 812: Reward=  27.0, Length= 27, Loss=1.5447, Memory=40.60
11:11:59 PM - INFO - Step  306: train/policy_loss = 0.529420
11:11:59 PM - INFO - Step  306: train/reward_loss = 0.006432
11:11:59 PM - INFO - Step  306: train/value_loss = 1.343844
11:11:59 PM - INFO - Step  306: total_loss = 1.879696
11:12:00 PM - INFO - Episode 813: Reward=   9.0, Length=  9, Loss=1.8797, Memory=40.65
11:12:01 PM - INFO - Episode 814: Reward=  11.0, Length= 11, Loss=1.8797, Memory=40.70
11:12:01 PM - INFO - Step  307: train/policy_loss = 0.521450
11:12:01 PM - INFO - Step  307: train/reward_loss = 0.006174
11:12:01 PM - INFO - Step  307: train/value_loss = 1.355562
11:12:01 PM - INFO - Step  307: total_loss = 1.883186
11:12:02 PM - INFO - Episode 815: Reward=  10.0, Length= 10, Loss=1.8832, Memory=40.75
11:12:03 PM - INFO - Episode 816: Reward=  11.0, Length= 11, Loss=1.8832, Memory=40.80
11:12:03 PM - INFO - Step  308: train/policy_loss = 0.532546
11:12:03 PM - INFO - Step  308: train/reward_loss = 0.004206
11:12:03 PM - INFO - Step  308: train/value_loss = 1.232239
11:12:03 PM - INFO - Step  308: total_loss = 1.768991
11:12:04 PM - INFO - Episode 817: Reward=  10.0, Length= 10, Loss=1.7690, Memory=40.85
11:12:04 PM - INFO - Episode 818: Reward=  10.0, Length= 10, Loss=1.7690, Memory=40.90
11:12:04 PM - INFO - Step  309: train/policy_loss = 0.530635
11:12:04 PM - INFO - Step  309: train/reward_loss = 0.004156
11:12:04 PM - INFO - Step  309: train/value_loss = 1.352898
11:12:04 PM - INFO - Step  309: total_loss = 1.887689
11:12:05 PM - INFO - Episode 819: Reward=  10.0, Length= 10, Loss=1.8877, Memory=40.95
11:12:06 PM - INFO - Episode 820: Reward=  10.0, Length= 10, Loss=1.8877, Memory=41.00
11:12:06 PM - INFO - Step  310: train/policy_loss = 0.586398
11:12:06 PM - INFO - Step  310: train/reward_loss = 0.005801
11:12:06 PM - INFO - Step  310: train/value_loss = 1.279104
11:12:06 PM - INFO - Step  310: total_loss = 1.871303
11:12:07 PM - INFO - Episode 821: Reward=  10.0, Length= 10, Loss=1.8713, Memory=41.05
11:12:07 PM - INFO - Progress: 41.0% | 1.11 it/s | ETA: 17:42
11:12:08 PM - INFO - Episode 822: Reward=  10.0, Length= 10, Loss=1.8713, Memory=41.10
11:12:08 PM - INFO - Step  311: train/policy_loss = 0.505290
11:12:08 PM - INFO - Step  311: train/reward_loss = 0.004769
11:12:08 PM - INFO - Step  311: train/value_loss = 1.105854
11:12:08 PM - INFO - Step  311: total_loss = 1.615914
11:12:09 PM - INFO - Episode 823: Reward=  14.0, Length= 14, Loss=1.6159, Memory=41.15
11:12:09 PM - INFO - Episode 824: Reward=   9.0, Length=  9, Loss=1.6159, Memory=41.20
11:12:10 PM - INFO - Step  312: train/policy_loss = 0.509236
11:12:10 PM - INFO - Step  312: train/reward_loss = 0.005734
11:12:10 PM - INFO - Step  312: train/value_loss = 1.312508
11:12:10 PM - INFO - Step  312: total_loss = 1.827477
11:12:11 PM - INFO - Episode 825: Reward=  13.0, Length= 13, Loss=1.8275, Memory=41.25
11:12:11 PM - INFO - Episode 826: Reward=  12.0, Length= 12, Loss=1.8275, Memory=41.30
11:12:12 PM - INFO - Step  313: train/policy_loss = 0.513145
11:12:12 PM - INFO - Step  313: train/reward_loss = 0.005941
11:12:12 PM - INFO - Step  313: train/value_loss = 1.397735
11:12:12 PM - INFO - Step  313: total_loss = 1.916821
11:12:34 PM - INFO - Episode 827: Reward= 357.0, Length=357, Loss=1.9168, Memory=41.35
11:12:48 PM - INFO - Episode 828: Reward= 230.0, Length=230, Loss=1.9168, Memory=41.40
11:12:48 PM - INFO - Step  314: train/policy_loss = 0.540997
11:12:48 PM - INFO - Step  314: train/reward_loss = 0.005418
11:12:48 PM - INFO - Step  314: train/value_loss = 1.228645
11:12:48 PM - INFO - Step  314: total_loss = 1.775060
11:13:19 PM - INFO - Episode 829: Reward= 500.0, Length=500, Loss=1.7751, Memory=41.45
11:13:34 PM - INFO - Episode 830: Reward= 250.0, Length=250, Loss=1.7751, Memory=41.50
11:13:34 PM - INFO - Step  315: train/policy_loss = 0.498792
11:13:34 PM - INFO - Step  315: train/reward_loss = 0.006053
11:13:34 PM - INFO - Step  315: train/value_loss = 1.104354
11:13:34 PM - INFO - Step  315: total_loss = 1.609199
11:13:41 PM - INFO - Episode 831: Reward= 106.0, Length=106, Loss=1.6092, Memory=41.55
11:14:05 PM - INFO - Episode 832: Reward= 380.0, Length=380, Loss=1.6092, Memory=41.60
11:14:05 PM - INFO - Step  316: train/policy_loss = 0.525754
11:14:05 PM - INFO - Step  316: train/reward_loss = 0.005562
11:14:05 PM - INFO - Step  316: train/value_loss = 1.051480
11:14:05 PM - INFO - Step  316: total_loss = 1.582796
11:14:26 PM - INFO - Episode 833: Reward= 342.0, Length=342, Loss=1.5828, Memory=41.65
11:14:33 PM - INFO - Episode 834: Reward= 117.0, Length=117, Loss=1.5828, Memory=41.70
11:14:33 PM - INFO - Step  317: train/policy_loss = 0.513927
11:14:33 PM - INFO - Step  317: train/reward_loss = 0.007506
11:14:33 PM - INFO - Step  317: train/value_loss = 1.143509
11:14:33 PM - INFO - Step  317: total_loss = 1.664941
11:14:34 PM - INFO - Episode 835: Reward=  13.0, Length= 13, Loss=1.6649, Memory=41.75
11:14:37 PM - INFO - Episode 836: Reward=  46.0, Length= 46, Loss=1.6649, Memory=41.80
11:14:37 PM - INFO - Step  318: train/policy_loss = 0.524443
11:14:37 PM - INFO - Step  318: train/reward_loss = 0.007088
11:14:37 PM - INFO - Step  318: train/value_loss = 1.151989
11:14:37 PM - INFO - Step  318: total_loss = 1.683520
11:14:38 PM - INFO - Episode 837: Reward=  14.0, Length= 14, Loss=1.6835, Memory=41.85
11:14:40 PM - INFO - Episode 838: Reward=  25.0, Length= 25, Loss=1.6835, Memory=41.90
11:14:40 PM - INFO - Step  319: train/policy_loss = 0.522958
11:14:40 PM - INFO - Step  319: train/reward_loss = 0.005611
11:14:40 PM - INFO - Step  319: train/value_loss = 1.110627
11:14:40 PM - INFO - Step  319: total_loss = 1.639196
11:14:41 PM - INFO - Episode 839: Reward=  11.0, Length= 11, Loss=1.6392, Memory=41.95
11:14:44 PM - INFO - Episode 840: Reward=  51.0, Length= 51, Loss=1.6392, Memory=42.00
11:14:45 PM - INFO - Step  320: train/policy_loss = 0.546801
11:14:45 PM - INFO - Step  320: train/reward_loss = 0.004910
11:14:45 PM - INFO - Step  320: train/value_loss = 1.442931
11:14:45 PM - INFO - Step  320: total_loss = 1.994642
11:15:15 PM - INFO - Episode 841: Reward= 500.0, Length=500, Loss=1.9946, Memory=42.05
11:15:15 PM - INFO - Progress: 42.0% | 0.28 it/s | ETA: 1:09:23
11:15:25 PM - INFO - Episode 842: Reward= 149.0, Length=149, Loss=1.9946, Memory=42.10
11:15:25 PM - INFO - Step  321: train/policy_loss = 0.529221
11:15:25 PM - INFO - Step  321: train/reward_loss = 0.004354
11:15:25 PM - INFO - Step  321: train/value_loss = 0.885897
11:15:25 PM - INFO - Step  321: total_loss = 1.419472
11:15:34 PM - INFO - Episode 843: Reward= 145.0, Length=145, Loss=1.4195, Memory=42.15
11:15:44 PM - INFO - Episode 844: Reward= 162.0, Length=162, Loss=1.4195, Memory=42.20
11:15:44 PM - INFO - Step  322: train/policy_loss = 0.526284
11:15:44 PM - INFO - Step  322: train/reward_loss = 0.004685
11:15:44 PM - INFO - Step  322: train/value_loss = 1.224013
11:15:44 PM - INFO - Step  322: total_loss = 1.754982
11:15:52 PM - INFO - Episode 845: Reward= 125.0, Length=125, Loss=1.7550, Memory=42.25
11:16:07 PM - INFO - Episode 846: Reward= 240.0, Length=240, Loss=1.7550, Memory=42.30
11:16:07 PM - INFO - Step  323: train/policy_loss = 0.500417
11:16:07 PM - INFO - Step  323: train/reward_loss = 0.004118
11:16:07 PM - INFO - Step  323: train/value_loss = 0.754733
11:16:07 PM - INFO - Step  323: total_loss = 1.259268
11:16:38 PM - INFO - Episode 847: Reward= 500.0, Length=500, Loss=1.2593, Memory=42.35
11:17:09 PM - INFO - Episode 848: Reward= 500.0, Length=500, Loss=1.2593, Memory=42.40
11:17:09 PM - INFO - Step  324: train/policy_loss = 0.515814
11:17:09 PM - INFO - Step  324: train/reward_loss = 0.005244
11:17:09 PM - INFO - Step  324: train/value_loss = 1.263890
11:17:09 PM - INFO - Step  324: total_loss = 1.784949
11:17:34 PM - INFO - Episode 849: Reward= 410.0, Length=410, Loss=1.7849, Memory=42.45
11:18:04 PM - INFO - Episode 850: Reward= 500.0, Length=500, Loss=1.7849, Memory=42.50
11:18:05 PM - INFO - Step  325: train/policy_loss = 0.523033
11:18:05 PM - INFO - Step  325: train/reward_loss = 0.004696
11:18:05 PM - INFO - Step  325: train/value_loss = 1.188814
11:18:05 PM - INFO - Step  325: total_loss = 1.716543
11:18:05 PM - INFO - Checkpoint saved to checkpoints/CartPole-v1/20250725_213748/episode_00850.pkl
11:18:36 PM - INFO - Episode 851: Reward= 500.0, Length=500, Loss=1.7165, Memory=42.55
11:19:06 PM - INFO - Episode 852: Reward= 500.0, Length=500, Loss=1.7165, Memory=42.60
11:19:07 PM - INFO - Step  326: train/policy_loss = 0.503353
11:19:07 PM - INFO - Step  326: train/reward_loss = 0.003937
11:19:07 PM - INFO - Step  326: train/value_loss = 1.071355
11:19:07 PM - INFO - Step  326: total_loss = 1.578645
11:19:36 PM - INFO - Episode 853: Reward= 460.0, Length=460, Loss=1.5786, Memory=42.65
11:20:09 PM - INFO - Episode 854: Reward= 500.0, Length=500, Loss=1.5786, Memory=42.70
11:20:09 PM - INFO - Step  327: train/policy_loss = 0.538142
11:20:09 PM - INFO - Step  327: train/reward_loss = 0.004009
11:20:09 PM - INFO - Step  327: train/value_loss = 1.359084
11:20:09 PM - INFO - Step  327: total_loss = 1.901235
11:20:21 PM - INFO - Episode 855: Reward= 181.0, Length=181, Loss=1.9012, Memory=42.75
11:20:52 PM - INFO - Episode 856: Reward= 500.0, Length=500, Loss=1.9012, Memory=42.80
11:20:53 PM - INFO - Step  328: train/policy_loss = 0.498876
11:20:53 PM - INFO - Step  328: train/reward_loss = 0.004086
11:20:53 PM - INFO - Step  328: train/value_loss = 0.972587
11:20:53 PM - INFO - Step  328: total_loss = 1.475548
11:21:20 PM - INFO - Episode 857: Reward= 402.0, Length=402, Loss=1.4755, Memory=42.85
11:21:48 PM - INFO - Episode 858: Reward= 393.0, Length=393, Loss=1.4755, Memory=42.90
11:21:48 PM - INFO - Step  329: train/policy_loss = 0.536819
11:21:48 PM - INFO - Step  329: train/reward_loss = 0.005536
11:21:48 PM - INFO - Step  329: train/value_loss = 1.170169
11:21:48 PM - INFO - Step  329: total_loss = 1.712523
11:22:01 PM - INFO - Episode 859: Reward= 174.0, Length=174, Loss=1.7125, Memory=42.95
11:22:36 PM - INFO - Episode 860: Reward= 500.0, Length=500, Loss=1.7125, Memory=43.00
11:22:36 PM - INFO - Step  330: train/policy_loss = 0.509541
11:22:36 PM - INFO - Step  330: train/reward_loss = 0.005927
11:22:36 PM - INFO - Step  330: train/value_loss = 1.180098
11:22:36 PM - INFO - Step  330: total_loss = 1.695566
11:22:49 PM - INFO - Episode 861: Reward= 176.0, Length=176, Loss=1.6956, Memory=43.05
11:22:49 PM - INFO - Progress: 43.0% | 0.04 it/s | ETA: 8:27:16
11:23:22 PM - INFO - Episode 862: Reward= 464.0, Length=464, Loss=1.6956, Memory=43.10
11:23:22 PM - INFO - Step  331: train/policy_loss = 0.565686
11:23:22 PM - INFO - Step  331: train/reward_loss = 0.005233
11:23:22 PM - INFO - Step  331: train/value_loss = 0.869685
11:23:22 PM - INFO - Step  331: total_loss = 1.440604
11:23:34 PM - INFO - Episode 863: Reward= 173.0, Length=173, Loss=1.4406, Memory=43.15
11:23:51 PM - INFO - Episode 864: Reward= 237.0, Length=237, Loss=1.4406, Memory=43.20
11:23:52 PM - INFO - Step  332: train/policy_loss = 0.495917
11:23:52 PM - INFO - Step  332: train/reward_loss = 0.004687
11:23:52 PM - INFO - Step  332: train/value_loss = 1.188277
11:23:52 PM - INFO - Step  332: total_loss = 1.688880
11:24:28 PM - INFO - Episode 865: Reward= 500.0, Length=500, Loss=1.6889, Memory=43.25
11:25:04 PM - INFO - Episode 866: Reward= 500.0, Length=500, Loss=1.6889, Memory=43.30
11:25:04 PM - INFO - Step  333: train/policy_loss = 0.515404
11:25:04 PM - INFO - Step  333: train/reward_loss = 0.004547
11:25:04 PM - INFO - Step  333: train/value_loss = 1.020425
11:25:04 PM - INFO - Step  333: total_loss = 1.540376
11:25:15 PM - INFO - Episode 867: Reward= 154.0, Length=154, Loss=1.5404, Memory=43.35
11:25:41 PM - INFO - Episode 868: Reward= 334.0, Length=334, Loss=1.5404, Memory=43.40
11:25:41 PM - INFO - Step  334: train/policy_loss = 0.558541
11:25:41 PM - INFO - Step  334: train/reward_loss = 0.004925
11:25:41 PM - INFO - Step  334: train/value_loss = 1.074244
11:25:41 PM - INFO - Step  334: total_loss = 1.637710
11:26:17 PM - INFO - Episode 869: Reward= 500.0, Length=500, Loss=1.6377, Memory=43.45
11:26:38 PM - INFO - Episode 870: Reward= 296.0, Length=296, Loss=1.6377, Memory=43.50
11:26:39 PM - INFO - Step  335: train/policy_loss = 0.532026
11:26:39 PM - INFO - Step  335: train/reward_loss = 0.004941
11:26:39 PM - INFO - Step  335: train/value_loss = 0.899186
11:26:39 PM - INFO - Step  335: total_loss = 1.436153
11:27:13 PM - INFO - Episode 871: Reward= 500.0, Length=500, Loss=1.4362, Memory=43.55
11:27:21 PM - INFO - Episode 872: Reward= 109.0, Length=109, Loss=1.4362, Memory=43.60
11:27:21 PM - INFO - Step  336: train/policy_loss = 0.518284
11:27:21 PM - INFO - Step  336: train/reward_loss = 0.005188
11:27:21 PM - INFO - Step  336: train/value_loss = 1.322553
11:27:21 PM - INFO - Step  336: total_loss = 1.846025
11:27:29 PM - INFO - Episode 873: Reward= 119.0, Length=119, Loss=1.8460, Memory=43.65
11:27:44 PM - INFO - Episode 874: Reward= 215.0, Length=215, Loss=1.8460, Memory=43.70
11:27:44 PM - INFO - Step  337: train/policy_loss = 0.503958
11:27:44 PM - INFO - Step  337: train/reward_loss = 0.008222
11:27:44 PM - INFO - Step  337: train/value_loss = 0.915219
11:27:44 PM - INFO - Step  337: total_loss = 1.427399
11:28:18 PM - INFO - Episode 875: Reward= 496.0, Length=496, Loss=1.4274, Memory=43.75
11:28:39 PM - INFO - Episode 876: Reward= 307.0, Length=307, Loss=1.4274, Memory=43.80
11:28:40 PM - INFO - Step  338: train/policy_loss = 0.517864
11:28:40 PM - INFO - Step  338: train/reward_loss = 0.007093
11:28:40 PM - INFO - Step  338: train/value_loss = 1.177704
11:28:40 PM - INFO - Step  338: total_loss = 1.702661
11:29:12 PM - INFO - Episode 877: Reward= 447.0, Length=447, Loss=1.7027, Memory=43.85
11:29:48 PM - INFO - Episode 878: Reward= 500.0, Length=500, Loss=1.7027, Memory=43.90
11:29:49 PM - INFO - Step  339: train/policy_loss = 0.534774
11:29:49 PM - INFO - Step  339: train/reward_loss = 0.006411
11:29:49 PM - INFO - Step  339: train/value_loss = 1.572748
11:29:49 PM - INFO - Step  339: total_loss = 2.113933
11:30:26 PM - INFO - Episode 879: Reward= 500.0, Length=500, Loss=2.1139, Memory=43.95
11:31:02 PM - INFO - Episode 880: Reward= 500.0, Length=500, Loss=2.1139, Memory=44.00
11:31:02 PM - INFO - Step  340: train/policy_loss = 0.488714
11:31:02 PM - INFO - Step  340: train/reward_loss = 0.003639
11:31:02 PM - INFO - Step  340: train/value_loss = 0.750333
11:31:02 PM - INFO - Step  340: total_loss = 1.242687
11:31:37 PM - INFO - Episode 881: Reward= 500.0, Length=500, Loss=1.2427, Memory=44.05
11:31:37 PM - INFO - Progress: 44.0% | 0.03 it/s | ETA: 10:11:50
11:32:11 PM - INFO - Episode 882: Reward= 500.0, Length=500, Loss=1.2427, Memory=44.10
11:32:12 PM - INFO - Step  341: train/policy_loss = 0.509490
11:32:12 PM - INFO - Step  341: train/reward_loss = 0.005997
11:32:12 PM - INFO - Step  341: train/value_loss = 1.666162
11:32:12 PM - INFO - Step  341: total_loss = 2.181650
11:32:45 PM - INFO - Episode 883: Reward= 500.0, Length=500, Loss=2.1817, Memory=44.15
11:32:58 PM - INFO - Episode 884: Reward= 182.0, Length=182, Loss=2.1817, Memory=44.20
11:32:58 PM - INFO - Step  342: train/policy_loss = 0.511277
11:32:58 PM - INFO - Step  342: train/reward_loss = 0.004469
11:32:58 PM - INFO - Step  342: train/value_loss = 1.106894
11:32:58 PM - INFO - Step  342: total_loss = 1.622640
11:33:03 PM - INFO - Episode 885: Reward=  63.0, Length= 63, Loss=1.6226, Memory=44.25
11:33:12 PM - INFO - Episode 886: Reward= 124.0, Length=124, Loss=1.6226, Memory=44.30
11:33:12 PM - INFO - Step  343: train/policy_loss = 0.523077
11:33:12 PM - INFO - Step  343: train/reward_loss = 0.004423
11:33:12 PM - INFO - Step  343: train/value_loss = 1.228711
11:33:12 PM - INFO - Step  343: total_loss = 1.756211
11:33:20 PM - INFO - Episode 887: Reward= 109.0, Length=109, Loss=1.7562, Memory=44.35
11:33:25 PM - INFO - Episode 888: Reward=  76.0, Length= 76, Loss=1.7562, Memory=44.40
11:33:25 PM - INFO - Step  344: train/policy_loss = 0.523912
11:33:25 PM - INFO - Step  344: train/reward_loss = 0.004920
11:33:25 PM - INFO - Step  344: train/value_loss = 1.140383
11:33:25 PM - INFO - Step  344: total_loss = 1.669215
11:33:34 PM - INFO - Episode 889: Reward= 125.0, Length=125, Loss=1.6692, Memory=44.45
11:33:39 PM - INFO - Episode 890: Reward=  74.0, Length= 74, Loss=1.6692, Memory=44.50
11:33:40 PM - INFO - Step  345: train/policy_loss = 0.577900
11:33:40 PM - INFO - Step  345: train/reward_loss = 0.007239
11:33:40 PM - INFO - Step  345: train/value_loss = 1.332527
11:33:40 PM - INFO - Step  345: total_loss = 1.917666
11:33:51 PM - INFO - Episode 891: Reward= 155.0, Length=155, Loss=1.9177, Memory=44.55
11:34:26 PM - INFO - Episode 892: Reward= 500.0, Length=500, Loss=1.9177, Memory=44.60
11:34:26 PM - INFO - Step  346: train/policy_loss = 0.507814
11:34:26 PM - INFO - Step  346: train/reward_loss = 0.007461
11:34:26 PM - INFO - Step  346: train/value_loss = 0.965207
11:34:26 PM - INFO - Step  346: total_loss = 1.480483
11:34:27 PM - INFO - Episode 893: Reward=  17.0, Length= 17, Loss=1.4805, Memory=44.65
11:34:41 PM - INFO - Episode 894: Reward= 201.0, Length=201, Loss=1.4805, Memory=44.70
11:34:41 PM - INFO - Step  347: train/policy_loss = 0.543288
11:34:41 PM - INFO - Step  347: train/reward_loss = 0.007063
11:34:41 PM - INFO - Step  347: train/value_loss = 0.815092
11:34:41 PM - INFO - Step  347: total_loss = 1.365444
11:34:43 PM - INFO - Episode 895: Reward=  24.0, Length= 24, Loss=1.3654, Memory=44.75
11:34:44 PM - INFO - Episode 896: Reward=  22.0, Length= 22, Loss=1.3654, Memory=44.80
11:34:45 PM - INFO - Step  348: train/policy_loss = 0.555664
11:34:45 PM - INFO - Step  348: train/reward_loss = 0.007454
11:34:45 PM - INFO - Step  348: train/value_loss = 1.531649
11:34:45 PM - INFO - Step  348: total_loss = 2.094767
11:34:45 PM - INFO - Episode 897: Reward=  10.0, Length= 10, Loss=2.0948, Memory=44.85
11:34:46 PM - INFO - Episode 898: Reward=  10.0, Length= 10, Loss=2.0948, Memory=44.90
11:34:46 PM - INFO - Step  349: train/policy_loss = 0.546875
11:34:46 PM - INFO - Step  349: train/reward_loss = 0.005066
11:34:46 PM - INFO - Step  349: train/value_loss = 0.934037
11:34:46 PM - INFO - Step  349: total_loss = 1.485978
11:34:48 PM - INFO - Episode 899: Reward=  15.0, Length= 15, Loss=1.4860, Memory=44.95
11:34:48 PM - INFO - Episode 900: Reward=   9.0, Length=  9, Loss=1.4860, Memory=45.00
11:34:49 PM - INFO - Step  350: train/policy_loss = 0.518273
11:34:49 PM - INFO - Step  350: train/reward_loss = 0.005581
11:34:49 PM - INFO - Step  350: train/value_loss = 1.016584
11:34:49 PM - INFO - Step  350: total_loss = 1.540438
11:34:49 PM - INFO - Checkpoint saved to checkpoints/CartPole-v1/20250725_213748/episode_00900.pkl
11:34:50 PM - INFO - Episode 901: Reward=  13.0, Length= 13, Loss=1.5404, Memory=45.05
11:34:50 PM - INFO - Progress: 45.0% | 0.39 it/s | ETA: 46:47
11:34:51 PM - INFO - Episode 902: Reward=  23.0, Length= 23, Loss=1.5404, Memory=45.10
11:34:51 PM - INFO - Step  351: train/policy_loss = 0.523734
11:34:51 PM - INFO - Step  351: train/reward_loss = 0.005695
11:34:51 PM - INFO - Step  351: train/value_loss = 0.948151
11:34:51 PM - INFO - Step  351: total_loss = 1.477580
11:34:59 PM - INFO - Episode 903: Reward= 111.0, Length=111, Loss=1.4776, Memory=45.15
11:35:00 PM - INFO - Episode 904: Reward=  13.0, Length= 13, Loss=1.4776, Memory=45.20
11:35:00 PM - INFO - Step  352: train/policy_loss = 0.499134
11:35:00 PM - INFO - Step  352: train/reward_loss = 0.005260
11:35:00 PM - INFO - Step  352: train/value_loss = 1.237353
11:35:00 PM - INFO - Step  352: total_loss = 1.741747
11:35:02 PM - INFO - Episode 905: Reward=  26.0, Length= 26, Loss=1.7417, Memory=45.25
11:35:29 PM - INFO - Episode 906: Reward= 395.0, Length=395, Loss=1.7417, Memory=45.30
11:35:29 PM - INFO - Step  353: train/policy_loss = 0.526223
11:35:29 PM - INFO - Step  353: train/reward_loss = 0.004406
11:35:29 PM - INFO - Step  353: train/value_loss = 0.979647
11:35:29 PM - INFO - Step  353: total_loss = 1.510276
11:36:05 PM - INFO - Episode 907: Reward= 500.0, Length=500, Loss=1.5103, Memory=45.35
11:36:17 PM - INFO - Episode 908: Reward= 172.0, Length=172, Loss=1.5103, Memory=45.40
11:36:17 PM - INFO - Step  354: train/policy_loss = 0.516159
11:36:17 PM - INFO - Step  354: train/reward_loss = 0.004938
11:36:17 PM - INFO - Step  354: train/value_loss = 0.863464
11:36:17 PM - INFO - Step  354: total_loss = 1.384561
11:36:52 PM - INFO - Episode 909: Reward= 500.0, Length=500, Loss=1.3846, Memory=45.45
11:37:26 PM - INFO - Episode 910: Reward= 500.0, Length=500, Loss=1.3846, Memory=45.50
11:37:27 PM - INFO - Step  355: train/policy_loss = 0.490128
11:37:27 PM - INFO - Step  355: train/reward_loss = 0.004940
11:37:27 PM - INFO - Step  355: train/value_loss = 1.139610
11:37:27 PM - INFO - Step  355: total_loss = 1.634678
11:37:59 PM - INFO - Episode 911: Reward= 473.0, Length=473, Loss=1.6347, Memory=45.55
11:38:34 PM - INFO - Episode 912: Reward= 500.0, Length=500, Loss=1.6347, Memory=45.60
11:38:34 PM - INFO - Step  356: train/policy_loss = 0.537499
11:38:34 PM - INFO - Step  356: train/reward_loss = 0.004743
11:38:34 PM - INFO - Step  356: train/value_loss = 0.771618
11:38:34 PM - INFO - Step  356: total_loss = 1.313861
11:38:48 PM - INFO - Episode 913: Reward= 200.0, Length=200, Loss=1.3139, Memory=45.65
11:38:56 PM - INFO - Episode 914: Reward= 125.0, Length=125, Loss=1.3139, Memory=45.70
11:38:57 PM - INFO - Step  357: train/policy_loss = 0.506403
11:38:57 PM - INFO - Step  357: train/reward_loss = 0.005332
11:38:57 PM - INFO - Step  357: train/value_loss = 0.977622
11:38:57 PM - INFO - Step  357: total_loss = 1.489357
11:39:03 PM - INFO - Episode 915: Reward=  98.0, Length= 98, Loss=1.4894, Memory=45.75
11:39:15 PM - INFO - Episode 916: Reward= 172.0, Length=172, Loss=1.4894, Memory=45.80
11:39:16 PM - INFO - Step  358: train/policy_loss = 0.558243
11:39:16 PM - INFO - Step  358: train/reward_loss = 0.005125
11:39:16 PM - INFO - Step  358: train/value_loss = 0.961469
11:39:16 PM - INFO - Step  358: total_loss = 1.524837
11:39:19 PM - INFO - Episode 917: Reward=  44.0, Length= 44, Loss=1.5248, Memory=45.85
11:39:25 PM - INFO - Episode 918: Reward=  84.0, Length= 84, Loss=1.5248, Memory=45.90
11:39:25 PM - INFO - Step  359: train/policy_loss = 0.520167
11:39:25 PM - INFO - Step  359: train/reward_loss = 0.004152
11:39:25 PM - INFO - Step  359: train/value_loss = 1.051742
11:39:25 PM - INFO - Step  359: total_loss = 1.576061
11:39:31 PM - INFO - Episode 919: Reward=  81.0, Length= 81, Loss=1.5761, Memory=45.95
11:39:34 PM - INFO - Episode 920: Reward=  54.0, Length= 54, Loss=1.5761, Memory=46.00
11:39:35 PM - INFO - Step  360: train/policy_loss = 0.544480
11:39:35 PM - INFO - Step  360: train/reward_loss = 0.004895
11:39:35 PM - INFO - Step  360: train/value_loss = 1.036063
11:39:35 PM - INFO - Step  360: total_loss = 1.585439
11:39:35 PM - INFO - Episode 921: Reward=   9.0, Length=  9, Loss=1.5854, Memory=46.05
11:39:35 PM - INFO - Progress: 46.0% | 0.14 it/s | ETA: 2:10:03
11:39:36 PM - INFO - Episode 922: Reward=  11.0, Length= 11, Loss=1.5854, Memory=46.10
11:39:37 PM - INFO - Step  361: train/policy_loss = 0.538140
11:39:37 PM - INFO - Step  361: train/reward_loss = 0.005914
11:39:37 PM - INFO - Step  361: train/value_loss = 0.864863
11:39:37 PM - INFO - Step  361: total_loss = 1.408917
11:39:37 PM - INFO - Episode 923: Reward=  13.0, Length= 13, Loss=1.4089, Memory=46.15
11:39:56 PM - INFO - Episode 924: Reward= 272.0, Length=272, Loss=1.4089, Memory=46.20
11:39:56 PM - INFO - Step  362: train/policy_loss = 0.530781
11:39:56 PM - INFO - Step  362: train/reward_loss = 0.004743
11:39:56 PM - INFO - Step  362: train/value_loss = 0.726449
11:39:56 PM - INFO - Step  362: total_loss = 1.261973
11:39:59 PM - INFO - Episode 925: Reward=  45.0, Length= 45, Loss=1.2620, Memory=46.25
11:40:19 PM - INFO - Episode 926: Reward= 287.0, Length=287, Loss=1.2620, Memory=46.30
11:40:19 PM - INFO - Step  363: train/policy_loss = 0.468269
11:40:19 PM - INFO - Step  363: train/reward_loss = 0.004354
11:40:19 PM - INFO - Step  363: train/value_loss = 0.934365
11:40:19 PM - INFO - Step  363: total_loss = 1.406988
11:40:22 PM - INFO - Episode 927: Reward=  45.0, Length= 45, Loss=1.4070, Memory=46.35
11:40:36 PM - INFO - Episode 928: Reward= 203.0, Length=203, Loss=1.4070, Memory=46.40
11:40:36 PM - INFO - Step  364: train/policy_loss = 0.548588
11:40:36 PM - INFO - Step  364: train/reward_loss = 0.004701
11:40:36 PM - INFO - Step  364: train/value_loss = 1.118478
11:40:36 PM - INFO - Step  364: total_loss = 1.671767
11:40:59 PM - INFO - Episode 929: Reward= 321.0, Length=321, Loss=1.6718, Memory=46.45
11:41:21 PM - INFO - Episode 930: Reward= 308.0, Length=308, Loss=1.6718, Memory=46.50
11:41:21 PM - INFO - Step  365: train/policy_loss = 0.512841
11:41:21 PM - INFO - Step  365: train/reward_loss = 0.004486
11:41:21 PM - INFO - Step  365: train/value_loss = 1.153802
11:41:21 PM - INFO - Step  365: total_loss = 1.671128
11:41:38 PM - INFO - Episode 931: Reward= 245.0, Length=245, Loss=1.6711, Memory=46.55
11:42:01 PM - INFO - Episode 932: Reward= 325.0, Length=325, Loss=1.6711, Memory=46.60
11:42:01 PM - INFO - Step  366: train/policy_loss = 0.521973
11:42:01 PM - INFO - Step  366: train/reward_loss = 0.003784
11:42:01 PM - INFO - Step  366: train/value_loss = 0.887521
11:42:01 PM - INFO - Step  366: total_loss = 1.413278
11:42:36 PM - INFO - Episode 933: Reward= 500.0, Length=500, Loss=1.4133, Memory=46.65
11:43:04 PM - INFO - Episode 934: Reward= 412.0, Length=412, Loss=1.4133, Memory=46.70
11:43:05 PM - INFO - Step  367: train/policy_loss = 0.476686
11:43:05 PM - INFO - Step  367: train/reward_loss = 0.003292
11:43:05 PM - INFO - Step  367: train/value_loss = 0.861758
11:43:05 PM - INFO - Step  367: total_loss = 1.341736
11:43:08 PM - INFO - Episode 935: Reward=  44.0, Length= 44, Loss=1.3417, Memory=46.75
11:43:43 PM - INFO - Episode 936: Reward= 500.0, Length=500, Loss=1.3417, Memory=46.80
11:43:43 PM - INFO - Step  368: train/policy_loss = 0.520427
11:43:43 PM - INFO - Step  368: train/reward_loss = 0.004975
11:43:43 PM - INFO - Step  368: train/value_loss = 1.214076
11:43:43 PM - INFO - Step  368: total_loss = 1.739478
11:43:52 PM - INFO - Episode 937: Reward= 122.0, Length=122, Loss=1.7395, Memory=46.85
11:44:22 PM - INFO - Episode 938: Reward= 442.0, Length=442, Loss=1.7395, Memory=46.90
11:44:23 PM - INFO - Step  369: train/policy_loss = 0.514160
11:44:23 PM - INFO - Step  369: train/reward_loss = 0.004811
11:44:23 PM - INFO - Step  369: train/value_loss = 0.956781
11:44:23 PM - INFO - Step  369: total_loss = 1.475752
11:44:24 PM - INFO - Episode 939: Reward=  19.0, Length= 19, Loss=1.4758, Memory=46.95
11:44:26 PM - INFO - Episode 940: Reward=  23.0, Length= 23, Loss=1.4758, Memory=47.00
11:44:26 PM - INFO - Step  370: train/policy_loss = 0.464377
11:44:26 PM - INFO - Step  370: train/reward_loss = 0.003847
11:44:26 PM - INFO - Step  370: train/value_loss = 1.029860
11:44:26 PM - INFO - Step  370: total_loss = 1.498085
11:44:28 PM - INFO - Episode 941: Reward=  21.0, Length= 21, Loss=1.4981, Memory=47.05
11:44:28 PM - INFO - Progress: 47.0% | 0.08 it/s | ETA: 3:30:44
11:44:28 PM - INFO - Episode 942: Reward=  10.0, Length= 10, Loss=1.4981, Memory=47.10
11:44:29 PM - INFO - Step  371: train/policy_loss = 0.539103
11:44:29 PM - INFO - Step  371: train/reward_loss = 0.004534
11:44:29 PM - INFO - Step  371: train/value_loss = 1.157936
11:44:29 PM - INFO - Step  371: total_loss = 1.701573
11:44:29 PM - INFO - Episode 943: Reward=  10.0, Length= 10, Loss=1.7016, Memory=47.15
11:44:30 PM - INFO - Episode 944: Reward=  12.0, Length= 12, Loss=1.7016, Memory=47.20
11:44:31 PM - INFO - Step  372: train/policy_loss = 0.509381
11:44:31 PM - INFO - Step  372: train/reward_loss = 0.005386
11:44:31 PM - INFO - Step  372: train/value_loss = 1.018461
11:44:31 PM - INFO - Step  372: total_loss = 1.533229
11:44:31 PM - INFO - Episode 945: Reward=   9.0, Length=  9, Loss=1.5332, Memory=47.25
11:44:32 PM - INFO - Episode 946: Reward=  10.0, Length= 10, Loss=1.5332, Memory=47.30
11:44:32 PM - INFO - Step  373: train/policy_loss = 0.485959
11:44:32 PM - INFO - Step  373: train/reward_loss = 0.004186
11:44:32 PM - INFO - Step  373: train/value_loss = 0.896391
11:44:32 PM - INFO - Step  373: total_loss = 1.386536
11:44:33 PM - INFO - Episode 947: Reward=  10.0, Length= 10, Loss=1.3865, Memory=47.35
11:44:34 PM - INFO - Episode 948: Reward=  12.0, Length= 12, Loss=1.3865, Memory=47.40
11:44:34 PM - INFO - Step  374: train/policy_loss = 0.483638
11:44:34 PM - INFO - Step  374: train/reward_loss = 0.004644
11:44:34 PM - INFO - Step  374: train/value_loss = 0.934797
11:44:34 PM - INFO - Step  374: total_loss = 1.423078
11:44:35 PM - INFO - Episode 949: Reward=  13.0, Length= 13, Loss=1.4231, Memory=47.45
11:44:36 PM - INFO - Episode 950: Reward=  13.0, Length= 13, Loss=1.4231, Memory=47.50
11:44:37 PM - INFO - Step  375: train/policy_loss = 0.494610
11:44:37 PM - INFO - Step  375: train/reward_loss = 0.004704
11:44:37 PM - INFO - Step  375: train/value_loss = 1.156650
11:44:37 PM - INFO - Step  375: total_loss = 1.655964
11:44:37 PM - INFO - Checkpoint saved to checkpoints/CartPole-v1/20250725_213748/episode_00950.pkl
11:44:37 PM - INFO - Episode 951: Reward=  11.0, Length= 11, Loss=1.6560, Memory=47.55
11:44:38 PM - INFO - Episode 952: Reward=  13.0, Length= 13, Loss=1.6560, Memory=47.60
11:44:39 PM - INFO - Step  376: train/policy_loss = 0.494960
11:44:39 PM - INFO - Step  376: train/reward_loss = 0.004030
11:44:39 PM - INFO - Step  376: train/value_loss = 0.976740
11:44:39 PM - INFO - Step  376: total_loss = 1.475730
11:44:40 PM - INFO - Episode 953: Reward=  16.0, Length= 16, Loss=1.4757, Memory=47.65
11:44:42 PM - INFO - Episode 954: Reward=  23.0, Length= 23, Loss=1.4757, Memory=47.70
11:44:42 PM - INFO - Step  377: train/policy_loss = 0.490294
11:44:42 PM - INFO - Step  377: train/reward_loss = 0.004053
11:44:42 PM - INFO - Step  377: train/value_loss = 1.023900
11:44:42 PM - INFO - Step  377: total_loss = 1.518248
11:44:48 PM - INFO - Episode 955: Reward=  92.0, Length= 92, Loss=1.5182, Memory=47.75
11:44:51 PM - INFO - Episode 956: Reward=  38.0, Length= 38, Loss=1.5182, Memory=47.80
11:44:52 PM - INFO - Step  378: train/policy_loss = 0.504089
11:44:52 PM - INFO - Step  378: train/reward_loss = 0.003830
11:44:52 PM - INFO - Step  378: train/value_loss = 1.050728
11:44:52 PM - INFO - Step  378: total_loss = 1.558646
11:44:52 PM - INFO - Episode 957: Reward=  14.0, Length= 14, Loss=1.5586, Memory=47.85
11:44:54 PM - INFO - Episode 958: Reward=  22.0, Length= 22, Loss=1.5586, Memory=47.90
11:44:54 PM - INFO - Step  379: train/policy_loss = 0.499446
11:44:54 PM - INFO - Step  379: train/reward_loss = 0.004256
11:44:54 PM - INFO - Step  379: train/value_loss = 0.894875
11:44:54 PM - INFO - Step  379: total_loss = 1.398577
11:44:55 PM - INFO - Episode 959: Reward=  13.0, Length= 13, Loss=1.3986, Memory=47.95
11:44:56 PM - INFO - Episode 960: Reward=  13.0, Length= 13, Loss=1.3986, Memory=48.00
11:44:57 PM - INFO - Step  380: train/policy_loss = 0.495697
11:44:57 PM - INFO - Step  380: train/reward_loss = 0.003842
11:44:57 PM - INFO - Step  380: train/value_loss = 1.089444
11:44:57 PM - INFO - Step  380: total_loss = 1.588983
11:44:59 PM - INFO - Episode 961: Reward=  35.0, Length= 35, Loss=1.5890, Memory=48.05
11:44:59 PM - INFO - Progress: 48.0% | 0.59 it/s | ETA: 29:24
11:45:09 PM - INFO - Episode 962: Reward= 142.0, Length=142, Loss=1.5890, Memory=48.10
11:45:09 PM - INFO - Step  381: train/policy_loss = 0.507914
11:45:09 PM - INFO - Step  381: train/reward_loss = 0.004645
11:45:09 PM - INFO - Step  381: train/value_loss = 1.099618
11:45:09 PM - INFO - Step  381: total_loss = 1.612177
11:45:13 PM - INFO - Episode 963: Reward=  44.0, Length= 44, Loss=1.6122, Memory=48.15
11:45:16 PM - INFO - Episode 964: Reward=  49.0, Length= 49, Loss=1.6122, Memory=48.20
11:45:16 PM - INFO - Step  382: train/policy_loss = 0.506042
11:45:16 PM - INFO - Step  382: train/reward_loss = 0.005028
11:45:16 PM - INFO - Step  382: train/value_loss = 0.802257
11:45:16 PM - INFO - Step  382: total_loss = 1.313328
11:45:17 PM - INFO - Episode 965: Reward=  11.0, Length= 11, Loss=1.3133, Memory=48.25
11:45:18 PM - INFO - Episode 966: Reward=  15.0, Length= 15, Loss=1.3133, Memory=48.30
11:45:19 PM - INFO - Step  383: train/policy_loss = 0.511591
11:45:19 PM - INFO - Step  383: train/reward_loss = 0.004110
11:45:19 PM - INFO - Step  383: train/value_loss = 1.398596
11:45:19 PM - INFO - Step  383: total_loss = 1.914296
11:45:19 PM - INFO - Episode 967: Reward=  12.0, Length= 12, Loss=1.9143, Memory=48.35
11:45:20 PM - INFO - Episode 968: Reward=  13.0, Length= 13, Loss=1.9143, Memory=48.40
11:45:21 PM - INFO - Step  384: train/policy_loss = 0.448159
11:45:21 PM - INFO - Step  384: train/reward_loss = 0.004272
11:45:21 PM - INFO - Step  384: train/value_loss = 0.732897
11:45:21 PM - INFO - Step  384: total_loss = 1.185329
11:45:21 PM - INFO - Episode 969: Reward=  10.0, Length= 10, Loss=1.1853, Memory=48.45
11:45:22 PM - INFO - Episode 970: Reward=  13.0, Length= 13, Loss=1.1853, Memory=48.50
11:45:23 PM - INFO - Step  385: train/policy_loss = 0.521124
11:45:23 PM - INFO - Step  385: train/reward_loss = 0.004402
11:45:23 PM - INFO - Step  385: train/value_loss = 0.924931
11:45:23 PM - INFO - Step  385: total_loss = 1.450456
11:45:24 PM - INFO - Episode 971: Reward=  13.0, Length= 13, Loss=1.4505, Memory=48.55
11:45:25 PM - INFO - Episode 972: Reward=  14.0, Length= 14, Loss=1.4505, Memory=48.60
11:45:25 PM - INFO - Step  386: train/policy_loss = 0.451937
11:45:25 PM - INFO - Step  386: train/reward_loss = 0.004114
11:45:25 PM - INFO - Step  386: train/value_loss = 1.032132
11:45:25 PM - INFO - Step  386: total_loss = 1.488183
11:45:29 PM - INFO - Episode 973: Reward=  59.0, Length= 59, Loss=1.4882, Memory=48.65
11:45:31 PM - INFO - Episode 974: Reward=  33.0, Length= 33, Loss=1.4882, Memory=48.70
11:45:32 PM - INFO - Step  387: train/policy_loss = 0.507629
11:45:32 PM - INFO - Step  387: train/reward_loss = 0.003676
11:45:32 PM - INFO - Step  387: train/value_loss = 0.698691
11:45:32 PM - INFO - Step  387: total_loss = 1.209996
11:45:45 PM - INFO - Episode 975: Reward= 185.0, Length=185, Loss=1.2100, Memory=48.75
11:45:53 PM - INFO - Episode 976: Reward= 122.0, Length=122, Loss=1.2100, Memory=48.80
11:45:54 PM - INFO - Step  388: train/policy_loss = 0.511790
11:45:54 PM - INFO - Step  388: train/reward_loss = 0.004086
11:45:54 PM - INFO - Step  388: train/value_loss = 0.787853
11:45:54 PM - INFO - Step  388: total_loss = 1.303729
11:46:28 PM - INFO - Episode 977: Reward= 500.0, Length=500, Loss=1.3037, Memory=48.85
11:46:44 PM - INFO - Episode 978: Reward= 235.0, Length=235, Loss=1.3037, Memory=48.90
11:46:45 PM - INFO - Step  389: train/policy_loss = 0.538726
11:46:45 PM - INFO - Step  389: train/reward_loss = 0.004669
11:46:45 PM - INFO - Step  389: train/value_loss = 1.260325
11:46:45 PM - INFO - Step  389: total_loss = 1.803719
11:46:58 PM - INFO - Episode 979: Reward= 199.0, Length=199, Loss=1.8037, Memory=48.95
11:47:31 PM - INFO - Episode 980: Reward= 500.0, Length=500, Loss=1.8037, Memory=49.00
11:47:31 PM - INFO - Step  390: train/policy_loss = 0.507168
11:47:31 PM - INFO - Step  390: train/reward_loss = 0.005490
11:47:31 PM - INFO - Step  390: train/value_loss = 1.253810
11:47:31 PM - INFO - Step  390: total_loss = 1.766468
11:47:36 PM - INFO - Episode 981: Reward=  79.0, Length= 79, Loss=1.7665, Memory=49.05
11:47:36 PM - INFO - Progress: 49.0% | 0.05 it/s | ETA: 5:45:55
11:48:10 PM - INFO - Episode 982: Reward= 500.0, Length=500, Loss=1.7665, Memory=49.10
11:48:10 PM - INFO - Step  391: train/policy_loss = 0.504127
11:48:10 PM - INFO - Step  391: train/reward_loss = 0.004298
11:48:10 PM - INFO - Step  391: train/value_loss = 0.963202
11:48:10 PM - INFO - Step  391: total_loss = 1.471627
11:48:23 PM - INFO - Episode 983: Reward= 194.0, Length=194, Loss=1.4716, Memory=49.15
11:48:45 PM - INFO - Episode 984: Reward= 324.0, Length=324, Loss=1.4716, Memory=49.20
11:48:45 PM - INFO - Step  392: train/policy_loss = 0.477982
11:48:45 PM - INFO - Step  392: train/reward_loss = 0.003877
11:48:45 PM - INFO - Step  392: train/value_loss = 0.954414
11:48:45 PM - INFO - Step  392: total_loss = 1.436273
11:48:52 PM - INFO - Episode 985: Reward=  98.0, Length= 98, Loss=1.4363, Memory=49.25
11:49:10 PM - INFO - Episode 986: Reward= 264.0, Length=264, Loss=1.4363, Memory=49.30
11:49:11 PM - INFO - Step  393: train/policy_loss = 0.501015
11:49:11 PM - INFO - Step  393: train/reward_loss = 0.004059
11:49:11 PM - INFO - Step  393: train/value_loss = 1.047626
11:49:11 PM - INFO - Step  393: total_loss = 1.552700
11:49:12 PM - INFO - Episode 987: Reward=  16.0, Length= 16, Loss=1.5527, Memory=49.35
11:49:14 PM - INFO - Episode 988: Reward=  24.0, Length= 24, Loss=1.5527, Memory=49.40
11:49:14 PM - INFO - Step  394: train/policy_loss = 0.489602
11:49:14 PM - INFO - Step  394: train/reward_loss = 0.005011
11:49:14 PM - INFO - Step  394: train/value_loss = 1.145013
11:49:14 PM - INFO - Step  394: total_loss = 1.639626
11:49:15 PM - INFO - Episode 989: Reward=  10.0, Length= 10, Loss=1.6396, Memory=49.45
11:49:16 PM - INFO - Episode 990: Reward=  13.0, Length= 13, Loss=1.6396, Memory=49.50
11:49:16 PM - INFO - Step  395: train/policy_loss = 0.463177
11:49:16 PM - INFO - Step  395: train/reward_loss = 0.003992
11:49:16 PM - INFO - Step  395: train/value_loss = 1.017953
11:49:16 PM - INFO - Step  395: total_loss = 1.485122
11:49:19 PM - INFO - Episode 991: Reward=  49.0, Length= 49, Loss=1.4851, Memory=49.55
11:49:23 PM - INFO - Episode 992: Reward=  51.0, Length= 51, Loss=1.4851, Memory=49.60
11:49:23 PM - INFO - Step  396: train/policy_loss = 0.517774
11:49:23 PM - INFO - Step  396: train/reward_loss = 0.003463
11:49:23 PM - INFO - Step  396: train/value_loss = 1.056755
11:49:23 PM - INFO - Step  396: total_loss = 1.577991
11:49:24 PM - INFO - Episode 993: Reward=  13.0, Length= 13, Loss=1.5780, Memory=49.65
11:49:25 PM - INFO - Episode 994: Reward=  17.0, Length= 17, Loss=1.5780, Memory=49.70
11:49:25 PM - INFO - Step  397: train/policy_loss = 0.496935
11:49:25 PM - INFO - Step  397: train/reward_loss = 0.004413
11:49:25 PM - INFO - Step  397: train/value_loss = 1.097191
11:49:25 PM - INFO - Step  397: total_loss = 1.598539
11:49:29 PM - INFO - Episode 995: Reward=  52.0, Length= 52, Loss=1.5985, Memory=49.75
11:49:33 PM - INFO - Episode 996: Reward=  62.0, Length= 62, Loss=1.5985, Memory=49.80
11:49:34 PM - INFO - Step  398: train/policy_loss = 0.491625
11:49:34 PM - INFO - Step  398: train/reward_loss = 0.004539
11:49:34 PM - INFO - Step  398: train/value_loss = 1.029990
11:49:34 PM - INFO - Step  398: total_loss = 1.526155
11:49:34 PM - INFO - Episode 997: Reward=  10.0, Length= 10, Loss=1.5262, Memory=49.85
11:49:35 PM - INFO - Episode 998: Reward=  11.0, Length= 11, Loss=1.5262, Memory=49.90
11:49:35 PM - INFO - Step  399: train/policy_loss = 0.528602
11:49:35 PM - INFO - Step  399: train/reward_loss = 0.005040
11:49:35 PM - INFO - Step  399: train/value_loss = 1.089738
11:49:35 PM - INFO - Step  399: total_loss = 1.623380
11:49:35 PM - INFO - Updating target network at training step 400
11:49:35 PM - INFO - Target network update completed
11:49:36 PM - INFO - Episode 999: Reward=  10.0, Length= 10, Loss=1.6234, Memory=49.95
11:49:37 PM - INFO - Episode 1000: Reward=   9.0, Length=  9, Loss=1.6234, Memory=50.00
11:49:37 PM - INFO - Step  400: train/policy_loss = 0.492224
11:49:37 PM - INFO - Step  400: train/reward_loss = 0.004521
11:49:37 PM - INFO - Step  400: train/value_loss = 1.114823
11:49:37 PM - INFO - Step  400: total_loss = 1.611568
11:49:37 PM - INFO - Checkpoint saved to checkpoints/CartPole-v1/20250725_213748/episode_01000.pkl
11:49:38 PM - INFO - Episode 1001: Reward=  13.0, Length= 13, Loss=1.6116, Memory=50.05
11:49:38 PM - INFO - Progress: 50.0% | 0.65 it/s | ETA: 25:41
11:49:40 PM - INFO - Episode 1002: Reward=  25.0, Length= 25, Loss=1.6116, Memory=50.10
11:49:40 PM - INFO - Step  401: train/policy_loss = 0.476679
11:49:40 PM - INFO - Step  401: train/reward_loss = 0.005514
11:49:40 PM - INFO - Step  401: train/value_loss = 0.992596
11:49:40 PM - INFO - Step  401: total_loss = 1.474789
11:49:41 PM - INFO - Episode 1003: Reward=  11.0, Length= 11, Loss=1.4748, Memory=50.15
11:49:43 PM - INFO - Episode 1004: Reward=  25.0, Length= 25, Loss=1.4748, Memory=50.20
11:49:43 PM - INFO - Step  402: train/policy_loss = 0.503857
11:49:43 PM - INFO - Step  402: train/reward_loss = 0.004457
11:49:43 PM - INFO - Step  402: train/value_loss = 1.048692
11:49:43 PM - INFO - Step  402: total_loss = 1.557006
11:49:44 PM - INFO - Episode 1005: Reward=  10.0, Length= 10, Loss=1.5570, Memory=50.25
11:49:45 PM - INFO - Episode 1006: Reward=  14.0, Length= 14, Loss=1.5570, Memory=50.30
11:49:45 PM - INFO - Step  403: train/policy_loss = 0.481236
11:49:45 PM - INFO - Step  403: train/reward_loss = 0.003157
11:49:45 PM - INFO - Step  403: train/value_loss = 0.838143
11:49:45 PM - INFO - Step  403: total_loss = 1.322536
11:49:47 PM - INFO - Episode 1007: Reward=  33.0, Length= 33, Loss=1.3225, Memory=50.35
11:49:48 PM - INFO - Episode 1008: Reward=  14.0, Length= 14, Loss=1.3225, Memory=50.40
11:49:49 PM - INFO - Step  404: train/policy_loss = 0.498031
11:49:49 PM - INFO - Step  404: train/reward_loss = 0.004159
11:49:49 PM - INFO - Step  404: train/value_loss = 1.177043
11:49:49 PM - INFO - Step  404: total_loss = 1.679232
11:49:50 PM - INFO - Episode 1009: Reward=  25.0, Length= 25, Loss=1.6792, Memory=50.45
11:49:52 PM - INFO - Episode 1010: Reward=  20.0, Length= 20, Loss=1.6792, Memory=50.50
11:49:52 PM - INFO - Step  405: train/policy_loss = 0.480384
11:49:52 PM - INFO - Step  405: train/reward_loss = 0.004492
11:49:52 PM - INFO - Step  405: train/value_loss = 1.150923
11:49:52 PM - INFO - Step  405: total_loss = 1.635798
11:49:54 PM - INFO - Episode 1011: Reward=  30.0, Length= 30, Loss=1.6358, Memory=50.55
11:49:56 PM - INFO - Episode 1012: Reward=  16.0, Length= 16, Loss=1.6358, Memory=50.60
11:49:56 PM - INFO - Step  406: train/policy_loss = 0.518631
11:49:56 PM - INFO - Step  406: train/reward_loss = 0.004396
11:49:56 PM - INFO - Step  406: train/value_loss = 1.427132
11:49:56 PM - INFO - Step  406: total_loss = 1.950159
11:49:57 PM - INFO - Episode 1013: Reward=  19.0, Length= 19, Loss=1.9502, Memory=50.65
11:49:59 PM - INFO - Episode 1014: Reward=  23.0, Length= 23, Loss=1.9502, Memory=50.70
11:49:59 PM - INFO - Step  407: train/policy_loss = 0.496826
11:49:59 PM - INFO - Step  407: train/reward_loss = 0.004687
11:49:59 PM - INFO - Step  407: train/value_loss = 0.937683
11:49:59 PM - INFO - Step  407: total_loss = 1.439196
11:50:00 PM - INFO - Episode 1015: Reward=  13.0, Length= 13, Loss=1.4392, Memory=50.75
11:50:04 PM - INFO - Episode 1016: Reward=  61.0, Length= 61, Loss=1.4392, Memory=50.80
11:50:05 PM - INFO - Step  408: train/policy_loss = 0.528355
11:50:05 PM - INFO - Step  408: train/reward_loss = 0.003346
11:50:05 PM - INFO - Step  408: train/value_loss = 0.950087
11:50:05 PM - INFO - Step  408: total_loss = 1.481788
11:50:06 PM - INFO - Episode 1017: Reward=  19.0, Length= 19, Loss=1.4818, Memory=50.85
11:50:11 PM - INFO - Episode 1018: Reward=  67.0, Length= 67, Loss=1.4818, Memory=50.90
11:50:11 PM - INFO - Step  409: train/policy_loss = 0.503309
11:50:11 PM - INFO - Step  409: train/reward_loss = 0.004926
11:50:11 PM - INFO - Step  409: train/value_loss = 0.927138
11:50:11 PM - INFO - Step  409: total_loss = 1.435373
11:50:26 PM - INFO - Episode 1019: Reward= 215.0, Length=215, Loss=1.4354, Memory=50.95
11:50:28 PM - INFO - Episode 1020: Reward=  26.0, Length= 26, Loss=1.4354, Memory=51.00
11:50:29 PM - INFO - Step  410: train/policy_loss = 0.471390
11:50:29 PM - INFO - Step  410: train/reward_loss = 0.003968
11:50:29 PM - INFO - Step  410: train/value_loss = 0.633128
11:50:29 PM - INFO - Step  410: total_loss = 1.108486
11:50:31 PM - INFO - Episode 1021: Reward=  30.0, Length= 30, Loss=1.1085, Memory=51.05
11:50:31 PM - INFO - Progress: 51.0% | 0.19 it/s | ETA: 1:27:12
11:50:47 PM - INFO - Episode 1022: Reward= 233.0, Length=233, Loss=1.1085, Memory=51.10
11:50:47 PM - INFO - Step  411: train/policy_loss = 0.479196
11:50:47 PM - INFO - Step  411: train/reward_loss = 0.004443
11:50:47 PM - INFO - Step  411: train/value_loss = 1.557723
11:50:47 PM - INFO - Step  411: total_loss = 2.041362
11:50:50 PM - INFO - Episode 1023: Reward=  48.0, Length= 48, Loss=2.0414, Memory=51.15
11:50:54 PM - INFO - Episode 1024: Reward=  54.0, Length= 54, Loss=2.0414, Memory=51.20
11:50:54 PM - INFO - Step  412: train/policy_loss = 0.534774
11:50:54 PM - INFO - Step  412: train/reward_loss = 0.004726
11:50:54 PM - INFO - Step  412: train/value_loss = 0.811115
11:50:54 PM - INFO - Step  412: total_loss = 1.350614
11:51:01 PM - INFO - Episode 1025: Reward=  94.0, Length= 94, Loss=1.3506, Memory=51.25
11:51:02 PM - INFO - Episode 1026: Reward=  12.0, Length= 12, Loss=1.3506, Memory=51.30
11:51:02 PM - INFO - Step  413: train/policy_loss = 0.493691
11:51:02 PM - INFO - Step  413: train/reward_loss = 0.005866
11:51:02 PM - INFO - Step  413: train/value_loss = 1.303885
11:51:02 PM - INFO - Step  413: total_loss = 1.803442
11:51:03 PM - INFO - Episode 1027: Reward=  20.0, Length= 20, Loss=1.8034, Memory=51.35
11:51:07 PM - INFO - Episode 1028: Reward=  48.0, Length= 48, Loss=1.8034, Memory=51.40
11:51:07 PM - INFO - Step  414: train/policy_loss = 0.520184
11:51:07 PM - INFO - Step  414: train/reward_loss = 0.004201
11:51:07 PM - INFO - Step  414: train/value_loss = 1.031612
11:51:07 PM - INFO - Step  414: total_loss = 1.555997
11:51:08 PM - INFO - Episode 1029: Reward=  15.0, Length= 15, Loss=1.5560, Memory=51.45
11:51:18 PM - INFO - Episode 1030: Reward= 148.0, Length=148, Loss=1.5560, Memory=51.50
11:51:19 PM - INFO - Step  415: train/policy_loss = 0.514870
11:51:19 PM - INFO - Step  415: train/reward_loss = 0.005497
11:51:19 PM - INFO - Step  415: train/value_loss = 1.153990
11:51:19 PM - INFO - Step  415: total_loss = 1.674356
11:51:20 PM - INFO - Episode 1031: Reward=  15.0, Length= 15, Loss=1.6744, Memory=51.55
11:51:21 PM - INFO - Episode 1032: Reward=  14.0, Length= 14, Loss=1.6744, Memory=51.60
11:51:21 PM - INFO - Step  416: train/policy_loss = 0.498702
11:51:21 PM - INFO - Step  416: train/reward_loss = 0.007266
11:51:21 PM - INFO - Step  416: train/value_loss = 1.142752
11:51:21 PM - INFO - Step  416: total_loss = 1.648720
11:51:29 PM - INFO - Episode 1033: Reward= 111.0, Length=111, Loss=1.6487, Memory=51.65
11:51:30 PM - INFO - Episode 1034: Reward=  16.0, Length= 16, Loss=1.6487, Memory=51.70
11:51:30 PM - INFO - Step  417: train/policy_loss = 0.464322
11:51:30 PM - INFO - Step  417: train/reward_loss = 0.005478
11:51:30 PM - INFO - Step  417: train/value_loss = 1.182728
11:51:30 PM - INFO - Step  417: total_loss = 1.652527
11:51:38 PM - INFO - Episode 1035: Reward= 115.0, Length=115, Loss=1.6525, Memory=51.75
11:51:39 PM - INFO - Episode 1036: Reward=  13.0, Length= 13, Loss=1.6525, Memory=51.80
11:51:39 PM - INFO - Step  418: train/policy_loss = 0.511845
11:51:39 PM - INFO - Step  418: train/reward_loss = 0.003356
11:51:39 PM - INFO - Step  418: train/value_loss = 1.114663
11:51:39 PM - INFO - Step  418: total_loss = 1.629864
11:51:48 PM - INFO - Episode 1037: Reward= 125.0, Length=125, Loss=1.6299, Memory=51.85
11:51:49 PM - INFO - Episode 1038: Reward=  11.0, Length= 11, Loss=1.6299, Memory=51.90
11:51:49 PM - INFO - Step  419: train/policy_loss = 0.490648
11:51:49 PM - INFO - Step  419: train/reward_loss = 0.004060
11:51:49 PM - INFO - Step  419: train/value_loss = 1.132595
11:51:49 PM - INFO - Step  419: total_loss = 1.627302
11:51:57 PM - INFO - Episode 1039: Reward= 122.0, Length=122, Loss=1.6273, Memory=51.95
11:51:59 PM - INFO - Episode 1040: Reward=  30.0, Length= 30, Loss=1.6273, Memory=52.00
11:52:00 PM - INFO - Step  420: train/policy_loss = 0.515146
11:52:00 PM - INFO - Step  420: train/reward_loss = 0.003780
11:52:00 PM - INFO - Step  420: train/value_loss = 1.016830
11:52:00 PM - INFO - Step  420: total_loss = 1.535755
11:52:10 PM - INFO - Episode 1041: Reward= 149.0, Length=149, Loss=1.5358, Memory=52.05
11:52:10 PM - INFO - Progress: 52.0% | 0.23 it/s | ETA: 1:11:03
11:52:11 PM - INFO - Episode 1042: Reward=  13.0, Length= 13, Loss=1.5358, Memory=52.10
11:52:11 PM - INFO - Step  421: train/policy_loss = 0.503298
11:52:11 PM - INFO - Step  421: train/reward_loss = 0.004184
11:52:11 PM - INFO - Step  421: train/value_loss = 1.577079
11:52:11 PM - INFO - Step  421: total_loss = 2.084561
11:52:13 PM - INFO - Episode 1043: Reward=  25.0, Length= 25, Loss=2.0846, Memory=52.15
11:52:14 PM - INFO - Episode 1044: Reward=  10.0, Length= 10, Loss=2.0846, Memory=52.20
11:52:14 PM - INFO - Step  422: train/policy_loss = 0.507868
11:52:14 PM - INFO - Step  422: train/reward_loss = 0.003377
11:52:14 PM - INFO - Step  422: train/value_loss = 1.077149
11:52:14 PM - INFO - Step  422: total_loss = 1.588393
11:52:15 PM - INFO - Episode 1045: Reward=  15.0, Length= 15, Loss=1.5884, Memory=52.25
11:52:16 PM - INFO - Episode 1046: Reward=  19.0, Length= 19, Loss=1.5884, Memory=52.30
11:52:17 PM - INFO - Step  423: train/policy_loss = 0.504929
11:52:17 PM - INFO - Step  423: train/reward_loss = 0.005818
11:52:17 PM - INFO - Step  423: train/value_loss = 1.138918
11:52:17 PM - INFO - Step  423: total_loss = 1.649665
11:52:19 PM - INFO - Episode 1047: Reward=  27.0, Length= 27, Loss=1.6497, Memory=52.35
11:52:19 PM - INFO - Episode 1048: Reward=  12.0, Length= 12, Loss=1.6497, Memory=52.40
11:52:20 PM - INFO - Step  424: train/policy_loss = 0.515535
11:52:20 PM - INFO - Step  424: train/reward_loss = 0.006672
11:52:20 PM - INFO - Step  424: train/value_loss = 1.357232
11:52:20 PM - INFO - Step  424: total_loss = 1.879439
11:52:21 PM - INFO - Episode 1049: Reward=  13.0, Length= 13, Loss=1.8794, Memory=52.45
11:52:21 PM - INFO - Episode 1050: Reward=   9.0, Length=  9, Loss=1.8794, Memory=52.50
11:52:22 PM - INFO - Step  425: train/policy_loss = 0.472008
11:52:22 PM - INFO - Step  425: train/reward_loss = 0.003589
11:52:22 PM - INFO - Step  425: train/value_loss = 0.860178
11:52:22 PM - INFO - Step  425: total_loss = 1.335774
11:52:22 PM - INFO - Checkpoint saved to checkpoints/CartPole-v1/20250725_213748/episode_01050.pkl
11:52:22 PM - INFO - Episode 1051: Reward=  10.0, Length= 10, Loss=1.3358, Memory=52.55
11:52:24 PM - INFO - Episode 1052: Reward=  19.0, Length= 19, Loss=1.3358, Memory=52.60
11:52:24 PM - INFO - Step  426: train/policy_loss = 0.466124
11:52:24 PM - INFO - Step  426: train/reward_loss = 0.004717
11:52:24 PM - INFO - Step  426: train/value_loss = 1.071482
11:52:24 PM - INFO - Step  426: total_loss = 1.542324
11:52:25 PM - INFO - Episode 1053: Reward=  10.0, Length= 10, Loss=1.5423, Memory=52.65
11:52:26 PM - INFO - Episode 1054: Reward=  18.0, Length= 18, Loss=1.5423, Memory=52.70
11:52:27 PM - INFO - Step  427: train/policy_loss = 0.512729
11:52:27 PM - INFO - Step  427: train/reward_loss = 0.005599
11:52:27 PM - INFO - Step  427: train/value_loss = 1.281474
11:52:27 PM - INFO - Step  427: total_loss = 1.799803
11:52:27 PM - INFO - Episode 1055: Reward=  10.0, Length= 10, Loss=1.7998, Memory=52.75
11:52:29 PM - INFO - Episode 1056: Reward=  22.0, Length= 22, Loss=1.7998, Memory=52.80
11:52:29 PM - INFO - Step  428: train/policy_loss = 0.506350
11:52:29 PM - INFO - Step  428: train/reward_loss = 0.004309
11:52:29 PM - INFO - Step  428: train/value_loss = 0.825706
11:52:29 PM - INFO - Step  428: total_loss = 1.336365
11:52:30 PM - INFO - Episode 1057: Reward=  10.0, Length= 10, Loss=1.3364, Memory=52.85
11:52:31 PM - INFO - Episode 1058: Reward=  14.0, Length= 14, Loss=1.3364, Memory=52.90
11:52:31 PM - INFO - Step  429: train/policy_loss = 0.510572
11:52:31 PM - INFO - Step  429: train/reward_loss = 0.005343
11:52:31 PM - INFO - Step  429: train/value_loss = 1.199856
11:52:31 PM - INFO - Step  429: total_loss = 1.715771
11:52:32 PM - INFO - Episode 1059: Reward=  10.0, Length= 10, Loss=1.7158, Memory=52.95
11:52:33 PM - INFO - Episode 1060: Reward=   9.0, Length=  9, Loss=1.7158, Memory=53.00
11:52:33 PM - INFO - Step  430: train/policy_loss = 0.518594
11:52:33 PM - INFO - Step  430: train/reward_loss = 0.004514
11:52:33 PM - INFO - Step  430: train/value_loss = 1.148852
11:52:33 PM - INFO - Step  430: total_loss = 1.671959
11:52:34 PM - INFO - Episode 1061: Reward=   9.0, Length=  9, Loss=1.6720, Memory=53.05
11:52:34 PM - INFO - Progress: 53.0% | 0.98 it/s | ETA: 15:57
11:52:34 PM - INFO - Episode 1062: Reward=  10.0, Length= 10, Loss=1.6720, Memory=53.10
11:52:35 PM - INFO - Step  431: train/policy_loss = 0.507735
11:52:35 PM - INFO - Step  431: train/reward_loss = 0.003981
11:52:35 PM - INFO - Step  431: train/value_loss = 1.051492
11:52:35 PM - INFO - Step  431: total_loss = 1.563208
11:52:35 PM - INFO - Episode 1063: Reward=  10.0, Length= 10, Loss=1.5632, Memory=53.15
11:52:36 PM - INFO - Episode 1064: Reward=  10.0, Length= 10, Loss=1.5632, Memory=53.20
11:52:36 PM - INFO - Step  432: train/policy_loss = 0.465672
11:52:36 PM - INFO - Step  432: train/reward_loss = 0.003873
11:52:36 PM - INFO - Step  432: train/value_loss = 1.110154
11:52:36 PM - INFO - Step  432: total_loss = 1.579699
11:52:38 PM - INFO - Episode 1065: Reward=  20.0, Length= 20, Loss=1.5797, Memory=53.25
11:52:39 PM - INFO - Episode 1066: Reward=  23.0, Length= 23, Loss=1.5797, Memory=53.30
11:52:40 PM - INFO - Step  433: train/policy_loss = 0.502445
11:52:40 PM - INFO - Step  433: train/reward_loss = 0.004411
11:52:40 PM - INFO - Step  433: train/value_loss = 0.954244
11:52:40 PM - INFO - Step  433: total_loss = 1.461099
11:52:40 PM - INFO - Episode 1067: Reward=  10.0, Length= 10, Loss=1.4611, Memory=53.35
11:52:41 PM - INFO - Episode 1068: Reward=  10.0, Length= 10, Loss=1.4611, Memory=53.40
11:52:41 PM - INFO - Step  434: train/policy_loss = 0.493223
11:52:41 PM - INFO - Step  434: train/reward_loss = 0.004861
11:52:41 PM - INFO - Step  434: train/value_loss = 0.827802
11:52:41 PM - INFO - Step  434: total_loss = 1.325886
11:52:42 PM - INFO - Episode 1069: Reward=  13.0, Length= 13, Loss=1.3259, Memory=53.45
11:52:44 PM - INFO - Episode 1070: Reward=  20.0, Length= 20, Loss=1.3259, Memory=53.50
11:52:44 PM - INFO - Step  435: train/policy_loss = 0.479924
11:52:44 PM - INFO - Step  435: train/reward_loss = 0.003788
11:52:44 PM - INFO - Step  435: train/value_loss = 1.529044
11:52:44 PM - INFO - Step  435: total_loss = 2.012756
11:52:45 PM - INFO - Episode 1071: Reward=  13.0, Length= 13, Loss=2.0128, Memory=53.55
11:52:47 PM - INFO - Episode 1072: Reward=  30.0, Length= 30, Loss=2.0128, Memory=53.60
11:52:47 PM - INFO - Step  436: train/policy_loss = 0.474415
11:52:47 PM - INFO - Step  436: train/reward_loss = 0.004124
11:52:47 PM - INFO - Step  436: train/value_loss = 1.144835
11:52:47 PM - INFO - Step  436: total_loss = 1.623374
11:52:49 PM - INFO - Episode 1073: Reward=  16.0, Length= 16, Loss=1.6234, Memory=53.65
11:52:49 PM - INFO - Episode 1074: Reward=  11.0, Length= 11, Loss=1.6234, Memory=53.70
11:52:50 PM - INFO - Step  437: train/policy_loss = 0.475810
11:52:50 PM - INFO - Step  437: train/reward_loss = 0.004315
11:52:50 PM - INFO - Step  437: train/value_loss = 1.382937
11:52:50 PM - INFO - Step  437: total_loss = 1.863062
11:52:50 PM - INFO - Episode 1075: Reward=  10.0, Length= 10, Loss=1.8631, Memory=53.75
11:52:51 PM - INFO - Episode 1076: Reward=  11.0, Length= 11, Loss=1.8631, Memory=53.80
11:52:51 PM - INFO - Step  438: train/policy_loss = 0.471501
11:52:51 PM - INFO - Step  438: train/reward_loss = 0.004421
11:52:51 PM - INFO - Step  438: train/value_loss = 0.907432
11:52:51 PM - INFO - Step  438: total_loss = 1.383354
11:52:52 PM - INFO - Episode 1077: Reward=  11.0, Length= 11, Loss=1.3834, Memory=53.85
11:52:54 PM - INFO - Episode 1078: Reward=  27.0, Length= 27, Loss=1.3834, Memory=53.90
11:52:54 PM - INFO - Step  439: train/policy_loss = 0.452461
11:52:54 PM - INFO - Step  439: train/reward_loss = 0.005398
11:52:54 PM - INFO - Step  439: train/value_loss = 0.924538
11:52:54 PM - INFO - Step  439: total_loss = 1.382397
11:52:55 PM - INFO - Episode 1079: Reward=  10.0, Length= 10, Loss=1.3824, Memory=53.95
11:52:56 PM - INFO - Episode 1080: Reward=  10.0, Length= 10, Loss=1.3824, Memory=54.00
11:52:56 PM - INFO - Step  440: train/policy_loss = 0.488434
11:52:56 PM - INFO - Step  440: train/reward_loss = 0.007248
11:52:56 PM - INFO - Step  440: train/value_loss = 1.381519
11:52:56 PM - INFO - Step  440: total_loss = 1.877202
11:52:58 PM - INFO - Episode 1081: Reward=  22.0, Length= 22, Loss=1.8772, Memory=54.05
11:52:58 PM - INFO - Progress: 54.0% | 0.89 it/s | ETA: 17:14
11:52:59 PM - INFO - Episode 1082: Reward=  14.0, Length= 14, Loss=1.8772, Memory=54.10
11:52:59 PM - INFO - Step  441: train/policy_loss = 0.487526
11:52:59 PM - INFO - Step  441: train/reward_loss = 0.006486
11:52:59 PM - INFO - Step  441: train/value_loss = 0.873864
11:52:59 PM - INFO - Step  441: total_loss = 1.367876
11:53:02 PM - INFO - Episode 1083: Reward=  37.0, Length= 37, Loss=1.3679, Memory=54.15
11:53:02 PM - INFO - Episode 1084: Reward=  10.0, Length= 10, Loss=1.3679, Memory=54.20
11:53:03 PM - INFO - Step  442: train/policy_loss = 0.486559
11:53:03 PM - INFO - Step  442: train/reward_loss = 0.004176
11:53:03 PM - INFO - Step  442: train/value_loss = 1.188672
11:53:03 PM - INFO - Step  442: total_loss = 1.679408
11:53:04 PM - INFO - Episode 1085: Reward=  17.0, Length= 17, Loss=1.6794, Memory=54.25
11:53:05 PM - INFO - Episode 1086: Reward=  11.0, Length= 11, Loss=1.6794, Memory=54.30
11:53:05 PM - INFO - Step  443: train/policy_loss = 0.504914
11:53:05 PM - INFO - Step  443: train/reward_loss = 0.004384
11:53:05 PM - INFO - Step  443: train/value_loss = 1.249469
11:53:05 PM - INFO - Step  443: total_loss = 1.758767
11:53:06 PM - INFO - Episode 1087: Reward=  12.0, Length= 12, Loss=1.7588, Memory=54.35
11:53:08 PM - INFO - Episode 1088: Reward=  29.0, Length= 29, Loss=1.7588, Memory=54.40
11:53:08 PM - INFO - Step  444: train/policy_loss = 0.489107
11:53:08 PM - INFO - Step  444: train/reward_loss = 0.003997
11:53:08 PM - INFO - Step  444: train/value_loss = 0.968569
11:53:08 PM - INFO - Step  444: total_loss = 1.461673
11:53:09 PM - INFO - Episode 1089: Reward=  17.0, Length= 17, Loss=1.4617, Memory=54.45
11:53:10 PM - INFO - Episode 1090: Reward=  14.0, Length= 14, Loss=1.4617, Memory=54.50
11:53:11 PM - INFO - Step  445: train/policy_loss = 0.519724
11:53:11 PM - INFO - Step  445: train/reward_loss = 0.004082
11:53:11 PM - INFO - Step  445: train/value_loss = 1.297140
11:53:11 PM - INFO - Step  445: total_loss = 1.820946
11:53:13 PM - INFO - Episode 1091: Reward=  35.0, Length= 35, Loss=1.8209, Memory=54.55
11:53:15 PM - INFO - Episode 1092: Reward=  19.0, Length= 19, Loss=1.8209, Memory=54.60
11:53:15 PM - INFO - Step  446: train/policy_loss = 0.515032
11:53:15 PM - INFO - Step  446: train/reward_loss = 0.005525
11:53:15 PM - INFO - Step  446: train/value_loss = 0.921310
11:53:15 PM - INFO - Step  446: total_loss = 1.441867
11:53:17 PM - INFO - Episode 1093: Reward=  35.0, Length= 35, Loss=1.4419, Memory=54.65
11:53:20 PM - INFO - Episode 1094: Reward=  30.0, Length= 30, Loss=1.4419, Memory=54.70
11:53:20 PM - INFO - Step  447: train/policy_loss = 0.488080
11:53:20 PM - INFO - Step  447: train/reward_loss = 0.005700
11:53:20 PM - INFO - Step  447: train/value_loss = 1.326800
11:53:20 PM - INFO - Step  447: total_loss = 1.820580
11:53:24 PM - INFO - Episode 1095: Reward=  56.0, Length= 56, Loss=1.8206, Memory=54.75
11:53:25 PM - INFO - Episode 1096: Reward=  21.0, Length= 21, Loss=1.8206, Memory=54.80
11:53:26 PM - INFO - Step  448: train/policy_loss = 0.453581
11:53:26 PM - INFO - Step  448: train/reward_loss = 0.006073
11:53:26 PM - INFO - Step  448: train/value_loss = 1.030967
11:53:26 PM - INFO - Step  448: total_loss = 1.490622
11:53:28 PM - INFO - Episode 1097: Reward=  32.0, Length= 32, Loss=1.4906, Memory=54.85
11:53:29 PM - INFO - Episode 1098: Reward=  15.0, Length= 15, Loss=1.4906, Memory=54.90
11:53:29 PM - INFO - Step  449: train/policy_loss = 0.435610
11:53:29 PM - INFO - Step  449: train/reward_loss = 0.004206
11:53:29 PM - INFO - Step  449: train/value_loss = 1.101083
11:53:29 PM - INFO - Step  449: total_loss = 1.540899
11:53:30 PM - INFO - Episode 1099: Reward=  15.0, Length= 15, Loss=1.5409, Memory=54.95
11:53:32 PM - INFO - Episode 1100: Reward=  18.0, Length= 18, Loss=1.5409, Memory=55.00
11:53:32 PM - INFO - Step  450: train/policy_loss = 0.509845
11:53:32 PM - INFO - Step  450: train/reward_loss = 0.005216
11:53:32 PM - INFO - Step  450: train/value_loss = 1.201471
11:53:32 PM - INFO - Step  450: total_loss = 1.716532
11:53:32 PM - INFO - Checkpoint saved to checkpoints/CartPole-v1/20250725_213748/episode_01100.pkl
11:53:33 PM - INFO - Episode 1101: Reward=  14.0, Length= 14, Loss=1.7165, Memory=55.05
11:53:33 PM - INFO - Progress: 55.0% | 0.59 it/s | ETA: 25:21
11:53:36 PM - INFO - Episode 1102: Reward=  41.0, Length= 41, Loss=1.7165, Memory=55.10
11:53:36 PM - INFO - Step  451: train/policy_loss = 0.537816
11:53:36 PM - INFO - Step  451: train/reward_loss = 0.004441
11:53:36 PM - INFO - Step  451: train/value_loss = 1.136679
11:53:36 PM - INFO - Step  451: total_loss = 1.678935
11:53:38 PM - INFO - Episode 1103: Reward=  29.0, Length= 29, Loss=1.6789, Memory=55.15
11:53:39 PM - INFO - Episode 1104: Reward=  12.0, Length= 12, Loss=1.6789, Memory=55.20
11:53:39 PM - INFO - Step  452: train/policy_loss = 0.495688
11:53:39 PM - INFO - Step  452: train/reward_loss = 0.003876
11:53:39 PM - INFO - Step  452: train/value_loss = 1.202765
11:53:39 PM - INFO - Step  452: total_loss = 1.702329
11:53:41 PM - INFO - Episode 1105: Reward=  18.0, Length= 18, Loss=1.7023, Memory=55.25
11:53:42 PM - INFO - Episode 1106: Reward=  21.0, Length= 21, Loss=1.7023, Memory=55.30
11:53:42 PM - INFO - Step  453: train/policy_loss = 0.481785
11:53:42 PM - INFO - Step  453: train/reward_loss = 0.005150
11:53:42 PM - INFO - Step  453: train/value_loss = 1.253885
11:53:42 PM - INFO - Step  453: total_loss = 1.740821
11:53:43 PM - INFO - Episode 1107: Reward=  11.0, Length= 11, Loss=1.7408, Memory=55.35
11:53:44 PM - INFO - Episode 1108: Reward=  17.0, Length= 17, Loss=1.7408, Memory=55.40
11:53:45 PM - INFO - Step  454: train/policy_loss = 0.504628
11:53:45 PM - INFO - Step  454: train/reward_loss = 0.004843
11:53:45 PM - INFO - Step  454: train/value_loss = 1.030281
11:53:45 PM - INFO - Step  454: total_loss = 1.539752
11:53:47 PM - INFO - Episode 1109: Reward=  31.0, Length= 31, Loss=1.5398, Memory=55.45
11:53:49 PM - INFO - Episode 1110: Reward=  26.0, Length= 26, Loss=1.5398, Memory=55.50
11:53:49 PM - INFO - Step  455: train/policy_loss = 0.481015
11:53:49 PM - INFO - Step  455: train/reward_loss = 0.003385
11:53:49 PM - INFO - Step  455: train/value_loss = 1.228348
11:53:49 PM - INFO - Step  455: total_loss = 1.712747
11:53:51 PM - INFO - Episode 1111: Reward=  26.0, Length= 26, Loss=1.7127, Memory=55.55
11:53:52 PM - INFO - Episode 1112: Reward=  12.0, Length= 12, Loss=1.7127, Memory=55.60
11:53:52 PM - INFO - Step  456: train/policy_loss = 0.479004
11:53:52 PM - INFO - Step  456: train/reward_loss = 0.004007
11:53:52 PM - INFO - Step  456: train/value_loss = 1.450383
11:53:52 PM - INFO - Step  456: total_loss = 1.933394
11:53:53 PM - INFO - Episode 1113: Reward=  10.0, Length= 10, Loss=1.9334, Memory=55.65
11:53:54 PM - INFO - Episode 1114: Reward=  21.0, Length= 21, Loss=1.9334, Memory=55.70
11:53:54 PM - INFO - Step  457: train/policy_loss = 0.502417
11:53:54 PM - INFO - Step  457: train/reward_loss = 0.003961
11:53:54 PM - INFO - Step  457: train/value_loss = 1.274431
11:53:54 PM - INFO - Step  457: total_loss = 1.780809
11:54:00 PM - INFO - Episode 1115: Reward=  88.0, Length= 88, Loss=1.7808, Memory=55.75
11:54:01 PM - INFO - Episode 1116: Reward=  12.0, Length= 12, Loss=1.7808, Memory=55.80
11:54:02 PM - INFO - Step  458: train/policy_loss = 0.487072
11:54:02 PM - INFO - Step  458: train/reward_loss = 0.003226
11:54:02 PM - INFO - Step  458: train/value_loss = 1.469717
11:54:02 PM - INFO - Step  458: total_loss = 1.960014
11:54:07 PM - INFO - Episode 1117: Reward=  80.0, Length= 80, Loss=1.9600, Memory=55.85
11:54:08 PM - INFO - Episode 1118: Reward=  16.0, Length= 16, Loss=1.9600, Memory=55.90
11:54:08 PM - INFO - Step  459: train/policy_loss = 0.524303
11:54:08 PM - INFO - Step  459: train/reward_loss = 0.003419
11:54:08 PM - INFO - Step  459: train/value_loss = 1.245251
11:54:08 PM - INFO - Step  459: total_loss = 1.772973
11:54:42 PM - INFO - Episode 1119: Reward= 500.0, Length=500, Loss=1.7730, Memory=55.95
11:54:48 PM - INFO - Episode 1120: Reward=  86.0, Length= 86, Loss=1.7730, Memory=56.00
11:54:48 PM - INFO - Step  460: train/policy_loss = 0.507796
11:54:48 PM - INFO - Step  460: train/reward_loss = 0.004932
11:54:48 PM - INFO - Step  460: train/value_loss = 0.995656
11:54:48 PM - INFO - Step  460: total_loss = 1.508384
11:54:50 PM - INFO - Episode 1121: Reward=  31.0, Length= 31, Loss=1.5084, Memory=56.05
11:54:50 PM - INFO - Progress: 56.0% | 0.10 it/s | ETA: 2:29:30
11:54:53 PM - INFO - Episode 1122: Reward=  38.0, Length= 38, Loss=1.5084, Memory=56.10
11:54:53 PM - INFO - Step  461: train/policy_loss = 0.486146
11:54:53 PM - INFO - Step  461: train/reward_loss = 0.005208
11:54:53 PM - INFO - Step  461: train/value_loss = 1.368219
11:54:53 PM - INFO - Step  461: total_loss = 1.859573
11:54:54 PM - INFO - Episode 1123: Reward=  10.0, Length= 10, Loss=1.8596, Memory=56.15
11:54:57 PM - INFO - Episode 1124: Reward=  53.0, Length= 53, Loss=1.8596, Memory=56.20
11:54:58 PM - INFO - Step  462: train/policy_loss = 0.497555
11:54:58 PM - INFO - Step  462: train/reward_loss = 0.003978
11:54:58 PM - INFO - Step  462: train/value_loss = 1.132161
11:54:58 PM - INFO - Step  462: total_loss = 1.633694
11:54:59 PM - INFO - Episode 1125: Reward=  26.0, Length= 26, Loss=1.6337, Memory=56.25
11:55:01 PM - INFO - Episode 1126: Reward=  16.0, Length= 16, Loss=1.6337, Memory=56.30
11:55:01 PM - INFO - Step  463: train/policy_loss = 0.494162
11:55:01 PM - INFO - Step  463: train/reward_loss = 0.004925
11:55:01 PM - INFO - Step  463: train/value_loss = 1.177153
11:55:01 PM - INFO - Step  463: total_loss = 1.676240
11:55:02 PM - INFO - Episode 1127: Reward=  10.0, Length= 10, Loss=1.6762, Memory=56.35
11:55:02 PM - INFO - Episode 1128: Reward=  12.0, Length= 12, Loss=1.6762, Memory=56.40
11:55:03 PM - INFO - Step  464: train/policy_loss = 0.515905
11:55:03 PM - INFO - Step  464: train/reward_loss = 0.003863
11:55:03 PM - INFO - Step  464: train/value_loss = 1.037126
11:55:03 PM - INFO - Step  464: total_loss = 1.556893
11:55:08 PM - INFO - Episode 1129: Reward=  76.0, Length= 76, Loss=1.5569, Memory=56.45
11:55:09 PM - INFO - Episode 1130: Reward=  14.0, Length= 14, Loss=1.5569, Memory=56.50
11:55:09 PM - INFO - Step  465: train/policy_loss = 0.515439
11:55:09 PM - INFO - Step  465: train/reward_loss = 0.005105
11:55:09 PM - INFO - Step  465: train/value_loss = 1.222822
11:55:09 PM - INFO - Step  465: total_loss = 1.743366
11:55:11 PM - INFO - Episode 1131: Reward=  26.0, Length= 26, Loss=1.7434, Memory=56.55
11:55:12 PM - INFO - Episode 1132: Reward=  14.0, Length= 14, Loss=1.7434, Memory=56.60
11:55:12 PM - INFO - Step  466: train/policy_loss = 0.504967
11:55:12 PM - INFO - Step  466: train/reward_loss = 0.005868
11:55:12 PM - INFO - Step  466: train/value_loss = 1.371554
11:55:12 PM - INFO - Step  466: total_loss = 1.882389
11:55:13 PM - INFO - Episode 1133: Reward=  10.0, Length= 10, Loss=1.8824, Memory=56.65
11:55:14 PM - INFO - Episode 1134: Reward=  15.0, Length= 15, Loss=1.8824, Memory=56.70
11:55:14 PM - INFO - Step  467: train/policy_loss = 0.527845
11:55:14 PM - INFO - Step  467: train/reward_loss = 0.006003
11:55:14 PM - INFO - Step  467: train/value_loss = 1.029747
11:55:14 PM - INFO - Step  467: total_loss = 1.563594
11:55:22 PM - INFO - Episode 1135: Reward= 122.0, Length=122, Loss=1.5636, Memory=56.75
11:55:23 PM - INFO - Episode 1136: Reward=  17.0, Length= 17, Loss=1.5636, Memory=56.80
11:55:24 PM - INFO - Step  468: train/policy_loss = 0.484523
11:55:24 PM - INFO - Step  468: train/reward_loss = 0.005578
11:55:24 PM - INFO - Step  468: train/value_loss = 1.059932
11:55:24 PM - INFO - Step  468: total_loss = 1.550034
11:55:46 PM - INFO - Episode 1137: Reward= 342.0, Length=342, Loss=1.5500, Memory=56.85
11:56:19 PM - INFO - Episode 1138: Reward= 500.0, Length=500, Loss=1.5500, Memory=56.90
11:56:19 PM - INFO - Step  469: train/policy_loss = 0.485895
11:56:19 PM - INFO - Step  469: train/reward_loss = 0.006456
11:56:19 PM - INFO - Step  469: train/value_loss = 1.139148
11:56:19 PM - INFO - Step  469: total_loss = 1.631499
11:56:25 PM - INFO - Episode 1139: Reward=  77.0, Length= 77, Loss=1.6315, Memory=56.95
11:56:58 PM - INFO - Episode 1140: Reward= 500.0, Length=500, Loss=1.6315, Memory=57.00
11:56:58 PM - INFO - Step  470: train/policy_loss = 0.467664
11:56:58 PM - INFO - Step  470: train/reward_loss = 0.004438
11:56:58 PM - INFO - Step  470: train/value_loss = 0.675907
11:56:58 PM - INFO - Step  470: total_loss = 1.148009
11:57:10 PM - INFO - Episode 1141: Reward= 171.0, Length=171, Loss=1.1480, Memory=57.05
11:57:10 PM - INFO - Progress: 57.0% | 0.05 it/s | ETA: 4:33:45
11:57:43 PM - INFO - Episode 1142: Reward= 500.0, Length=500, Loss=1.1480, Memory=57.10
11:57:43 PM - INFO - Step  471: train/policy_loss = 0.498297
11:57:43 PM - INFO - Step  471: train/reward_loss = 0.003977
11:57:43 PM - INFO - Step  471: train/value_loss = 0.911676
11:57:43 PM - INFO - Step  471: total_loss = 1.413949
11:58:17 PM - INFO - Episode 1143: Reward= 500.0, Length=500, Loss=1.4139, Memory=57.15
11:58:51 PM - INFO - Episode 1144: Reward= 500.0, Length=500, Loss=1.4139, Memory=57.20
11:58:51 PM - INFO - Step  472: train/policy_loss = 0.482211
11:58:51 PM - INFO - Step  472: train/reward_loss = 0.003634
11:58:51 PM - INFO - Step  472: train/value_loss = 0.812045
11:58:51 PM - INFO - Step  472: total_loss = 1.297890
11:59:27 PM - INFO - Episode 1145: Reward= 500.0, Length=500, Loss=1.2979, Memory=57.25
12:00:01 AM - INFO - Episode 1146: Reward= 500.0, Length=500, Loss=1.2979, Memory=57.30
12:00:02 AM - INFO - Step  473: train/policy_loss = 0.489140
12:00:02 AM - INFO - Step  473: train/reward_loss = 0.005048
12:00:02 AM - INFO - Step  473: train/value_loss = 0.806544
12:00:02 AM - INFO - Step  473: total_loss = 1.300732
12:00:36 AM - INFO - Episode 1147: Reward= 500.0, Length=500, Loss=1.3007, Memory=57.35
12:01:09 AM - INFO - Episode 1148: Reward= 500.0, Length=500, Loss=1.3007, Memory=57.40
12:01:10 AM - INFO - Step  474: train/policy_loss = 0.451200
12:01:10 AM - INFO - Step  474: train/reward_loss = 0.005255
12:01:10 AM - INFO - Step  474: train/value_loss = 1.044458
12:01:10 AM - INFO - Step  474: total_loss = 1.500913
12:01:42 AM - INFO - Episode 1149: Reward= 482.0, Length=482, Loss=1.5009, Memory=57.45
12:02:15 AM - INFO - Episode 1150: Reward= 500.0, Length=500, Loss=1.5009, Memory=57.50
12:02:15 AM - INFO - Step  475: train/policy_loss = 0.482288
12:02:15 AM - INFO - Step  475: train/reward_loss = 0.005012
12:02:15 AM - INFO - Step  475: train/value_loss = 1.257639
12:02:15 AM - INFO - Step  475: total_loss = 1.744938
12:02:15 AM - INFO - Checkpoint saved to checkpoints/CartPole-v1/20250725_213748/episode_01150.pkl
12:02:49 AM - INFO - Episode 1151: Reward= 500.0, Length=500, Loss=1.7449, Memory=57.55
12:03:23 AM - INFO - Episode 1152: Reward= 500.0, Length=500, Loss=1.7449, Memory=57.60
12:03:23 AM - INFO - Step  476: train/policy_loss = 0.502792
12:03:23 AM - INFO - Step  476: train/reward_loss = 0.005555
12:03:23 AM - INFO - Step  476: train/value_loss = 0.806933
12:03:23 AM - INFO - Step  476: total_loss = 1.315281
12:03:56 AM - INFO - Episode 1153: Reward= 500.0, Length=500, Loss=1.3153, Memory=57.65
12:04:03 AM - INFO - Episode 1154: Reward= 108.0, Length=108, Loss=1.3153, Memory=57.70
12:04:04 AM - INFO - Step  477: train/policy_loss = 0.505026
12:04:04 AM - INFO - Step  477: train/reward_loss = 0.003947
12:04:04 AM - INFO - Step  477: train/value_loss = 0.981930
12:04:04 AM - INFO - Step  477: total_loss = 1.490904
12:04:11 AM - INFO - Episode 1155: Reward= 109.0, Length=109, Loss=1.4909, Memory=57.75
12:04:26 AM - INFO - Episode 1156: Reward= 228.0, Length=228, Loss=1.4909, Memory=57.80
12:04:27 AM - INFO - Step  478: train/policy_loss = 0.472479
12:04:27 AM - INFO - Step  478: train/reward_loss = 0.005422
12:04:27 AM - INFO - Step  478: train/value_loss = 1.337111
12:04:27 AM - INFO - Step  478: total_loss = 1.815012
12:04:32 AM - INFO - Episode 1157: Reward=  84.0, Length= 84, Loss=1.8150, Memory=57.85
12:04:41 AM - INFO - Episode 1158: Reward= 124.0, Length=124, Loss=1.8150, Memory=57.90
12:04:41 AM - INFO - Step  479: train/policy_loss = 0.513178
12:04:41 AM - INFO - Step  479: train/reward_loss = 0.004578
12:04:41 AM - INFO - Step  479: train/value_loss = 1.175119
12:04:41 AM - INFO - Step  479: total_loss = 1.692875
12:04:42 AM - INFO - Episode 1159: Reward=  21.0, Length= 21, Loss=1.6929, Memory=57.95
12:05:01 AM - INFO - Episode 1160: Reward= 278.0, Length=278, Loss=1.6929, Memory=58.00
12:05:01 AM - INFO - Step  480: train/policy_loss = 0.523223
12:05:01 AM - INFO - Step  480: train/reward_loss = 0.004844
12:05:01 AM - INFO - Step  480: train/value_loss = 1.032376
12:05:01 AM - INFO - Step  480: total_loss = 1.560444
12:05:34 AM - INFO - Episode 1161: Reward= 500.0, Length=500, Loss=1.5604, Memory=58.05
12:05:34 AM - INFO - Progress: 58.0% | 0.08 it/s | ETA: 2:51:06
12:05:38 AM - INFO - Episode 1162: Reward=  54.0, Length= 54, Loss=1.5604, Memory=58.10
12:05:38 AM - INFO - Step  481: train/policy_loss = 0.490045
12:05:38 AM - INFO - Step  481: train/reward_loss = 0.005130
12:05:38 AM - INFO - Step  481: train/value_loss = 1.181788
12:05:38 AM - INFO - Step  481: total_loss = 1.676964
12:06:12 AM - INFO - Episode 1163: Reward= 500.0, Length=500, Loss=1.6770, Memory=58.15
12:06:45 AM - INFO - Episode 1164: Reward= 500.0, Length=500, Loss=1.6770, Memory=58.20
12:06:45 AM - INFO - Step  482: train/policy_loss = 0.510130
12:06:45 AM - INFO - Step  482: train/reward_loss = 0.003257
12:06:45 AM - INFO - Step  482: train/value_loss = 1.253079
12:06:45 AM - INFO - Step  482: total_loss = 1.766465
12:07:19 AM - INFO - Episode 1165: Reward= 500.0, Length=500, Loss=1.7665, Memory=58.25
12:07:52 AM - INFO - Episode 1166: Reward= 500.0, Length=500, Loss=1.7665, Memory=58.30
12:07:52 AM - INFO - Step  483: train/policy_loss = 0.486346
12:07:52 AM - INFO - Step  483: train/reward_loss = 0.003577
12:07:52 AM - INFO - Step  483: train/value_loss = 0.902903
12:07:52 AM - INFO - Step  483: total_loss = 1.392825
12:08:25 AM - INFO - Episode 1167: Reward= 500.0, Length=500, Loss=1.3928, Memory=58.35
12:08:58 AM - INFO - Episode 1168: Reward= 500.0, Length=500, Loss=1.3928, Memory=58.40
12:08:58 AM - INFO - Step  484: train/policy_loss = 0.497572
12:08:58 AM - INFO - Step  484: train/reward_loss = 0.004909
12:08:58 AM - INFO - Step  484: train/value_loss = 0.967442
12:08:58 AM - INFO - Step  484: total_loss = 1.469923
12:09:31 AM - INFO - Episode 1169: Reward= 500.0, Length=500, Loss=1.4699, Memory=58.45
12:10:05 AM - INFO - Episode 1170: Reward= 500.0, Length=500, Loss=1.4699, Memory=58.50
12:10:05 AM - INFO - Step  485: train/policy_loss = 0.485409
12:10:05 AM - INFO - Step  485: train/reward_loss = 0.003477
12:10:05 AM - INFO - Step  485: train/value_loss = 1.013921
12:10:05 AM - INFO - Step  485: total_loss = 1.502807
12:10:38 AM - INFO - Episode 1171: Reward= 500.0, Length=500, Loss=1.5028, Memory=58.55
12:11:11 AM - INFO - Episode 1172: Reward= 500.0, Length=500, Loss=1.5028, Memory=58.60
12:11:12 AM - INFO - Step  486: train/policy_loss = 0.495368
12:11:12 AM - INFO - Step  486: train/reward_loss = 0.003603
12:11:12 AM - INFO - Step  486: train/value_loss = 0.749049
12:11:12 AM - INFO - Step  486: total_loss = 1.248019
12:11:46 AM - INFO - Episode 1173: Reward= 500.0, Length=500, Loss=1.2480, Memory=58.65
12:12:19 AM - INFO - Episode 1174: Reward= 500.0, Length=500, Loss=1.2480, Memory=58.70
12:12:19 AM - INFO - Step  487: train/policy_loss = 0.465748
12:12:19 AM - INFO - Step  487: train/reward_loss = 0.004290
12:12:19 AM - INFO - Step  487: train/value_loss = 1.137338
12:12:19 AM - INFO - Step  487: total_loss = 1.607375
12:12:52 AM - INFO - Episode 1175: Reward= 500.0, Length=500, Loss=1.6074, Memory=58.75
12:13:25 AM - INFO - Episode 1176: Reward= 500.0, Length=500, Loss=1.6074, Memory=58.80
12:13:25 AM - INFO - Step  488: train/policy_loss = 0.471351
12:13:25 AM - INFO - Step  488: train/reward_loss = 0.004485
12:13:25 AM - INFO - Step  488: train/value_loss = 1.087331
12:13:25 AM - INFO - Step  488: total_loss = 1.563167
12:13:58 AM - INFO - Episode 1177: Reward= 500.0, Length=500, Loss=1.5632, Memory=58.85
12:13:59 AM - INFO - Episode 1178: Reward=  13.0, Length= 13, Loss=1.5632, Memory=58.90
12:13:59 AM - INFO - Step  489: train/policy_loss = 0.488160
12:13:59 AM - INFO - Step  489: train/reward_loss = 0.004465
12:13:59 AM - INFO - Step  489: train/value_loss = 1.077514
12:13:59 AM - INFO - Step  489: total_loss = 1.570139
12:14:01 AM - INFO - Episode 1179: Reward=  23.0, Length= 23, Loss=1.5701, Memory=58.95
12:14:26 AM - INFO - Episode 1180: Reward= 383.0, Length=383, Loss=1.5701, Memory=59.00
12:14:26 AM - INFO - Step  490: train/policy_loss = 0.449879
12:14:26 AM - INFO - Step  490: train/reward_loss = 0.003370
12:14:26 AM - INFO - Step  490: train/value_loss = 1.041100
12:14:26 AM - INFO - Step  490: total_loss = 1.494348
12:14:27 AM - INFO - Episode 1181: Reward=  10.0, Length= 10, Loss=1.4943, Memory=59.05
12:14:27 AM - INFO - Progress: 59.0% | 0.05 it/s | ETA: 4:27:00
12:14:28 AM - INFO - Episode 1182: Reward=  15.0, Length= 15, Loss=1.4943, Memory=59.10
12:14:29 AM - INFO - Step  491: train/policy_loss = 0.507158
12:14:29 AM - INFO - Step  491: train/reward_loss = 0.003506
12:14:29 AM - INFO - Step  491: train/value_loss = 1.009448
12:14:29 AM - INFO - Step  491: total_loss = 1.520112
12:14:30 AM - INFO - Episode 1183: Reward=  21.0, Length= 21, Loss=1.5201, Memory=59.15
12:14:37 AM - INFO - Episode 1184: Reward= 111.0, Length=111, Loss=1.5201, Memory=59.20
12:14:38 AM - INFO - Step  492: train/policy_loss = 0.464150
12:14:38 AM - INFO - Step  492: train/reward_loss = 0.004266
12:14:38 AM - INFO - Step  492: train/value_loss = 0.816430
12:14:38 AM - INFO - Step  492: total_loss = 1.284847
12:14:40 AM - INFO - Episode 1185: Reward=  41.0, Length= 41, Loss=1.2848, Memory=59.25
12:14:47 AM - INFO - Episode 1186: Reward= 102.0, Length=102, Loss=1.2848, Memory=59.30
12:14:47 AM - INFO - Step  493: train/policy_loss = 0.520175
12:14:47 AM - INFO - Step  493: train/reward_loss = 0.004301
12:14:47 AM - INFO - Step  493: train/value_loss = 1.003733
12:14:47 AM - INFO - Step  493: total_loss = 1.528209
12:14:53 AM - INFO - Episode 1187: Reward=  89.0, Length= 89, Loss=1.5282, Memory=59.35
12:15:15 AM - INFO - Episode 1188: Reward= 327.0, Length=327, Loss=1.5282, Memory=59.40
12:15:15 AM - INFO - Step  494: train/policy_loss = 0.512700
12:15:15 AM - INFO - Step  494: train/reward_loss = 0.004188
12:15:15 AM - INFO - Step  494: train/value_loss = 1.527656
12:15:15 AM - INFO - Step  494: total_loss = 2.044544
12:15:48 AM - INFO - Episode 1189: Reward= 500.0, Length=500, Loss=2.0445, Memory=59.45
12:16:20 AM - INFO - Episode 1190: Reward= 500.0, Length=500, Loss=2.0445, Memory=59.50
12:16:20 AM - INFO - Step  495: train/policy_loss = 0.506158
12:16:20 AM - INFO - Step  495: train/reward_loss = 0.005100
12:16:20 AM - INFO - Step  495: train/value_loss = 1.073672
12:16:20 AM - INFO - Step  495: total_loss = 1.584929
12:16:53 AM - INFO - Episode 1191: Reward= 500.0, Length=500, Loss=1.5849, Memory=59.55
12:17:26 AM - INFO - Episode 1192: Reward= 500.0, Length=500, Loss=1.5849, Memory=59.60
12:17:27 AM - INFO - Step  496: train/policy_loss = 0.480568
12:17:27 AM - INFO - Step  496: train/reward_loss = 0.007210
12:17:27 AM - INFO - Step  496: train/value_loss = 1.112162
12:17:27 AM - INFO - Step  496: total_loss = 1.599940
12:17:59 AM - INFO - Episode 1193: Reward= 500.0, Length=500, Loss=1.5999, Memory=59.65
12:18:32 AM - INFO - Episode 1194: Reward= 500.0, Length=500, Loss=1.5999, Memory=59.70
12:18:33 AM - INFO - Step  497: train/policy_loss = 0.485248
12:18:33 AM - INFO - Step  497: train/reward_loss = 0.003831
12:18:33 AM - INFO - Step  497: train/value_loss = 1.133803
12:18:33 AM - INFO - Step  497: total_loss = 1.622882
12:19:05 AM - INFO - Episode 1195: Reward= 500.0, Length=500, Loss=1.6229, Memory=59.75
12:19:37 AM - INFO - Episode 1196: Reward= 500.0, Length=500, Loss=1.6229, Memory=59.80
12:19:38 AM - INFO - Step  498: train/policy_loss = 0.508311
12:19:38 AM - INFO - Step  498: train/reward_loss = 0.003870
12:19:38 AM - INFO - Step  498: train/value_loss = 1.200407
12:19:38 AM - INFO - Step  498: total_loss = 1.712588
12:20:10 AM - INFO - Episode 1197: Reward= 500.0, Length=500, Loss=1.7126, Memory=59.85
12:20:43 AM - INFO - Episode 1198: Reward= 500.0, Length=500, Loss=1.7126, Memory=59.90
12:20:43 AM - INFO - Step  499: train/policy_loss = 0.477746
12:20:43 AM - INFO - Step  499: train/reward_loss = 0.003761
12:20:43 AM - INFO - Step  499: train/value_loss = 1.154224
12:20:43 AM - INFO - Step  499: total_loss = 1.635732
12:20:43 AM - INFO - Updating target network at training step 500
12:20:43 AM - INFO - Target network update completed
12:21:16 AM - INFO - Episode 1199: Reward= 500.0, Length=500, Loss=1.6357, Memory=59.95
12:21:49 AM - INFO - Episode 1200: Reward= 488.0, Length=488, Loss=1.6357, Memory=60.00
12:21:49 AM - INFO - Step  500: train/policy_loss = 0.495555
12:21:49 AM - INFO - Step  500: train/reward_loss = 0.003266
12:21:49 AM - INFO - Step  500: train/value_loss = 1.286052
12:21:49 AM - INFO - Step  500: total_loss = 1.784873
12:21:49 AM - INFO - Checkpoint saved to checkpoints/CartPole-v1/20250725_213748/episode_01200.pkl
12:21:54 AM - INFO - Episode 1201: Reward=  71.0, Length= 71, Loss=1.7849, Memory=60.05
12:21:54 AM - INFO - Progress: 60.0% | 0.03 it/s | ETA: 7:14:18
12:22:27 AM - INFO - Episode 1202: Reward= 500.0, Length=500, Loss=1.7849, Memory=60.10
12:22:27 AM - INFO - Step  501: train/policy_loss = 0.503836
12:22:27 AM - INFO - Step  501: train/reward_loss = 0.005287
12:22:27 AM - INFO - Step  501: train/value_loss = 1.515754
12:22:27 AM - INFO - Step  501: total_loss = 2.024878
12:23:01 AM - INFO - Episode 1203: Reward= 500.0, Length=500, Loss=2.0249, Memory=60.15
12:23:09 AM - INFO - Episode 1204: Reward= 123.0, Length=123, Loss=2.0249, Memory=60.20
12:23:10 AM - INFO - Step  502: train/policy_loss = 0.463156
12:23:10 AM - INFO - Step  502: train/reward_loss = 0.003346
12:23:10 AM - INFO - Step  502: train/value_loss = 1.314204
12:23:10 AM - INFO - Step  502: total_loss = 1.780706
12:23:44 AM - INFO - Episode 1205: Reward= 500.0, Length=500, Loss=1.7807, Memory=60.25
12:23:59 AM - INFO - Episode 1206: Reward= 213.0, Length=213, Loss=1.7807, Memory=60.30
12:23:59 AM - INFO - Step  503: train/policy_loss = 0.496365
12:23:59 AM - INFO - Step  503: train/reward_loss = 0.003279
12:23:59 AM - INFO - Step  503: train/value_loss = 0.913562
12:23:59 AM - INFO - Step  503: total_loss = 1.413206
12:24:14 AM - INFO - Episode 1207: Reward= 227.0, Length=227, Loss=1.4132, Memory=60.35
12:24:19 AM - INFO - Episode 1208: Reward=  73.0, Length= 73, Loss=1.4132, Memory=60.40
12:24:20 AM - INFO - Step  504: train/policy_loss = 0.480536
12:24:20 AM - INFO - Step  504: train/reward_loss = 0.004343
12:24:20 AM - INFO - Step  504: train/value_loss = 1.571111
12:24:20 AM - INFO - Step  504: total_loss = 2.055990
12:24:25 AM - INFO - Episode 1209: Reward=  83.0, Length= 83, Loss=2.0560, Memory=60.45
12:24:33 AM - INFO - Episode 1210: Reward= 111.0, Length=111, Loss=2.0560, Memory=60.50
12:24:33 AM - INFO - Step  505: train/policy_loss = 0.469629
12:24:33 AM - INFO - Step  505: train/reward_loss = 0.004777
12:24:33 AM - INFO - Step  505: train/value_loss = 1.074820
12:24:33 AM - INFO - Step  505: total_loss = 1.549226
12:24:44 AM - INFO - Episode 1211: Reward= 160.0, Length=160, Loss=1.5492, Memory=60.55
12:24:56 AM - INFO - Episode 1212: Reward= 189.0, Length=189, Loss=1.5492, Memory=60.60
12:24:56 AM - INFO - Step  506: train/policy_loss = 0.468738
12:24:56 AM - INFO - Step  506: train/reward_loss = 0.004312
12:24:56 AM - INFO - Step  506: train/value_loss = 1.192623
12:24:56 AM - INFO - Step  506: total_loss = 1.665672
12:24:58 AM - INFO - Episode 1213: Reward=  23.0, Length= 23, Loss=1.6657, Memory=60.65
12:25:06 AM - INFO - Episode 1214: Reward= 116.0, Length=116, Loss=1.6657, Memory=60.70
12:25:06 AM - INFO - Step  507: train/policy_loss = 0.473611
12:25:06 AM - INFO - Step  507: train/reward_loss = 0.003840
12:25:06 AM - INFO - Step  507: train/value_loss = 1.480896
12:25:06 AM - INFO - Step  507: total_loss = 1.958347
12:25:12 AM - INFO - Episode 1215: Reward=  87.0, Length= 87, Loss=1.9583, Memory=60.75
12:25:15 AM - INFO - Episode 1216: Reward=  47.0, Length= 47, Loss=1.9583, Memory=60.80
12:25:15 AM - INFO - Step  508: train/policy_loss = 0.491157
12:25:15 AM - INFO - Step  508: train/reward_loss = 0.005166
12:25:15 AM - INFO - Step  508: train/value_loss = 0.874702
12:25:15 AM - INFO - Step  508: total_loss = 1.371025
12:25:21 AM - INFO - Episode 1217: Reward=  90.0, Length= 90, Loss=1.3710, Memory=60.85
12:25:27 AM - INFO - Episode 1218: Reward=  85.0, Length= 85, Loss=1.3710, Memory=60.90
12:25:27 AM - INFO - Step  509: train/policy_loss = 0.443919
12:25:27 AM - INFO - Step  509: train/reward_loss = 0.007236
12:25:27 AM - INFO - Step  509: train/value_loss = 0.644108
12:25:27 AM - INFO - Step  509: total_loss = 1.095264
12:25:33 AM - INFO - Episode 1219: Reward=  93.0, Length= 93, Loss=1.0953, Memory=60.95
12:25:36 AM - INFO - Episode 1220: Reward=  40.0, Length= 40, Loss=1.0953, Memory=61.00
12:25:37 AM - INFO - Step  510: train/policy_loss = 0.461934
12:25:37 AM - INFO - Step  510: train/reward_loss = 0.008984
12:25:37 AM - INFO - Step  510: train/value_loss = 1.871285
12:25:37 AM - INFO - Step  510: total_loss = 2.342202
12:25:38 AM - INFO - Episode 1221: Reward=  21.0, Length= 21, Loss=2.3422, Memory=61.05
12:25:38 AM - INFO - Progress: 61.0% | 0.19 it/s | ETA: 1:08:10
12:25:44 AM - INFO - Episode 1222: Reward=  85.0, Length= 85, Loss=2.3422, Memory=61.10
12:25:44 AM - INFO - Step  511: train/policy_loss = 0.488175
12:25:44 AM - INFO - Step  511: train/reward_loss = 0.005706
12:25:44 AM - INFO - Step  511: train/value_loss = 0.743553
12:25:44 AM - INFO - Step  511: total_loss = 1.237434
12:25:45 AM - INFO - Episode 1223: Reward=  22.0, Length= 22, Loss=1.2374, Memory=61.15
12:25:46 AM - INFO - Episode 1224: Reward=  16.0, Length= 16, Loss=1.2374, Memory=61.20
12:25:47 AM - INFO - Step  512: train/policy_loss = 0.501654
12:25:47 AM - INFO - Step  512: train/reward_loss = 0.004792
12:25:47 AM - INFO - Step  512: train/value_loss = 1.292298
12:25:47 AM - INFO - Step  512: total_loss = 1.798744
12:25:47 AM - INFO - Episode 1225: Reward=  10.0, Length= 10, Loss=1.7987, Memory=61.25
12:25:48 AM - INFO - Episode 1226: Reward=  11.0, Length= 11, Loss=1.7987, Memory=61.30
12:25:49 AM - INFO - Step  513: train/policy_loss = 0.446815
12:25:49 AM - INFO - Step  513: train/reward_loss = 0.003725
12:25:49 AM - INFO - Step  513: train/value_loss = 0.991632
12:25:49 AM - INFO - Step  513: total_loss = 1.442172
12:25:49 AM - INFO - Episode 1227: Reward=  10.0, Length= 10, Loss=1.4422, Memory=61.35
12:25:50 AM - INFO - Episode 1228: Reward=  10.0, Length= 10, Loss=1.4422, Memory=61.40
12:25:50 AM - INFO - Step  514: train/policy_loss = 0.505660
12:25:50 AM - INFO - Step  514: train/reward_loss = 0.004116
12:25:50 AM - INFO - Step  514: train/value_loss = 0.927502
12:25:50 AM - INFO - Step  514: total_loss = 1.437279
12:25:51 AM - INFO - Episode 1229: Reward=  10.0, Length= 10, Loss=1.4373, Memory=61.45
12:25:52 AM - INFO - Episode 1230: Reward=  16.0, Length= 16, Loss=1.4373, Memory=61.50
12:25:52 AM - INFO - Step  515: train/policy_loss = 0.491817
12:25:52 AM - INFO - Step  515: train/reward_loss = 0.003635
12:25:52 AM - INFO - Step  515: train/value_loss = 1.836353
12:25:52 AM - INFO - Step  515: total_loss = 2.331805
12:25:53 AM - INFO - Episode 1231: Reward=  12.0, Length= 12, Loss=2.3318, Memory=61.55
12:25:54 AM - INFO - Episode 1232: Reward=  12.0, Length= 12, Loss=2.3318, Memory=61.60
12:25:54 AM - INFO - Step  516: train/policy_loss = 0.497352
12:25:54 AM - INFO - Step  516: train/reward_loss = 0.005403
12:25:54 AM - INFO - Step  516: train/value_loss = 1.292974
12:25:54 AM - INFO - Step  516: total_loss = 1.795729
12:25:55 AM - INFO - Episode 1233: Reward=  10.0, Length= 10, Loss=1.7957, Memory=61.65
12:25:57 AM - INFO - Episode 1234: Reward=  25.0, Length= 25, Loss=1.7957, Memory=61.70
12:25:57 AM - INFO - Step  517: train/policy_loss = 0.530615
12:25:57 AM - INFO - Step  517: train/reward_loss = 0.007415
12:25:57 AM - INFO - Step  517: train/value_loss = 1.439878
12:25:57 AM - INFO - Step  517: total_loss = 1.977908
12:25:59 AM - INFO - Episode 1235: Reward=  30.0, Length= 30, Loss=1.9779, Memory=61.75
12:26:00 AM - INFO - Episode 1236: Reward=  16.0, Length= 16, Loss=1.9779, Memory=61.80
12:26:00 AM - INFO - Step  518: train/policy_loss = 0.492772
12:26:00 AM - INFO - Step  518: train/reward_loss = 0.006710
12:26:00 AM - INFO - Step  518: train/value_loss = 1.567301
12:26:00 AM - INFO - Step  518: total_loss = 2.066784
12:26:07 AM - INFO - Episode 1237: Reward=  99.0, Length= 99, Loss=2.0668, Memory=61.85
12:26:10 AM - INFO - Episode 1238: Reward=  44.0, Length= 44, Loss=2.0668, Memory=61.90
12:26:10 AM - INFO - Step  519: train/policy_loss = 0.518563
12:26:10 AM - INFO - Step  519: train/reward_loss = 0.003833
12:26:10 AM - INFO - Step  519: train/value_loss = 0.990713
12:26:10 AM - INFO - Step  519: total_loss = 1.513108
12:26:15 AM - INFO - Episode 1239: Reward=  81.0, Length= 81, Loss=1.5131, Memory=61.95
12:26:24 AM - INFO - Episode 1240: Reward= 123.0, Length=123, Loss=1.5131, Memory=62.00
12:26:24 AM - INFO - Step  520: train/policy_loss = 0.493311
12:26:24 AM - INFO - Step  520: train/reward_loss = 0.004325
12:26:24 AM - INFO - Step  520: train/value_loss = 1.413636
12:26:24 AM - INFO - Step  520: total_loss = 1.911272
12:26:29 AM - INFO - Episode 1241: Reward=  77.0, Length= 77, Loss=1.9113, Memory=62.05
12:26:29 AM - INFO - Progress: 62.0% | 0.20 it/s | ETA: 1:04:56
12:26:34 AM - INFO - Episode 1242: Reward=  83.0, Length= 83, Loss=1.9113, Memory=62.10
12:26:35 AM - INFO - Step  521: train/policy_loss = 0.468209
12:26:35 AM - INFO - Step  521: train/reward_loss = 0.005204
12:26:35 AM - INFO - Step  521: train/value_loss = 1.370064
12:26:35 AM - INFO - Step  521: total_loss = 1.843478
12:26:36 AM - INFO - Episode 1243: Reward=  13.0, Length= 13, Loss=1.8435, Memory=62.15
12:26:36 AM - INFO - Episode 1244: Reward=  12.0, Length= 12, Loss=1.8435, Memory=62.20
12:26:37 AM - INFO - Step  522: train/policy_loss = 0.467101
12:26:37 AM - INFO - Step  522: train/reward_loss = 0.004553
12:26:37 AM - INFO - Step  522: train/value_loss = 1.011067
12:26:37 AM - INFO - Step  522: total_loss = 1.482721
12:26:37 AM - INFO - Episode 1245: Reward=  11.0, Length= 11, Loss=1.4827, Memory=62.25
12:26:38 AM - INFO - Episode 1246: Reward=  12.0, Length= 12, Loss=1.4827, Memory=62.30
12:26:39 AM - INFO - Step  523: train/policy_loss = 0.498419
12:26:39 AM - INFO - Step  523: train/reward_loss = 0.004529
12:26:39 AM - INFO - Step  523: train/value_loss = 1.168285
12:26:39 AM - INFO - Step  523: total_loss = 1.671234
12:26:39 AM - INFO - Episode 1247: Reward=  13.0, Length= 13, Loss=1.6712, Memory=62.35
12:26:40 AM - INFO - Episode 1248: Reward=  11.0, Length= 11, Loss=1.6712, Memory=62.40
12:26:41 AM - INFO - Step  524: train/policy_loss = 0.450927
12:26:41 AM - INFO - Step  524: train/reward_loss = 0.003946
12:26:41 AM - INFO - Step  524: train/value_loss = 1.443076
12:26:41 AM - INFO - Step  524: total_loss = 1.897949
12:26:42 AM - INFO - Episode 1249: Reward=  25.0, Length= 25, Loss=1.8979, Memory=62.45
12:26:46 AM - INFO - Episode 1250: Reward=  48.0, Length= 48, Loss=1.8979, Memory=62.50
12:26:46 AM - INFO - Step  525: train/policy_loss = 0.467397
12:26:46 AM - INFO - Step  525: train/reward_loss = 0.004181
12:26:46 AM - INFO - Step  525: train/value_loss = 1.314407
12:26:46 AM - INFO - Step  525: total_loss = 1.785985
12:26:46 AM - INFO - Checkpoint saved to checkpoints/CartPole-v1/20250725_213748/episode_01250.pkl
12:26:51 AM - INFO - Episode 1251: Reward=  72.0, Length= 72, Loss=1.7860, Memory=62.55
12:26:52 AM - INFO - Episode 1252: Reward=  21.0, Length= 21, Loss=1.7860, Memory=62.60
12:26:52 AM - INFO - Step  526: train/policy_loss = 0.476203
12:26:52 AM - INFO - Step  526: train/reward_loss = 0.004145
12:26:52 AM - INFO - Step  526: train/value_loss = 1.295485
12:26:52 AM - INFO - Step  526: total_loss = 1.775833
12:26:53 AM - INFO - Episode 1253: Reward=  11.0, Length= 11, Loss=1.7758, Memory=62.65
12:26:56 AM - INFO - Episode 1254: Reward=  35.0, Length= 35, Loss=1.7758, Memory=62.70
12:26:56 AM - INFO - Step  527: train/policy_loss = 0.456940
12:26:56 AM - INFO - Step  527: train/reward_loss = 0.003934
12:26:56 AM - INFO - Step  527: train/value_loss = 1.012156
12:26:56 AM - INFO - Step  527: total_loss = 1.473030
12:27:01 AM - INFO - Episode 1255: Reward=  83.0, Length= 83, Loss=1.4730, Memory=62.75
12:27:04 AM - INFO - Episode 1256: Reward=  41.0, Length= 41, Loss=1.4730, Memory=62.80
12:27:04 AM - INFO - Step  528: train/policy_loss = 0.475818
12:27:04 AM - INFO - Step  528: train/reward_loss = 0.004171
12:27:04 AM - INFO - Step  528: train/value_loss = 0.957040
12:27:04 AM - INFO - Step  528: total_loss = 1.437030
12:27:06 AM - INFO - Episode 1257: Reward=  28.0, Length= 28, Loss=1.4370, Memory=62.85
12:27:07 AM - INFO - Episode 1258: Reward=  13.0, Length= 13, Loss=1.4370, Memory=62.90
12:27:07 AM - INFO - Step  529: train/policy_loss = 0.465970
12:27:07 AM - INFO - Step  529: train/reward_loss = 0.004281
12:27:07 AM - INFO - Step  529: train/value_loss = 0.965399
12:27:07 AM - INFO - Step  529: total_loss = 1.435651
12:27:13 AM - INFO - Episode 1259: Reward=  89.0, Length= 89, Loss=1.4357, Memory=62.95
12:27:14 AM - INFO - Episode 1260: Reward=  12.0, Length= 12, Loss=1.4357, Memory=63.00
12:27:14 AM - INFO - Step  530: train/policy_loss = 0.457522
12:27:14 AM - INFO - Step  530: train/reward_loss = 0.004404
12:27:14 AM - INFO - Step  530: train/value_loss = 0.994198
12:27:14 AM - INFO - Step  530: total_loss = 1.456123
12:27:19 AM - INFO - Episode 1261: Reward=  77.0, Length= 77, Loss=1.4561, Memory=63.05
12:27:19 AM - INFO - Progress: 63.0% | 0.37 it/s | ETA: 33:09
12:27:20 AM - INFO - Episode 1262: Reward=   9.0, Length=  9, Loss=1.4561, Memory=63.10
12:27:20 AM - INFO - Step  531: train/policy_loss = 0.489958
12:27:20 AM - INFO - Step  531: train/reward_loss = 0.005371
12:27:20 AM - INFO - Step  531: train/value_loss = 1.443110
12:27:20 AM - INFO - Step  531: total_loss = 1.938439
12:27:24 AM - INFO - Episode 1263: Reward=  47.0, Length= 47, Loss=1.9384, Memory=63.15
12:27:31 AM - INFO - Episode 1264: Reward= 110.0, Length=110, Loss=1.9384, Memory=63.20
12:27:31 AM - INFO - Step  532: train/policy_loss = 0.484718
12:27:31 AM - INFO - Step  532: train/reward_loss = 0.004755
12:27:31 AM - INFO - Step  532: train/value_loss = 1.488119
12:27:31 AM - INFO - Step  532: total_loss = 1.977592
12:27:32 AM - INFO - Episode 1265: Reward=  16.0, Length= 16, Loss=1.9776, Memory=63.25
12:27:36 AM - INFO - Episode 1266: Reward=  60.0, Length= 60, Loss=1.9776, Memory=63.30
12:27:36 AM - INFO - Step  533: train/policy_loss = 0.484474
12:27:36 AM - INFO - Step  533: train/reward_loss = 0.003125
12:27:36 AM - INFO - Step  533: train/value_loss = 1.049837
12:27:36 AM - INFO - Step  533: total_loss = 1.537436
12:27:44 AM - INFO - Episode 1267: Reward= 110.0, Length=110, Loss=1.5374, Memory=63.35
12:28:02 AM - INFO - Episode 1268: Reward= 289.0, Length=289, Loss=1.5374, Memory=63.40
12:28:03 AM - INFO - Step  534: train/policy_loss = 0.474861
12:28:03 AM - INFO - Step  534: train/reward_loss = 0.003790
12:28:03 AM - INFO - Step  534: train/value_loss = 0.931272
12:28:03 AM - INFO - Step  534: total_loss = 1.409924
12:28:31 AM - INFO - Episode 1269: Reward= 437.0, Length=437, Loss=1.4099, Memory=63.45
12:28:59 AM - INFO - Episode 1270: Reward= 423.0, Length=423, Loss=1.4099, Memory=63.50
12:28:59 AM - INFO - Step  535: train/policy_loss = 0.470139
12:28:59 AM - INFO - Step  535: train/reward_loss = 0.003657
12:28:59 AM - INFO - Step  535: train/value_loss = 0.781977
12:28:59 AM - INFO - Step  535: total_loss = 1.255773
12:29:32 AM - INFO - Episode 1271: Reward= 500.0, Length=500, Loss=1.2558, Memory=63.55
12:29:48 AM - INFO - Episode 1272: Reward= 249.0, Length=249, Loss=1.2558, Memory=63.60
12:29:48 AM - INFO - Step  536: train/policy_loss = 0.475709
12:29:48 AM - INFO - Step  536: train/reward_loss = 0.004371
12:29:48 AM - INFO - Step  536: train/value_loss = 1.024761
12:29:48 AM - INFO - Step  536: total_loss = 1.504841
12:30:21 AM - INFO - Episode 1273: Reward= 500.0, Length=500, Loss=1.5048, Memory=63.65
12:30:53 AM - INFO - Episode 1274: Reward= 500.0, Length=500, Loss=1.5048, Memory=63.70
12:30:53 AM - INFO - Step  537: train/policy_loss = 0.484203
12:30:53 AM - INFO - Step  537: train/reward_loss = 0.003285
12:30:53 AM - INFO - Step  537: train/value_loss = 0.956798
12:30:53 AM - INFO - Step  537: total_loss = 1.444286
12:31:26 AM - INFO - Episode 1275: Reward= 500.0, Length=500, Loss=1.4443, Memory=63.75
12:31:52 AM - INFO - Episode 1276: Reward= 408.0, Length=408, Loss=1.4443, Memory=63.80
12:31:53 AM - INFO - Step  538: train/policy_loss = 0.532202
12:31:53 AM - INFO - Step  538: train/reward_loss = 0.004382
12:31:53 AM - INFO - Step  538: train/value_loss = 1.207197
12:31:53 AM - INFO - Step  538: total_loss = 1.743781
12:32:25 AM - INFO - Episode 1277: Reward= 500.0, Length=500, Loss=1.7438, Memory=63.85
12:32:46 AM - INFO - Episode 1278: Reward= 326.0, Length=326, Loss=1.7438, Memory=63.90
12:32:46 AM - INFO - Step  539: train/policy_loss = 0.476688
12:32:46 AM - INFO - Step  539: train/reward_loss = 0.003803
12:32:46 AM - INFO - Step  539: train/value_loss = 0.975562
12:32:46 AM - INFO - Step  539: total_loss = 1.456053
12:33:18 AM - INFO - Episode 1279: Reward= 500.0, Length=500, Loss=1.4561, Memory=63.95
12:33:45 AM - INFO - Episode 1280: Reward= 409.0, Length=409, Loss=1.4561, Memory=64.00
12:33:45 AM - INFO - Step  540: train/policy_loss = 0.522636
12:33:45 AM - INFO - Step  540: train/reward_loss = 0.004630
12:33:45 AM - INFO - Step  540: train/value_loss = 1.154594
12:33:45 AM - INFO - Step  540: total_loss = 1.681860
12:33:57 AM - INFO - Episode 1281: Reward= 175.0, Length=175, Loss=1.6819, Memory=64.05
12:33:57 AM - INFO - Progress: 64.0% | 0.04 it/s | ETA: 5:34:57
12:34:08 AM - INFO - Episode 1282: Reward= 173.0, Length=173, Loss=1.6819, Memory=64.10
12:34:08 AM - INFO - Step  541: train/policy_loss = 0.451524
12:34:08 AM - INFO - Step  541: train/reward_loss = 0.003632
12:34:08 AM - INFO - Step  541: train/value_loss = 0.917907
12:34:08 AM - INFO - Step  541: total_loss = 1.373063
12:34:13 AM - INFO - Episode 1283: Reward=  73.0, Length= 73, Loss=1.3731, Memory=64.15
12:34:19 AM - INFO - Episode 1284: Reward=  96.0, Length= 96, Loss=1.3731, Memory=64.20
12:34:19 AM - INFO - Step  542: train/policy_loss = 0.499519
12:34:19 AM - INFO - Step  542: train/reward_loss = 0.003422
12:34:19 AM - INFO - Step  542: train/value_loss = 1.541829
12:34:19 AM - INFO - Step  542: total_loss = 2.044770
12:34:21 AM - INFO - Episode 1285: Reward=  18.0, Length= 18, Loss=2.0448, Memory=64.25
12:34:24 AM - INFO - Episode 1286: Reward=  46.0, Length= 46, Loss=2.0448, Memory=64.30
12:34:24 AM - INFO - Step  543: train/policy_loss = 0.486205
12:34:24 AM - INFO - Step  543: train/reward_loss = 0.003248
12:34:24 AM - INFO - Step  543: train/value_loss = 1.057231
12:34:24 AM - INFO - Step  543: total_loss = 1.546684
12:34:28 AM - INFO - Episode 1287: Reward=  56.0, Length= 56, Loss=1.5467, Memory=64.35
12:34:37 AM - INFO - Episode 1288: Reward= 151.0, Length=151, Loss=1.5467, Memory=64.40
12:34:38 AM - INFO - Step  544: train/policy_loss = 0.492514
12:34:38 AM - INFO - Step  544: train/reward_loss = 0.003319
12:34:38 AM - INFO - Step  544: train/value_loss = 0.947083
12:34:38 AM - INFO - Step  544: total_loss = 1.442917
12:35:02 AM - INFO - Episode 1289: Reward= 368.0, Length=368, Loss=1.4429, Memory=64.45
12:35:06 AM - INFO - Episode 1290: Reward=  61.0, Length= 61, Loss=1.4429, Memory=64.50
12:35:06 AM - INFO - Step  545: train/policy_loss = 0.472078
12:35:06 AM - INFO - Step  545: train/reward_loss = 0.002536
12:35:06 AM - INFO - Step  545: train/value_loss = 0.907553
12:35:06 AM - INFO - Step  545: total_loss = 1.382168
12:35:20 AM - INFO - Episode 1291: Reward= 216.0, Length=216, Loss=1.3822, Memory=64.55
12:35:36 AM - INFO - Episode 1292: Reward= 252.0, Length=252, Loss=1.3822, Memory=64.60
12:35:37 AM - INFO - Step  546: train/policy_loss = 0.499513
12:35:37 AM - INFO - Step  546: train/reward_loss = 0.002503
12:35:37 AM - INFO - Step  546: train/value_loss = 1.250558
12:35:37 AM - INFO - Step  546: total_loss = 1.752574
12:35:50 AM - INFO - Episode 1293: Reward= 201.0, Length=201, Loss=1.7526, Memory=64.65
12:36:03 AM - INFO - Episode 1294: Reward= 198.0, Length=198, Loss=1.7526, Memory=64.70
12:36:03 AM - INFO - Step  547: train/policy_loss = 0.485565
12:36:03 AM - INFO - Step  547: train/reward_loss = 0.003131
12:36:03 AM - INFO - Step  547: train/value_loss = 1.713522
12:36:03 AM - INFO - Step  547: total_loss = 2.202217
12:36:07 AM - INFO - Episode 1295: Reward=  71.0, Length= 71, Loss=2.2022, Memory=64.75
12:36:23 AM - INFO - Episode 1296: Reward= 233.0, Length=233, Loss=2.2022, Memory=64.80
12:36:23 AM - INFO - Step  548: train/policy_loss = 0.440946
12:36:23 AM - INFO - Step  548: train/reward_loss = 0.003441
12:36:23 AM - INFO - Step  548: train/value_loss = 1.287534
12:36:23 AM - INFO - Step  548: total_loss = 1.731921
12:36:24 AM - INFO - Episode 1297: Reward=  14.0, Length= 14, Loss=1.7319, Memory=64.85
12:36:35 AM - INFO - Episode 1298: Reward= 165.0, Length=165, Loss=1.7319, Memory=64.90
12:36:35 AM - INFO - Step  549: train/policy_loss = 0.484341
12:36:35 AM - INFO - Step  549: train/reward_loss = 0.002945
12:36:35 AM - INFO - Step  549: train/value_loss = 1.376567
12:36:35 AM - INFO - Step  549: total_loss = 1.863853
12:36:36 AM - INFO - Episode 1299: Reward=  15.0, Length= 15, Loss=1.8639, Memory=64.95
12:36:42 AM - INFO - Episode 1300: Reward=  97.0, Length= 97, Loss=1.8639, Memory=65.00
12:36:43 AM - INFO - Step  550: train/policy_loss = 0.493692
12:36:43 AM - INFO - Step  550: train/reward_loss = 0.005759
12:36:43 AM - INFO - Step  550: train/value_loss = 1.715392
12:36:43 AM - INFO - Step  550: total_loss = 2.214843
12:36:43 AM - INFO - Checkpoint saved to checkpoints/CartPole-v1/20250725_213748/episode_01300.pkl
12:36:43 AM - INFO - Episode 1301: Reward=  11.0, Length= 11, Loss=2.2148, Memory=65.05
12:36:43 AM - INFO - Progress: 65.0% | 0.15 it/s | ETA: 1:19:34
12:36:44 AM - INFO - Episode 1302: Reward=  13.0, Length= 13, Loss=2.2148, Memory=65.10
12:36:45 AM - INFO - Step  551: train/policy_loss = 0.450173
12:36:45 AM - INFO - Step  551: train/reward_loss = 0.004825
12:36:45 AM - INFO - Step  551: train/value_loss = 1.176664
12:36:45 AM - INFO - Step  551: total_loss = 1.631662
12:36:47 AM - INFO - Episode 1303: Reward=  30.0, Length= 30, Loss=1.6317, Memory=65.15
12:36:47 AM - INFO - Episode 1304: Reward=  12.0, Length= 12, Loss=1.6317, Memory=65.20
12:36:48 AM - INFO - Step  552: train/policy_loss = 0.504000
12:36:48 AM - INFO - Step  552: train/reward_loss = 0.005534
12:36:48 AM - INFO - Step  552: train/value_loss = 1.170099
12:36:48 AM - INFO - Step  552: total_loss = 1.679632
12:36:50 AM - INFO - Episode 1305: Reward=  28.0, Length= 28, Loss=1.6796, Memory=65.25
12:36:51 AM - INFO - Episode 1306: Reward=  11.0, Length= 11, Loss=1.6796, Memory=65.30
12:36:51 AM - INFO - Step  553: train/policy_loss = 0.473077
12:36:51 AM - INFO - Step  553: train/reward_loss = 0.004348
12:36:51 AM - INFO - Step  553: train/value_loss = 1.279735
12:36:51 AM - INFO - Step  553: total_loss = 1.757160
12:36:54 AM - INFO - Episode 1307: Reward=  48.0, Length= 48, Loss=1.7572, Memory=65.35
12:36:56 AM - INFO - Episode 1308: Reward=  28.0, Length= 28, Loss=1.7572, Memory=65.40
12:36:56 AM - INFO - Step  554: train/policy_loss = 0.502278
12:36:56 AM - INFO - Step  554: train/reward_loss = 0.003769
12:36:56 AM - INFO - Step  554: train/value_loss = 1.264911
12:36:56 AM - INFO - Step  554: total_loss = 1.770959
12:37:09 AM - INFO - Episode 1309: Reward= 200.0, Length=200, Loss=1.7710, Memory=65.45
12:37:10 AM - INFO - Episode 1310: Reward=  12.0, Length= 12, Loss=1.7710, Memory=65.50
12:37:10 AM - INFO - Step  555: train/policy_loss = 0.506780
12:37:10 AM - INFO - Step  555: train/reward_loss = 0.004518
12:37:10 AM - INFO - Step  555: train/value_loss = 1.337788
12:37:10 AM - INFO - Step  555: total_loss = 1.849087
12:37:21 AM - INFO - Episode 1311: Reward= 170.0, Length=170, Loss=1.8491, Memory=65.55
12:37:33 AM - INFO - Episode 1312: Reward= 178.0, Length=178, Loss=1.8491, Memory=65.60
12:37:33 AM - INFO - Step  556: train/policy_loss = 0.464859
12:37:33 AM - INFO - Step  556: train/reward_loss = 0.005389
12:37:33 AM - INFO - Step  556: train/value_loss = 1.112608
12:37:33 AM - INFO - Step  556: total_loss = 1.582856
12:37:41 AM - INFO - Episode 1313: Reward= 131.0, Length=131, Loss=1.5829, Memory=65.65
12:37:50 AM - INFO - Episode 1314: Reward= 124.0, Length=124, Loss=1.5829, Memory=65.70
12:37:50 AM - INFO - Step  557: train/policy_loss = 0.463880
12:37:50 AM - INFO - Step  557: train/reward_loss = 0.003172
12:37:50 AM - INFO - Step  557: train/value_loss = 1.182893
12:37:50 AM - INFO - Step  557: total_loss = 1.649946
12:37:56 AM - INFO - Episode 1315: Reward= 101.0, Length=101, Loss=1.6499, Memory=65.75
12:38:12 AM - INFO - Episode 1316: Reward= 243.0, Length=243, Loss=1.6499, Memory=65.80
12:38:12 AM - INFO - Step  558: train/policy_loss = 0.432491
12:38:12 AM - INFO - Step  558: train/reward_loss = 0.003342
12:38:12 AM - INFO - Step  558: train/value_loss = 1.111942
12:38:12 AM - INFO - Step  558: total_loss = 1.547775
12:38:44 AM - INFO - Episode 1317: Reward= 500.0, Length=500, Loss=1.5478, Memory=65.85
12:39:16 AM - INFO - Episode 1318: Reward= 500.0, Length=500, Loss=1.5478, Memory=65.90
12:39:17 AM - INFO - Step  559: train/policy_loss = 0.520950
12:39:17 AM - INFO - Step  559: train/reward_loss = 0.004387
12:39:17 AM - INFO - Step  559: train/value_loss = 0.931932
12:39:17 AM - INFO - Step  559: total_loss = 1.457270
12:39:37 AM - INFO - Episode 1319: Reward= 313.0, Length=313, Loss=1.4573, Memory=65.95
12:40:06 AM - INFO - Episode 1320: Reward= 452.0, Length=452, Loss=1.4573, Memory=66.00
12:40:07 AM - INFO - Step  560: train/policy_loss = 0.454839
12:40:07 AM - INFO - Step  560: train/reward_loss = 0.003438
12:40:07 AM - INFO - Step  560: train/value_loss = 1.125367
12:40:07 AM - INFO - Step  560: total_loss = 1.583644
12:40:24 AM - INFO - Episode 1321: Reward= 264.0, Length=264, Loss=1.5836, Memory=66.05
12:40:24 AM - INFO - Progress: 66.0% | 0.04 it/s | ETA: 4:27:53
12:40:41 AM - INFO - Episode 1322: Reward= 274.0, Length=274, Loss=1.5836, Memory=66.10
12:40:42 AM - INFO - Step  561: train/policy_loss = 0.453193
12:40:42 AM - INFO - Step  561: train/reward_loss = 0.003803
12:40:42 AM - INFO - Step  561: train/value_loss = 1.024425
12:40:42 AM - INFO - Step  561: total_loss = 1.481422
12:41:04 AM - INFO - Episode 1323: Reward= 347.0, Length=347, Loss=1.4814, Memory=66.15
12:41:26 AM - INFO - Episode 1324: Reward= 323.0, Length=323, Loss=1.4814, Memory=66.20
12:41:26 AM - INFO - Step  562: train/policy_loss = 0.467184
12:41:26 AM - INFO - Step  562: train/reward_loss = 0.003323
12:41:26 AM - INFO - Step  562: train/value_loss = 1.045293
12:41:26 AM - INFO - Step  562: total_loss = 1.515800
12:41:54 AM - INFO - Episode 1325: Reward= 427.0, Length=427, Loss=1.5158, Memory=66.25
12:42:13 AM - INFO - Episode 1326: Reward= 297.0, Length=297, Loss=1.5158, Memory=66.30
12:42:14 AM - INFO - Step  563: train/policy_loss = 0.480311
12:42:14 AM - INFO - Step  563: train/reward_loss = 0.002958
12:42:14 AM - INFO - Step  563: train/value_loss = 0.712677
12:42:14 AM - INFO - Step  563: total_loss = 1.195946
12:42:45 AM - INFO - Episode 1327: Reward= 483.0, Length=483, Loss=1.1959, Memory=66.35
12:43:06 AM - INFO - Episode 1328: Reward= 327.0, Length=327, Loss=1.1959, Memory=66.40
12:43:07 AM - INFO - Step  564: train/policy_loss = 0.474225
12:43:07 AM - INFO - Step  564: train/reward_loss = 0.004618
12:43:07 AM - INFO - Step  564: train/value_loss = 1.374856
12:43:07 AM - INFO - Step  564: total_loss = 1.853699
12:43:39 AM - INFO - Episode 1329: Reward= 500.0, Length=500, Loss=1.8537, Memory=66.45
12:44:11 AM - INFO - Episode 1330: Reward= 500.0, Length=500, Loss=1.8537, Memory=66.50
12:44:12 AM - INFO - Step  565: train/policy_loss = 0.479105
12:44:12 AM - INFO - Step  565: train/reward_loss = 0.003903
12:44:12 AM - INFO - Step  565: train/value_loss = 1.319159
12:44:12 AM - INFO - Step  565: total_loss = 1.802167
12:44:15 AM - INFO - Episode 1331: Reward=  55.0, Length= 55, Loss=1.8022, Memory=66.55
12:44:22 AM - INFO - Episode 1332: Reward= 101.0, Length=101, Loss=1.8022, Memory=66.60
12:44:22 AM - INFO - Step  566: train/policy_loss = 0.447556
12:44:22 AM - INFO - Step  566: train/reward_loss = 0.002980
12:44:22 AM - INFO - Step  566: train/value_loss = 0.907309
12:44:22 AM - INFO - Step  566: total_loss = 1.357845
12:44:23 AM - INFO - Episode 1333: Reward=  12.0, Length= 12, Loss=1.3578, Memory=66.65
12:44:24 AM - INFO - Episode 1334: Reward=  13.0, Length= 13, Loss=1.3578, Memory=66.70
12:44:25 AM - INFO - Step  567: train/policy_loss = 0.462852
12:44:25 AM - INFO - Step  567: train/reward_loss = 0.004212
12:44:25 AM - INFO - Step  567: train/value_loss = 1.125979
12:44:25 AM - INFO - Step  567: total_loss = 1.593043
12:44:25 AM - INFO - Episode 1335: Reward=  12.0, Length= 12, Loss=1.5930, Memory=66.75
12:44:26 AM - INFO - Episode 1336: Reward=  12.0, Length= 12, Loss=1.5930, Memory=66.80
12:44:27 AM - INFO - Step  568: train/policy_loss = 0.485402
12:44:27 AM - INFO - Step  568: train/reward_loss = 0.004203
12:44:27 AM - INFO - Step  568: train/value_loss = 0.882016
12:44:27 AM - INFO - Step  568: total_loss = 1.371622
12:44:28 AM - INFO - Episode 1337: Reward=  15.0, Length= 15, Loss=1.3716, Memory=66.85
12:44:29 AM - INFO - Episode 1338: Reward=  25.0, Length= 25, Loss=1.3716, Memory=66.90
12:44:30 AM - INFO - Step  569: train/policy_loss = 0.469822
12:44:30 AM - INFO - Step  569: train/reward_loss = 0.003390
12:44:30 AM - INFO - Step  569: train/value_loss = 0.732045
12:44:30 AM - INFO - Step  569: total_loss = 1.205257
12:44:31 AM - INFO - Episode 1339: Reward=  17.0, Length= 17, Loss=1.2053, Memory=66.95
12:44:32 AM - INFO - Episode 1340: Reward=  15.0, Length= 15, Loss=1.2053, Memory=67.00
12:44:32 AM - INFO - Step  570: train/policy_loss = 0.462757
12:44:32 AM - INFO - Step  570: train/reward_loss = 0.003396
12:44:32 AM - INFO - Step  570: train/value_loss = 1.607764
12:44:32 AM - INFO - Step  570: total_loss = 2.073917
12:44:35 AM - INFO - Episode 1341: Reward=  33.0, Length= 33, Loss=2.0739, Memory=67.05
12:44:35 AM - INFO - Progress: 67.0% | 0.45 it/s | ETA: 24:38
12:44:49 AM - INFO - Episode 1342: Reward= 222.0, Length=222, Loss=2.0739, Memory=67.10
12:44:49 AM - INFO - Step  571: train/policy_loss = 0.509570
12:44:49 AM - INFO - Step  571: train/reward_loss = 0.003795
12:44:49 AM - INFO - Step  571: train/value_loss = 1.097001
12:44:49 AM - INFO - Step  571: total_loss = 1.610366
12:44:53 AM - INFO - Episode 1343: Reward=  55.0, Length= 55, Loss=1.6104, Memory=67.15
12:44:57 AM - INFO - Episode 1344: Reward=  56.0, Length= 56, Loss=1.6104, Memory=67.20
12:44:57 AM - INFO - Step  572: train/policy_loss = 0.447373
12:44:57 AM - INFO - Step  572: train/reward_loss = 0.004319
12:44:57 AM - INFO - Step  572: train/value_loss = 0.867403
12:44:57 AM - INFO - Step  572: total_loss = 1.319095
12:45:22 AM - INFO - Episode 1345: Reward= 389.0, Length=389, Loss=1.3191, Memory=67.25
12:45:48 AM - INFO - Episode 1346: Reward= 392.0, Length=392, Loss=1.3191, Memory=67.30
12:45:48 AM - INFO - Step  573: train/policy_loss = 0.520677
12:45:48 AM - INFO - Step  573: train/reward_loss = 0.004253
12:45:48 AM - INFO - Step  573: train/value_loss = 1.116386
12:45:48 AM - INFO - Step  573: total_loss = 1.641315
12:46:18 AM - INFO - Episode 1347: Reward= 471.0, Length=471, Loss=1.6413, Memory=67.35
12:46:47 AM - INFO - Episode 1348: Reward= 437.0, Length=437, Loss=1.6413, Memory=67.40
12:46:47 AM - INFO - Step  574: train/policy_loss = 0.490105
12:46:47 AM - INFO - Step  574: train/reward_loss = 0.003704
12:46:47 AM - INFO - Step  574: train/value_loss = 1.024574
12:46:47 AM - INFO - Step  574: total_loss = 1.518383
12:47:19 AM - INFO - Episode 1349: Reward= 500.0, Length=500, Loss=1.5184, Memory=67.45
12:47:52 AM - INFO - Episode 1350: Reward= 500.0, Length=500, Loss=1.5184, Memory=67.50
12:47:52 AM - INFO - Step  575: train/policy_loss = 0.433678
12:47:52 AM - INFO - Step  575: train/reward_loss = 0.004040
12:47:52 AM - INFO - Step  575: train/value_loss = 0.640321
12:47:52 AM - INFO - Step  575: total_loss = 1.078039
12:47:52 AM - INFO - Checkpoint saved to checkpoints/CartPole-v1/20250725_213748/episode_01350.pkl
12:48:25 AM - INFO - Episode 1351: Reward= 500.0, Length=500, Loss=1.0780, Memory=67.55
12:48:57 AM - INFO - Episode 1352: Reward= 500.0, Length=500, Loss=1.0780, Memory=67.60
12:48:57 AM - INFO - Step  576: train/policy_loss = 0.499908
12:48:57 AM - INFO - Step  576: train/reward_loss = 0.004133
12:48:57 AM - INFO - Step  576: train/value_loss = 0.888957
12:48:57 AM - INFO - Step  576: total_loss = 1.392999
12:49:30 AM - INFO - Episode 1353: Reward= 500.0, Length=500, Loss=1.3930, Memory=67.65
12:50:02 AM - INFO - Episode 1354: Reward= 500.0, Length=500, Loss=1.3930, Memory=67.70
12:50:03 AM - INFO - Step  577: train/policy_loss = 0.510237
12:50:03 AM - INFO - Step  577: train/reward_loss = 0.002883
12:50:03 AM - INFO - Step  577: train/value_loss = 1.216020
12:50:03 AM - INFO - Step  577: total_loss = 1.729141
12:50:09 AM - INFO - Episode 1355: Reward= 102.0, Length=102, Loss=1.7291, Memory=67.75
12:50:42 AM - INFO - Episode 1356: Reward= 500.0, Length=500, Loss=1.7291, Memory=67.80
12:50:42 AM - INFO - Step  578: train/policy_loss = 0.474169
12:50:42 AM - INFO - Step  578: train/reward_loss = 0.004341
12:50:42 AM - INFO - Step  578: train/value_loss = 1.243806
12:50:42 AM - INFO - Step  578: total_loss = 1.722317
12:50:47 AM - INFO - Episode 1357: Reward=  80.0, Length= 80, Loss=1.7223, Memory=67.85
12:50:52 AM - INFO - Episode 1358: Reward=  75.0, Length= 75, Loss=1.7223, Memory=67.90
12:50:53 AM - INFO - Step  579: train/policy_loss = 0.501526
12:50:53 AM - INFO - Step  579: train/reward_loss = 0.004421
12:50:53 AM - INFO - Step  579: train/value_loss = 1.077695
12:50:53 AM - INFO - Step  579: total_loss = 1.583643
12:50:58 AM - INFO - Episode 1359: Reward=  72.0, Length= 72, Loss=1.5836, Memory=67.95
12:51:01 AM - INFO - Episode 1360: Reward=  57.0, Length= 57, Loss=1.5836, Memory=68.00
12:51:02 AM - INFO - Step  580: train/policy_loss = 0.489228
12:51:02 AM - INFO - Step  580: train/reward_loss = 0.003845
12:51:02 AM - INFO - Step  580: train/value_loss = 0.916406
12:51:02 AM - INFO - Step  580: total_loss = 1.409479
12:51:09 AM - INFO - Episode 1361: Reward= 116.0, Length=116, Loss=1.4095, Memory=68.05
12:51:09 AM - INFO - Progress: 68.0% | 0.10 it/s | ETA: 1:46:18
12:51:42 AM - INFO - Episode 1362: Reward= 500.0, Length=500, Loss=1.4095, Memory=68.10
12:51:42 AM - INFO - Step  581: train/policy_loss = 0.505510
12:51:42 AM - INFO - Step  581: train/reward_loss = 0.003313
12:51:42 AM - INFO - Step  581: train/value_loss = 1.606821
12:51:42 AM - INFO - Step  581: total_loss = 2.115645
12:51:46 AM - INFO - Episode 1363: Reward=  63.0, Length= 63, Loss=2.1156, Memory=68.15
12:51:53 AM - INFO - Episode 1364: Reward= 110.0, Length=110, Loss=2.1156, Memory=68.20
12:51:54 AM - INFO - Step  582: train/policy_loss = 0.457286
12:51:54 AM - INFO - Step  582: train/reward_loss = 0.003304
12:51:54 AM - INFO - Step  582: train/value_loss = 1.158654
12:51:54 AM - INFO - Step  582: total_loss = 1.619244
12:52:03 AM - INFO - Episode 1365: Reward= 140.0, Length=140, Loss=1.6192, Memory=68.25
12:52:07 AM - INFO - Episode 1366: Reward=  64.0, Length= 64, Loss=1.6192, Memory=68.30
12:52:07 AM - INFO - Step  583: train/policy_loss = 0.479597
12:52:07 AM - INFO - Step  583: train/reward_loss = 0.002872
12:52:07 AM - INFO - Step  583: train/value_loss = 1.201842
12:52:07 AM - INFO - Step  583: total_loss = 1.684311
12:52:37 AM - INFO - Episode 1367: Reward= 453.0, Length=453, Loss=1.6843, Memory=68.35
12:53:09 AM - INFO - Episode 1368: Reward= 500.0, Length=500, Loss=1.6843, Memory=68.40
12:53:09 AM - INFO - Step  584: train/policy_loss = 0.489673
12:53:09 AM - INFO - Step  584: train/reward_loss = 0.002578
12:53:09 AM - INFO - Step  584: train/value_loss = 0.877096
12:53:09 AM - INFO - Step  584: total_loss = 1.369348
12:53:25 AM - INFO - Episode 1369: Reward= 238.0, Length=238, Loss=1.3693, Memory=68.45
12:53:45 AM - INFO - Episode 1370: Reward= 304.0, Length=304, Loss=1.3693, Memory=68.50
12:53:45 AM - INFO - Step  585: train/policy_loss = 0.452427
12:53:45 AM - INFO - Step  585: train/reward_loss = 0.002677
12:53:45 AM - INFO - Step  585: train/value_loss = 0.886749
12:53:45 AM - INFO - Step  585: total_loss = 1.341853
12:54:17 AM - INFO - Episode 1371: Reward= 500.0, Length=500, Loss=1.3419, Memory=68.55
12:54:50 AM - INFO - Episode 1372: Reward= 500.0, Length=500, Loss=1.3419, Memory=68.60
12:54:50 AM - INFO - Step  586: train/policy_loss = 0.472911
12:54:50 AM - INFO - Step  586: train/reward_loss = 0.003671
12:54:50 AM - INFO - Step  586: train/value_loss = 1.798906
12:54:50 AM - INFO - Step  586: total_loss = 2.275489
12:55:22 AM - INFO - Episode 1373: Reward= 500.0, Length=500, Loss=2.2755, Memory=68.65
12:55:55 AM - INFO - Episode 1374: Reward= 500.0, Length=500, Loss=2.2755, Memory=68.70
12:55:56 AM - INFO - Step  587: train/policy_loss = 0.493373
12:55:56 AM - INFO - Step  587: train/reward_loss = 0.003314
12:55:56 AM - INFO - Step  587: train/value_loss = 1.206916
12:55:56 AM - INFO - Step  587: total_loss = 1.703604
12:56:28 AM - INFO - Episode 1375: Reward= 500.0, Length=500, Loss=1.7036, Memory=68.75
12:57:01 AM - INFO - Episode 1376: Reward= 500.0, Length=500, Loss=1.7036, Memory=68.80
12:57:01 AM - INFO - Step  588: train/policy_loss = 0.444930
12:57:01 AM - INFO - Step  588: train/reward_loss = 0.003238
12:57:01 AM - INFO - Step  588: train/value_loss = 0.926462
12:57:01 AM - INFO - Step  588: total_loss = 1.374629
12:57:34 AM - INFO - Episode 1377: Reward= 500.0, Length=500, Loss=1.3746, Memory=68.85
12:58:06 AM - INFO - Episode 1378: Reward= 500.0, Length=500, Loss=1.3746, Memory=68.90
12:58:07 AM - INFO - Step  589: train/policy_loss = 0.464058
12:58:07 AM - INFO - Step  589: train/reward_loss = 0.003810
12:58:07 AM - INFO - Step  589: train/value_loss = 1.340041
12:58:07 AM - INFO - Step  589: total_loss = 1.807909
12:58:14 AM - INFO - Episode 1379: Reward= 119.0, Length=119, Loss=1.8079, Memory=68.95
12:58:47 AM - INFO - Episode 1380: Reward= 500.0, Length=500, Loss=1.8079, Memory=69.00
12:58:47 AM - INFO - Step  590: train/policy_loss = 0.478708
12:58:47 AM - INFO - Step  590: train/reward_loss = 0.003175
12:58:47 AM - INFO - Step  590: train/value_loss = 1.116443
12:58:47 AM - INFO - Step  590: total_loss = 1.598326
12:58:53 AM - INFO - Episode 1381: Reward=  95.0, Length= 95, Loss=1.5983, Memory=69.05
12:58:53 AM - INFO - Progress: 69.0% | 0.04 it/s | ETA: 4:39:44
12:58:56 AM - INFO - Episode 1382: Reward=  43.0, Length= 43, Loss=1.5983, Memory=69.10
12:58:57 AM - INFO - Step  591: train/policy_loss = 0.456387
12:58:57 AM - INFO - Step  591: train/reward_loss = 0.002860
12:58:57 AM - INFO - Step  591: train/value_loss = 1.354308
12:58:57 AM - INFO - Step  591: total_loss = 1.813554
12:59:29 AM - INFO - Episode 1383: Reward= 500.0, Length=500, Loss=1.8136, Memory=69.15
01:00:01 AM - INFO - Episode 1384: Reward= 500.0, Length=500, Loss=1.8136, Memory=69.20
01:00:02 AM - INFO - Step  592: train/policy_loss = 0.506558
01:00:02 AM - INFO - Step  592: train/reward_loss = 0.003847
01:00:02 AM - INFO - Step  592: train/value_loss = 0.940043
01:00:02 AM - INFO - Step  592: total_loss = 1.450448
01:00:34 AM - INFO - Episode 1385: Reward= 500.0, Length=500, Loss=1.4504, Memory=69.25
01:01:07 AM - INFO - Episode 1386: Reward= 500.0, Length=500, Loss=1.4504, Memory=69.30
01:01:07 AM - INFO - Step  593: train/policy_loss = 0.483499
01:01:07 AM - INFO - Step  593: train/reward_loss = 0.003166
01:01:07 AM - INFO - Step  593: train/value_loss = 0.767579
01:01:07 AM - INFO - Step  593: total_loss = 1.254244
01:01:40 AM - INFO - Episode 1387: Reward= 500.0, Length=500, Loss=1.2542, Memory=69.35
01:02:14 AM - INFO - Episode 1388: Reward= 500.0, Length=500, Loss=1.2542, Memory=69.40
01:02:14 AM - INFO - Step  594: train/policy_loss = 0.488755
01:02:14 AM - INFO - Step  594: train/reward_loss = 0.004471
01:02:14 AM - INFO - Step  594: train/value_loss = 1.060190
01:02:14 AM - INFO - Step  594: total_loss = 1.553416
01:02:47 AM - INFO - Episode 1389: Reward= 500.0, Length=500, Loss=1.5534, Memory=69.45
01:03:19 AM - INFO - Episode 1390: Reward= 500.0, Length=500, Loss=1.5534, Memory=69.50
01:03:19 AM - INFO - Step  595: train/policy_loss = 0.474545
01:03:19 AM - INFO - Step  595: train/reward_loss = 0.005405
01:03:19 AM - INFO - Step  595: train/value_loss = 1.139981
01:03:19 AM - INFO - Step  595: total_loss = 1.619931
01:03:27 AM - INFO - Episode 1391: Reward= 121.0, Length=121, Loss=1.6199, Memory=69.55
01:03:51 AM - INFO - Episode 1392: Reward= 369.0, Length=369, Loss=1.6199, Memory=69.60
01:03:52 AM - INFO - Step  596: train/policy_loss = 0.505880
01:03:52 AM - INFO - Step  596: train/reward_loss = 0.006089
01:03:52 AM - INFO - Step  596: train/value_loss = 0.966895
01:03:52 AM - INFO - Step  596: total_loss = 1.478864
01:04:04 AM - INFO - Episode 1393: Reward= 200.0, Length=200, Loss=1.4789, Memory=69.65
01:04:07 AM - INFO - Episode 1394: Reward=  44.0, Length= 44, Loss=1.4789, Memory=69.70
01:04:08 AM - INFO - Step  597: train/policy_loss = 0.462378
01:04:08 AM - INFO - Step  597: train/reward_loss = 0.003332
01:04:08 AM - INFO - Step  597: train/value_loss = 0.856996
01:04:08 AM - INFO - Step  597: total_loss = 1.322706
01:04:10 AM - INFO - Episode 1395: Reward=  36.0, Length= 36, Loss=1.3227, Memory=69.75
01:04:16 AM - INFO - Episode 1396: Reward=  91.0, Length= 91, Loss=1.3227, Memory=69.80
01:04:17 AM - INFO - Step  598: train/policy_loss = 0.455038
01:04:17 AM - INFO - Step  598: train/reward_loss = 0.003732
01:04:17 AM - INFO - Step  598: train/value_loss = 0.609776
01:04:17 AM - INFO - Step  598: total_loss = 1.068546
01:04:21 AM - INFO - Episode 1397: Reward=  58.0, Length= 58, Loss=1.0685, Memory=69.85
01:04:25 AM - INFO - Episode 1398: Reward=  59.0, Length= 59, Loss=1.0685, Memory=69.90
01:04:25 AM - INFO - Step  599: train/policy_loss = 0.429799
01:04:25 AM - INFO - Step  599: train/reward_loss = 0.004645
01:04:25 AM - INFO - Step  599: train/value_loss = 0.870730
01:04:25 AM - INFO - Step  599: total_loss = 1.305173
01:04:25 AM - INFO - Updating target network at training step 600
01:04:25 AM - INFO - Target network update completed
01:04:34 AM - INFO - Episode 1399: Reward= 137.0, Length=137, Loss=1.3052, Memory=69.95
01:04:50 AM - INFO - Episode 1400: Reward= 242.0, Length=242, Loss=1.3052, Memory=70.00
01:04:50 AM - INFO - Step  600: train/policy_loss = 0.486348
01:04:50 AM - INFO - Step  600: train/reward_loss = 0.004627
01:04:50 AM - INFO - Step  600: train/value_loss = 1.217012
01:04:50 AM - INFO - Step  600: total_loss = 1.707986
01:04:50 AM - INFO - Checkpoint saved to checkpoints/CartPole-v1/20250725_213748/episode_01400.pkl
01:04:57 AM - INFO - Episode 1401: Reward=  94.0, Length= 94, Loss=1.7080, Memory=70.05
01:04:57 AM - INFO - Progress: 70.0% | 0.10 it/s | ETA: 1:43:12
01:05:04 AM - INFO - Episode 1402: Reward= 112.0, Length=112, Loss=1.7080, Memory=70.10
01:05:05 AM - INFO - Step  601: train/policy_loss = 0.468002
01:05:05 AM - INFO - Step  601: train/reward_loss = 0.005109
01:05:05 AM - INFO - Step  601: train/value_loss = 1.098901
01:05:05 AM - INFO - Step  601: total_loss = 1.572012
01:05:06 AM - INFO - Episode 1403: Reward=  17.0, Length= 17, Loss=1.5720, Memory=70.15
01:05:22 AM - INFO - Episode 1404: Reward= 235.0, Length=235, Loss=1.5720, Memory=70.20
01:05:22 AM - INFO - Step  602: train/policy_loss = 0.482243
01:05:22 AM - INFO - Step  602: train/reward_loss = 0.004475
01:05:22 AM - INFO - Step  602: train/value_loss = 1.384250
01:05:22 AM - INFO - Step  602: total_loss = 1.870968
01:05:29 AM - INFO - Episode 1405: Reward= 100.0, Length=100, Loss=1.8710, Memory=70.25
01:05:38 AM - INFO - Episode 1406: Reward= 143.0, Length=143, Loss=1.8710, Memory=70.30
01:05:38 AM - INFO - Step  603: train/policy_loss = 0.442447
01:05:38 AM - INFO - Step  603: train/reward_loss = 0.004824
01:05:38 AM - INFO - Step  603: train/value_loss = 1.214903
01:05:38 AM - INFO - Step  603: total_loss = 1.662174
01:05:41 AM - INFO - Episode 1407: Reward=  31.0, Length= 31, Loss=1.6622, Memory=70.35
01:05:47 AM - INFO - Episode 1408: Reward=  92.0, Length= 92, Loss=1.6622, Memory=70.40
01:05:47 AM - INFO - Step  604: train/policy_loss = 0.488765
01:05:47 AM - INFO - Step  604: train/reward_loss = 0.006554
01:05:47 AM - INFO - Step  604: train/value_loss = 1.069493
01:05:47 AM - INFO - Step  604: total_loss = 1.564812
01:05:54 AM - INFO - Episode 1409: Reward= 106.0, Length=106, Loss=1.5648, Memory=70.45
01:06:01 AM - INFO - Episode 1410: Reward= 107.0, Length=107, Loss=1.5648, Memory=70.50
01:06:02 AM - INFO - Step  605: train/policy_loss = 0.477374
01:06:02 AM - INFO - Step  605: train/reward_loss = 0.007782
01:06:02 AM - INFO - Step  605: train/value_loss = 1.333704
01:06:02 AM - INFO - Step  605: total_loss = 1.818860
01:06:08 AM - INFO - Episode 1411: Reward=  89.0, Length= 89, Loss=1.8189, Memory=70.55
01:06:26 AM - INFO - Episode 1412: Reward= 279.0, Length=279, Loss=1.8189, Memory=70.60
01:06:26 AM - INFO - Step  606: train/policy_loss = 0.483660
01:06:26 AM - INFO - Step  606: train/reward_loss = 0.006031
01:06:26 AM - INFO - Step  606: train/value_loss = 1.250650
01:06:26 AM - INFO - Step  606: total_loss = 1.740341
01:06:34 AM - INFO - Episode 1413: Reward= 107.0, Length=107, Loss=1.7403, Memory=70.65
01:06:42 AM - INFO - Episode 1414: Reward= 122.0, Length=122, Loss=1.7403, Memory=70.70
01:06:42 AM - INFO - Step  607: train/policy_loss = 0.452685
01:06:42 AM - INFO - Step  607: train/reward_loss = 0.004391
01:06:42 AM - INFO - Step  607: train/value_loss = 1.089648
01:06:42 AM - INFO - Step  607: total_loss = 1.546724
01:06:44 AM - INFO - Episode 1415: Reward=  32.0, Length= 32, Loss=1.5467, Memory=70.75
01:06:52 AM - INFO - Episode 1416: Reward= 120.0, Length=120, Loss=1.5467, Memory=70.80
01:06:53 AM - INFO - Step  608: train/policy_loss = 0.478471
01:06:53 AM - INFO - Step  608: train/reward_loss = 0.004419
01:06:53 AM - INFO - Step  608: train/value_loss = 1.795544
01:06:53 AM - INFO - Step  608: total_loss = 2.278433
01:07:00 AM - INFO - Episode 1417: Reward= 100.0, Length=100, Loss=2.2784, Memory=70.85
01:07:05 AM - INFO - Episode 1418: Reward=  81.0, Length= 81, Loss=2.2784, Memory=70.90
01:07:05 AM - INFO - Step  609: train/policy_loss = 0.498872
01:07:05 AM - INFO - Step  609: train/reward_loss = 0.002957
01:07:05 AM - INFO - Step  609: train/value_loss = 1.321246
01:07:05 AM - INFO - Step  609: total_loss = 1.823074
01:07:12 AM - INFO - Episode 1419: Reward= 100.0, Length=100, Loss=1.8231, Memory=70.95
01:07:13 AM - INFO - Episode 1420: Reward=  17.0, Length= 17, Loss=1.8231, Memory=71.00
01:07:14 AM - INFO - Step  610: train/policy_loss = 0.448633
01:07:14 AM - INFO - Step  610: train/reward_loss = 0.003306
01:07:14 AM - INFO - Step  610: train/value_loss = 1.020827
01:07:14 AM - INFO - Step  610: total_loss = 1.472766
01:07:16 AM - INFO - Episode 1421: Reward=  30.0, Length= 30, Loss=1.4728, Memory=71.05
01:07:16 AM - INFO - Progress: 71.0% | 0.19 it/s | ETA: 50:32
01:07:30 AM - INFO - Episode 1422: Reward= 219.0, Length=219, Loss=1.4728, Memory=71.10
01:07:31 AM - INFO - Step  611: train/policy_loss = 0.483114
01:07:31 AM - INFO - Step  611: train/reward_loss = 0.004121
01:07:31 AM - INFO - Step  611: train/value_loss = 1.153562
01:07:31 AM - INFO - Step  611: total_loss = 1.640797
01:08:04 AM - INFO - Episode 1423: Reward= 500.0, Length=500, Loss=1.6408, Memory=71.15
01:08:37 AM - INFO - Episode 1424: Reward= 500.0, Length=500, Loss=1.6408, Memory=71.20
01:08:38 AM - INFO - Step  612: train/policy_loss = 0.428927
01:08:38 AM - INFO - Step  612: train/reward_loss = 0.006380
01:08:38 AM - INFO - Step  612: train/value_loss = 1.341955
01:08:38 AM - INFO - Step  612: total_loss = 1.777263
01:08:40 AM - INFO - Episode 1425: Reward=  37.0, Length= 37, Loss=1.7773, Memory=71.25
01:08:45 AM - INFO - Episode 1426: Reward=  79.0, Length= 79, Loss=1.7773, Memory=71.30
01:08:46 AM - INFO - Step  613: train/policy_loss = 0.488959
01:08:46 AM - INFO - Step  613: train/reward_loss = 0.004854
01:08:46 AM - INFO - Step  613: train/value_loss = 1.255066
01:08:46 AM - INFO - Step  613: total_loss = 1.748879
01:08:47 AM - INFO - Episode 1427: Reward=  21.0, Length= 21, Loss=1.7489, Memory=71.35
01:09:17 AM - INFO - Episode 1428: Reward= 458.0, Length=458, Loss=1.7489, Memory=71.40
01:09:18 AM - INFO - Step  614: train/policy_loss = 0.468092
01:09:18 AM - INFO - Step  614: train/reward_loss = 0.004146
01:09:18 AM - INFO - Step  614: train/value_loss = 0.988021
01:09:18 AM - INFO - Step  614: total_loss = 1.460259
01:09:19 AM - INFO - Episode 1429: Reward=  14.0, Length= 14, Loss=1.4603, Memory=71.45
01:09:19 AM - INFO - Episode 1430: Reward=  11.0, Length= 11, Loss=1.4603, Memory=71.50
01:09:20 AM - INFO - Step  615: train/policy_loss = 0.463779
01:09:20 AM - INFO - Step  615: train/reward_loss = 0.003180
01:09:20 AM - INFO - Step  615: train/value_loss = 0.686156
01:09:20 AM - INFO - Step  615: total_loss = 1.153115
01:09:21 AM - INFO - Episode 1431: Reward=  17.0, Length= 17, Loss=1.1531, Memory=71.55
01:09:28 AM - INFO - Episode 1432: Reward= 109.0, Length=109, Loss=1.1531, Memory=71.60
01:09:28 AM - INFO - Step  616: train/policy_loss = 0.497364
01:09:28 AM - INFO - Step  616: train/reward_loss = 0.002937
01:09:28 AM - INFO - Step  616: train/value_loss = 1.313150
01:09:28 AM - INFO - Step  616: total_loss = 1.813451
01:09:32 AM - INFO - Episode 1433: Reward=  56.0, Length= 56, Loss=1.8135, Memory=71.65
01:09:33 AM - INFO - Episode 1434: Reward=  12.0, Length= 12, Loss=1.8135, Memory=71.70
01:09:34 AM - INFO - Step  617: train/policy_loss = 0.469597
01:09:34 AM - INFO - Step  617: train/reward_loss = 0.002756
01:09:34 AM - INFO - Step  617: train/value_loss = 0.685022
01:09:34 AM - INFO - Step  617: total_loss = 1.157374
01:09:37 AM - INFO - Episode 1435: Reward=  52.0, Length= 52, Loss=1.1574, Memory=71.75
01:09:41 AM - INFO - Episode 1436: Reward=  57.0, Length= 57, Loss=1.1574, Memory=71.80
01:09:41 AM - INFO - Step  618: train/policy_loss = 0.469339
01:09:41 AM - INFO - Step  618: train/reward_loss = 0.002497
01:09:41 AM - INFO - Step  618: train/value_loss = 1.109634
01:09:41 AM - INFO - Step  618: total_loss = 1.581470
01:09:42 AM - INFO - Episode 1437: Reward=  15.0, Length= 15, Loss=1.5815, Memory=71.85
01:09:46 AM - INFO - Episode 1438: Reward=  58.0, Length= 58, Loss=1.5815, Memory=71.90
01:09:46 AM - INFO - Step  619: train/policy_loss = 0.428174
01:09:46 AM - INFO - Step  619: train/reward_loss = 0.002521
01:09:46 AM - INFO - Step  619: train/value_loss = 1.125516
01:09:46 AM - INFO - Step  619: total_loss = 1.556211
01:09:51 AM - INFO - Episode 1439: Reward=  70.0, Length= 70, Loss=1.5562, Memory=71.95
01:09:53 AM - INFO - Episode 1440: Reward=  25.0, Length= 25, Loss=1.5562, Memory=72.00
01:09:53 AM - INFO - Step  620: train/policy_loss = 0.457039
01:09:53 AM - INFO - Step  620: train/reward_loss = 0.002865
01:09:53 AM - INFO - Step  620: train/value_loss = 1.032764
01:09:53 AM - INFO - Step  620: total_loss = 1.492668
01:10:05 AM - INFO - Episode 1441: Reward= 185.0, Length=185, Loss=1.4927, Memory=72.05
01:10:05 AM - INFO - Progress: 72.0% | 0.30 it/s | ETA: 31:02
01:10:10 AM - INFO - Episode 1442: Reward=  70.0, Length= 70, Loss=1.4927, Memory=72.10
01:10:11 AM - INFO - Step  621: train/policy_loss = 0.465292
01:10:11 AM - INFO - Step  621: train/reward_loss = 0.003634
01:10:11 AM - INFO - Step  621: train/value_loss = 1.255294
01:10:11 AM - INFO - Step  621: total_loss = 1.724221
01:10:17 AM - INFO - Episode 1443: Reward= 102.0, Length=102, Loss=1.7242, Memory=72.15
01:10:23 AM - INFO - Episode 1444: Reward=  82.0, Length= 82, Loss=1.7242, Memory=72.20
01:10:23 AM - INFO - Step  622: train/policy_loss = 0.479100
01:10:23 AM - INFO - Step  622: train/reward_loss = 0.004122
01:10:23 AM - INFO - Step  622: train/value_loss = 1.076681
01:10:23 AM - INFO - Step  622: total_loss = 1.559903
01:10:38 AM - INFO - Episode 1445: Reward= 229.0, Length=229, Loss=1.5599, Memory=72.25
01:10:46 AM - INFO - Episode 1446: Reward= 120.0, Length=120, Loss=1.5599, Memory=72.30
01:10:46 AM - INFO - Step  623: train/policy_loss = 0.442415
01:10:46 AM - INFO - Step  623: train/reward_loss = 0.003618
01:10:46 AM - INFO - Step  623: train/value_loss = 1.214892
01:10:46 AM - INFO - Step  623: total_loss = 1.660924
01:10:48 AM - INFO - Episode 1447: Reward=  30.0, Length= 30, Loss=1.6609, Memory=72.35
01:11:09 AM - INFO - Episode 1448: Reward= 312.0, Length=312, Loss=1.6609, Memory=72.40
01:11:09 AM - INFO - Step  624: train/policy_loss = 0.441525
01:11:09 AM - INFO - Step  624: train/reward_loss = 0.003047
01:11:09 AM - INFO - Step  624: train/value_loss = 0.956848
01:11:09 AM - INFO - Step  624: total_loss = 1.401420
01:11:34 AM - INFO - Episode 1449: Reward= 374.0, Length=374, Loss=1.4014, Memory=72.45
01:11:35 AM - INFO - Episode 1450: Reward=  14.0, Length= 14, Loss=1.4014, Memory=72.50
01:11:35 AM - INFO - Step  625: train/policy_loss = 0.475540
01:11:35 AM - INFO - Step  625: train/reward_loss = 0.002799
01:11:35 AM - INFO - Step  625: train/value_loss = 1.018703
01:11:35 AM - INFO - Step  625: total_loss = 1.497042
01:11:35 AM - INFO - Checkpoint saved to checkpoints/CartPole-v1/20250725_213748/episode_01450.pkl
01:11:39 AM - INFO - Episode 1451: Reward=  62.0, Length= 62, Loss=1.4970, Memory=72.55
01:11:46 AM - INFO - Episode 1452: Reward= 109.0, Length=109, Loss=1.4970, Memory=72.60
01:11:47 AM - INFO - Step  626: train/policy_loss = 0.496673
01:11:47 AM - INFO - Step  626: train/reward_loss = 0.002212
01:11:47 AM - INFO - Step  626: train/value_loss = 1.037652
01:11:47 AM - INFO - Step  626: total_loss = 1.536538
01:11:53 AM - INFO - Episode 1453: Reward=  91.0, Length= 91, Loss=1.5365, Memory=72.65
01:11:54 AM - INFO - Episode 1454: Reward=  14.0, Length= 14, Loss=1.5365, Memory=72.70
01:11:54 AM - INFO - Step  627: train/policy_loss = 0.451005
01:11:54 AM - INFO - Step  627: train/reward_loss = 0.002923
01:11:54 AM - INFO - Step  627: train/value_loss = 0.998745
01:11:54 AM - INFO - Step  627: total_loss = 1.452673
01:12:04 AM - INFO - Episode 1455: Reward= 147.0, Length=147, Loss=1.4527, Memory=72.75
01:12:15 AM - INFO - Episode 1456: Reward= 180.0, Length=180, Loss=1.4527, Memory=72.80
01:12:16 AM - INFO - Step  628: train/policy_loss = 0.513846
01:12:16 AM - INFO - Step  628: train/reward_loss = 0.002708
01:12:16 AM - INFO - Step  628: train/value_loss = 1.157324
01:12:16 AM - INFO - Step  628: total_loss = 1.673879
01:12:48 AM - INFO - Episode 1457: Reward= 500.0, Length=500, Loss=1.6739, Memory=72.85
01:13:18 AM - INFO - Episode 1458: Reward= 456.0, Length=456, Loss=1.6739, Memory=72.90
01:13:19 AM - INFO - Step  629: train/policy_loss = 0.465971
01:13:19 AM - INFO - Step  629: train/reward_loss = 0.002865
01:13:19 AM - INFO - Step  629: train/value_loss = 1.435409
01:13:19 AM - INFO - Step  629: total_loss = 1.904246
01:13:47 AM - INFO - Episode 1459: Reward= 438.0, Length=438, Loss=1.9042, Memory=72.95
01:14:19 AM - INFO - Episode 1460: Reward= 489.0, Length=489, Loss=1.9042, Memory=73.00
01:14:19 AM - INFO - Step  630: train/policy_loss = 0.461828
01:14:19 AM - INFO - Step  630: train/reward_loss = 0.003172
01:14:19 AM - INFO - Step  630: train/value_loss = 0.937438
01:14:19 AM - INFO - Step  630: total_loss = 1.402438
01:14:43 AM - INFO - Episode 1461: Reward= 376.0, Length=376, Loss=1.4024, Memory=73.05
01:14:43 AM - INFO - Progress: 73.0% | 0.04 it/s | ETA: 3:48:40
01:14:58 AM - INFO - Episode 1462: Reward= 229.0, Length=229, Loss=1.4024, Memory=73.10
01:14:58 AM - INFO - Step  631: train/policy_loss = 0.472936
01:14:58 AM - INFO - Step  631: train/reward_loss = 0.002887
01:14:58 AM - INFO - Step  631: train/value_loss = 1.108468
01:14:58 AM - INFO - Step  631: total_loss = 1.584291
01:15:18 AM - INFO - Episode 1463: Reward= 303.0, Length=303, Loss=1.5843, Memory=73.15
01:15:36 AM - INFO - Episode 1464: Reward= 292.0, Length=292, Loss=1.5843, Memory=73.20
01:15:37 AM - INFO - Step  632: train/policy_loss = 0.452700
01:15:37 AM - INFO - Step  632: train/reward_loss = 0.003240
01:15:37 AM - INFO - Step  632: train/value_loss = 1.193157
01:15:37 AM - INFO - Step  632: total_loss = 1.649097
01:15:57 AM - INFO - Episode 1465: Reward= 316.0, Length=316, Loss=1.6491, Memory=73.25
01:16:23 AM - INFO - Episode 1466: Reward= 400.0, Length=400, Loss=1.6491, Memory=73.30
01:16:23 AM - INFO - Step  633: train/policy_loss = 0.448873
01:16:23 AM - INFO - Step  633: train/reward_loss = 0.002223
01:16:23 AM - INFO - Step  633: train/value_loss = 1.027058
01:16:23 AM - INFO - Step  633: total_loss = 1.478153
01:16:55 AM - INFO - Episode 1467: Reward= 500.0, Length=500, Loss=1.4782, Memory=73.35
01:17:08 AM - INFO - Episode 1468: Reward= 193.0, Length=193, Loss=1.4782, Memory=73.40
01:17:08 AM - INFO - Step  634: train/policy_loss = 0.512324
01:17:08 AM - INFO - Step  634: train/reward_loss = 0.002320
01:17:08 AM - INFO - Step  634: train/value_loss = 0.750131
01:17:08 AM - INFO - Step  634: total_loss = 1.264774
01:17:40 AM - INFO - Episode 1469: Reward= 500.0, Length=500, Loss=1.2648, Memory=73.45
01:18:12 AM - INFO - Episode 1470: Reward= 500.0, Length=500, Loss=1.2648, Memory=73.50
01:18:13 AM - INFO - Step  635: train/policy_loss = 0.455697
01:18:13 AM - INFO - Step  635: train/reward_loss = 0.002336
01:18:13 AM - INFO - Step  635: train/value_loss = 0.938206
01:18:13 AM - INFO - Step  635: total_loss = 1.396240
01:18:45 AM - INFO - Episode 1471: Reward= 500.0, Length=500, Loss=1.3962, Memory=73.55
01:19:17 AM - INFO - Episode 1472: Reward= 500.0, Length=500, Loss=1.3962, Memory=73.60
01:19:18 AM - INFO - Step  636: train/policy_loss = 0.501988
01:19:18 AM - INFO - Step  636: train/reward_loss = 0.002821
01:19:18 AM - INFO - Step  636: train/value_loss = 1.577258
01:19:18 AM - INFO - Step  636: total_loss = 2.082066
01:19:50 AM - INFO - Episode 1473: Reward= 500.0, Length=500, Loss=2.0821, Memory=73.65
01:20:22 AM - INFO - Episode 1474: Reward= 500.0, Length=500, Loss=2.0821, Memory=73.70
01:20:22 AM - INFO - Step  637: train/policy_loss = 0.471260
01:20:22 AM - INFO - Step  637: train/reward_loss = 0.002250
01:20:22 AM - INFO - Step  637: train/value_loss = 1.225582
01:20:22 AM - INFO - Step  637: total_loss = 1.699092
01:20:43 AM - INFO - Episode 1475: Reward= 314.0, Length=314, Loss=1.6991, Memory=73.75
01:20:52 AM - INFO - Episode 1476: Reward= 151.0, Length=151, Loss=1.6991, Memory=73.80
01:20:53 AM - INFO - Step  638: train/policy_loss = 0.474511
01:20:53 AM - INFO - Step  638: train/reward_loss = 0.002660
01:20:53 AM - INFO - Step  638: train/value_loss = 1.087854
01:20:53 AM - INFO - Step  638: total_loss = 1.565025
01:21:02 AM - INFO - Episode 1477: Reward= 138.0, Length=138, Loss=1.5650, Memory=73.85
01:21:11 AM - INFO - Episode 1478: Reward= 142.0, Length=142, Loss=1.5650, Memory=73.90
01:21:12 AM - INFO - Step  639: train/policy_loss = 0.492507
01:21:12 AM - INFO - Step  639: train/reward_loss = 0.003207
01:21:12 AM - INFO - Step  639: train/value_loss = 1.242500
01:21:12 AM - INFO - Step  639: total_loss = 1.738214
01:21:15 AM - INFO - Episode 1479: Reward=  45.0, Length= 45, Loss=1.7382, Memory=73.95
01:21:19 AM - INFO - Episode 1480: Reward=  72.0, Length= 72, Loss=1.7382, Memory=74.00
01:21:20 AM - INFO - Step  640: train/policy_loss = 0.465004
01:21:20 AM - INFO - Step  640: train/reward_loss = 0.003186
01:21:20 AM - INFO - Step  640: train/value_loss = 1.234211
01:21:20 AM - INFO - Step  640: total_loss = 1.702401
01:21:26 AM - INFO - Episode 1481: Reward= 102.0, Length=102, Loss=1.7024, Memory=74.05
01:21:26 AM - INFO - Progress: 74.0% | 0.10 it/s | ETA: 1:25:53
01:21:27 AM - INFO - Episode 1482: Reward=  10.0, Length= 10, Loss=1.7024, Memory=74.10
01:21:27 AM - INFO - Step  641: train/policy_loss = 0.416341
01:21:27 AM - INFO - Step  641: train/reward_loss = 0.002629
01:21:27 AM - INFO - Step  641: train/value_loss = 1.043084
01:21:27 AM - INFO - Step  641: total_loss = 1.462054
01:21:29 AM - INFO - Episode 1483: Reward=  34.0, Length= 34, Loss=1.4621, Memory=74.15
01:21:31 AM - INFO - Episode 1484: Reward=  14.0, Length= 14, Loss=1.4621, Memory=74.20
01:21:31 AM - INFO - Step  642: train/policy_loss = 0.471012
01:21:31 AM - INFO - Step  642: train/reward_loss = 0.002260
01:21:31 AM - INFO - Step  642: train/value_loss = 1.061674
01:21:31 AM - INFO - Step  642: total_loss = 1.534946
01:21:39 AM - INFO - Episode 1485: Reward= 115.0, Length=115, Loss=1.5349, Memory=74.25
01:21:45 AM - INFO - Episode 1486: Reward= 108.0, Length=108, Loss=1.5349, Memory=74.30
01:21:46 AM - INFO - Step  643: train/policy_loss = 0.438544
01:21:46 AM - INFO - Step  643: train/reward_loss = 0.001743
01:21:46 AM - INFO - Step  643: train/value_loss = 0.882766
01:21:46 AM - INFO - Step  643: total_loss = 1.323053
01:21:53 AM - INFO - Episode 1487: Reward= 118.0, Length=118, Loss=1.3231, Memory=74.35
01:21:54 AM - INFO - Episode 1488: Reward=  13.0, Length= 13, Loss=1.3231, Memory=74.40
01:21:54 AM - INFO - Step  644: train/policy_loss = 0.476434
01:21:54 AM - INFO - Step  644: train/reward_loss = 0.001926
01:21:54 AM - INFO - Step  644: train/value_loss = 1.127808
01:21:54 AM - INFO - Step  644: total_loss = 1.606168
01:22:00 AM - INFO - Episode 1489: Reward=  86.0, Length= 86, Loss=1.6062, Memory=74.45
01:22:32 AM - INFO - Episode 1490: Reward= 500.0, Length=500, Loss=1.6062, Memory=74.50
01:22:32 AM - INFO - Step  645: train/policy_loss = 0.480748
01:22:32 AM - INFO - Step  645: train/reward_loss = 0.002096
01:22:32 AM - INFO - Step  645: train/value_loss = 0.918162
01:22:32 AM - INFO - Step  645: total_loss = 1.401005
01:22:46 AM - INFO - Episode 1491: Reward= 213.0, Length=213, Loss=1.4010, Memory=74.55
01:22:58 AM - INFO - Episode 1492: Reward= 182.0, Length=182, Loss=1.4010, Memory=74.60
01:22:58 AM - INFO - Step  646: train/policy_loss = 0.474801
01:22:58 AM - INFO - Step  646: train/reward_loss = 0.002498
01:22:58 AM - INFO - Step  646: train/value_loss = 1.071474
01:22:58 AM - INFO - Step  646: total_loss = 1.548774
01:23:04 AM - INFO - Episode 1493: Reward=  99.0, Length= 99, Loss=1.5488, Memory=74.65
01:23:11 AM - INFO - Episode 1494: Reward=  95.0, Length= 95, Loss=1.5488, Memory=74.70
01:23:11 AM - INFO - Step  647: train/policy_loss = 0.477816
01:23:11 AM - INFO - Step  647: train/reward_loss = 0.003440
01:23:11 AM - INFO - Step  647: train/value_loss = 1.185546
01:23:11 AM - INFO - Step  647: total_loss = 1.666801
01:23:17 AM - INFO - Episode 1495: Reward=  90.0, Length= 90, Loss=1.6668, Memory=74.75
01:23:21 AM - INFO - Episode 1496: Reward=  55.0, Length= 55, Loss=1.6668, Memory=74.80
01:23:21 AM - INFO - Step  648: train/policy_loss = 0.475172
01:23:21 AM - INFO - Step  648: train/reward_loss = 0.002712
01:23:21 AM - INFO - Step  648: train/value_loss = 1.033291
01:23:21 AM - INFO - Step  648: total_loss = 1.511175
01:23:22 AM - INFO - Episode 1497: Reward=  13.0, Length= 13, Loss=1.5112, Memory=74.85
01:23:24 AM - INFO - Episode 1498: Reward=  33.0, Length= 33, Loss=1.5112, Memory=74.90
01:23:24 AM - INFO - Step  649: train/policy_loss = 0.480168
01:23:24 AM - INFO - Step  649: train/reward_loss = 0.002029
01:23:24 AM - INFO - Step  649: train/value_loss = 0.832853
01:23:24 AM - INFO - Step  649: total_loss = 1.315050
01:23:31 AM - INFO - Episode 1499: Reward= 108.0, Length=108, Loss=1.3150, Memory=74.95
01:23:39 AM - INFO - Episode 1500: Reward= 119.0, Length=119, Loss=1.3150, Memory=75.00
01:23:39 AM - INFO - Step  650: train/policy_loss = 0.436454
01:23:39 AM - INFO - Step  650: train/reward_loss = 0.002193
01:23:39 AM - INFO - Step  650: train/value_loss = 0.638248
01:23:39 AM - INFO - Step  650: total_loss = 1.076895
01:23:39 AM - INFO - Checkpoint saved to checkpoints/CartPole-v1/20250725_213748/episode_01500.pkl
01:23:47 AM - INFO - Episode 1501: Reward= 116.0, Length=116, Loss=1.0769, Memory=75.05
01:23:47 AM - INFO - Progress: 75.0% | 0.17 it/s | ETA: 50:17
01:23:59 AM - INFO - Episode 1502: Reward= 187.0, Length=187, Loss=1.0769, Memory=75.10
01:23:59 AM - INFO - Step  651: train/policy_loss = 0.466861
01:23:59 AM - INFO - Step  651: train/reward_loss = 0.002417
01:23:59 AM - INFO - Step  651: train/value_loss = 1.042511
01:23:59 AM - INFO - Step  651: total_loss = 1.511789
01:24:04 AM - INFO - Episode 1503: Reward=  81.0, Length= 81, Loss=1.5118, Memory=75.15
01:24:14 AM - INFO - Episode 1504: Reward= 143.0, Length=143, Loss=1.5118, Memory=75.20
01:24:14 AM - INFO - Step  652: train/policy_loss = 0.491534
01:24:14 AM - INFO - Step  652: train/reward_loss = 0.002843
01:24:14 AM - INFO - Step  652: train/value_loss = 0.949802
01:24:14 AM - INFO - Step  652: total_loss = 1.444179
01:24:46 AM - INFO - Episode 1505: Reward= 500.0, Length=500, Loss=1.4442, Memory=75.25
01:25:19 AM - INFO - Episode 1506: Reward= 500.0, Length=500, Loss=1.4442, Memory=75.30
01:25:19 AM - INFO - Step  653: train/policy_loss = 0.446453
01:25:19 AM - INFO - Step  653: train/reward_loss = 0.002472
01:25:19 AM - INFO - Step  653: train/value_loss = 1.311591
01:25:19 AM - INFO - Step  653: total_loss = 1.760517
01:25:52 AM - INFO - Episode 1507: Reward= 500.0, Length=500, Loss=1.7605, Memory=75.35
01:26:24 AM - INFO - Episode 1508: Reward= 500.0, Length=500, Loss=1.7605, Memory=75.40
01:26:24 AM - INFO - Step  654: train/policy_loss = 0.463944
01:26:24 AM - INFO - Step  654: train/reward_loss = 0.002004
01:26:24 AM - INFO - Step  654: train/value_loss = 1.102283
01:26:24 AM - INFO - Step  654: total_loss = 1.568231
01:26:56 AM - INFO - Episode 1509: Reward= 500.0, Length=500, Loss=1.5682, Memory=75.45
01:27:29 AM - INFO - Episode 1510: Reward= 500.0, Length=500, Loss=1.5682, Memory=75.50
01:27:29 AM - INFO - Step  655: train/policy_loss = 0.486557
01:27:29 AM - INFO - Step  655: train/reward_loss = 0.002620
01:27:29 AM - INFO - Step  655: train/value_loss = 1.166189
01:27:29 AM - INFO - Step  655: total_loss = 1.655367
01:27:32 AM - INFO - Episode 1511: Reward=  53.0, Length= 53, Loss=1.6554, Memory=75.55
01:27:40 AM - INFO - Episode 1512: Reward= 121.0, Length=121, Loss=1.6554, Memory=75.60
01:27:40 AM - INFO - Step  656: train/policy_loss = 0.449667
01:27:40 AM - INFO - Step  656: train/reward_loss = 0.003167
01:27:40 AM - INFO - Step  656: train/value_loss = 1.646289
01:27:40 AM - INFO - Step  656: total_loss = 2.099123
01:28:01 AM - INFO - Episode 1513: Reward= 324.0, Length=324, Loss=2.0991, Memory=75.65
01:28:30 AM - INFO - Episode 1514: Reward= 446.0, Length=446, Loss=2.0991, Memory=75.70
01:28:30 AM - INFO - Step  657: train/policy_loss = 0.453886
01:28:30 AM - INFO - Step  657: train/reward_loss = 0.002716
01:28:30 AM - INFO - Step  657: train/value_loss = 0.571687
01:28:30 AM - INFO - Step  657: total_loss = 1.028290
01:29:02 AM - INFO - Episode 1515: Reward= 500.0, Length=500, Loss=1.0283, Memory=75.75
01:29:35 AM - INFO - Episode 1516: Reward= 500.0, Length=500, Loss=1.0283, Memory=75.80
01:29:35 AM - INFO - Step  658: train/policy_loss = 0.445804
01:29:35 AM - INFO - Step  658: train/reward_loss = 0.001926
01:29:35 AM - INFO - Step  658: train/value_loss = 1.114371
01:29:35 AM - INFO - Step  658: total_loss = 1.562101
01:30:07 AM - INFO - Episode 1517: Reward= 500.0, Length=500, Loss=1.5621, Memory=75.85
01:30:39 AM - INFO - Episode 1518: Reward= 500.0, Length=500, Loss=1.5621, Memory=75.90
01:30:39 AM - INFO - Step  659: train/policy_loss = 0.465106
01:30:39 AM - INFO - Step  659: train/reward_loss = 0.001881
01:30:39 AM - INFO - Step  659: train/value_loss = 0.952921
01:30:39 AM - INFO - Step  659: total_loss = 1.419908
01:31:11 AM - INFO - Episode 1519: Reward= 500.0, Length=500, Loss=1.4199, Memory=75.95
01:31:42 AM - INFO - Episode 1520: Reward= 477.0, Length=477, Loss=1.4199, Memory=76.00
01:31:43 AM - INFO - Step  660: train/policy_loss = 0.457359
01:31:43 AM - INFO - Step  660: train/reward_loss = 0.001919
01:31:43 AM - INFO - Step  660: train/value_loss = 1.123046
01:31:43 AM - INFO - Step  660: total_loss = 1.582324
01:32:09 AM - INFO - Episode 1521: Reward= 408.0, Length=408, Loss=1.5823, Memory=76.05
01:32:09 AM - INFO - Progress: 76.0% | 0.03 it/s | ETA: 4:05:54
01:32:42 AM - INFO - Episode 1522: Reward= 500.0, Length=500, Loss=1.5823, Memory=76.10
01:32:42 AM - INFO - Step  661: train/policy_loss = 0.480406
01:32:42 AM - INFO - Step  661: train/reward_loss = 0.001845
01:32:42 AM - INFO - Step  661: train/value_loss = 0.801755
01:32:42 AM - INFO - Step  661: total_loss = 1.284006
01:33:09 AM - INFO - Episode 1523: Reward= 418.0, Length=418, Loss=1.2840, Memory=76.15
01:33:37 AM - INFO - Episode 1524: Reward= 436.0, Length=436, Loss=1.2840, Memory=76.20
01:33:37 AM - INFO - Step  662: train/policy_loss = 0.470786
01:33:37 AM - INFO - Step  662: train/reward_loss = 0.002381
01:33:37 AM - INFO - Step  662: train/value_loss = 0.895306
01:33:37 AM - INFO - Step  662: total_loss = 1.368474
01:33:45 AM - INFO - Episode 1525: Reward= 130.0, Length=130, Loss=1.3685, Memory=76.25
01:33:56 AM - INFO - Episode 1526: Reward= 164.0, Length=164, Loss=1.3685, Memory=76.30
01:33:57 AM - INFO - Step  663: train/policy_loss = 0.456690
01:33:57 AM - INFO - Step  663: train/reward_loss = 0.002202
01:33:57 AM - INFO - Step  663: train/value_loss = 1.151939
01:33:57 AM - INFO - Step  663: total_loss = 1.610831
01:34:29 AM - INFO - Episode 1527: Reward= 500.0, Length=500, Loss=1.6108, Memory=76.35
01:34:47 AM - INFO - Episode 1528: Reward= 283.0, Length=283, Loss=1.6108, Memory=76.40
01:34:47 AM - INFO - Step  664: train/policy_loss = 0.478651
01:34:47 AM - INFO - Step  664: train/reward_loss = 0.002044
01:34:47 AM - INFO - Step  664: train/value_loss = 1.249167
01:34:47 AM - INFO - Step  664: total_loss = 1.729862
01:35:12 AM - INFO - Episode 1529: Reward= 383.0, Length=383, Loss=1.7299, Memory=76.45
01:35:35 AM - INFO - Episode 1530: Reward= 369.0, Length=369, Loss=1.7299, Memory=76.50
01:35:36 AM - INFO - Step  665: train/policy_loss = 0.463993
01:35:36 AM - INFO - Step  665: train/reward_loss = 0.002494
01:35:36 AM - INFO - Step  665: train/value_loss = 0.830010
01:35:36 AM - INFO - Step  665: total_loss = 1.296498
01:36:08 AM - INFO - Episode 1531: Reward= 500.0, Length=500, Loss=1.2965, Memory=76.55
01:36:23 AM - INFO - Episode 1532: Reward= 230.0, Length=230, Loss=1.2965, Memory=76.60
01:36:23 AM - INFO - Step  666: train/policy_loss = 0.496904
01:36:23 AM - INFO - Step  666: train/reward_loss = 0.004098
01:36:23 AM - INFO - Step  666: train/value_loss = 1.039491
01:36:23 AM - INFO - Step  666: total_loss = 1.540493
01:36:55 AM - INFO - Episode 1533: Reward= 500.0, Length=500, Loss=1.5405, Memory=76.65
01:37:03 AM - INFO - Episode 1534: Reward= 119.0, Length=119, Loss=1.5405, Memory=76.70
01:37:03 AM - INFO - Step  667: train/policy_loss = 0.444418
01:37:03 AM - INFO - Step  667: train/reward_loss = 0.002393
01:37:03 AM - INFO - Step  667: train/value_loss = 0.954200
01:37:03 AM - INFO - Step  667: total_loss = 1.401011
01:37:07 AM - INFO - Episode 1535: Reward=  52.0, Length= 52, Loss=1.4010, Memory=76.75
01:37:18 AM - INFO - Episode 1536: Reward= 185.0, Length=185, Loss=1.4010, Memory=76.80
01:37:19 AM - INFO - Step  668: train/policy_loss = 0.469517
01:37:19 AM - INFO - Step  668: train/reward_loss = 0.002474
01:37:19 AM - INFO - Step  668: train/value_loss = 1.014462
01:37:19 AM - INFO - Step  668: total_loss = 1.486453
01:37:51 AM - INFO - Episode 1537: Reward= 500.0, Length=500, Loss=1.4865, Memory=76.85
01:37:58 AM - INFO - Episode 1538: Reward= 120.0, Length=120, Loss=1.4865, Memory=76.90
01:37:59 AM - INFO - Step  669: train/policy_loss = 0.445565
01:37:59 AM - INFO - Step  669: train/reward_loss = 0.002458
01:37:59 AM - INFO - Step  669: train/value_loss = 1.042241
01:37:59 AM - INFO - Step  669: total_loss = 1.490265
01:38:05 AM - INFO - Episode 1539: Reward= 103.0, Length=103, Loss=1.4903, Memory=76.95
01:38:27 AM - INFO - Episode 1540: Reward= 339.0, Length=339, Loss=1.4903, Memory=77.00
01:38:27 AM - INFO - Step  670: train/policy_loss = 0.436285
01:38:27 AM - INFO - Step  670: train/reward_loss = 0.002665
01:38:27 AM - INFO - Step  670: train/value_loss = 0.984177
01:38:27 AM - INFO - Step  670: total_loss = 1.423127
01:38:59 AM - INFO - Episode 1541: Reward= 500.0, Length=500, Loss=1.4231, Memory=77.05
01:38:59 AM - INFO - Progress: 77.0% | 0.06 it/s | ETA: 2:01:51
01:39:12 AM - INFO - Episode 1542: Reward= 203.0, Length=203, Loss=1.4231, Memory=77.10
01:39:12 AM - INFO - Step  671: train/policy_loss = 0.473681
01:39:12 AM - INFO - Step  671: train/reward_loss = 0.003320
01:39:12 AM - INFO - Step  671: train/value_loss = 1.161539
01:39:12 AM - INFO - Step  671: total_loss = 1.638540
01:39:44 AM - INFO - Episode 1543: Reward= 500.0, Length=500, Loss=1.6385, Memory=77.15
01:40:16 AM - INFO - Episode 1544: Reward= 500.0, Length=500, Loss=1.6385, Memory=77.20
01:40:17 AM - INFO - Step  672: train/policy_loss = 0.427489
01:40:17 AM - INFO - Step  672: train/reward_loss = 0.002302
01:40:17 AM - INFO - Step  672: train/value_loss = 1.014131
01:40:17 AM - INFO - Step  672: total_loss = 1.443922
01:40:49 AM - INFO - Episode 1545: Reward= 500.0, Length=500, Loss=1.4439, Memory=77.25
01:41:21 AM - INFO - Episode 1546: Reward= 500.0, Length=500, Loss=1.4439, Memory=77.30
01:41:21 AM - INFO - Step  673: train/policy_loss = 0.488926
01:41:21 AM - INFO - Step  673: train/reward_loss = 0.002550
01:41:21 AM - INFO - Step  673: train/value_loss = 0.606913
01:41:21 AM - INFO - Step  673: total_loss = 1.098389
01:41:46 AM - INFO - Episode 1547: Reward= 390.0, Length=390, Loss=1.0984, Memory=77.35
01:42:12 AM - INFO - Episode 1548: Reward= 395.0, Length=395, Loss=1.0984, Memory=77.40
01:42:12 AM - INFO - Step  674: train/policy_loss = 0.449954
01:42:12 AM - INFO - Step  674: train/reward_loss = 0.003801
01:42:12 AM - INFO - Step  674: train/value_loss = 0.800424
01:42:12 AM - INFO - Step  674: total_loss = 1.254179
01:42:27 AM - INFO - Episode 1549: Reward= 241.0, Length=241, Loss=1.2542, Memory=77.45
01:42:43 AM - INFO - Episode 1550: Reward= 248.0, Length=248, Loss=1.2542, Memory=77.50
01:42:44 AM - INFO - Step  675: train/policy_loss = 0.441628
01:42:44 AM - INFO - Step  675: train/reward_loss = 0.002920
01:42:44 AM - INFO - Step  675: train/value_loss = 1.403482
01:42:44 AM - INFO - Step  675: total_loss = 1.848029
01:42:44 AM - INFO - Checkpoint saved to checkpoints/CartPole-v1/20250725_213748/episode_01550.pkl
01:42:57 AM - INFO - Episode 1551: Reward= 213.0, Length=213, Loss=1.8480, Memory=77.55
01:43:11 AM - INFO - Episode 1552: Reward= 207.0, Length=207, Loss=1.8480, Memory=77.60
01:43:11 AM - INFO - Step  676: train/policy_loss = 0.444164
01:43:11 AM - INFO - Step  676: train/reward_loss = 0.003496
01:43:11 AM - INFO - Step  676: train/value_loss = 1.317133
01:43:11 AM - INFO - Step  676: total_loss = 1.764793
01:43:25 AM - INFO - Episode 1553: Reward= 217.0, Length=217, Loss=1.7648, Memory=77.65
01:43:40 AM - INFO - Episode 1554: Reward= 237.0, Length=237, Loss=1.7648, Memory=77.70
01:43:41 AM - INFO - Step  677: train/policy_loss = 0.464516
01:43:41 AM - INFO - Step  677: train/reward_loss = 0.004167
01:43:41 AM - INFO - Step  677: train/value_loss = 1.205424
01:43:41 AM - INFO - Step  677: total_loss = 1.674108
01:43:59 AM - INFO - Episode 1555: Reward= 291.0, Length=291, Loss=1.6741, Memory=77.75
01:44:31 AM - INFO - Episode 1556: Reward= 493.0, Length=493, Loss=1.6741, Memory=77.80
01:44:31 AM - INFO - Step  678: train/policy_loss = 0.449318
01:44:31 AM - INFO - Step  678: train/reward_loss = 0.003369
01:44:31 AM - INFO - Step  678: train/value_loss = 1.589079
01:44:31 AM - INFO - Step  678: total_loss = 2.041765
01:44:39 AM - INFO - Episode 1557: Reward= 126.0, Length=126, Loss=2.0418, Memory=77.85
01:45:08 AM - INFO - Episode 1558: Reward= 443.0, Length=443, Loss=2.0418, Memory=77.90
01:45:08 AM - INFO - Step  679: train/policy_loss = 0.494080
01:45:08 AM - INFO - Step  679: train/reward_loss = 0.003674
01:45:08 AM - INFO - Step  679: train/value_loss = 0.675313
01:45:08 AM - INFO - Step  679: total_loss = 1.173066
01:45:09 AM - INFO - Episode 1559: Reward=  15.0, Length= 15, Loss=1.1731, Memory=77.95
01:45:11 AM - INFO - Episode 1560: Reward=  24.0, Length= 24, Loss=1.1731, Memory=78.00
01:45:11 AM - INFO - Step  680: train/policy_loss = 0.442507
01:45:11 AM - INFO - Step  680: train/reward_loss = 0.004252
01:45:11 AM - INFO - Step  680: train/value_loss = 0.804423
01:45:11 AM - INFO - Step  680: total_loss = 1.251182
01:45:12 AM - INFO - Episode 1561: Reward=   9.0, Length=  9, Loss=1.2512, Memory=78.05
01:45:12 AM - INFO - Progress: 78.0% | 0.09 it/s | ETA: 1:21:06
01:45:13 AM - INFO - Episode 1562: Reward=  17.0, Length= 17, Loss=1.2512, Memory=78.10
01:45:13 AM - INFO - Step  681: train/policy_loss = 0.482013
01:45:13 AM - INFO - Step  681: train/reward_loss = 0.005433
01:45:13 AM - INFO - Step  681: train/value_loss = 1.704229
01:45:13 AM - INFO - Step  681: total_loss = 2.191675
01:45:14 AM - INFO - Episode 1563: Reward=  10.0, Length= 10, Loss=2.1917, Memory=78.15
01:45:15 AM - INFO - Episode 1564: Reward=  10.0, Length= 10, Loss=2.1917, Memory=78.20
01:45:15 AM - INFO - Step  682: train/policy_loss = 0.510341
01:45:15 AM - INFO - Step  682: train/reward_loss = 0.003130
01:45:15 AM - INFO - Step  682: train/value_loss = 0.972822
01:45:15 AM - INFO - Step  682: total_loss = 1.486293
01:45:16 AM - INFO - Episode 1565: Reward=  10.0, Length= 10, Loss=1.4863, Memory=78.25
01:45:16 AM - INFO - Episode 1566: Reward=  10.0, Length= 10, Loss=1.4863, Memory=78.30
01:45:17 AM - INFO - Step  683: train/policy_loss = 0.481876
01:45:17 AM - INFO - Step  683: train/reward_loss = 0.002762
01:45:17 AM - INFO - Step  683: train/value_loss = 1.322629
01:45:17 AM - INFO - Step  683: total_loss = 1.807268
01:45:17 AM - INFO - Episode 1567: Reward=  10.0, Length= 10, Loss=1.8073, Memory=78.35
01:45:18 AM - INFO - Episode 1568: Reward=   9.0, Length=  9, Loss=1.8073, Memory=78.40
01:45:18 AM - INFO - Step  684: train/policy_loss = 0.479697
01:45:18 AM - INFO - Step  684: train/reward_loss = 0.003822
01:45:18 AM - INFO - Step  684: train/value_loss = 1.212457
01:45:18 AM - INFO - Step  684: total_loss = 1.695976
01:45:19 AM - INFO - Episode 1569: Reward=  12.0, Length= 12, Loss=1.6960, Memory=78.45
01:45:20 AM - INFO - Episode 1570: Reward=  13.0, Length= 13, Loss=1.6960, Memory=78.50
01:45:20 AM - INFO - Step  685: train/policy_loss = 0.452074
01:45:20 AM - INFO - Step  685: train/reward_loss = 0.002263
01:45:20 AM - INFO - Step  685: train/value_loss = 0.912793
01:45:20 AM - INFO - Step  685: total_loss = 1.367130
01:45:30 AM - INFO - Episode 1571: Reward= 152.0, Length=152, Loss=1.3671, Memory=78.55
01:45:34 AM - INFO - Episode 1572: Reward=  55.0, Length= 55, Loss=1.3671, Memory=78.60
01:45:34 AM - INFO - Step  686: train/policy_loss = 0.503841
01:45:34 AM - INFO - Step  686: train/reward_loss = 0.003411
01:45:34 AM - INFO - Step  686: train/value_loss = 0.964378
01:45:34 AM - INFO - Step  686: total_loss = 1.471630
01:45:37 AM - INFO - Episode 1573: Reward=  50.0, Length= 50, Loss=1.4716, Memory=78.65
01:46:10 AM - INFO - Episode 1574: Reward= 500.0, Length=500, Loss=1.4716, Memory=78.70
01:46:10 AM - INFO - Step  687: train/policy_loss = 0.427394
01:46:10 AM - INFO - Step  687: train/reward_loss = 0.003217
01:46:10 AM - INFO - Step  687: train/value_loss = 1.038059
01:46:10 AM - INFO - Step  687: total_loss = 1.468670
01:46:23 AM - INFO - Episode 1575: Reward= 209.0, Length=209, Loss=1.4687, Memory=78.75
01:46:32 AM - INFO - Episode 1576: Reward= 134.0, Length=134, Loss=1.4687, Memory=78.80
01:46:32 AM - INFO - Step  688: train/policy_loss = 0.430130
01:46:32 AM - INFO - Step  688: train/reward_loss = 0.002701
01:46:32 AM - INFO - Step  688: train/value_loss = 0.952668
01:46:32 AM - INFO - Step  688: total_loss = 1.385499
01:46:35 AM - INFO - Episode 1577: Reward=  43.0, Length= 43, Loss=1.3855, Memory=78.85
01:47:00 AM - INFO - Episode 1578: Reward= 392.0, Length=392, Loss=1.3855, Memory=78.90
01:47:01 AM - INFO - Step  689: train/policy_loss = 0.467829
01:47:01 AM - INFO - Step  689: train/reward_loss = 0.003879
01:47:01 AM - INFO - Step  689: train/value_loss = 1.058431
01:47:01 AM - INFO - Step  689: total_loss = 1.530139
01:47:09 AM - INFO - Episode 1579: Reward= 127.0, Length=127, Loss=1.5301, Memory=78.95
01:47:41 AM - INFO - Episode 1580: Reward= 500.0, Length=500, Loss=1.5301, Memory=79.00
01:47:41 AM - INFO - Step  690: train/policy_loss = 0.468034
01:47:41 AM - INFO - Step  690: train/reward_loss = 0.003129
01:47:41 AM - INFO - Step  690: train/value_loss = 0.924197
01:47:41 AM - INFO - Step  690: total_loss = 1.395360
01:47:45 AM - INFO - Episode 1581: Reward=  57.0, Length= 57, Loss=1.3954, Memory=79.05
01:47:45 AM - INFO - Progress: 79.0% | 0.05 it/s | ETA: 2:07:39
01:47:53 AM - INFO - Episode 1582: Reward= 132.0, Length=132, Loss=1.3954, Memory=79.10
01:47:54 AM - INFO - Step  691: train/policy_loss = 0.471293
01:47:54 AM - INFO - Step  691: train/reward_loss = 0.003613
01:47:54 AM - INFO - Step  691: train/value_loss = 1.232628
01:47:54 AM - INFO - Step  691: total_loss = 1.707534
01:47:56 AM - INFO - Episode 1583: Reward=  34.0, Length= 34, Loss=1.7075, Memory=79.15
01:47:57 AM - INFO - Episode 1584: Reward=  16.0, Length= 16, Loss=1.7075, Memory=79.20
01:47:57 AM - INFO - Step  692: train/policy_loss = 0.511058
01:47:57 AM - INFO - Step  692: train/reward_loss = 0.004935
01:47:57 AM - INFO - Step  692: train/value_loss = 2.183682
01:47:57 AM - INFO - Step  692: total_loss = 2.699675
01:48:01 AM - INFO - Episode 1585: Reward=  51.0, Length= 51, Loss=2.6997, Memory=79.25
01:48:04 AM - INFO - Episode 1586: Reward=  52.0, Length= 52, Loss=2.6997, Memory=79.30
01:48:04 AM - INFO - Step  693: train/policy_loss = 0.469847
01:48:04 AM - INFO - Step  693: train/reward_loss = 0.004036
01:48:04 AM - INFO - Step  693: train/value_loss = 1.107432
01:48:04 AM - INFO - Step  693: total_loss = 1.581315
01:48:05 AM - INFO - Episode 1587: Reward=  10.0, Length= 10, Loss=1.5813, Memory=79.35
01:48:07 AM - INFO - Episode 1588: Reward=  37.0, Length= 37, Loss=1.5813, Memory=79.40
01:48:08 AM - INFO - Step  694: train/policy_loss = 0.490753
01:48:08 AM - INFO - Step  694: train/reward_loss = 0.003762
01:48:08 AM - INFO - Step  694: train/value_loss = 1.361563
01:48:08 AM - INFO - Step  694: total_loss = 1.856078
01:48:40 AM - INFO - Episode 1589: Reward= 500.0, Length=500, Loss=1.8561, Memory=79.45
01:49:12 AM - INFO - Episode 1590: Reward= 500.0, Length=500, Loss=1.8561, Memory=79.50
01:49:12 AM - INFO - Step  695: train/policy_loss = 0.447547
01:49:12 AM - INFO - Step  695: train/reward_loss = 0.004672
01:49:12 AM - INFO - Step  695: train/value_loss = 1.269645
01:49:12 AM - INFO - Step  695: total_loss = 1.721864
01:49:20 AM - INFO - Episode 1591: Reward= 122.0, Length=122, Loss=1.7219, Memory=79.55
01:49:52 AM - INFO - Episode 1592: Reward= 500.0, Length=500, Loss=1.7219, Memory=79.60
01:49:52 AM - INFO - Step  696: train/policy_loss = 0.443046
01:49:52 AM - INFO - Step  696: train/reward_loss = 0.003299
01:49:52 AM - INFO - Step  696: train/value_loss = 0.894827
01:49:52 AM - INFO - Step  696: total_loss = 1.341173
01:50:24 AM - INFO - Episode 1593: Reward= 480.0, Length=480, Loss=1.3412, Memory=79.65
01:50:57 AM - INFO - Episode 1594: Reward= 500.0, Length=500, Loss=1.3412, Memory=79.70
01:50:57 AM - INFO - Step  697: train/policy_loss = 0.481044
01:50:57 AM - INFO - Step  697: train/reward_loss = 0.003992
01:50:57 AM - INFO - Step  697: train/value_loss = 1.133430
01:50:57 AM - INFO - Step  697: total_loss = 1.618466
01:51:21 AM - INFO - Episode 1595: Reward= 370.0, Length=370, Loss=1.6185, Memory=79.75
01:51:48 AM - INFO - Episode 1596: Reward= 406.0, Length=406, Loss=1.6185, Memory=79.80
01:51:48 AM - INFO - Step  698: train/policy_loss = 0.546926
01:51:48 AM - INFO - Step  698: train/reward_loss = 0.003248
01:51:48 AM - INFO - Step  698: train/value_loss = 1.867797
01:51:48 AM - INFO - Step  698: total_loss = 2.417971
01:52:17 AM - INFO - Episode 1597: Reward= 454.0, Length=454, Loss=2.4180, Memory=79.85
01:52:50 AM - INFO - Episode 1598: Reward= 494.0, Length=494, Loss=2.4180, Memory=79.90
01:52:50 AM - INFO - Step  699: train/policy_loss = 0.429000
01:52:50 AM - INFO - Step  699: train/reward_loss = 0.002788
01:52:50 AM - INFO - Step  699: train/value_loss = 1.107346
01:52:50 AM - INFO - Step  699: total_loss = 1.539135
01:52:50 AM - INFO - Updating target network at training step 700
01:52:50 AM - INFO - Target network update completed
01:53:23 AM - INFO - Episode 1599: Reward= 500.0, Length=500, Loss=1.5391, Memory=79.95
01:53:49 AM - INFO - Episode 1600: Reward= 397.0, Length=397, Loss=1.5391, Memory=80.00
01:53:49 AM - INFO - Step  700: train/policy_loss = 0.463528
01:53:49 AM - INFO - Step  700: train/reward_loss = 0.005289
01:53:50 AM - INFO - Step  700: train/value_loss = 1.158649
01:53:50 AM - INFO - Step  700: total_loss = 1.627466
01:53:50 AM - INFO - Checkpoint saved to checkpoints/CartPole-v1/20250725_213748/episode_01600.pkl
01:54:22 AM - INFO - Episode 1601: Reward= 500.0, Length=500, Loss=1.6275, Memory=80.05
01:54:22 AM - INFO - Progress: 80.0% | 0.03 it/s | ETA: 3:12:57
01:54:54 AM - INFO - Episode 1602: Reward= 500.0, Length=500, Loss=1.6275, Memory=80.10
01:54:54 AM - INFO - Step  701: train/policy_loss = 0.474791
01:54:54 AM - INFO - Step  701: train/reward_loss = 0.004043
01:54:54 AM - INFO - Step  701: train/value_loss = 0.955440
01:54:54 AM - INFO - Step  701: total_loss = 1.434274
01:54:59 AM - INFO - Episode 1603: Reward=  73.0, Length= 73, Loss=1.4343, Memory=80.15
01:55:05 AM - INFO - Episode 1604: Reward=  93.0, Length= 93, Loss=1.4343, Memory=80.20
01:55:06 AM - INFO - Step  702: train/policy_loss = 0.455924
01:55:06 AM - INFO - Step  702: train/reward_loss = 0.002996
01:55:06 AM - INFO - Step  702: train/value_loss = 1.060723
01:55:06 AM - INFO - Step  702: total_loss = 1.519643
01:55:08 AM - INFO - Episode 1605: Reward=  41.0, Length= 41, Loss=1.5196, Memory=80.25
01:55:10 AM - INFO - Episode 1606: Reward=  23.0, Length= 23, Loss=1.5196, Memory=80.30
01:55:10 AM - INFO - Step  703: train/policy_loss = 0.453937
01:55:10 AM - INFO - Step  703: train/reward_loss = 0.003323
01:55:10 AM - INFO - Step  703: train/value_loss = 1.060270
01:55:10 AM - INFO - Step  703: total_loss = 1.517531
01:55:11 AM - INFO - Episode 1607: Reward=  17.0, Length= 17, Loss=1.5175, Memory=80.35
01:55:14 AM - INFO - Episode 1608: Reward=  47.0, Length= 47, Loss=1.5175, Memory=80.40
01:55:15 AM - INFO - Step  704: train/policy_loss = 0.477097
01:55:15 AM - INFO - Step  704: train/reward_loss = 0.002289
01:55:15 AM - INFO - Step  704: train/value_loss = 0.958410
01:55:15 AM - INFO - Step  704: total_loss = 1.437796
01:55:19 AM - INFO - Episode 1609: Reward=  66.0, Length= 66, Loss=1.4378, Memory=80.45
01:55:20 AM - INFO - Episode 1610: Reward=  13.0, Length= 13, Loss=1.4378, Memory=80.50
01:55:20 AM - INFO - Step  705: train/policy_loss = 0.468736
01:55:20 AM - INFO - Step  705: train/reward_loss = 0.002697
01:55:20 AM - INFO - Step  705: train/value_loss = 0.944041
01:55:20 AM - INFO - Step  705: total_loss = 1.415474
01:55:45 AM - INFO - Episode 1611: Reward= 387.0, Length=387, Loss=1.4155, Memory=80.55
01:55:46 AM - INFO - Episode 1612: Reward=  16.0, Length= 16, Loss=1.4155, Memory=80.60
01:55:46 AM - INFO - Step  706: train/policy_loss = 0.441732
01:55:46 AM - INFO - Step  706: train/reward_loss = 0.002241
01:55:46 AM - INFO - Step  706: train/value_loss = 0.928946
01:55:46 AM - INFO - Step  706: total_loss = 1.372919
01:55:47 AM - INFO - Episode 1613: Reward=  16.0, Length= 16, Loss=1.3729, Memory=80.65
01:56:20 AM - INFO - Episode 1614: Reward= 500.0, Length=500, Loss=1.3729, Memory=80.70
01:56:20 AM - INFO - Step  707: train/policy_loss = 0.448400
01:56:20 AM - INFO - Step  707: train/reward_loss = 0.002063
01:56:20 AM - INFO - Step  707: train/value_loss = 0.796864
01:56:20 AM - INFO - Step  707: total_loss = 1.247327
01:56:22 AM - INFO - Episode 1615: Reward=  29.0, Length= 29, Loss=1.2473, Memory=80.75
01:56:23 AM - INFO - Episode 1616: Reward=  13.0, Length= 13, Loss=1.2473, Memory=80.80
01:56:23 AM - INFO - Step  708: train/policy_loss = 0.424295
01:56:23 AM - INFO - Step  708: train/reward_loss = 0.002255
01:56:23 AM - INFO - Step  708: train/value_loss = 1.328535
01:56:23 AM - INFO - Step  708: total_loss = 1.755085
01:56:27 AM - INFO - Episode 1617: Reward=  50.0, Length= 50, Loss=1.7551, Memory=80.85
01:56:29 AM - INFO - Episode 1618: Reward=  31.0, Length= 31, Loss=1.7551, Memory=80.90
01:56:29 AM - INFO - Step  709: train/policy_loss = 0.501497
01:56:29 AM - INFO - Step  709: train/reward_loss = 0.002983
01:56:29 AM - INFO - Step  709: train/value_loss = 1.183230
01:56:29 AM - INFO - Step  709: total_loss = 1.687711
01:56:57 AM - INFO - Episode 1619: Reward= 441.0, Length=441, Loss=1.6877, Memory=80.95
01:57:04 AM - INFO - Episode 1620: Reward= 113.0, Length=113, Loss=1.6877, Memory=81.00
01:57:05 AM - INFO - Step  710: train/policy_loss = 0.439034
01:57:05 AM - INFO - Step  710: train/reward_loss = 0.003213
01:57:05 AM - INFO - Step  710: train/value_loss = 1.316707
01:57:05 AM - INFO - Step  710: total_loss = 1.758953
01:57:37 AM - INFO - Episode 1621: Reward= 500.0, Length=500, Loss=1.7590, Memory=81.05
01:57:37 AM - INFO - Progress: 81.0% | 0.09 it/s | ETA: 1:08:05
01:58:09 AM - INFO - Episode 1622: Reward= 500.0, Length=500, Loss=1.7590, Memory=81.10
01:58:09 AM - INFO - Step  711: train/policy_loss = 0.463299
01:58:09 AM - INFO - Step  711: train/reward_loss = 0.003248
01:58:09 AM - INFO - Step  711: train/value_loss = 1.276111
01:58:09 AM - INFO - Step  711: total_loss = 1.742658
01:58:21 AM - INFO - Episode 1623: Reward= 175.0, Length=175, Loss=1.7427, Memory=81.15
01:58:27 AM - INFO - Episode 1624: Reward=  92.0, Length= 92, Loss=1.7427, Memory=81.20
01:58:27 AM - INFO - Step  712: train/policy_loss = 0.435916
01:58:27 AM - INFO - Step  712: train/reward_loss = 0.002542
01:58:27 AM - INFO - Step  712: train/value_loss = 1.597059
01:58:27 AM - INFO - Step  712: total_loss = 2.035517
01:58:36 AM - INFO - Episode 1625: Reward= 137.0, Length=137, Loss=2.0355, Memory=81.25
01:58:40 AM - INFO - Episode 1626: Reward=  56.0, Length= 56, Loss=2.0355, Memory=81.30
01:58:40 AM - INFO - Step  713: train/policy_loss = 0.475811
01:58:40 AM - INFO - Step  713: train/reward_loss = 0.002549
01:58:40 AM - INFO - Step  713: train/value_loss = 1.212696
01:58:40 AM - INFO - Step  713: total_loss = 1.691056
01:58:43 AM - INFO - Episode 1627: Reward=  48.0, Length= 48, Loss=1.6911, Memory=81.35
01:58:51 AM - INFO - Episode 1628: Reward= 124.0, Length=124, Loss=1.6911, Memory=81.40
01:58:51 AM - INFO - Step  714: train/policy_loss = 0.469521
01:58:51 AM - INFO - Step  714: train/reward_loss = 0.004015
01:58:51 AM - INFO - Step  714: train/value_loss = 1.092021
01:58:51 AM - INFO - Step  714: total_loss = 1.565557
01:58:52 AM - INFO - Episode 1629: Reward=  15.0, Length= 15, Loss=1.5656, Memory=81.45
01:58:58 AM - INFO - Episode 1630: Reward=  86.0, Length= 86, Loss=1.5656, Memory=81.50
01:58:58 AM - INFO - Step  715: train/policy_loss = 0.477045
01:58:58 AM - INFO - Step  715: train/reward_loss = 0.004166
01:58:58 AM - INFO - Step  715: train/value_loss = 1.014823
01:58:58 AM - INFO - Step  715: total_loss = 1.496034
01:59:03 AM - INFO - Episode 1631: Reward=  75.0, Length= 75, Loss=1.4960, Memory=81.55
01:59:20 AM - INFO - Episode 1632: Reward= 260.0, Length=260, Loss=1.4960, Memory=81.60
01:59:20 AM - INFO - Step  716: train/policy_loss = 0.468846
01:59:20 AM - INFO - Step  716: train/reward_loss = 0.003730
01:59:20 AM - INFO - Step  716: train/value_loss = 0.998919
01:59:20 AM - INFO - Step  716: total_loss = 1.471494
01:59:52 AM - INFO - Episode 1633: Reward= 500.0, Length=500, Loss=1.4715, Memory=81.65
02:00:25 AM - INFO - Episode 1634: Reward= 500.0, Length=500, Loss=1.4715, Memory=81.70
02:00:25 AM - INFO - Step  717: train/policy_loss = 0.413896
02:00:25 AM - INFO - Step  717: train/reward_loss = 0.003051
02:00:25 AM - INFO - Step  717: train/value_loss = 0.765509
02:00:25 AM - INFO - Step  717: total_loss = 1.182455
02:00:57 AM - INFO - Episode 1635: Reward= 500.0, Length=500, Loss=1.1825, Memory=81.75
02:01:30 AM - INFO - Episode 1636: Reward= 500.0, Length=500, Loss=1.1825, Memory=81.80
02:01:30 AM - INFO - Step  718: train/policy_loss = 0.473264
02:01:30 AM - INFO - Step  718: train/reward_loss = 0.003809
02:01:30 AM - INFO - Step  718: train/value_loss = 1.105221
02:01:30 AM - INFO - Step  718: total_loss = 1.582294
02:02:02 AM - INFO - Episode 1637: Reward= 500.0, Length=500, Loss=1.5823, Memory=81.85
02:02:35 AM - INFO - Episode 1638: Reward= 500.0, Length=500, Loss=1.5823, Memory=81.90
02:02:35 AM - INFO - Step  719: train/policy_loss = 0.462900
02:02:35 AM - INFO - Step  719: train/reward_loss = 0.002299
02:02:35 AM - INFO - Step  719: train/value_loss = 1.232680
02:02:35 AM - INFO - Step  719: total_loss = 1.697879
02:03:07 AM - INFO - Episode 1639: Reward= 500.0, Length=500, Loss=1.6979, Memory=81.95
02:03:12 AM - INFO - Episode 1640: Reward=  86.0, Length= 86, Loss=1.6979, Memory=82.00
02:03:13 AM - INFO - Step  720: train/policy_loss = 0.476186
02:03:13 AM - INFO - Step  720: train/reward_loss = 0.003101
02:03:13 AM - INFO - Step  720: train/value_loss = 0.899120
02:03:13 AM - INFO - Step  720: total_loss = 1.378407
02:03:17 AM - INFO - Episode 1641: Reward=  63.0, Length= 63, Loss=1.3784, Memory=82.05
02:03:17 AM - INFO - Progress: 82.0% | 0.04 it/s | ETA: 2:18:15
02:03:18 AM - INFO - Episode 1642: Reward=  24.0, Length= 24, Loss=1.3784, Memory=82.10
02:03:19 AM - INFO - Step  721: train/policy_loss = 0.521476
02:03:19 AM - INFO - Step  721: train/reward_loss = 0.003393
02:03:19 AM - INFO - Step  721: train/value_loss = 1.071783
02:03:19 AM - INFO - Step  721: total_loss = 1.596652
02:03:20 AM - INFO - Episode 1643: Reward=  25.0, Length= 25, Loss=1.5967, Memory=82.15
02:03:21 AM - INFO - Episode 1644: Reward=  13.0, Length= 13, Loss=1.5967, Memory=82.20
02:03:22 AM - INFO - Step  722: train/policy_loss = 0.468031
02:03:22 AM - INFO - Step  722: train/reward_loss = 0.003063
02:03:22 AM - INFO - Step  722: train/value_loss = 1.195501
02:03:22 AM - INFO - Step  722: total_loss = 1.666595
02:03:23 AM - INFO - Episode 1645: Reward=  28.0, Length= 28, Loss=1.6666, Memory=82.25
02:03:24 AM - INFO - Episode 1646: Reward=  14.0, Length= 14, Loss=1.6666, Memory=82.30
02:03:25 AM - INFO - Step  723: train/policy_loss = 0.437003
02:03:25 AM - INFO - Step  723: train/reward_loss = 0.002822
02:03:25 AM - INFO - Step  723: train/value_loss = 0.750951
02:03:25 AM - INFO - Step  723: total_loss = 1.190776
02:03:26 AM - INFO - Episode 1647: Reward=  26.0, Length= 26, Loss=1.1908, Memory=82.35
02:03:27 AM - INFO - Episode 1648: Reward=  10.0, Length= 10, Loss=1.1908, Memory=82.40
02:03:27 AM - INFO - Step  724: train/policy_loss = 0.469963
02:03:27 AM - INFO - Step  724: train/reward_loss = 0.003056
02:03:27 AM - INFO - Step  724: train/value_loss = 1.332847
02:03:27 AM - INFO - Step  724: total_loss = 1.805866
02:03:41 AM - INFO - Episode 1649: Reward= 212.0, Length=212, Loss=1.8059, Memory=82.45
02:03:42 AM - INFO - Episode 1650: Reward=  12.0, Length= 12, Loss=1.8059, Memory=82.50
02:03:42 AM - INFO - Step  725: train/policy_loss = 0.513459
02:03:42 AM - INFO - Step  725: train/reward_loss = 0.003281
02:03:42 AM - INFO - Step  725: train/value_loss = 1.393744
02:03:42 AM - INFO - Step  725: total_loss = 1.910484
02:03:42 AM - INFO - Checkpoint saved to checkpoints/CartPole-v1/20250725_213748/episode_01650.pkl
02:03:44 AM - INFO - Episode 1651: Reward=  18.0, Length= 18, Loss=1.9105, Memory=82.55
02:03:44 AM - INFO - Episode 1652: Reward=  10.0, Length= 10, Loss=1.9105, Memory=82.60
02:03:45 AM - INFO - Step  726: train/policy_loss = 0.448937
02:03:45 AM - INFO - Step  726: train/reward_loss = 0.002227
02:03:45 AM - INFO - Step  726: train/value_loss = 1.281429
02:03:45 AM - INFO - Step  726: total_loss = 1.732592
02:03:45 AM - INFO - Episode 1653: Reward=  12.0, Length= 12, Loss=1.7326, Memory=82.65
02:03:48 AM - INFO - Episode 1654: Reward=  40.0, Length= 40, Loss=1.7326, Memory=82.70
02:03:48 AM - INFO - Step  727: train/policy_loss = 0.441234
02:03:48 AM - INFO - Step  727: train/reward_loss = 0.001644
02:03:48 AM - INFO - Step  727: train/value_loss = 0.883535
02:03:48 AM - INFO - Step  727: total_loss = 1.326412
02:03:49 AM - INFO - Episode 1655: Reward=  10.0, Length= 10, Loss=1.3264, Memory=82.75
02:03:50 AM - INFO - Episode 1656: Reward=  13.0, Length= 13, Loss=1.3264, Memory=82.80
02:03:50 AM - INFO - Step  728: train/policy_loss = 0.453227
02:03:50 AM - INFO - Step  728: train/reward_loss = 0.002339
02:03:50 AM - INFO - Step  728: train/value_loss = 0.822809
02:03:50 AM - INFO - Step  728: total_loss = 1.278374
02:03:51 AM - INFO - Episode 1657: Reward=  13.0, Length= 13, Loss=1.2784, Memory=82.85
02:03:54 AM - INFO - Episode 1658: Reward=  38.0, Length= 38, Loss=1.2784, Memory=82.90
02:03:54 AM - INFO - Step  729: train/policy_loss = 0.465272
02:03:54 AM - INFO - Step  729: train/reward_loss = 0.002976
02:03:54 AM - INFO - Step  729: train/value_loss = 0.794491
02:03:54 AM - INFO - Step  729: total_loss = 1.262738
02:03:56 AM - INFO - Episode 1659: Reward=  25.0, Length= 25, Loss=1.2627, Memory=82.95
02:03:57 AM - INFO - Episode 1660: Reward=  14.0, Length= 14, Loss=1.2627, Memory=83.00
02:03:57 AM - INFO - Step  730: train/policy_loss = 0.469102
02:03:57 AM - INFO - Step  730: train/reward_loss = 0.002728
02:03:57 AM - INFO - Step  730: train/value_loss = 0.906577
02:03:57 AM - INFO - Step  730: total_loss = 1.378407
02:03:58 AM - INFO - Episode 1661: Reward=  11.0, Length= 11, Loss=1.3784, Memory=83.05
02:03:58 AM - INFO - Progress: 83.0% | 0.61 it/s | ETA: 09:14
02:03:59 AM - INFO - Episode 1662: Reward=  13.0, Length= 13, Loss=1.3784, Memory=83.10
02:03:59 AM - INFO - Step  731: train/policy_loss = 0.455508
02:03:59 AM - INFO - Step  731: train/reward_loss = 0.003071
02:03:59 AM - INFO - Step  731: train/value_loss = 1.549235
02:03:59 AM - INFO - Step  731: total_loss = 2.007814
02:04:01 AM - INFO - Episode 1663: Reward=  27.0, Length= 27, Loss=2.0078, Memory=83.15
02:04:02 AM - INFO - Episode 1664: Reward=  12.0, Length= 12, Loss=2.0078, Memory=83.20
02:04:02 AM - INFO - Step  732: train/policy_loss = 0.435856
02:04:02 AM - INFO - Step  732: train/reward_loss = 0.005385
02:04:02 AM - INFO - Step  732: train/value_loss = 1.090865
02:04:02 AM - INFO - Step  732: total_loss = 1.532105
02:04:03 AM - INFO - Episode 1665: Reward=  10.0, Length= 10, Loss=1.5321, Memory=83.25
02:04:04 AM - INFO - Episode 1666: Reward=  18.0, Length= 18, Loss=1.5321, Memory=83.30
02:04:04 AM - INFO - Step  733: train/policy_loss = 0.489962
02:04:04 AM - INFO - Step  733: train/reward_loss = 0.002282
02:04:04 AM - INFO - Step  733: train/value_loss = 1.225008
02:04:04 AM - INFO - Step  733: total_loss = 1.717251
02:04:05 AM - INFO - Episode 1667: Reward=  10.0, Length= 10, Loss=1.7173, Memory=83.35
02:04:05 AM - INFO - Episode 1668: Reward=   9.0, Length=  9, Loss=1.7173, Memory=83.40
02:04:06 AM - INFO - Step  734: train/policy_loss = 0.458098
02:04:06 AM - INFO - Step  734: train/reward_loss = 0.002645
02:04:06 AM - INFO - Step  734: train/value_loss = 0.854148
02:04:06 AM - INFO - Step  734: total_loss = 1.314892
02:04:06 AM - INFO - Episode 1669: Reward=  10.0, Length= 10, Loss=1.3149, Memory=83.45
02:04:07 AM - INFO - Episode 1670: Reward=  11.0, Length= 11, Loss=1.3149, Memory=83.50
02:04:08 AM - INFO - Step  735: train/policy_loss = 0.456295
02:04:08 AM - INFO - Step  735: train/reward_loss = 0.003930
02:04:08 AM - INFO - Step  735: train/value_loss = 1.384444
02:04:08 AM - INFO - Step  735: total_loss = 1.844669
02:04:08 AM - INFO - Episode 1671: Reward=  11.0, Length= 11, Loss=1.8447, Memory=83.55
02:04:09 AM - INFO - Episode 1672: Reward=  10.0, Length= 10, Loss=1.8447, Memory=83.60
02:04:09 AM - INFO - Step  736: train/policy_loss = 0.438220
02:04:09 AM - INFO - Step  736: train/reward_loss = 0.003138
02:04:09 AM - INFO - Step  736: train/value_loss = 1.200334
02:04:09 AM - INFO - Step  736: total_loss = 1.641692
02:04:10 AM - INFO - Episode 1673: Reward=  12.0, Length= 12, Loss=1.6417, Memory=83.65
02:04:11 AM - INFO - Episode 1674: Reward=  11.0, Length= 11, Loss=1.6417, Memory=83.70
02:04:11 AM - INFO - Step  737: train/policy_loss = 0.462664
02:04:11 AM - INFO - Step  737: train/reward_loss = 0.002295
02:04:11 AM - INFO - Step  737: train/value_loss = 1.300590
02:04:11 AM - INFO - Step  737: total_loss = 1.765549
02:04:12 AM - INFO - Episode 1675: Reward=  13.0, Length= 13, Loss=1.7655, Memory=83.75
02:04:13 AM - INFO - Episode 1676: Reward=  10.0, Length= 10, Loss=1.7655, Memory=83.80
02:04:13 AM - INFO - Step  738: train/policy_loss = 0.471742
02:04:13 AM - INFO - Step  738: train/reward_loss = 0.002922
02:04:13 AM - INFO - Step  738: train/value_loss = 1.151208
02:04:13 AM - INFO - Step  738: total_loss = 1.625872
02:04:14 AM - INFO - Episode 1677: Reward=  13.0, Length= 13, Loss=1.6259, Memory=83.85
02:04:16 AM - INFO - Episode 1678: Reward=  36.0, Length= 36, Loss=1.6259, Memory=83.90
02:04:17 AM - INFO - Step  739: train/policy_loss = 0.400692
02:04:17 AM - INFO - Step  739: train/reward_loss = 0.002645
02:04:17 AM - INFO - Step  739: train/value_loss = 1.010560
02:04:17 AM - INFO - Step  739: total_loss = 1.413896
02:04:19 AM - INFO - Episode 1679: Reward=  34.0, Length= 34, Loss=1.4139, Memory=83.95
02:04:20 AM - INFO - Episode 1680: Reward=  10.0, Length= 10, Loss=1.4139, Memory=84.00
02:04:20 AM - INFO - Step  740: train/policy_loss = 0.444206
02:04:20 AM - INFO - Step  740: train/reward_loss = 0.002480
02:04:20 AM - INFO - Step  740: train/value_loss = 0.989158
02:04:20 AM - INFO - Step  740: total_loss = 1.435844
02:04:21 AM - INFO - Episode 1681: Reward=  17.0, Length= 17, Loss=1.4358, Memory=84.05
02:04:21 AM - INFO - Progress: 84.0% | 0.67 it/s | ETA: 07:55
02:04:24 AM - INFO - Episode 1682: Reward=  46.0, Length= 46, Loss=1.4358, Memory=84.10
02:04:24 AM - INFO - Step  741: train/policy_loss = 0.455586
02:04:24 AM - INFO - Step  741: train/reward_loss = 0.003016
02:04:24 AM - INFO - Step  741: train/value_loss = 1.163460
02:04:24 AM - INFO - Step  741: total_loss = 1.622062
02:04:26 AM - INFO - Episode 1683: Reward=  28.0, Length= 28, Loss=1.6221, Memory=84.15
02:04:29 AM - INFO - Episode 1684: Reward=  40.0, Length= 40, Loss=1.6221, Memory=84.20
02:04:29 AM - INFO - Step  742: train/policy_loss = 0.459336
02:04:29 AM - INFO - Step  742: train/reward_loss = 0.002395
02:04:29 AM - INFO - Step  742: train/value_loss = 0.969920
02:04:29 AM - INFO - Step  742: total_loss = 1.431650
02:04:30 AM - INFO - Episode 1685: Reward=  11.0, Length= 11, Loss=1.4317, Memory=84.25
02:04:34 AM - INFO - Episode 1686: Reward=  65.0, Length= 65, Loss=1.4317, Memory=84.30
02:04:35 AM - INFO - Step  743: train/policy_loss = 0.484912
02:04:35 AM - INFO - Step  743: train/reward_loss = 0.002561
02:04:35 AM - INFO - Step  743: train/value_loss = 1.139552
02:04:35 AM - INFO - Step  743: total_loss = 1.627025
02:04:35 AM - INFO - Episode 1687: Reward=  10.0, Length= 10, Loss=1.6270, Memory=84.35
02:04:37 AM - INFO - Episode 1688: Reward=  21.0, Length= 21, Loss=1.6270, Memory=84.40
02:04:37 AM - INFO - Step  744: train/policy_loss = 0.467710
02:04:37 AM - INFO - Step  744: train/reward_loss = 0.003187
02:04:37 AM - INFO - Step  744: train/value_loss = 1.303497
02:04:37 AM - INFO - Step  744: total_loss = 1.774394
02:04:38 AM - INFO - Episode 1689: Reward=  10.0, Length= 10, Loss=1.7744, Memory=84.45
02:04:39 AM - INFO - Episode 1690: Reward=  21.0, Length= 21, Loss=1.7744, Memory=84.50
02:04:39 AM - INFO - Step  745: train/policy_loss = 0.462628
02:04:39 AM - INFO - Step  745: train/reward_loss = 0.002956
02:04:39 AM - INFO - Step  745: train/value_loss = 1.046345
02:04:39 AM - INFO - Step  745: total_loss = 1.511929
02:04:41 AM - INFO - Episode 1691: Reward=  25.0, Length= 25, Loss=1.5119, Memory=84.55
02:04:42 AM - INFO - Episode 1692: Reward=  10.0, Length= 10, Loss=1.5119, Memory=84.60
02:04:42 AM - INFO - Step  746: train/policy_loss = 0.469609
02:04:42 AM - INFO - Step  746: train/reward_loss = 0.002825
02:04:42 AM - INFO - Step  746: train/value_loss = 1.001938
02:04:42 AM - INFO - Step  746: total_loss = 1.474371
02:04:43 AM - INFO - Episode 1693: Reward=  10.0, Length= 10, Loss=1.4744, Memory=84.65
02:04:45 AM - INFO - Episode 1694: Reward=  25.0, Length= 25, Loss=1.4744, Memory=84.70
02:04:45 AM - INFO - Step  747: train/policy_loss = 0.474801
02:04:45 AM - INFO - Step  747: train/reward_loss = 0.002473
02:04:45 AM - INFO - Step  747: train/value_loss = 1.259319
02:04:45 AM - INFO - Step  747: total_loss = 1.736593
02:04:46 AM - INFO - Episode 1695: Reward=  17.0, Length= 17, Loss=1.7366, Memory=84.75
02:04:48 AM - INFO - Episode 1696: Reward=  23.0, Length= 23, Loss=1.7366, Memory=84.80
02:04:48 AM - INFO - Step  748: train/policy_loss = 0.456095
02:04:48 AM - INFO - Step  748: train/reward_loss = 0.003308
02:04:48 AM - INFO - Step  748: train/value_loss = 1.310663
02:04:48 AM - INFO - Step  748: total_loss = 1.770065
02:04:49 AM - INFO - Episode 1697: Reward=  10.0, Length= 10, Loss=1.7701, Memory=84.85
02:04:51 AM - INFO - Episode 1698: Reward=  30.0, Length= 30, Loss=1.7701, Memory=84.90
02:04:51 AM - INFO - Step  749: train/policy_loss = 0.430254
02:04:51 AM - INFO - Step  749: train/reward_loss = 0.003306
02:04:51 AM - INFO - Step  749: train/value_loss = 0.920219
02:04:51 AM - INFO - Step  749: total_loss = 1.353778
02:04:51 AM - INFO - Episode 1699: Reward=   9.0, Length=  9, Loss=1.3538, Memory=84.95
02:04:53 AM - INFO - Episode 1700: Reward=  25.0, Length= 25, Loss=1.3538, Memory=85.00
02:04:53 AM - INFO - Step  750: train/policy_loss = 0.471563
02:04:53 AM - INFO - Step  750: train/reward_loss = 0.002761
02:04:53 AM - INFO - Step  750: train/value_loss = 0.999475
02:04:53 AM - INFO - Step  750: total_loss = 1.473798
02:04:53 AM - INFO - Checkpoint saved to checkpoints/CartPole-v1/20250725_213748/episode_01700.pkl
02:04:54 AM - INFO - Episode 1701: Reward=   9.0, Length=  9, Loss=1.4738, Memory=85.05
02:04:54 AM - INFO - Progress: 85.0% | 0.67 it/s | ETA: 07:28
02:04:56 AM - INFO - Episode 1702: Reward=  22.0, Length= 22, Loss=1.4738, Memory=85.10
02:04:56 AM - INFO - Step  751: train/policy_loss = 0.439760
02:04:56 AM - INFO - Step  751: train/reward_loss = 0.001855
02:04:56 AM - INFO - Step  751: train/value_loss = 0.896886
02:04:56 AM - INFO - Step  751: total_loss = 1.338500
02:04:59 AM - INFO - Episode 1703: Reward=  47.0, Length= 47, Loss=1.3385, Memory=85.15
02:05:00 AM - INFO - Episode 1704: Reward=   9.0, Length=  9, Loss=1.3385, Memory=85.20
02:05:00 AM - INFO - Step  752: train/policy_loss = 0.424882
02:05:00 AM - INFO - Step  752: train/reward_loss = 0.002202
02:05:00 AM - INFO - Step  752: train/value_loss = 1.035358
02:05:00 AM - INFO - Step  752: total_loss = 1.462442
02:05:02 AM - INFO - Episode 1705: Reward=  29.0, Length= 29, Loss=1.4624, Memory=85.25
02:05:03 AM - INFO - Episode 1706: Reward=  10.0, Length= 10, Loss=1.4624, Memory=85.30
02:05:03 AM - INFO - Step  753: train/policy_loss = 0.470641
02:05:03 AM - INFO - Step  753: train/reward_loss = 0.002994
02:05:03 AM - INFO - Step  753: train/value_loss = 1.056430
02:05:03 AM - INFO - Step  753: total_loss = 1.530065
02:05:05 AM - INFO - Episode 1707: Reward=  34.0, Length= 34, Loss=1.5301, Memory=85.35
02:05:06 AM - INFO - Episode 1708: Reward=  15.0, Length= 15, Loss=1.5301, Memory=85.40
02:05:06 AM - INFO - Step  754: train/policy_loss = 0.474782
02:05:06 AM - INFO - Step  754: train/reward_loss = 0.003421
02:05:06 AM - INFO - Step  754: train/value_loss = 1.297754
02:05:06 AM - INFO - Step  754: total_loss = 1.775957
02:05:08 AM - INFO - Episode 1709: Reward=  18.0, Length= 18, Loss=1.7760, Memory=85.45
02:05:08 AM - INFO - Episode 1710: Reward=  10.0, Length= 10, Loss=1.7760, Memory=85.50
02:05:09 AM - INFO - Step  755: train/policy_loss = 0.455393
02:05:09 AM - INFO - Step  755: train/reward_loss = 0.002283
02:05:09 AM - INFO - Step  755: train/value_loss = 0.830817
02:05:09 AM - INFO - Step  755: total_loss = 1.288492
02:05:10 AM - INFO - Episode 1711: Reward=  18.0, Length= 18, Loss=1.2885, Memory=85.55
02:05:11 AM - INFO - Episode 1712: Reward=  10.0, Length= 10, Loss=1.2885, Memory=85.60
02:05:11 AM - INFO - Step  756: train/policy_loss = 0.431063
02:05:11 AM - INFO - Step  756: train/reward_loss = 0.002197
02:05:11 AM - INFO - Step  756: train/value_loss = 0.943927
02:05:11 AM - INFO - Step  756: total_loss = 1.377187
02:05:12 AM - INFO - Episode 1713: Reward=  11.0, Length= 11, Loss=1.3772, Memory=85.65
02:05:12 AM - INFO - Episode 1714: Reward=  11.0, Length= 11, Loss=1.3772, Memory=85.70
02:05:13 AM - INFO - Step  757: train/policy_loss = 0.451842
02:05:13 AM - INFO - Step  757: train/reward_loss = 0.002631
02:05:13 AM - INFO - Step  757: train/value_loss = 0.919180
02:05:13 AM - INFO - Step  757: total_loss = 1.373654
02:05:13 AM - INFO - Episode 1715: Reward=  10.0, Length= 10, Loss=1.3737, Memory=85.75
02:05:14 AM - INFO - Episode 1716: Reward=  10.0, Length= 10, Loss=1.3737, Memory=85.80
02:05:14 AM - INFO - Step  758: train/policy_loss = 0.448987
02:05:14 AM - INFO - Step  758: train/reward_loss = 0.002083
02:05:14 AM - INFO - Step  758: train/value_loss = 0.901797
02:05:14 AM - INFO - Step  758: total_loss = 1.352868
02:05:15 AM - INFO - Episode 1717: Reward=  13.0, Length= 13, Loss=1.3529, Memory=85.85
02:05:17 AM - INFO - Episode 1718: Reward=  19.0, Length= 19, Loss=1.3529, Memory=85.90
02:05:17 AM - INFO - Step  759: train/policy_loss = 0.450216
02:05:17 AM - INFO - Step  759: train/reward_loss = 0.002052
02:05:17 AM - INFO - Step  759: train/value_loss = 1.115364
02:05:17 AM - INFO - Step  759: total_loss = 1.567632
02:05:18 AM - INFO - Episode 1719: Reward=  23.0, Length= 23, Loss=1.5676, Memory=85.95
02:05:19 AM - INFO - Episode 1720: Reward=  15.0, Length= 15, Loss=1.5676, Memory=86.00
02:05:20 AM - INFO - Step  760: train/policy_loss = 0.437755
02:05:20 AM - INFO - Step  760: train/reward_loss = 0.001960
02:05:20 AM - INFO - Step  760: train/value_loss = 1.392117
02:05:20 AM - INFO - Step  760: total_loss = 1.831831
02:05:22 AM - INFO - Episode 1721: Reward=  27.0, Length= 27, Loss=1.8318, Memory=86.05
02:05:22 AM - INFO - Progress: 86.0% | 0.78 it/s | ETA: 05:57
02:05:22 AM - INFO - Episode 1722: Reward=   9.0, Length=  9, Loss=1.8318, Memory=86.10
02:05:22 AM - INFO - Step  761: train/policy_loss = 0.422651
02:05:22 AM - INFO - Step  761: train/reward_loss = 0.003098
02:05:22 AM - INFO - Step  761: train/value_loss = 1.293901
02:05:22 AM - INFO - Step  761: total_loss = 1.719651
02:05:23 AM - INFO - Episode 1723: Reward=  10.0, Length= 10, Loss=1.7197, Memory=86.15
02:05:24 AM - INFO - Episode 1724: Reward=  10.0, Length= 10, Loss=1.7197, Memory=86.20
02:05:24 AM - INFO - Step  762: train/policy_loss = 0.447039
02:05:24 AM - INFO - Step  762: train/reward_loss = 0.002728
02:05:24 AM - INFO - Step  762: train/value_loss = 1.035093
02:05:24 AM - INFO - Step  762: total_loss = 1.484860
02:05:25 AM - INFO - Episode 1725: Reward=  10.0, Length= 10, Loss=1.4849, Memory=86.25
02:05:26 AM - INFO - Episode 1726: Reward=  10.0, Length= 10, Loss=1.4849, Memory=86.30
02:05:26 AM - INFO - Step  763: train/policy_loss = 0.462046
02:05:26 AM - INFO - Step  763: train/reward_loss = 0.002253
02:05:26 AM - INFO - Step  763: train/value_loss = 1.170558
02:05:26 AM - INFO - Step  763: total_loss = 1.634858
02:05:27 AM - INFO - Episode 1727: Reward=  10.0, Length= 10, Loss=1.6349, Memory=86.35
02:05:28 AM - INFO - Episode 1728: Reward=  15.0, Length= 15, Loss=1.6349, Memory=86.40
02:05:28 AM - INFO - Step  764: train/policy_loss = 0.411550
02:05:28 AM - INFO - Step  764: train/reward_loss = 0.002483
02:05:28 AM - INFO - Step  764: train/value_loss = 0.983944
02:05:28 AM - INFO - Step  764: total_loss = 1.397977
02:05:29 AM - INFO - Episode 1729: Reward=  14.0, Length= 14, Loss=1.3980, Memory=86.45
02:05:30 AM - INFO - Episode 1730: Reward=  10.0, Length= 10, Loss=1.3980, Memory=86.50
02:05:30 AM - INFO - Step  765: train/policy_loss = 0.465649
02:05:30 AM - INFO - Step  765: train/reward_loss = 0.003417
02:05:30 AM - INFO - Step  765: train/value_loss = 1.065951
02:05:30 AM - INFO - Step  765: total_loss = 1.535017
02:05:31 AM - INFO - Episode 1731: Reward=  10.0, Length= 10, Loss=1.5350, Memory=86.55
02:05:32 AM - INFO - Episode 1732: Reward=  12.0, Length= 12, Loss=1.5350, Memory=86.60
02:05:32 AM - INFO - Step  766: train/policy_loss = 0.406873
02:05:32 AM - INFO - Step  766: train/reward_loss = 0.002917
02:05:32 AM - INFO - Step  766: train/value_loss = 1.531074
02:05:32 AM - INFO - Step  766: total_loss = 1.940863
02:05:33 AM - INFO - Episode 1733: Reward=  10.0, Length= 10, Loss=1.9409, Memory=86.65
02:05:35 AM - INFO - Episode 1734: Reward=  31.0, Length= 31, Loss=1.9409, Memory=86.70
02:05:35 AM - INFO - Step  767: train/policy_loss = 0.467287
02:05:35 AM - INFO - Step  767: train/reward_loss = 0.003399
02:05:35 AM - INFO - Step  767: train/value_loss = 1.313800
02:05:35 AM - INFO - Step  767: total_loss = 1.784486
02:05:36 AM - INFO - Episode 1735: Reward=  10.0, Length= 10, Loss=1.7845, Memory=86.75
02:05:36 AM - INFO - Episode 1736: Reward=  10.0, Length= 10, Loss=1.7845, Memory=86.80
02:05:37 AM - INFO - Step  768: train/policy_loss = 0.430224
02:05:37 AM - INFO - Step  768: train/reward_loss = 0.003469
02:05:37 AM - INFO - Step  768: train/value_loss = 1.406739
02:05:37 AM - INFO - Step  768: total_loss = 1.840432
02:05:38 AM - INFO - Episode 1737: Reward=  20.0, Length= 20, Loss=1.8404, Memory=86.85
02:05:39 AM - INFO - Episode 1738: Reward=  11.0, Length= 11, Loss=1.8404, Memory=86.90
02:05:39 AM - INFO - Step  769: train/policy_loss = 0.440125
02:05:39 AM - INFO - Step  769: train/reward_loss = 0.002925
02:05:39 AM - INFO - Step  769: train/value_loss = 0.777520
02:05:39 AM - INFO - Step  769: total_loss = 1.220570
02:05:41 AM - INFO - Episode 1739: Reward=  24.0, Length= 24, Loss=1.2206, Memory=86.95
02:05:43 AM - INFO - Episode 1740: Reward=  29.0, Length= 29, Loss=1.2206, Memory=87.00
02:05:43 AM - INFO - Step  770: train/policy_loss = 0.458022
02:05:43 AM - INFO - Step  770: train/reward_loss = 0.005243
02:05:43 AM - INFO - Step  770: train/value_loss = 1.825513
02:05:43 AM - INFO - Step  770: total_loss = 2.288778
02:05:44 AM - INFO - Episode 1741: Reward=  13.0, Length= 13, Loss=2.2888, Memory=87.05
02:05:44 AM - INFO - Progress: 87.0% | 0.63 it/s | ETA: 06:49
02:05:46 AM - INFO - Episode 1742: Reward=  31.0, Length= 31, Loss=2.2888, Memory=87.10
02:05:47 AM - INFO - Step  771: train/policy_loss = 0.470213
02:05:47 AM - INFO - Step  771: train/reward_loss = 0.005573
02:05:47 AM - INFO - Step  771: train/value_loss = 2.176796
02:05:47 AM - INFO - Step  771: total_loss = 2.652581
02:05:50 AM - INFO - Episode 1743: Reward=  42.0, Length= 42, Loss=2.6526, Memory=87.15
02:05:55 AM - INFO - Episode 1744: Reward=  86.0, Length= 86, Loss=2.6526, Memory=87.20
02:05:56 AM - INFO - Step  772: train/policy_loss = 0.458598
02:05:56 AM - INFO - Step  772: train/reward_loss = 0.002145
02:05:56 AM - INFO - Step  772: train/value_loss = 1.209867
02:05:56 AM - INFO - Step  772: total_loss = 1.670610
02:05:56 AM - INFO - Episode 1745: Reward=  10.0, Length= 10, Loss=1.6706, Memory=87.25
02:06:01 AM - INFO - Episode 1746: Reward=  76.0, Length= 76, Loss=1.6706, Memory=87.30
02:06:01 AM - INFO - Step  773: train/policy_loss = 0.487828
02:06:01 AM - INFO - Step  773: train/reward_loss = 0.003730
02:06:01 AM - INFO - Step  773: train/value_loss = 1.613660
02:06:01 AM - INFO - Step  773: total_loss = 2.105217
02:06:04 AM - INFO - Episode 1747: Reward=  39.0, Length= 39, Loss=2.1052, Memory=87.35
02:06:07 AM - INFO - Episode 1748: Reward=  38.0, Length= 38, Loss=2.1052, Memory=87.40
02:06:07 AM - INFO - Step  774: train/policy_loss = 0.471618
02:06:07 AM - INFO - Step  774: train/reward_loss = 0.003481
02:06:07 AM - INFO - Step  774: train/value_loss = 1.386727
02:06:07 AM - INFO - Step  774: total_loss = 1.861826
02:06:08 AM - INFO - Episode 1749: Reward=  19.0, Length= 19, Loss=1.8618, Memory=87.45
02:06:09 AM - INFO - Episode 1750: Reward=  10.0, Length= 10, Loss=1.8618, Memory=87.50
02:06:09 AM - INFO - Step  775: train/policy_loss = 0.457220
02:06:09 AM - INFO - Step  775: train/reward_loss = 0.002804
02:06:09 AM - INFO - Step  775: train/value_loss = 0.984445
02:06:09 AM - INFO - Step  775: total_loss = 1.444469
02:06:09 AM - INFO - Checkpoint saved to checkpoints/CartPole-v1/20250725_213748/episode_01750.pkl
02:06:10 AM - INFO - Episode 1751: Reward=  12.0, Length= 12, Loss=1.4445, Memory=87.55
02:06:10 AM - INFO - Episode 1752: Reward=  11.0, Length= 11, Loss=1.4445, Memory=87.60
02:06:11 AM - INFO - Step  776: train/policy_loss = 0.421540
02:06:11 AM - INFO - Step  776: train/reward_loss = 0.004370
02:06:11 AM - INFO - Step  776: train/value_loss = 2.074479
02:06:11 AM - INFO - Step  776: total_loss = 2.500389
02:06:13 AM - INFO - Episode 1753: Reward=  41.0, Length= 41, Loss=2.5004, Memory=87.65
02:06:14 AM - INFO - Episode 1754: Reward=  10.0, Length= 10, Loss=2.5004, Memory=87.70
02:06:14 AM - INFO - Step  777: train/policy_loss = 0.458889
02:06:14 AM - INFO - Step  777: train/reward_loss = 0.003846
02:06:14 AM - INFO - Step  777: train/value_loss = 1.257049
02:06:14 AM - INFO - Step  777: total_loss = 1.719784
02:06:15 AM - INFO - Episode 1755: Reward=  15.0, Length= 15, Loss=1.7198, Memory=87.75
02:06:16 AM - INFO - Episode 1756: Reward=   9.0, Length=  9, Loss=1.7198, Memory=87.80
02:06:16 AM - INFO - Step  778: train/policy_loss = 0.427841
02:06:16 AM - INFO - Step  778: train/reward_loss = 0.004389
02:06:16 AM - INFO - Step  778: train/value_loss = 1.378392
02:06:16 AM - INFO - Step  778: total_loss = 1.810623
02:06:17 AM - INFO - Episode 1757: Reward=  17.0, Length= 17, Loss=1.8106, Memory=87.85
02:06:18 AM - INFO - Episode 1758: Reward=  10.0, Length= 10, Loss=1.8106, Memory=87.90
02:06:18 AM - INFO - Step  779: train/policy_loss = 0.488691
02:06:18 AM - INFO - Step  779: train/reward_loss = 0.002977
02:06:18 AM - INFO - Step  779: train/value_loss = 1.567937
02:06:18 AM - INFO - Step  779: total_loss = 2.059605
02:06:19 AM - INFO - Episode 1759: Reward=  16.0, Length= 16, Loss=2.0596, Memory=87.95
02:06:20 AM - INFO - Episode 1760: Reward=  17.0, Length= 17, Loss=2.0596, Memory=88.00
02:06:20 AM - INFO - Step  780: train/policy_loss = 0.425753
02:06:20 AM - INFO - Step  780: train/reward_loss = 0.002399
02:06:20 AM - INFO - Step  780: train/value_loss = 1.118656
02:06:20 AM - INFO - Step  780: total_loss = 1.546808
02:06:22 AM - INFO - Episode 1761: Reward=  19.0, Length= 19, Loss=1.5468, Memory=88.05
02:06:22 AM - INFO - Progress: 88.0% | 0.87 it/s | ETA: 04:35
02:06:22 AM - INFO - Episode 1762: Reward=  11.0, Length= 11, Loss=1.5468, Memory=88.10
02:06:23 AM - INFO - Step  781: train/policy_loss = 0.458274
02:06:23 AM - INFO - Step  781: train/reward_loss = 0.002881
02:06:23 AM - INFO - Step  781: train/value_loss = 1.158118
02:06:23 AM - INFO - Step  781: total_loss = 1.619273
02:06:23 AM - INFO - Episode 1763: Reward=  15.0, Length= 15, Loss=1.6193, Memory=88.15
02:06:25 AM - INFO - Episode 1764: Reward=  18.0, Length= 18, Loss=1.6193, Memory=88.20
02:06:25 AM - INFO - Step  782: train/policy_loss = 0.480743
02:06:25 AM - INFO - Step  782: train/reward_loss = 0.003752
02:06:25 AM - INFO - Step  782: train/value_loss = 1.546463
02:06:25 AM - INFO - Step  782: total_loss = 2.030958
02:06:26 AM - INFO - Episode 1765: Reward=  10.0, Length= 10, Loss=2.0310, Memory=88.25
02:06:27 AM - INFO - Episode 1766: Reward=  21.0, Length= 21, Loss=2.0310, Memory=88.30
02:06:27 AM - INFO - Step  783: train/policy_loss = 0.441713
02:06:27 AM - INFO - Step  783: train/reward_loss = 0.002003
02:06:27 AM - INFO - Step  783: train/value_loss = 0.905383
02:06:27 AM - INFO - Step  783: total_loss = 1.349099
02:06:28 AM - INFO - Episode 1767: Reward=  10.0, Length= 10, Loss=1.3491, Memory=88.35
02:06:29 AM - INFO - Episode 1768: Reward=  17.0, Length= 17, Loss=1.3491, Memory=88.40
02:06:29 AM - INFO - Step  784: train/policy_loss = 0.457496
02:06:29 AM - INFO - Step  784: train/reward_loss = 0.002895
02:06:29 AM - INFO - Step  784: train/value_loss = 1.209290
02:06:29 AM - INFO - Step  784: total_loss = 1.669681
02:06:30 AM - INFO - Episode 1769: Reward=  11.0, Length= 11, Loss=1.6697, Memory=88.45
02:06:32 AM - INFO - Episode 1770: Reward=  36.0, Length= 36, Loss=1.6697, Memory=88.50
02:06:33 AM - INFO - Step  785: train/policy_loss = 0.446273
02:06:33 AM - INFO - Step  785: train/reward_loss = 0.003482
02:06:33 AM - INFO - Step  785: train/value_loss = 1.441987
02:06:33 AM - INFO - Step  785: total_loss = 1.891742
02:06:33 AM - INFO - Episode 1771: Reward=  10.0, Length= 10, Loss=1.8917, Memory=88.55
02:06:35 AM - INFO - Episode 1772: Reward=  35.0, Length= 35, Loss=1.8917, Memory=88.60
02:06:36 AM - INFO - Step  786: train/policy_loss = 0.434196
02:06:36 AM - INFO - Step  786: train/reward_loss = 0.004055
02:06:36 AM - INFO - Step  786: train/value_loss = 0.915671
02:06:36 AM - INFO - Step  786: total_loss = 1.353922
02:06:37 AM - INFO - Episode 1773: Reward=  13.0, Length= 13, Loss=1.3539, Memory=88.65
02:06:37 AM - INFO - Episode 1774: Reward=   9.0, Length=  9, Loss=1.3539, Memory=88.70
02:06:37 AM - INFO - Step  787: train/policy_loss = 0.414128
02:06:37 AM - INFO - Step  787: train/reward_loss = 0.002888
02:06:37 AM - INFO - Step  787: train/value_loss = 0.979453
02:06:37 AM - INFO - Step  787: total_loss = 1.396469
02:06:39 AM - INFO - Episode 1775: Reward=  17.0, Length= 17, Loss=1.3965, Memory=88.75
02:06:40 AM - INFO - Episode 1776: Reward=  23.0, Length= 23, Loss=1.3965, Memory=88.80
02:06:40 AM - INFO - Step  788: train/policy_loss = 0.421685
02:06:40 AM - INFO - Step  788: train/reward_loss = 0.002233
02:06:40 AM - INFO - Step  788: train/value_loss = 1.131340
02:06:40 AM - INFO - Step  788: total_loss = 1.555258
02:06:41 AM - INFO - Episode 1777: Reward=  10.0, Length= 10, Loss=1.5553, Memory=88.85
02:06:42 AM - INFO - Episode 1778: Reward=  11.0, Length= 11, Loss=1.5553, Memory=88.90
02:06:42 AM - INFO - Step  789: train/policy_loss = 0.442905
02:06:42 AM - INFO - Step  789: train/reward_loss = 0.002736
02:06:42 AM - INFO - Step  789: train/value_loss = 1.242829
02:06:42 AM - INFO - Step  789: total_loss = 1.688470
02:06:43 AM - INFO - Episode 1779: Reward=  15.0, Length= 15, Loss=1.6885, Memory=88.95
02:06:44 AM - INFO - Episode 1780: Reward=  14.0, Length= 14, Loss=1.6885, Memory=89.00
02:06:44 AM - INFO - Step  790: train/policy_loss = 0.448498
02:06:44 AM - INFO - Step  790: train/reward_loss = 0.002569
02:06:44 AM - INFO - Step  790: train/value_loss = 0.938189
02:06:44 AM - INFO - Step  790: total_loss = 1.389256
02:06:45 AM - INFO - Episode 1781: Reward=  21.0, Length= 21, Loss=1.3893, Memory=89.05
02:06:45 AM - INFO - Progress: 89.0% | 0.93 it/s | ETA: 03:55
02:06:46 AM - INFO - Episode 1782: Reward=  15.0, Length= 15, Loss=1.3893, Memory=89.10
02:06:46 AM - INFO - Step  791: train/policy_loss = 0.404886
02:06:46 AM - INFO - Step  791: train/reward_loss = 0.002195
02:06:46 AM - INFO - Step  791: train/value_loss = 0.978858
02:06:46 AM - INFO - Step  791: total_loss = 1.385939
02:06:48 AM - INFO - Episode 1783: Reward=  17.0, Length= 17, Loss=1.3859, Memory=89.15
02:06:48 AM - INFO - Episode 1784: Reward=  10.0, Length= 10, Loss=1.3859, Memory=89.20
02:06:49 AM - INFO - Step  792: train/policy_loss = 0.451746
02:06:49 AM - INFO - Step  792: train/reward_loss = 0.003234
02:06:49 AM - INFO - Step  792: train/value_loss = 1.036159
02:06:49 AM - INFO - Step  792: total_loss = 1.491138
02:06:50 AM - INFO - Episode 1785: Reward=  17.0, Length= 17, Loss=1.4911, Memory=89.25
02:06:50 AM - INFO - Episode 1786: Reward=  10.0, Length= 10, Loss=1.4911, Memory=89.30
02:06:51 AM - INFO - Step  793: train/policy_loss = 0.438733
02:06:51 AM - INFO - Step  793: train/reward_loss = 0.002792
02:06:51 AM - INFO - Step  793: train/value_loss = 0.801979
02:06:51 AM - INFO - Step  793: total_loss = 1.243504
02:06:51 AM - INFO - Episode 1787: Reward=  12.0, Length= 12, Loss=1.2435, Memory=89.35
02:06:52 AM - INFO - Episode 1788: Reward=  10.0, Length= 10, Loss=1.2435, Memory=89.40
02:06:52 AM - INFO - Step  794: train/policy_loss = 0.436945
02:06:52 AM - INFO - Step  794: train/reward_loss = 0.003612
02:06:52 AM - INFO - Step  794: train/value_loss = 1.644307
02:06:52 AM - INFO - Step  794: total_loss = 2.084864
02:06:54 AM - INFO - Episode 1789: Reward=  21.0, Length= 21, Loss=2.0849, Memory=89.45
02:06:55 AM - INFO - Episode 1790: Reward=  21.0, Length= 21, Loss=2.0849, Memory=89.50
02:06:55 AM - INFO - Step  795: train/policy_loss = 0.462133
02:06:55 AM - INFO - Step  795: train/reward_loss = 0.003488
02:06:55 AM - INFO - Step  795: train/value_loss = 1.056813
02:06:55 AM - INFO - Step  795: total_loss = 1.522435
02:06:57 AM - INFO - Episode 1791: Reward=  22.0, Length= 22, Loss=1.5224, Memory=89.55
02:06:58 AM - INFO - Episode 1792: Reward=  23.0, Length= 23, Loss=1.5224, Memory=89.60
02:06:58 AM - INFO - Step  796: train/policy_loss = 0.468281
02:06:58 AM - INFO - Step  796: train/reward_loss = 0.002809
02:06:58 AM - INFO - Step  796: train/value_loss = 1.049258
02:06:58 AM - INFO - Step  796: total_loss = 1.520348
02:06:59 AM - INFO - Episode 1793: Reward=  10.0, Length= 10, Loss=1.5203, Memory=89.65
02:07:00 AM - INFO - Episode 1794: Reward=  12.0, Length= 12, Loss=1.5203, Memory=89.70
02:07:00 AM - INFO - Step  797: train/policy_loss = 0.440620
02:07:00 AM - INFO - Step  797: train/reward_loss = 0.002959
02:07:00 AM - INFO - Step  797: train/value_loss = 1.623683
02:07:00 AM - INFO - Step  797: total_loss = 2.067262
02:07:01 AM - INFO - Episode 1795: Reward=  16.0, Length= 16, Loss=2.0673, Memory=89.75
02:07:02 AM - INFO - Episode 1796: Reward=  10.0, Length= 10, Loss=2.0673, Memory=89.80
02:07:02 AM - INFO - Step  798: train/policy_loss = 0.485445
02:07:02 AM - INFO - Step  798: train/reward_loss = 0.002986
02:07:02 AM - INFO - Step  798: train/value_loss = 1.391266
02:07:02 AM - INFO - Step  798: total_loss = 1.879697
02:07:03 AM - INFO - Episode 1797: Reward=  10.0, Length= 10, Loss=1.8797, Memory=89.85
02:07:03 AM - INFO - Episode 1798: Reward=  13.0, Length= 13, Loss=1.8797, Memory=89.90
02:07:04 AM - INFO - Step  799: train/policy_loss = 0.525763
02:07:04 AM - INFO - Step  799: train/reward_loss = 0.003040
02:07:04 AM - INFO - Step  799: train/value_loss = 1.346080
02:07:04 AM - INFO - Step  799: total_loss = 1.874883
02:07:04 AM - INFO - Updating target network at training step 800
02:07:04 AM - INFO - Target network update completed
02:07:05 AM - INFO - Episode 1799: Reward=  21.0, Length= 21, Loss=1.8749, Memory=89.95
02:07:06 AM - INFO - Episode 1800: Reward=  10.0, Length= 10, Loss=1.8749, Memory=90.00
02:07:06 AM - INFO - Step  800: train/policy_loss = 0.442692
02:07:06 AM - INFO - Step  800: train/reward_loss = 0.004076
02:07:06 AM - INFO - Step  800: train/value_loss = 1.095522
02:07:06 AM - INFO - Step  800: total_loss = 1.542291
02:07:06 AM - INFO - Checkpoint saved to checkpoints/CartPole-v1/20250725_213748/episode_01800.pkl
02:07:07 AM - INFO - Episode 1801: Reward=  12.0, Length= 12, Loss=1.5423, Memory=90.05
02:07:07 AM - INFO - Progress: 90.0% | 0.97 it/s | ETA: 03:25
02:07:09 AM - INFO - Episode 1802: Reward=  28.0, Length= 28, Loss=1.5423, Memory=90.10
02:07:09 AM - INFO - Step  801: train/policy_loss = 0.447678
02:07:09 AM - INFO - Step  801: train/reward_loss = 0.003738
02:07:09 AM - INFO - Step  801: train/value_loss = 1.233332
02:07:09 AM - INFO - Step  801: total_loss = 1.684747
02:07:10 AM - INFO - Episode 1803: Reward=  18.0, Length= 18, Loss=1.6847, Memory=90.15
02:07:11 AM - INFO - Episode 1804: Reward=  11.0, Length= 11, Loss=1.6847, Memory=90.20
02:07:11 AM - INFO - Step  802: train/policy_loss = 0.460069
02:07:11 AM - INFO - Step  802: train/reward_loss = 0.002758
02:07:11 AM - INFO - Step  802: train/value_loss = 0.915428
02:07:11 AM - INFO - Step  802: total_loss = 1.378256
02:07:13 AM - INFO - Episode 1805: Reward=  24.0, Length= 24, Loss=1.3783, Memory=90.25
02:07:14 AM - INFO - Episode 1806: Reward=  20.0, Length= 20, Loss=1.3783, Memory=90.30
02:07:14 AM - INFO - Step  803: train/policy_loss = 0.452141
02:07:14 AM - INFO - Step  803: train/reward_loss = 0.002484
02:07:14 AM - INFO - Step  803: train/value_loss = 1.247786
02:07:14 AM - INFO - Step  803: total_loss = 1.702410
02:07:17 AM - INFO - Episode 1807: Reward=  42.0, Length= 42, Loss=1.7024, Memory=90.35
02:07:17 AM - INFO - Episode 1808: Reward=  10.0, Length= 10, Loss=1.7024, Memory=90.40
02:07:18 AM - INFO - Step  804: train/policy_loss = 0.515628
02:07:18 AM - INFO - Step  804: train/reward_loss = 0.002892
02:07:18 AM - INFO - Step  804: train/value_loss = 1.685352
02:07:18 AM - INFO - Step  804: total_loss = 2.203873
02:07:19 AM - INFO - Episode 1809: Reward=  16.0, Length= 16, Loss=2.2039, Memory=90.45
02:07:22 AM - INFO - Episode 1810: Reward=  44.0, Length= 44, Loss=2.2039, Memory=90.50
02:07:22 AM - INFO - Step  805: train/policy_loss = 0.417122
02:07:22 AM - INFO - Step  805: train/reward_loss = 0.003221
02:07:22 AM - INFO - Step  805: train/value_loss = 1.113452
02:07:22 AM - INFO - Step  805: total_loss = 1.533795
02:07:23 AM - INFO - Episode 1811: Reward=  25.0, Length= 25, Loss=1.5338, Memory=90.55
02:07:24 AM - INFO - Episode 1812: Reward=  10.0, Length= 10, Loss=1.5338, Memory=90.60
02:07:24 AM - INFO - Step  806: train/policy_loss = 0.417816
02:07:24 AM - INFO - Step  806: train/reward_loss = 0.002620
02:07:24 AM - INFO - Step  806: train/value_loss = 1.198204
02:07:24 AM - INFO - Step  806: total_loss = 1.618641
02:07:25 AM - INFO - Episode 1813: Reward=  10.0, Length= 10, Loss=1.6186, Memory=90.65
02:07:26 AM - INFO - Episode 1814: Reward=  10.0, Length= 10, Loss=1.6186, Memory=90.70
02:07:26 AM - INFO - Step  807: train/policy_loss = 0.449818
02:07:26 AM - INFO - Step  807: train/reward_loss = 0.002596
02:07:26 AM - INFO - Step  807: train/value_loss = 1.760950
02:07:26 AM - INFO - Step  807: total_loss = 2.213364
02:07:27 AM - INFO - Episode 1815: Reward=  10.0, Length= 10, Loss=2.2134, Memory=90.75
02:07:28 AM - INFO - Episode 1816: Reward=  16.0, Length= 16, Loss=2.2134, Memory=90.80
02:07:28 AM - INFO - Step  808: train/policy_loss = 0.443390
02:07:28 AM - INFO - Step  808: train/reward_loss = 0.002269
02:07:28 AM - INFO - Step  808: train/value_loss = 1.343622
02:07:28 AM - INFO - Step  808: total_loss = 1.789280
02:07:29 AM - INFO - Episode 1817: Reward=  20.0, Length= 20, Loss=1.7893, Memory=90.85
02:07:30 AM - INFO - Episode 1818: Reward=  16.0, Length= 16, Loss=1.7893, Memory=90.90
02:07:30 AM - INFO - Step  809: train/policy_loss = 0.408334
02:07:30 AM - INFO - Step  809: train/reward_loss = 0.002638
02:07:30 AM - INFO - Step  809: train/value_loss = 1.327127
02:07:30 AM - INFO - Step  809: total_loss = 1.738098
02:07:33 AM - INFO - Episode 1819: Reward=  36.0, Length= 36, Loss=1.7381, Memory=90.95
02:07:36 AM - INFO - Episode 1820: Reward=  45.0, Length= 45, Loss=1.7381, Memory=91.00
02:07:36 AM - INFO - Step  810: train/policy_loss = 0.455703
02:07:36 AM - INFO - Step  810: train/reward_loss = 0.003377
02:07:36 AM - INFO - Step  810: train/value_loss = 1.542500
02:07:36 AM - INFO - Step  810: total_loss = 2.001581
02:07:39 AM - INFO - Episode 1821: Reward=  54.0, Length= 54, Loss=2.0016, Memory=91.05
02:07:39 AM - INFO - Progress: 91.0% | 0.50 it/s | ETA: 06:03
02:07:40 AM - INFO - Episode 1822: Reward=  10.0, Length= 10, Loss=2.0016, Memory=91.10
02:07:40 AM - INFO - Step  811: train/policy_loss = 0.440771
02:07:40 AM - INFO - Step  811: train/reward_loss = 0.004417
02:07:40 AM - INFO - Step  811: train/value_loss = 1.515071
02:07:40 AM - INFO - Step  811: total_loss = 1.960259
02:07:43 AM - INFO - Episode 1823: Reward=  37.0, Length= 37, Loss=1.9603, Memory=91.15
02:07:43 AM - INFO - Episode 1824: Reward=  10.0, Length= 10, Loss=1.9603, Memory=91.20
02:07:44 AM - INFO - Step  812: train/policy_loss = 0.453420
02:07:44 AM - INFO - Step  812: train/reward_loss = 0.003412
02:07:44 AM - INFO - Step  812: train/value_loss = 1.280341
02:07:44 AM - INFO - Step  812: total_loss = 1.737173
02:07:44 AM - INFO - Episode 1825: Reward=  10.0, Length= 10, Loss=1.7372, Memory=91.25
02:07:45 AM - INFO - Episode 1826: Reward=  17.0, Length= 17, Loss=1.7372, Memory=91.30
02:07:45 AM - INFO - Step  813: train/policy_loss = 0.440309
02:07:45 AM - INFO - Step  813: train/reward_loss = 0.003492
02:07:45 AM - INFO - Step  813: train/value_loss = 1.136082
02:07:45 AM - INFO - Step  813: total_loss = 1.579883
02:07:46 AM - INFO - Episode 1827: Reward=  10.0, Length= 10, Loss=1.5799, Memory=91.35
02:07:47 AM - INFO - Episode 1828: Reward=  18.0, Length= 18, Loss=1.5799, Memory=91.40
02:07:48 AM - INFO - Step  814: train/policy_loss = 0.465837
02:07:48 AM - INFO - Step  814: train/reward_loss = 0.003752
02:07:48 AM - INFO - Step  814: train/value_loss = 1.346649
02:07:48 AM - INFO - Step  814: total_loss = 1.816238
02:07:48 AM - INFO - Episode 1829: Reward=  10.0, Length= 10, Loss=1.8162, Memory=91.45
02:07:49 AM - INFO - Episode 1830: Reward=  10.0, Length= 10, Loss=1.8162, Memory=91.50
02:07:49 AM - INFO - Step  815: train/policy_loss = 0.425852
02:07:49 AM - INFO - Step  815: train/reward_loss = 0.003513
02:07:49 AM - INFO - Step  815: train/value_loss = 0.871324
02:07:49 AM - INFO - Step  815: total_loss = 1.300689
02:07:50 AM - INFO - Episode 1831: Reward=  13.0, Length= 13, Loss=1.3007, Memory=91.55
02:07:51 AM - INFO - Episode 1832: Reward=  16.0, Length= 16, Loss=1.3007, Memory=91.60
02:07:51 AM - INFO - Step  816: train/policy_loss = 0.463527
02:07:51 AM - INFO - Step  816: train/reward_loss = 0.002903
02:07:51 AM - INFO - Step  816: train/value_loss = 1.243600
02:07:51 AM - INFO - Step  816: total_loss = 1.710029
02:07:52 AM - INFO - Episode 1833: Reward=  10.0, Length= 10, Loss=1.7100, Memory=91.65
02:07:53 AM - INFO - Episode 1834: Reward=  16.0, Length= 16, Loss=1.7100, Memory=91.70
02:07:53 AM - INFO - Step  817: train/policy_loss = 0.403594
02:07:53 AM - INFO - Step  817: train/reward_loss = 0.002727
02:07:53 AM - INFO - Step  817: train/value_loss = 1.039017
02:07:53 AM - INFO - Step  817: total_loss = 1.445338
02:07:54 AM - INFO - Episode 1835: Reward=  12.0, Length= 12, Loss=1.4453, Memory=91.75
02:07:58 AM - INFO - Episode 1836: Reward=  56.0, Length= 56, Loss=1.4453, Memory=91.80
02:07:58 AM - INFO - Step  818: train/policy_loss = 0.492816
02:07:58 AM - INFO - Step  818: train/reward_loss = 0.002307
02:07:58 AM - INFO - Step  818: train/value_loss = 1.101005
02:07:58 AM - INFO - Step  818: total_loss = 1.596128
02:07:59 AM - INFO - Episode 1837: Reward=  10.0, Length= 10, Loss=1.5961, Memory=91.85
02:07:59 AM - INFO - Episode 1838: Reward=  10.0, Length= 10, Loss=1.5961, Memory=91.90
02:07:59 AM - INFO - Step  819: train/policy_loss = 0.462837
02:07:59 AM - INFO - Step  819: train/reward_loss = 0.002799
02:07:59 AM - INFO - Step  819: train/value_loss = 1.214133
02:07:59 AM - INFO - Step  819: total_loss = 1.679769
02:08:00 AM - INFO - Episode 1839: Reward=  10.0, Length= 10, Loss=1.6798, Memory=91.95
02:08:03 AM - INFO - Episode 1840: Reward=  52.0, Length= 52, Loss=1.6798, Memory=92.00
02:08:04 AM - INFO - Step  820: train/policy_loss = 0.446956
02:08:04 AM - INFO - Step  820: train/reward_loss = 0.004359
02:08:04 AM - INFO - Step  820: train/value_loss = 1.232698
02:08:04 AM - INFO - Step  820: total_loss = 1.684012
02:08:04 AM - INFO - Episode 1841: Reward=  10.0, Length= 10, Loss=1.6840, Memory=92.05
02:08:04 AM - INFO - Progress: 92.0% | 0.54 it/s | ETA: 04:57
02:08:06 AM - INFO - Episode 1842: Reward=  24.0, Length= 24, Loss=1.6840, Memory=92.10
02:08:06 AM - INFO - Step  821: train/policy_loss = 0.396342
02:08:06 AM - INFO - Step  821: train/reward_loss = 0.005047
02:08:06 AM - INFO - Step  821: train/value_loss = 1.147485
02:08:06 AM - INFO - Step  821: total_loss = 1.548875
02:08:07 AM - INFO - Episode 1843: Reward=   9.0, Length=  9, Loss=1.5489, Memory=92.15
02:08:08 AM - INFO - Episode 1844: Reward=  19.0, Length= 19, Loss=1.5489, Memory=92.20
02:08:08 AM - INFO - Step  822: train/policy_loss = 0.467397
02:08:08 AM - INFO - Step  822: train/reward_loss = 0.004275
02:08:08 AM - INFO - Step  822: train/value_loss = 0.851711
02:08:08 AM - INFO - Step  822: total_loss = 1.323384
02:08:09 AM - INFO - Episode 1845: Reward=  10.0, Length= 10, Loss=1.3234, Memory=92.25
02:08:10 AM - INFO - Episode 1846: Reward=  12.0, Length= 12, Loss=1.3234, Memory=92.30
02:08:10 AM - INFO - Step  823: train/policy_loss = 0.420130
02:08:10 AM - INFO - Step  823: train/reward_loss = 0.004348
02:08:10 AM - INFO - Step  823: train/value_loss = 1.820258
02:08:10 AM - INFO - Step  823: total_loss = 2.244737
02:08:11 AM - INFO - Episode 1847: Reward=  11.0, Length= 11, Loss=2.2447, Memory=92.35
02:08:12 AM - INFO - Episode 1848: Reward=  19.0, Length= 19, Loss=2.2447, Memory=92.40
02:08:12 AM - INFO - Step  824: train/policy_loss = 0.461363
02:08:12 AM - INFO - Step  824: train/reward_loss = 0.003498
02:08:12 AM - INFO - Step  824: train/value_loss = 0.971530
02:08:12 AM - INFO - Step  824: total_loss = 1.436391
02:08:13 AM - INFO - Episode 1849: Reward=  21.0, Length= 21, Loss=1.4364, Memory=92.45
02:08:15 AM - INFO - Episode 1850: Reward=  21.0, Length= 21, Loss=1.4364, Memory=92.50
02:08:15 AM - INFO - Step  825: train/policy_loss = 0.434077
02:08:15 AM - INFO - Step  825: train/reward_loss = 0.002681
02:08:15 AM - INFO - Step  825: train/value_loss = 1.378662
02:08:15 AM - INFO - Step  825: total_loss = 1.815420
02:08:15 AM - INFO - Checkpoint saved to checkpoints/CartPole-v1/20250725_213748/episode_01850.pkl
02:08:16 AM - INFO - Episode 1851: Reward=  10.0, Length= 10, Loss=1.8154, Memory=92.55
02:08:16 AM - INFO - Episode 1852: Reward=   9.0, Length=  9, Loss=1.8154, Memory=92.60
02:08:16 AM - INFO - Step  826: train/policy_loss = 0.420885
02:08:16 AM - INFO - Step  826: train/reward_loss = 0.002517
02:08:16 AM - INFO - Step  826: train/value_loss = 1.102331
02:08:16 AM - INFO - Step  826: total_loss = 1.525732
02:08:19 AM - INFO - Episode 1853: Reward=  33.0, Length= 33, Loss=1.5257, Memory=92.65
02:08:21 AM - INFO - Episode 1854: Reward=  36.0, Length= 36, Loss=1.5257, Memory=92.70
02:08:21 AM - INFO - Step  827: train/policy_loss = 0.467147
02:08:21 AM - INFO - Step  827: train/reward_loss = 0.002653
02:08:21 AM - INFO - Step  827: train/value_loss = 1.064191
02:08:21 AM - INFO - Step  827: total_loss = 1.533990
02:08:23 AM - INFO - Episode 1855: Reward=  27.0, Length= 27, Loss=1.5340, Memory=92.75
02:08:23 AM - INFO - Episode 1856: Reward=  10.0, Length= 10, Loss=1.5340, Memory=92.80
02:08:24 AM - INFO - Step  828: train/policy_loss = 0.441757
02:08:24 AM - INFO - Step  828: train/reward_loss = 0.003729
02:08:24 AM - INFO - Step  828: train/value_loss = 1.179066
02:08:24 AM - INFO - Step  828: total_loss = 1.624551
02:08:24 AM - INFO - Episode 1857: Reward=  10.0, Length= 10, Loss=1.6246, Memory=92.85
02:08:26 AM - INFO - Episode 1858: Reward=  26.0, Length= 26, Loss=1.6246, Memory=92.90
02:08:26 AM - INFO - Step  829: train/policy_loss = 0.393533
02:08:26 AM - INFO - Step  829: train/reward_loss = 0.004310
02:08:26 AM - INFO - Step  829: train/value_loss = 1.294210
02:08:26 AM - INFO - Step  829: total_loss = 1.692053
02:08:27 AM - INFO - Episode 1859: Reward=  12.0, Length= 12, Loss=1.6921, Memory=92.95
02:08:28 AM - INFO - Episode 1860: Reward=  14.0, Length= 14, Loss=1.6921, Memory=93.00
02:08:28 AM - INFO - Step  830: train/policy_loss = 0.459020
02:08:28 AM - INFO - Step  830: train/reward_loss = 0.003777
02:08:28 AM - INFO - Step  830: train/value_loss = 1.266838
02:08:28 AM - INFO - Step  830: total_loss = 1.729635
02:08:30 AM - INFO - Episode 1861: Reward=  26.0, Length= 26, Loss=1.7296, Memory=93.05
02:08:30 AM - INFO - Progress: 93.0% | 0.82 it/s | ETA: 02:50
02:08:32 AM - INFO - Episode 1862: Reward=  34.0, Length= 34, Loss=1.7296, Memory=93.10
02:08:32 AM - INFO - Step  831: train/policy_loss = 0.491941
02:08:32 AM - INFO - Step  831: train/reward_loss = 0.004345
02:08:32 AM - INFO - Step  831: train/value_loss = 1.135390
02:08:32 AM - INFO - Step  831: total_loss = 1.631676
02:08:33 AM - INFO - Episode 1863: Reward=  10.0, Length= 10, Loss=1.6317, Memory=93.15
02:08:34 AM - INFO - Episode 1864: Reward=  10.0, Length= 10, Loss=1.6317, Memory=93.20
02:08:34 AM - INFO - Step  832: train/policy_loss = 0.423581
02:08:34 AM - INFO - Step  832: train/reward_loss = 0.003269
02:08:34 AM - INFO - Step  832: train/value_loss = 1.181583
02:08:34 AM - INFO - Step  832: total_loss = 1.608434
02:08:35 AM - INFO - Episode 1865: Reward=  16.0, Length= 16, Loss=1.6084, Memory=93.25
02:08:37 AM - INFO - Episode 1866: Reward=  24.0, Length= 24, Loss=1.6084, Memory=93.30
02:08:37 AM - INFO - Step  833: train/policy_loss = 0.403311
02:08:37 AM - INFO - Step  833: train/reward_loss = 0.003152
02:08:37 AM - INFO - Step  833: train/value_loss = 1.682510
02:08:37 AM - INFO - Step  833: total_loss = 2.088973
02:08:37 AM - INFO - Episode 1867: Reward=  10.0, Length= 10, Loss=2.0890, Memory=93.35
02:08:38 AM - INFO - Episode 1868: Reward=  10.0, Length= 10, Loss=2.0890, Memory=93.40
02:08:38 AM - INFO - Step  834: train/policy_loss = 0.446184
02:08:38 AM - INFO - Step  834: train/reward_loss = 0.004050
02:08:38 AM - INFO - Step  834: train/value_loss = 1.103989
02:08:38 AM - INFO - Step  834: total_loss = 1.554223
02:08:40 AM - INFO - Episode 1869: Reward=  23.0, Length= 23, Loss=1.5542, Memory=93.45
02:08:42 AM - INFO - Episode 1870: Reward=  31.0, Length= 31, Loss=1.5542, Memory=93.50
02:08:42 AM - INFO - Step  835: train/policy_loss = 0.455420
02:08:42 AM - INFO - Step  835: train/reward_loss = 0.007487
02:08:42 AM - INFO - Step  835: train/value_loss = 1.064234
02:08:42 AM - INFO - Step  835: total_loss = 1.527141
02:08:43 AM - INFO - Episode 1871: Reward=  10.0, Length= 10, Loss=1.5271, Memory=93.55
02:08:43 AM - INFO - Episode 1872: Reward=  10.0, Length= 10, Loss=1.5271, Memory=93.60
02:08:44 AM - INFO - Step  836: train/policy_loss = 0.426770
02:08:44 AM - INFO - Step  836: train/reward_loss = 0.007270
02:08:44 AM - INFO - Step  836: train/value_loss = 1.208894
02:08:44 AM - INFO - Step  836: total_loss = 1.642933
02:08:45 AM - INFO - Episode 1873: Reward=  19.0, Length= 19, Loss=1.6429, Memory=93.65
02:08:45 AM - INFO - Episode 1874: Reward=  10.0, Length= 10, Loss=1.6429, Memory=93.70
02:08:46 AM - INFO - Step  837: train/policy_loss = 0.431569
02:08:46 AM - INFO - Step  837: train/reward_loss = 0.005622
02:08:46 AM - INFO - Step  837: train/value_loss = 1.070107
02:08:46 AM - INFO - Step  837: total_loss = 1.507298
02:08:47 AM - INFO - Episode 1875: Reward=  21.0, Length= 21, Loss=1.5073, Memory=93.75
02:08:48 AM - INFO - Episode 1876: Reward=  12.0, Length= 12, Loss=1.5073, Memory=93.80
02:08:48 AM - INFO - Step  838: train/policy_loss = 0.482357
02:08:48 AM - INFO - Step  838: train/reward_loss = 0.003786
02:08:48 AM - INFO - Step  838: train/value_loss = 1.160981
02:08:48 AM - INFO - Step  838: total_loss = 1.647124
02:08:49 AM - INFO - Episode 1877: Reward=  18.0, Length= 18, Loss=1.6471, Memory=93.85
02:08:50 AM - INFO - Episode 1878: Reward=  10.0, Length= 10, Loss=1.6471, Memory=93.90
02:08:50 AM - INFO - Step  839: train/policy_loss = 0.469701
02:08:50 AM - INFO - Step  839: train/reward_loss = 0.002684
02:08:50 AM - INFO - Step  839: train/value_loss = 1.066761
02:08:50 AM - INFO - Step  839: total_loss = 1.539147
02:08:51 AM - INFO - Episode 1879: Reward=  16.0, Length= 16, Loss=1.5391, Memory=93.95
02:08:52 AM - INFO - Episode 1880: Reward=  10.0, Length= 10, Loss=1.5391, Memory=94.00
02:08:52 AM - INFO - Step  840: train/policy_loss = 0.432498
02:08:52 AM - INFO - Step  840: train/reward_loss = 0.002700
02:08:52 AM - INFO - Step  840: train/value_loss = 1.244018
02:08:52 AM - INFO - Step  840: total_loss = 1.679216
02:08:53 AM - INFO - Episode 1881: Reward=  14.0, Length= 14, Loss=1.6792, Memory=94.05
02:08:53 AM - INFO - Progress: 94.0% | 1.00 it/s | ETA: 02:00
02:08:54 AM - INFO - Episode 1882: Reward=  19.0, Length= 19, Loss=1.6792, Memory=94.10
02:08:54 AM - INFO - Step  841: train/policy_loss = 0.498173
02:08:54 AM - INFO - Step  841: train/reward_loss = 0.002915
02:08:54 AM - INFO - Step  841: train/value_loss = 1.404874
02:08:54 AM - INFO - Step  841: total_loss = 1.905962
02:08:56 AM - INFO - Episode 1883: Reward=  17.0, Length= 17, Loss=1.9060, Memory=94.15
02:08:57 AM - INFO - Episode 1884: Reward=  17.0, Length= 17, Loss=1.9060, Memory=94.20
02:08:57 AM - INFO - Step  842: train/policy_loss = 0.457276
02:08:57 AM - INFO - Step  842: train/reward_loss = 0.002933
02:08:57 AM - INFO - Step  842: train/value_loss = 1.114679
02:08:57 AM - INFO - Step  842: total_loss = 1.574888
02:08:57 AM - INFO - Episode 1885: Reward=  10.0, Length= 10, Loss=1.5749, Memory=94.25
02:08:58 AM - INFO - Episode 1886: Reward=  12.0, Length= 12, Loss=1.5749, Memory=94.30
02:08:58 AM - INFO - Step  843: train/policy_loss = 0.439133
02:08:58 AM - INFO - Step  843: train/reward_loss = 0.003003
02:08:58 AM - INFO - Step  843: train/value_loss = 1.084827
02:08:58 AM - INFO - Step  843: total_loss = 1.526963
02:09:00 AM - INFO - Episode 1887: Reward=  25.0, Length= 25, Loss=1.5270, Memory=94.35
02:09:01 AM - INFO - Episode 1888: Reward=  10.0, Length= 10, Loss=1.5270, Memory=94.40
02:09:01 AM - INFO - Step  844: train/policy_loss = 0.471652
02:09:01 AM - INFO - Step  844: train/reward_loss = 0.003475
02:09:01 AM - INFO - Step  844: train/value_loss = 0.969420
02:09:01 AM - INFO - Step  844: total_loss = 1.444548
02:09:02 AM - INFO - Episode 1889: Reward=  10.0, Length= 10, Loss=1.4445, Memory=94.45
02:09:02 AM - INFO - Episode 1890: Reward=  10.0, Length= 10, Loss=1.4445, Memory=94.50
02:09:03 AM - INFO - Step  845: train/policy_loss = 0.437824
02:09:03 AM - INFO - Step  845: train/reward_loss = 0.002932
02:09:03 AM - INFO - Step  845: train/value_loss = 1.784784
02:09:03 AM - INFO - Step  845: total_loss = 2.225539
02:09:03 AM - INFO - Episode 1891: Reward=  11.0, Length= 11, Loss=2.2255, Memory=94.55
02:09:05 AM - INFO - Episode 1892: Reward=  20.0, Length= 20, Loss=2.2255, Memory=94.60
02:09:05 AM - INFO - Step  846: train/policy_loss = 0.465668
02:09:05 AM - INFO - Step  846: train/reward_loss = 0.001974
02:09:05 AM - INFO - Step  846: train/value_loss = 1.118258
02:09:05 AM - INFO - Step  846: total_loss = 1.585900
02:09:06 AM - INFO - Episode 1893: Reward=  15.0, Length= 15, Loss=1.5859, Memory=94.65
02:09:07 AM - INFO - Episode 1894: Reward=  12.0, Length= 12, Loss=1.5859, Memory=94.70
02:09:07 AM - INFO - Step  847: train/policy_loss = 0.451331
02:09:07 AM - INFO - Step  847: train/reward_loss = 0.003150
02:09:07 AM - INFO - Step  847: train/value_loss = 1.137156
02:09:07 AM - INFO - Step  847: total_loss = 1.591637
02:09:08 AM - INFO - Episode 1895: Reward=  10.0, Length= 10, Loss=1.5916, Memory=94.75
02:09:09 AM - INFO - Episode 1896: Reward=  13.0, Length= 13, Loss=1.5916, Memory=94.80
02:09:09 AM - INFO - Step  848: train/policy_loss = 0.447678
02:09:09 AM - INFO - Step  848: train/reward_loss = 0.003089
02:09:09 AM - INFO - Step  848: train/value_loss = 1.302053
02:09:09 AM - INFO - Step  848: total_loss = 1.752820
02:09:10 AM - INFO - Episode 1897: Reward=  13.0, Length= 13, Loss=1.7528, Memory=94.85
02:09:11 AM - INFO - Episode 1898: Reward=  19.0, Length= 19, Loss=1.7528, Memory=94.90
02:09:11 AM - INFO - Step  849: train/policy_loss = 0.470215
02:09:11 AM - INFO - Step  849: train/reward_loss = 0.003580
02:09:11 AM - INFO - Step  849: train/value_loss = 1.028826
02:09:11 AM - INFO - Step  849: total_loss = 1.502621
02:09:12 AM - INFO - Episode 1899: Reward=  18.0, Length= 18, Loss=1.5026, Memory=94.95
02:09:15 AM - INFO - Episode 1900: Reward=  39.0, Length= 39, Loss=1.5026, Memory=95.00
02:09:15 AM - INFO - Step  850: train/policy_loss = 0.439531
02:09:15 AM - INFO - Step  850: train/reward_loss = 0.002525
02:09:15 AM - INFO - Step  850: train/value_loss = 1.531184
02:09:15 AM - INFO - Step  850: total_loss = 1.973240
02:09:15 AM - INFO - Checkpoint saved to checkpoints/CartPole-v1/20250725_213748/episode_01900.pkl
02:09:17 AM - INFO - Episode 1901: Reward=  26.0, Length= 26, Loss=1.9732, Memory=95.05
02:09:17 AM - INFO - Progress: 95.0% | 0.62 it/s | ETA: 02:40
02:09:17 AM - INFO - Episode 1902: Reward=  10.0, Length= 10, Loss=1.9732, Memory=95.10
02:09:17 AM - INFO - Step  851: train/policy_loss = 0.441202
02:09:17 AM - INFO - Step  851: train/reward_loss = 0.002651
02:09:17 AM - INFO - Step  851: train/value_loss = 1.408612
02:09:17 AM - INFO - Step  851: total_loss = 1.852465
02:09:19 AM - INFO - Episode 1903: Reward=  19.0, Length= 19, Loss=1.8525, Memory=95.15
02:09:19 AM - INFO - Episode 1904: Reward=  10.0, Length= 10, Loss=1.8525, Memory=95.20
02:09:20 AM - INFO - Step  852: train/policy_loss = 0.447729
02:09:20 AM - INFO - Step  852: train/reward_loss = 0.003019
02:09:20 AM - INFO - Step  852: train/value_loss = 0.989588
02:09:20 AM - INFO - Step  852: total_loss = 1.440336
02:09:25 AM - INFO - Episode 1905: Reward=  82.0, Length= 82, Loss=1.4403, Memory=95.25
02:09:30 AM - INFO - Episode 1906: Reward=  83.0, Length= 83, Loss=1.4403, Memory=95.30
02:09:30 AM - INFO - Step  853: train/policy_loss = 0.406128
02:09:30 AM - INFO - Step  853: train/reward_loss = 0.002803
02:09:30 AM - INFO - Step  853: train/value_loss = 1.212331
02:09:30 AM - INFO - Step  853: total_loss = 1.621262
02:09:34 AM - INFO - Episode 1907: Reward=  63.0, Length= 63, Loss=1.6213, Memory=95.35
02:09:38 AM - INFO - Episode 1908: Reward=  58.0, Length= 58, Loss=1.6213, Memory=95.40
02:09:39 AM - INFO - Step  854: train/policy_loss = 0.415175
02:09:39 AM - INFO - Step  854: train/reward_loss = 0.003271
02:09:39 AM - INFO - Step  854: train/value_loss = 1.310813
02:09:39 AM - INFO - Step  854: total_loss = 1.729259
02:09:43 AM - INFO - Episode 1909: Reward=  71.0, Length= 71, Loss=1.7293, Memory=95.45
02:09:47 AM - INFO - Episode 1910: Reward=  60.0, Length= 60, Loss=1.7293, Memory=95.50
02:09:47 AM - INFO - Step  855: train/policy_loss = 0.457313
02:09:47 AM - INFO - Step  855: train/reward_loss = 0.002347
02:09:47 AM - INFO - Step  855: train/value_loss = 1.171013
02:09:47 AM - INFO - Step  855: total_loss = 1.630674
02:09:48 AM - INFO - Episode 1911: Reward=  10.0, Length= 10, Loss=1.6307, Memory=95.55
02:09:49 AM - INFO - Episode 1912: Reward=  12.0, Length= 12, Loss=1.6307, Memory=95.60
02:09:49 AM - INFO - Step  856: train/policy_loss = 0.491211
02:09:49 AM - INFO - Step  856: train/reward_loss = 0.003457
02:09:49 AM - INFO - Step  856: train/value_loss = 1.339960
02:09:49 AM - INFO - Step  856: total_loss = 1.834627
02:09:50 AM - INFO - Episode 1913: Reward=  17.0, Length= 17, Loss=1.8346, Memory=95.65
02:09:53 AM - INFO - Episode 1914: Reward=  40.0, Length= 40, Loss=1.8346, Memory=95.70
02:09:53 AM - INFO - Step  857: train/policy_loss = 0.449563
02:09:53 AM - INFO - Step  857: train/reward_loss = 0.002838
02:09:53 AM - INFO - Step  857: train/value_loss = 1.176343
02:09:53 AM - INFO - Step  857: total_loss = 1.628744
02:09:56 AM - INFO - Episode 1915: Reward=  57.0, Length= 57, Loss=1.6287, Memory=95.75
02:09:58 AM - INFO - Episode 1916: Reward=  30.0, Length= 30, Loss=1.6287, Memory=95.80
02:09:59 AM - INFO - Step  858: train/policy_loss = 0.446827
02:09:59 AM - INFO - Step  858: train/reward_loss = 0.002787
02:09:59 AM - INFO - Step  858: train/value_loss = 0.902188
02:09:59 AM - INFO - Step  858: total_loss = 1.351802
02:10:00 AM - INFO - Episode 1917: Reward=  28.0, Length= 28, Loss=1.3518, Memory=95.85
02:10:03 AM - INFO - Episode 1918: Reward=  40.0, Length= 40, Loss=1.3518, Memory=95.90
02:10:03 AM - INFO - Step  859: train/policy_loss = 0.455362
02:10:03 AM - INFO - Step  859: train/reward_loss = 0.002351
02:10:03 AM - INFO - Step  859: train/value_loss = 1.002329
02:10:03 AM - INFO - Step  859: total_loss = 1.460042
02:10:04 AM - INFO - Episode 1919: Reward=  13.0, Length= 13, Loss=1.4600, Memory=95.95
02:10:06 AM - INFO - Episode 1920: Reward=  30.0, Length= 30, Loss=1.4600, Memory=96.00
02:10:06 AM - INFO - Step  860: train/policy_loss = 0.414303
02:10:06 AM - INFO - Step  860: train/reward_loss = 0.002637
02:10:06 AM - INFO - Step  860: train/value_loss = 1.325345
02:10:06 AM - INFO - Step  860: total_loss = 1.742285
02:10:07 AM - INFO - Episode 1921: Reward=  16.0, Length= 16, Loss=1.7423, Memory=96.05
02:10:07 AM - INFO - Progress: 96.0% | 0.49 it/s | ETA: 02:41
02:10:08 AM - INFO - Episode 1922: Reward=  12.0, Length= 12, Loss=1.7423, Memory=96.10
02:10:08 AM - INFO - Step  861: train/policy_loss = 0.440272
02:10:08 AM - INFO - Step  861: train/reward_loss = 0.002360
02:10:08 AM - INFO - Step  861: train/value_loss = 0.777292
02:10:08 AM - INFO - Step  861: total_loss = 1.219923
02:10:10 AM - INFO - Episode 1923: Reward=  17.0, Length= 17, Loss=1.2199, Memory=96.15
02:10:11 AM - INFO - Episode 1924: Reward=  26.0, Length= 26, Loss=1.2199, Memory=96.20
02:10:12 AM - INFO - Step  862: train/policy_loss = 0.453651
02:10:12 AM - INFO - Step  862: train/reward_loss = 0.002817
02:10:12 AM - INFO - Step  862: train/value_loss = 1.695933
02:10:12 AM - INFO - Step  862: total_loss = 2.152400
02:10:13 AM - INFO - Episode 1925: Reward=  20.0, Length= 20, Loss=2.1524, Memory=96.25
02:10:14 AM - INFO - Episode 1926: Reward=  15.0, Length= 15, Loss=2.1524, Memory=96.30
02:10:14 AM - INFO - Step  863: train/policy_loss = 0.438322
02:10:14 AM - INFO - Step  863: train/reward_loss = 0.002395
02:10:14 AM - INFO - Step  863: train/value_loss = 1.463759
02:10:14 AM - INFO - Step  863: total_loss = 1.904477
02:10:15 AM - INFO - Episode 1927: Reward=  10.0, Length= 10, Loss=1.9045, Memory=96.35
02:10:16 AM - INFO - Episode 1928: Reward=  22.0, Length= 22, Loss=1.9045, Memory=96.40
02:10:17 AM - INFO - Step  864: train/policy_loss = 0.433896
02:10:17 AM - INFO - Step  864: train/reward_loss = 0.002753
02:10:17 AM - INFO - Step  864: train/value_loss = 1.066825
02:10:17 AM - INFO - Step  864: total_loss = 1.503474
02:10:17 AM - INFO - Episode 1929: Reward=   9.0, Length=  9, Loss=1.5035, Memory=96.45
02:10:18 AM - INFO - Episode 1930: Reward=   9.0, Length=  9, Loss=1.5035, Memory=96.50
02:10:18 AM - INFO - Step  865: train/policy_loss = 0.433460
02:10:18 AM - INFO - Step  865: train/reward_loss = 0.002686
02:10:18 AM - INFO - Step  865: train/value_loss = 0.996290
02:10:18 AM - INFO - Step  865: total_loss = 1.432437
02:10:19 AM - INFO - Episode 1931: Reward=  12.0, Length= 12, Loss=1.4324, Memory=96.55
02:10:20 AM - INFO - Episode 1932: Reward=  21.0, Length= 21, Loss=1.4324, Memory=96.60
02:10:21 AM - INFO - Step  866: train/policy_loss = 0.401632
02:10:21 AM - INFO - Step  866: train/reward_loss = 0.002742
02:10:21 AM - INFO - Step  866: train/value_loss = 0.942766
02:10:21 AM - INFO - Step  866: total_loss = 1.347141
02:10:22 AM - INFO - Episode 1933: Reward=  13.0, Length= 13, Loss=1.3471, Memory=96.65
02:10:22 AM - INFO - Episode 1934: Reward=   9.0, Length=  9, Loss=1.3471, Memory=96.70
02:10:22 AM - INFO - Step  867: train/policy_loss = 0.418247
02:10:22 AM - INFO - Step  867: train/reward_loss = 0.004841
02:10:22 AM - INFO - Step  867: train/value_loss = 1.313053
02:10:22 AM - INFO - Step  867: total_loss = 1.736141
02:10:24 AM - INFO - Episode 1935: Reward=  24.0, Length= 24, Loss=1.7361, Memory=96.75
02:10:26 AM - INFO - Episode 1936: Reward=  29.0, Length= 29, Loss=1.7361, Memory=96.80
02:10:26 AM - INFO - Step  868: train/policy_loss = 0.459011
02:10:26 AM - INFO - Step  868: train/reward_loss = 0.004630
02:10:26 AM - INFO - Step  868: train/value_loss = 1.709729
02:10:26 AM - INFO - Step  868: total_loss = 2.173370
02:10:29 AM - INFO - Episode 1937: Reward=  44.0, Length= 44, Loss=2.1734, Memory=96.85
02:11:03 AM - INFO - Episode 1938: Reward= 500.0, Length=500, Loss=2.1734, Memory=96.90
02:11:03 AM - INFO - Step  869: train/policy_loss = 0.403404
02:11:03 AM - INFO - Step  869: train/reward_loss = 0.002423
02:11:03 AM - INFO - Step  869: train/value_loss = 1.136404
02:11:03 AM - INFO - Step  869: total_loss = 1.542231
02:11:37 AM - INFO - Episode 1939: Reward= 500.0, Length=500, Loss=1.5422, Memory=96.95
02:12:09 AM - INFO - Episode 1940: Reward= 475.0, Length=475, Loss=1.5422, Memory=97.00
02:12:10 AM - INFO - Step  870: train/policy_loss = 0.454533
02:12:10 AM - INFO - Step  870: train/reward_loss = 0.002470
02:12:10 AM - INFO - Step  870: train/value_loss = 1.356184
02:12:10 AM - INFO - Step  870: total_loss = 1.813188
02:12:44 AM - INFO - Episode 1941: Reward= 500.0, Length=500, Loss=1.8132, Memory=97.05
02:12:44 AM - INFO - Progress: 97.0% | 0.04 it/s | ETA: 22:31
02:13:18 AM - INFO - Episode 1942: Reward= 500.0, Length=500, Loss=1.8132, Memory=97.10
02:13:18 AM - INFO - Step  871: train/policy_loss = 0.457497
02:13:18 AM - INFO - Step  871: train/reward_loss = 0.002521
02:13:18 AM - INFO - Step  871: train/value_loss = 1.191829
02:13:18 AM - INFO - Step  871: total_loss = 1.651847
02:13:52 AM - INFO - Episode 1943: Reward= 500.0, Length=500, Loss=1.6518, Memory=97.15
02:14:22 AM - INFO - Episode 1944: Reward= 445.0, Length=445, Loss=1.6518, Memory=97.20
02:14:22 AM - INFO - Step  872: train/policy_loss = 0.416098
02:14:22 AM - INFO - Step  872: train/reward_loss = 0.002925
02:14:22 AM - INFO - Step  872: train/value_loss = 1.197887
02:14:22 AM - INFO - Step  872: total_loss = 1.616910
02:14:23 AM - INFO - Episode 1945: Reward=  12.0, Length= 12, Loss=1.6169, Memory=97.25
02:14:28 AM - INFO - Episode 1946: Reward=  63.0, Length= 63, Loss=1.6169, Memory=97.30
02:14:28 AM - INFO - Step  873: train/policy_loss = 0.443609
02:14:28 AM - INFO - Step  873: train/reward_loss = 0.004211
02:14:28 AM - INFO - Step  873: train/value_loss = 0.916236
02:14:28 AM - INFO - Step  873: total_loss = 1.364057
02:14:36 AM - INFO - Episode 1947: Reward= 122.0, Length=122, Loss=1.3641, Memory=97.35
02:14:37 AM - INFO - Episode 1948: Reward=  13.0, Length= 13, Loss=1.3641, Memory=97.40
02:14:37 AM - INFO - Step  874: train/policy_loss = 0.461232
02:14:37 AM - INFO - Step  874: train/reward_loss = 0.004274
02:14:37 AM - INFO - Step  874: train/value_loss = 1.309194
02:14:37 AM - INFO - Step  874: total_loss = 1.774700
02:14:40 AM - INFO - Episode 1949: Reward=  40.0, Length= 40, Loss=1.7747, Memory=97.45
02:14:43 AM - INFO - Episode 1950: Reward=  39.0, Length= 39, Loss=1.7747, Memory=97.50
02:14:43 AM - INFO - Step  875: train/policy_loss = 0.458995
02:14:43 AM - INFO - Step  875: train/reward_loss = 0.002883
02:14:43 AM - INFO - Step  875: train/value_loss = 1.214424
02:14:43 AM - INFO - Step  875: total_loss = 1.676302
02:14:43 AM - INFO - Checkpoint saved to checkpoints/CartPole-v1/20250725_213748/episode_01950.pkl
02:14:49 AM - INFO - Episode 1951: Reward=  81.0, Length= 81, Loss=1.6763, Memory=97.55
02:14:55 AM - INFO - Episode 1952: Reward=  91.0, Length= 91, Loss=1.6763, Memory=97.60
02:14:55 AM - INFO - Step  876: train/policy_loss = 0.424324
02:14:55 AM - INFO - Step  876: train/reward_loss = 0.002918
02:14:55 AM - INFO - Step  876: train/value_loss = 1.314386
02:14:55 AM - INFO - Step  876: total_loss = 1.741628
02:15:07 AM - INFO - Episode 1953: Reward= 174.0, Length=174, Loss=1.7416, Memory=97.65
02:15:11 AM - INFO - Episode 1954: Reward=  54.0, Length= 54, Loss=1.7416, Memory=97.70
02:15:11 AM - INFO - Step  877: train/policy_loss = 0.401737
02:15:11 AM - INFO - Step  877: train/reward_loss = 0.002625
02:15:11 AM - INFO - Step  877: train/value_loss = 1.007258
02:15:11 AM - INFO - Step  877: total_loss = 1.411620
02:15:12 AM - INFO - Episode 1955: Reward=  18.0, Length= 18, Loss=1.4116, Memory=97.75
02:15:14 AM - INFO - Episode 1956: Reward=  18.0, Length= 18, Loss=1.4116, Memory=97.80
02:15:14 AM - INFO - Step  878: train/policy_loss = 0.454160
02:15:14 AM - INFO - Step  878: train/reward_loss = 0.002614
02:15:14 AM - INFO - Step  878: train/value_loss = 0.943088
02:15:14 AM - INFO - Step  878: total_loss = 1.399861
02:15:17 AM - INFO - Episode 1957: Reward=  44.0, Length= 44, Loss=1.3999, Memory=97.85
02:15:18 AM - INFO - Episode 1958: Reward=  17.0, Length= 17, Loss=1.3999, Memory=97.90
02:15:18 AM - INFO - Step  879: train/policy_loss = 0.423417
02:15:18 AM - INFO - Step  879: train/reward_loss = 0.003004
02:15:18 AM - INFO - Step  879: train/value_loss = 0.910120
02:15:18 AM - INFO - Step  879: total_loss = 1.336541
02:15:19 AM - INFO - Episode 1959: Reward=  10.0, Length= 10, Loss=1.3365, Memory=97.95
02:15:20 AM - INFO - Episode 1960: Reward=  10.0, Length= 10, Loss=1.3365, Memory=98.00
02:15:20 AM - INFO - Step  880: train/policy_loss = 0.450558
02:15:20 AM - INFO - Step  880: train/reward_loss = 0.003224
02:15:20 AM - INFO - Step  880: train/value_loss = 1.366652
02:15:20 AM - INFO - Step  880: total_loss = 1.820433
02:15:21 AM - INFO - Episode 1961: Reward=  14.0, Length= 14, Loss=1.8204, Memory=98.05
02:15:21 AM - INFO - Progress: 98.0% | 0.51 it/s | ETA: 01:19
02:15:23 AM - INFO - Episode 1962: Reward=  22.0, Length= 22, Loss=1.8204, Memory=98.10
02:15:23 AM - INFO - Step  881: train/policy_loss = 0.424506
02:15:23 AM - INFO - Step  881: train/reward_loss = 0.002540
02:15:23 AM - INFO - Step  881: train/value_loss = 0.951273
02:15:23 AM - INFO - Step  881: total_loss = 1.378319
02:15:24 AM - INFO - Episode 1963: Reward=  12.0, Length= 12, Loss=1.3783, Memory=98.15
02:15:25 AM - INFO - Episode 1964: Reward=  10.0, Length= 10, Loss=1.3783, Memory=98.20
02:15:25 AM - INFO - Step  882: train/policy_loss = 0.425537
02:15:25 AM - INFO - Step  882: train/reward_loss = 0.003483
02:15:25 AM - INFO - Step  882: train/value_loss = 1.450829
02:15:25 AM - INFO - Step  882: total_loss = 1.879850
02:15:26 AM - INFO - Episode 1965: Reward=  21.0, Length= 21, Loss=1.8799, Memory=98.25
02:15:27 AM - INFO - Episode 1966: Reward=  10.0, Length= 10, Loss=1.8799, Memory=98.30
02:15:27 AM - INFO - Step  883: train/policy_loss = 0.380668
02:15:27 AM - INFO - Step  883: train/reward_loss = 0.002560
02:15:27 AM - INFO - Step  883: train/value_loss = 1.314197
02:15:27 AM - INFO - Step  883: total_loss = 1.697425
02:15:29 AM - INFO - Episode 1967: Reward=  28.0, Length= 28, Loss=1.6974, Memory=98.35
02:15:30 AM - INFO - Episode 1968: Reward=  10.0, Length= 10, Loss=1.6974, Memory=98.40
02:15:30 AM - INFO - Step  884: train/policy_loss = 0.434603
02:15:30 AM - INFO - Step  884: train/reward_loss = 0.002292
02:15:30 AM - INFO - Step  884: train/value_loss = 1.509370
02:15:30 AM - INFO - Step  884: total_loss = 1.946265
02:15:31 AM - INFO - Episode 1969: Reward=  10.0, Length= 10, Loss=1.9463, Memory=98.45
02:15:32 AM - INFO - Episode 1970: Reward=  10.0, Length= 10, Loss=1.9463, Memory=98.50
02:15:32 AM - INFO - Step  885: train/policy_loss = 0.387530
02:15:32 AM - INFO - Step  885: train/reward_loss = 0.001929
02:15:32 AM - INFO - Step  885: train/value_loss = 1.129937
02:15:32 AM - INFO - Step  885: total_loss = 1.519395
02:15:33 AM - INFO - Episode 1971: Reward=  10.0, Length= 10, Loss=1.5194, Memory=98.55
02:15:34 AM - INFO - Episode 1972: Reward=  10.0, Length= 10, Loss=1.5194, Memory=98.60
02:15:34 AM - INFO - Step  886: train/policy_loss = 0.437375
02:15:34 AM - INFO - Step  886: train/reward_loss = 0.001885
02:15:34 AM - INFO - Step  886: train/value_loss = 1.216819
02:15:34 AM - INFO - Step  886: total_loss = 1.656079
02:15:38 AM - INFO - Episode 1973: Reward=  52.0, Length= 52, Loss=1.6561, Memory=98.65
02:15:40 AM - INFO - Episode 1974: Reward=  32.0, Length= 32, Loss=1.6561, Memory=98.70
02:15:40 AM - INFO - Step  887: train/policy_loss = 0.417908
02:15:40 AM - INFO - Step  887: train/reward_loss = 0.002355
02:15:40 AM - INFO - Step  887: train/value_loss = 1.342953
02:15:40 AM - INFO - Step  887: total_loss = 1.763216
02:16:14 AM - INFO - Episode 1975: Reward= 500.0, Length=500, Loss=1.7632, Memory=98.75
02:16:15 AM - INFO - Episode 1976: Reward=  18.0, Length= 18, Loss=1.7632, Memory=98.80
02:16:16 AM - INFO - Step  888: train/policy_loss = 0.494152
02:16:16 AM - INFO - Step  888: train/reward_loss = 0.002295
02:16:16 AM - INFO - Step  888: train/value_loss = 1.402877
02:16:16 AM - INFO - Step  888: total_loss = 1.899324
02:16:37 AM - INFO - Episode 1977: Reward= 325.0, Length=325, Loss=1.8993, Memory=98.85
02:17:11 AM - INFO - Episode 1978: Reward= 500.0, Length=500, Loss=1.8993, Memory=98.90
02:17:11 AM - INFO - Step  889: train/policy_loss = 0.450925
02:17:11 AM - INFO - Step  889: train/reward_loss = 0.002604
02:17:11 AM - INFO - Step  889: train/value_loss = 1.524638
02:17:11 AM - INFO - Step  889: total_loss = 1.978167
02:17:18 AM - INFO - Episode 1979: Reward=  92.0, Length= 92, Loss=1.9782, Memory=98.95
02:17:19 AM - INFO - Episode 1980: Reward=  22.0, Length= 22, Loss=1.9782, Memory=99.00
02:17:19 AM - INFO - Step  890: train/policy_loss = 0.449915
02:17:19 AM - INFO - Step  890: train/reward_loss = 0.002464
02:17:19 AM - INFO - Step  890: train/value_loss = 1.021057
02:17:19 AM - INFO - Step  890: total_loss = 1.473436
02:17:20 AM - INFO - Episode 1981: Reward=  12.0, Length= 12, Loss=1.4734, Memory=99.05
02:17:20 AM - INFO - Progress: 99.0% | 0.09 it/s | ETA: 03:43
02:17:22 AM - INFO - Episode 1982: Reward=  28.0, Length= 28, Loss=1.4734, Memory=99.10
02:17:23 AM - INFO - Step  891: train/policy_loss = 0.453175
02:17:23 AM - INFO - Step  891: train/reward_loss = 0.001644
02:17:23 AM - INFO - Step  891: train/value_loss = 0.714577
02:17:23 AM - INFO - Step  891: total_loss = 1.169397
02:17:24 AM - INFO - Episode 1983: Reward=  12.0, Length= 12, Loss=1.1694, Memory=99.15
02:17:24 AM - INFO - Episode 1984: Reward=  10.0, Length= 10, Loss=1.1694, Memory=99.20
02:17:25 AM - INFO - Step  892: train/policy_loss = 0.421762
02:17:25 AM - INFO - Step  892: train/reward_loss = 0.002642
02:17:25 AM - INFO - Step  892: train/value_loss = 1.057842
02:17:25 AM - INFO - Step  892: total_loss = 1.482246
02:17:27 AM - INFO - Episode 1985: Reward=  35.0, Length= 35, Loss=1.4822, Memory=99.25
02:17:29 AM - INFO - Episode 1986: Reward=  35.0, Length= 35, Loss=1.4822, Memory=99.30
02:17:30 AM - INFO - Step  893: train/policy_loss = 0.423630
02:17:30 AM - INFO - Step  893: train/reward_loss = 0.003376
02:17:30 AM - INFO - Step  893: train/value_loss = 2.159975
02:17:30 AM - INFO - Step  893: total_loss = 2.586981
02:17:31 AM - INFO - Episode 1987: Reward=  14.0, Length= 14, Loss=2.5870, Memory=99.35
02:17:32 AM - INFO - Episode 1988: Reward=  16.0, Length= 16, Loss=2.5870, Memory=99.40
02:17:32 AM - INFO - Step  894: train/policy_loss = 0.420332
02:17:32 AM - INFO - Step  894: train/reward_loss = 0.002388
02:17:32 AM - INFO - Step  894: train/value_loss = 1.915161
02:17:32 AM - INFO - Step  894: total_loss = 2.337881
02:17:34 AM - INFO - Episode 1989: Reward=  20.0, Length= 20, Loss=2.3379, Memory=99.45
02:17:36 AM - INFO - Episode 1990: Reward=  32.0, Length= 32, Loss=2.3379, Memory=99.50
02:17:36 AM - INFO - Step  895: train/policy_loss = 0.457299
02:17:36 AM - INFO - Step  895: train/reward_loss = 0.005922
02:17:36 AM - INFO - Step  895: train/value_loss = 2.052711
02:17:36 AM - INFO - Step  895: total_loss = 2.515932
02:17:37 AM - INFO - Episode 1991: Reward=  11.0, Length= 11, Loss=2.5159, Memory=99.55
02:17:39 AM - INFO - Episode 1992: Reward=  37.0, Length= 37, Loss=2.5159, Memory=99.60
02:17:40 AM - INFO - Step  896: train/policy_loss = 0.431926
02:17:40 AM - INFO - Step  896: train/reward_loss = 0.002214
02:17:40 AM - INFO - Step  896: train/value_loss = 1.385880
02:17:40 AM - INFO - Step  896: total_loss = 1.820020
02:18:01 AM - INFO - Episode 1993: Reward= 312.0, Length=312, Loss=1.8200, Memory=99.65
02:18:04 AM - INFO - Episode 1994: Reward=  45.0, Length= 45, Loss=1.8200, Memory=99.70
02:18:04 AM - INFO - Step  897: train/policy_loss = 0.437860
02:18:04 AM - INFO - Step  897: train/reward_loss = 0.003426
02:18:04 AM - INFO - Step  897: train/value_loss = 1.246363
02:18:04 AM - INFO - Step  897: total_loss = 1.687650
02:18:14 AM - INFO - Episode 1995: Reward= 137.0, Length=137, Loss=1.6876, Memory=99.75
02:18:24 AM - INFO - Episode 1996: Reward= 149.0, Length=149, Loss=1.6876, Memory=99.80
02:18:24 AM - INFO - Step  898: train/policy_loss = 0.469556
02:18:24 AM - INFO - Step  898: train/reward_loss = 0.007740
02:18:24 AM - INFO - Step  898: train/value_loss = 2.160353
02:18:24 AM - INFO - Step  898: total_loss = 2.637650
02:18:36 AM - INFO - Episode 1997: Reward= 184.0, Length=184, Loss=2.6376, Memory=99.85
02:18:54 AM - INFO - Episode 1998: Reward= 250.0, Length=250, Loss=2.6376, Memory=99.90
02:18:54 AM - INFO - Step  899: train/policy_loss = 0.395766
02:18:54 AM - INFO - Step  899: train/reward_loss = 0.007271
02:18:54 AM - INFO - Step  899: train/value_loss = 0.917363
02:18:54 AM - INFO - Step  899: total_loss = 1.320400
02:18:54 AM - INFO - Updating target network at training step 900
02:18:54 AM - INFO - Target network update completed
02:19:06 AM - INFO - Episode 1999: Reward= 173.0, Length=173, Loss=1.3204, Memory=99.95
02:19:06 AM - INFO - Episode 2000: Reward=  12.0, Length= 12, Loss=1.3204, Memory=100.00
02:19:07 AM - INFO - Step  900: train/policy_loss = 0.424621
02:19:07 AM - INFO - Step  900: train/reward_loss = 0.005975
02:19:07 AM - INFO - Step  900: train/value_loss = 1.128796
02:19:07 AM - INFO - Step  900: total_loss = 1.559392
02:19:07 AM - INFO - Progress: 100.0% | 0.08 it/s | ETA: 00:11
02:19:07 AM - INFO - Checkpoint saved to checkpoints/CartPole-v1/20250725_213748/episode_02000.pkl
02:19:07 AM - INFO - Training completed in 4:41:19.402986.
02:19:07 AM - INFO - 
Starting inference.
02:19:07 AM - INFO - Loading agent from: checkpoints/CartPole-v1/20250725_213748/episode_02000.pkl
02:19:07 AM - INFO - Initializing CuMind agent.
02:19:07 AM - INFO - Using device: TFRT_CPU_0
02:19:07 AM - INFO - Creating CuMindNetwork with observation shape (4,) and action space size 2
02:19:07 AM - INFO - Initializing CuMindNetwork with representation_network=ResNet, dynamics_network=MLPWithEmbedding, prediction_network=MLPDual
02:19:07 AM - INFO - Setting up AdamW optimizer with learning rate 0.001 and weight decay 0.0001
02:19:07 AM - INFO - Initializing new optimizer state.
02:19:07 AM - INFO - Initializing target prediction network.
02:19:07 AM - INFO - Initializing MCTS.
02:19:07 AM - INFO - Agent initialization complete.
02:19:07 AM - INFO - Checkpoint loaded from checkpoints/CartPole-v1/20250725_213748/episode_02000.pkl
02:19:07 AM - INFO - Loading agent state from dictionary.
02:19:07 AM - INFO - Updating target prediction network after loading state.
02:19:07 AM - INFO - Agent state loaded successfully.
02:19:31 AM - INFO - Inference Episode 1: Total Reward = 352.0
02:19:52 AM - INFO - Inference Episode 2: Total Reward = 304.0
02:20:22 AM - INFO - Inference Episode 3: Total Reward = 440.0
02:20:52 AM - INFO - Inference Episode 4: Total Reward = 434.0
02:21:16 AM - INFO - Inference Episode 5: Total Reward = 356.0
02:21:43 AM - INFO - Inference Episode 6: Total Reward = 388.0
02:22:07 AM - INFO - Inference Episode 7: Total Reward = 352.0
02:22:42 AM - INFO - Inference Episode 8: Total Reward = 485.0
02:23:05 AM - INFO - Inference Episode 9: Total Reward = 333.0
02:23:30 AM - INFO - Inference Episode 10: Total Reward = 366.0
02:24:00 AM - INFO - Inference Episode 11: Total Reward = 451.0
02:24:32 AM - INFO - Inference Episode 12: Total Reward = 458.0
02:24:54 AM - INFO - Inference Episode 13: Total Reward = 329.0
02:25:28 AM - INFO - Inference Episode 14: Total Reward = 500.0
02:26:02 AM - INFO - Inference Episode 15: Total Reward = 500.0
02:26:36 AM - INFO - Inference Episode 16: Total Reward = 500.0
02:27:01 AM - INFO - Inference Episode 17: Total Reward = 363.0
02:27:35 AM - INFO - Inference Episode 18: Total Reward = 500.0
02:27:53 AM - INFO - Inference Episode 19: Total Reward = 262.0
02:28:16 AM - INFO - Inference Episode 20: Total Reward = 331.0
02:28:50 AM - INFO - Inference Episode 21: Total Reward = 500.0
02:29:13 AM - INFO - Inference Episode 22: Total Reward = 341.0
02:29:33 AM - INFO - Inference Episode 23: Total Reward = 300.0
02:30:08 AM - INFO - Inference Episode 24: Total Reward = 500.0
02:30:42 AM - INFO - Inference Episode 25: Total Reward = 500.0
02:31:06 AM - INFO - Inference Episode 26: Total Reward = 362.0
02:31:40 AM - INFO - Inference Episode 27: Total Reward = 500.0
02:32:05 AM - INFO - Inference Episode 28: Total Reward = 356.0
02:32:39 AM - INFO - Inference Episode 29: Total Reward = 500.0
02:33:03 AM - INFO - Inference Episode 30: Total Reward = 356.0
02:33:28 AM - INFO - Inference Episode 31: Total Reward = 362.0
02:33:53 AM - INFO - Inference Episode 32: Total Reward = 367.0
02:34:17 AM - INFO - Inference Episode 33: Total Reward = 355.0
02:34:39 AM - INFO - Inference Episode 34: Total Reward = 297.0
02:35:16 AM - INFO - Inference Episode 35: Total Reward = 500.0
02:35:40 AM - INFO - Inference Episode 36: Total Reward = 342.0
02:36:02 AM - INFO - Inference Episode 37: Total Reward = 325.0
02:36:35 AM - INFO - Inference Episode 38: Total Reward = 468.0
02:36:55 AM - INFO - Inference Episode 39: Total Reward = 288.0
02:37:24 AM - INFO - Inference Episode 40: Total Reward = 425.0
02:37:45 AM - INFO - Inference Episode 41: Total Reward = 298.0
02:38:16 AM - INFO - Inference Episode 42: Total Reward = 449.0
02:38:38 AM - INFO - Inference Episode 43: Total Reward = 316.0
02:39:01 AM - INFO - Inference Episode 44: Total Reward = 333.0
02:39:36 AM - INFO - Inference Episode 45: Total Reward = 500.0
02:40:09 AM - INFO - Inference Episode 46: Total Reward = 479.0
